product_name,subcategory,parent_category
Dép lê Xuyên Á H21 108 size 36,Chăm Sóc Cá Nhân Cho Bé,Chăm Sóc Bé
Sữa tắm gội trẻ em hằng ngày Milky Lactacyd 250ml,Sữa Tắm - Gội Cho Bé,Chăm Sóc Bé
Lốc 4 hộp sữa dinh dưỡng pha sẵn NutiFood Grow Plus+ vani hộp 110ml,Sữa Bột - Sữa Dinh Dưỡng,Chăm Sóc Bé
Sữa bột pha sẵn hương vani Grow Plus+ NutiFood lốc 4 hộp x 180ml,Sữa Bột - Sữa Dinh Dưỡng,Chăm Sóc Bé
Sữa dinh dưỡng NutiFood Grow Plus+ lốc 4 hộp x 110ml,Sữa Bột - Sữa Dinh Dưỡng,Chăm Sóc Bé
SPDDDPS GrowPLUS+ Ít đường hộp 110ml,Sữa Bột - Sữa Dinh Dưỡng,Chăm Sóc Bé
Sữa Sôcôla Lúa Mạch SuSu - Lốc 6 Chai 80ml,Sữa Bột - Sữa Dinh Dưỡng,Chăm Sóc Bé
Sữa tắm gội toàn thân Carrie Junior hương nho chai 700g,Sữa Tắm - Gội Cho Bé,Chăm Sóc Bé
Sữa tắm gội toàn thân Carrie Junior tinh chất sữa chai 700g,Sữa Tắm - Gội Cho Bé,Chăm Sóc Bé
Sữa tắm gội toàn thân Carrie Junior hương chery chai 700g,Sữa Tắm - Gội Cho Bé,Chăm Sóc Bé
Lốc 4 hộp sữa dinh dưỡng Abbott Grow 180ml,Sữa Bột - Sữa Dinh Dưỡng,Chăm Sóc Bé
PEDIASURE TPDD hương vani 180ml,Sữa Bột - Sữa Dinh Dưỡng,Chăm Sóc Bé
PEDIASURE TPDD hương vani 110ml,Sữa Bột - Sữa Dinh Dưỡng,Chăm Sóc Bé
Sữa dinh dưỡng Abbott Similac HMO hương vani 110ml - Lốc 4 hộp,Sữa Bột - Sữa Dinh Dưỡng,Chăm Sóc Bé
Lốc 4 hộp sữa dinh dưỡng Similac Eye-Q hương vani 180ml,Sữa Bột - Sữa Dinh Dưỡng,Chăm Sóc Bé
Lốc 4 hộp sữa dinh dưỡng Abbott Grow hương vani 110ml,Sữa Bột - Sữa Dinh Dưỡng,Chăm Sóc Bé
Sữa bột Nutifood nutri nguyên kem 900g,Sữa Bột - Sữa Dinh Dưỡng,Chăm Sóc Bé
Sữa bột hương vani Abbott Grow G-Power 3 - 6 tuổi 900g,Sữa Bột - Sữa Dinh Dưỡng,Chăm Sóc Bé
Sữa dinh dưỡng hương vani Grow Plus+ NutiFood lốc 4 hộp x 180ml,Sữa Bột - Sữa Dinh Dưỡng,Chăm Sóc Bé
Sữa tắm gội toàn thân không cay mắt Johnson's Baby 500ml,Sữa Tắm - Gội Cho Bé,Chăm Sóc Bé
Nước súc miệng P/S Expert Protection Pro Complete chai 500ml,Chăm Sóc Cá Nhân Cho Bé,Chăm Sóc Bé
Kem đánh răng trẻ em Aquafresh big teeth 6+,Chăm Sóc Cá Nhân Cho Bé,Chăm Sóc Bé
Bàn chải đánh răng Jordan Step 2 cho trẻ 3 - 5 tuổi (Giao màu ngẫu nhiên),Chăm Sóc Cá Nhân Cho Bé,Chăm Sóc Bé
Bàn chải cho bé 1 - 5 tuổi Lipzo Kids 1 lông mềm (giao màu ngẫu nhiên),Chăm Sóc Cá Nhân Cho Bé,Chăm Sóc Bé
Tã quần Bobby XL48 48 miếng,Tã - Bỉm,Chăm Sóc Bé
Tã quần Huggies Dry L68,Tã - Bỉm,Chăm Sóc Bé
Tã quần Bobby XXL44,Tã - Bỉm,Chăm Sóc Bé
Sữa bột Nutifood Nuvi Grow 4 900g,Sữa Bột - Sữa Dinh Dưỡng,Chăm Sóc Bé
Sữa bột Nutifood GrowPlus trên 1 tuổi lon 850g,Sữa Bột - Sữa Dinh Dưỡng,Chăm Sóc Bé
Tã dán người lớn Sunmate M10,Tã - Bỉm,Chăm Sóc Bé
Tã quần Huggies dry pants big jumbo L38,Tã - Bỉm,Chăm Sóc Bé
Nước súc miệng Listerine Trẻ em hương dâu 250ml,Chăm Sóc Cá Nhân Cho Bé,Chăm Sóc Bé
Kem đánh răng trẻ em Lipzo vị chuối 75g,Chăm Sóc Cá Nhân Cho Bé,Chăm Sóc Bé
Lốc 4 hộp sữa dinh dưỡng pha sẵn Vinamilk Yoko Gold 110mll,Sữa Bột - Sữa Dinh Dưỡng,Chăm Sóc Bé
Tã dán người lớn Sunmate ADP M/L18,Tã - Bỉm,Chăm Sóc Bé
Bàn chải đánh răng Oral Clean Royal Kid Soft màu xanh,Chăm Sóc Cá Nhân Cho Bé,Chăm Sóc Bé
Miếng lót Under Pad,Tã - Bỉm,Chăm Sóc Bé
Bàn chải cho bé 2 - 6 tuổi P/S lông chải siêu mềm,Chăm Sóc Cá Nhân Cho Bé,Chăm Sóc Bé
Sữa tắm gội trẻ em Lactacyd Milky chai 500ml,Sữa Tắm - Gội Cho Bé,Chăm Sóc Bé
Sữa nước Abbott Pediasure BA 3+ hương vani 237ml,Sữa Bột - Sữa Dinh Dưỡng,Chăm Sóc Bé
Bàn chải đánh răng trẻ em Colgate Ultra Soft siêu mềm Barbie/Spiderman,Chăm Sóc Cá Nhân Cho Bé,Chăm Sóc Bé
Bộ 2 bàn chải đánh răng P/S lông tơ mềm mại,Chăm Sóc Cá Nhân Cho Bé,Chăm Sóc Bé
Kem đánh răng trẻ em P/S hương cam 2-6 tuổi 45g,Chăm Sóc Cá Nhân Cho Bé,Chăm Sóc Bé
Kem đánh răng trẻ em P/S hương dâu và trái cây hộp 35g,Sữa Bột - Sữa Dinh Dưỡng,Chăm Sóc Bé
Miếng lót sơ sinh Bobby fresh newborn 1 - 64 miếng,Tã - Bỉm,Chăm Sóc Bé
Sữa tắm gội toàn thân Johnson's mềm mịn như bông 500ml,Sữa Tắm - Gội Cho Bé,Chăm Sóc Bé
Kem đánh răng Oral Clean Tom&Jerry Tutti Frutti 75ml,Chăm Sóc Cá Nhân Cho Bé,Chăm Sóc Bé
Bàn chải đánh răng P/S trẻ em 2-6 tuổi cao cấp,Chăm Sóc Cá Nhân Cho Bé,Chăm Sóc Bé
Tã quần Unidry M60,Tã - Bỉm,Chăm Sóc Bé
Tã quần Unidry L54,Tã - Bỉm,Chăm Sóc Bé
Tã quần Unidry XL48,Tã - Bỉm,Chăm Sóc Bé
Tã quần Unidry XXL44,Tã - Bỉm,Chăm Sóc Bé
Tã quần người lớn Sunmate L8,Tã - Bỉm,Chăm Sóc Bé
Dép lê Xuyên Á H21 108 size 36,Chăm Sóc Cá Nhân Cho Bé,Chăm Sóc Bé
Lốc 4 hộp sữa dinh dưỡng pha sẵn NutiFood Grow Plus+ vani hộp 110ml,Sữa Bột - Sữa Dinh Dưỡng,Chăm Sóc Bé
Sữa bột pha sẵn hương vani Grow Plus+ NutiFood lốc 4 hộp x 180ml,Sữa Bột - Sữa Dinh Dưỡng,Chăm Sóc Bé
Sữa dinh dưỡng NutiFood Grow Plus+ lốc 4 hộp x 110ml,Sữa Bột - Sữa Dinh Dưỡng,Chăm Sóc Bé
Sữa dinh dưỡng hương vani Grow Plus+ NutiFood lốc 4 hộp x 180ml,Sữa Bột - Sữa Dinh Dưỡng,Chăm Sóc Bé
SPDDDPS GrowPLUS+ Ít đường hộp 110ml,Sữa Bột - Sữa Dinh Dưỡng,Chăm Sóc Bé
Lốc 4 hộp sữa dinh dưỡng Abbott Grow 180ml,Sữa Bột - Sữa Dinh Dưỡng,Chăm Sóc Bé
PEDIASURE TPDD hương vani 180ml,Sữa Bột - Sữa Dinh Dưỡng,Chăm Sóc Bé
PEDIASURE TPDD hương vani 110ml,Sữa Bột - Sữa Dinh Dưỡng,Chăm Sóc Bé
Lốc 4 hộp sữa dinh dưỡng Pediasure vani 10+ 180ml,Sữa Bột - Sữa Dinh Dưỡng,Chăm Sóc Bé
Sữa dinh dưỡng Abbott Similac HMO hương vani 110ml - Lốc 4 hộp,Sữa Bột - Sữa Dinh Dưỡng,Chăm Sóc Bé
Lốc 4 hộp sữa dinh dưỡng Similac Eye-Q hương vani 180ml,Sữa Bột - Sữa Dinh Dưỡng,Chăm Sóc Bé
Lốc 4 hộp sữa dinh dưỡng Abbott Grow hương vani 110ml,Sữa Bột - Sữa Dinh Dưỡng,Chăm Sóc Bé
Sữa bột Nutifood nutri nguyên kem 900g,Sữa Bột - Sữa Dinh Dưỡng,Chăm Sóc Bé
Sữa bột hương vani Abbott Grow G-Power 3 - 6 tuổi 900g,Sữa Bột - Sữa Dinh Dưỡng,Chăm Sóc Bé
Sữa tắm gội toàn thân không cay mắt Johnson's Baby 500ml,Sữa Tắm - Gội Cho Bé,Chăm Sóc Bé
Kem đánh răng trẻ em Aquafresh big teeth 6+,Chăm Sóc Cá Nhân Cho Bé,Chăm Sóc Bé
Bàn chải đánh răng Jordan Step 2 cho trẻ 3 - 5 tuổi (Giao màu ngẫu nhiên),Chăm Sóc Cá Nhân Cho Bé,Chăm Sóc Bé
Nước súc miệng P/S Expert Protection Pro Complete chai 500ml,Chăm Sóc Cá Nhân Cho Bé,Chăm Sóc Bé
Bàn chải cho bé 1 - 5 tuổi Lipzo Kids 1 lông mềm (giao màu ngẫu nhiên),Chăm Sóc Cá Nhân Cho Bé,Chăm Sóc Bé
Sữa tắm gội trẻ em hằng ngày Milky Lactacyd 250ml,Sữa Tắm - Gội Cho Bé,Chăm Sóc Bé
Tã quần Bobby XL48 48 miếng,Tã - Bỉm,Chăm Sóc Bé
Tã quần Bobby XXL44,Tã - Bỉm,Chăm Sóc Bé
Sữa bột Nutifood Nuvi Grow 4 900g,Sữa Bột - Sữa Dinh Dưỡng,Chăm Sóc Bé
Tã dán người lớn Sunmate M10,Tã - Bỉm,Chăm Sóc Bé
Nước súc miệng Listerine Trẻ em hương dâu 250ml,Chăm Sóc Cá Nhân Cho Bé,Chăm Sóc Bé
Kem đánh răng trẻ em Lipzo vị chuối 75g,Chăm Sóc Cá Nhân Cho Bé,Chăm Sóc Bé
Lốc 4 hộp sữa dinh dưỡng pha sẵn Vinamilk Yoko Gold 110mll,Sữa Bột - Sữa Dinh Dưỡng,Chăm Sóc Bé
Sữa Sôcôla Lúa Mạch SuSu - Lốc 6 Chai 80ml,Sữa Bột - Sữa Dinh Dưỡng,Chăm Sóc Bé
Tã dán người lớn Sunmate ADP M/L18,Tã - Bỉm,Chăm Sóc Bé
Miếng lót Under Pad,Tã - Bỉm,Chăm Sóc Bé
Bàn chải đánh răng Oral Clean Royal Kid Soft màu xanh,Chăm Sóc Cá Nhân Cho Bé,Chăm Sóc Bé
Dép lê Xuyên Á H21 108 size 36,Chăm Sóc Cá Nhân Cho Bé,Chăm Sóc Bé
Nước súc miệng Listerine Trẻ em hương dâu 250ml,Chăm Sóc Cá Nhân Cho Bé,Chăm Sóc Bé
Sữa tắm gội toàn thân không cay mắt Johnson's Baby 500ml,Sữa Tắm - Gội Cho Bé,Chăm Sóc Bé
Tã dán người lớn Sunmate ADP M/L18,Tã - Bỉm,Chăm Sóc Bé
Tã quần người lớn Sunmate L8,Tã - Bỉm,Chăm Sóc Bé
Sữa tắm gội trẻ em hằng ngày Milky Lactacyd 250ml,Sữa Tắm - Gội Cho Bé,Chăm Sóc Bé
Lốc 4 hộp sữa dinh dưỡng pha sẵn NutiFood Grow Plus+ vani hộp 110ml,Sữa Bột - Sữa Dinh Dưỡng,Chăm Sóc Bé
Sữa bột pha sẵn hương vani Grow Plus+ NutiFood lốc 4 hộp x 180ml,Sữa Bột - Sữa Dinh Dưỡng,Chăm Sóc Bé
Sữa dinh dưỡng NutiFood Grow Plus+ lốc 4 hộp x 110ml,Sữa Bột - Sữa Dinh Dưỡng,Chăm Sóc Bé
Sữa dinh dưỡng hương vani Grow Plus+ NutiFood lốc 4 hộp x 180ml,Sữa Bột - Sữa Dinh Dưỡng,Chăm Sóc Bé
SPDDDPS GrowPLUS+ Ít đường hộp 110ml,Sữa Bột - Sữa Dinh Dưỡng,Chăm Sóc Bé
PEDIASURE TPDD hương vani 180ml,Sữa Bột - Sữa Dinh Dưỡng,Chăm Sóc Bé
Sữa Sôcôla Lúa Mạch SuSu - Lốc 6 Chai 80ml,Sữa Bột - Sữa Dinh Dưỡng,Chăm Sóc Bé
Sữa tắm gội toàn thân Carrie Junior hương chery chai 700g,Sữa Tắm - Gội Cho Bé,Chăm Sóc Bé
Sữa tắm gội toàn thân Carrie Junior hương nho chai 700g,Sữa Tắm - Gội Cho Bé,Chăm Sóc Bé
Sữa tắm gội toàn thân Carrie Junior tinh chất sữa chai 700g,Sữa Tắm - Gội Cho Bé,Chăm Sóc Bé
Lốc 4 hộp sữa dinh dưỡng Abbott Grow 180ml,Sữa Bột - Sữa Dinh Dưỡng,Chăm Sóc Bé
PEDIASURE TPDD hương vani 110ml,Sữa Bột - Sữa Dinh Dưỡng,Chăm Sóc Bé
Lốc 4 hộp sữa dinh dưỡng Pediasure vani 10+ 180ml,Sữa Bột - Sữa Dinh Dưỡng,Chăm Sóc Bé
Sữa dinh dưỡng Abbott Similac HMO hương vani 110ml - Lốc 4 hộp,Sữa Bột - Sữa Dinh Dưỡng,Chăm Sóc Bé
Lốc 4 hộp sữa dinh dưỡng Similac Eye-Q hương vani 180ml,Sữa Bột - Sữa Dinh Dưỡng,Chăm Sóc Bé
Lốc 4 hộp sữa dinh dưỡng Abbott Grow hương vani 110ml,Sữa Bột - Sữa Dinh Dưỡng,Chăm Sóc Bé
Sữa bột Nutifood nutri nguyên kem 900g,Sữa Bột - Sữa Dinh Dưỡng,Chăm Sóc Bé
Sữa bột hương vani Abbott Grow G-Power 3 - 6 tuổi 900g,Sữa Bột - Sữa Dinh Dưỡng,Chăm Sóc Bé
Dép lê Xuyên Á H21 108 size 36,Chăm Sóc Cá Nhân Cho Bé,Chăm Sóc Bé
Sữa tắm gội toàn thân không cay mắt Johnson's Baby 500ml,Sữa Tắm - Gội Cho Bé,Chăm Sóc Bé
Tã dán người lớn Sunmate ADP M/L18,Tã - Bỉm,Chăm Sóc Bé
Tã quần người lớn Sunmate L8,Tã - Bỉm,Chăm Sóc Bé
Sữa dinh dưỡng NutiFood Grow Plus+ lốc 4 hộp x 110ml,Sữa Bột - Sữa Dinh Dưỡng,Chăm Sóc Bé
Sữa dinh dưỡng hương vani Grow Plus+ NutiFood lốc 4 hộp x 180ml,Sữa Bột - Sữa Dinh Dưỡng,Chăm Sóc Bé
Lốc 4 hộp Sữa GrowPLUS+ Ít đường hộp 110ml,Sữa Bột - Sữa Dinh Dưỡng,Chăm Sóc Bé
PEDIASURE TPDD hương vani 180ml,Sữa Bột - Sữa Dinh Dưỡng,Chăm Sóc Bé
Lốc 4 hộp sữa dinh dưỡng Abbott Grow 180ml,Sữa Bột - Sữa Dinh Dưỡng,Chăm Sóc Bé
PEDIASURE TPDD hương vani 110ml,Sữa Bột - Sữa Dinh Dưỡng,Chăm Sóc Bé
Sữa dinh dưỡng Abbott Similac HMO hương vani 110ml - Lốc 4 hộp,Sữa Bột - Sữa Dinh Dưỡng,Chăm Sóc Bé
Lốc 4 hộp sữa dinh dưỡng Similac Eye-Q hương vani 180ml,Sữa Bột - Sữa Dinh Dưỡng,Chăm Sóc Bé
Lốc 4 hộp sữa dinh dưỡng Abbott Grow hương vani 110ml,Sữa Bột - Sữa Dinh Dưỡng,Chăm Sóc Bé
Sữa bột Nutifood nutri nguyên kem 900g,Sữa Bột - Sữa Dinh Dưỡng,Chăm Sóc Bé
Sữa bột hương vani Abbott Grow G-Power 3 - 6 tuổi 900g,Sữa Bột - Sữa Dinh Dưỡng,Chăm Sóc Bé
Sữa bột pha sẵn hương vani Grow Plus+ NutiFood lốc 4 hộp x 180ml,Sữa Bột - Sữa Dinh Dưỡng,Chăm Sóc Bé
Tã quần Bobby XXL44,Tã - Bỉm,Chăm Sóc Bé
Sữa bột Nutifood Nuvi Grow 4 900g,Sữa Bột - Sữa Dinh Dưỡng,Chăm Sóc Bé
Sữa bột Nutifood GrowPlus trên 1 tuổi lon 850g,Sữa Bột - Sữa Dinh Dưỡng,Chăm Sóc Bé
Tã dán người lớn Sunmate M10,Tã - Bỉm,Chăm Sóc Bé
Kem đánh răng trẻ em Lipzo vị chuối 75g,Chăm Sóc Cá Nhân Cho Bé,Chăm Sóc Bé
Lốc 4 hộp sữa dinh dưỡng pha sẵn Vinamilk Yoko Gold 110mll,Sữa Bột - Sữa Dinh Dưỡng,Chăm Sóc Bé
Sữa Sôcôla Lúa Mạch SuSu - Lốc 6 Chai 80ml,Sữa Bột - Sữa Dinh Dưỡng,Chăm Sóc Bé
Bàn chải đánh răng Oral Clean Royal Kid Soft màu xanh,Chăm Sóc Cá Nhân Cho Bé,Chăm Sóc Bé
Miếng lót Under Pad,Tã - Bỉm,Chăm Sóc Bé
Bàn chải cho bé 2 - 6 tuổi P/S lông chải siêu mềm,Chăm Sóc Cá Nhân Cho Bé,Chăm Sóc Bé
Sữa tắm gội trẻ em Lactacyd Milky chai 500ml,Sữa Tắm - Gội Cho Bé,Chăm Sóc Bé
Sữa tắm gội toàn thân Carrie Junior hương chery chai 700g,Sữa Tắm - Gội Cho Bé,Chăm Sóc Bé
Sữa tắm gội toàn thân Carrie Junior hương nho chai 700g,Sữa Tắm - Gội Cho Bé,Chăm Sóc Bé
Sữa tắm gội toàn thân Carrie Junior tinh chất sữa chai 700g,Sữa Tắm - Gội Cho Bé,Chăm Sóc Bé
Sữa nước Abbott Pediasure BA 3+ hương vani 237ml,Sữa Bột - Sữa Dinh Dưỡng,Chăm Sóc Bé
Bàn chải đánh răng trẻ em Colgate Ultra Soft siêu mềm Barbie/Spiderman,Chăm Sóc Cá Nhân Cho Bé,Chăm Sóc Bé
Bộ 2 bàn chải đánh răng P/S lông tơ mềm mại,Chăm Sóc Cá Nhân Cho Bé,Chăm Sóc Bé
Kem đánh răng trẻ em P/S hương cam 2-6 tuổi 45g,Chăm Sóc Cá Nhân Cho Bé,Chăm Sóc Bé
Kem đánh răng trẻ em P/S hương dâu và trái cây hộp 35g,Sữa Bột - Sữa Dinh Dưỡng,Chăm Sóc Bé
BOBBY Miếng lót newborn1 108 miếng,Tã - Bỉm,Chăm Sóc Bé
Miếng lót sơ sinh Bobby fresh newborn 1 - 64 miếng,Tã - Bỉm,Chăm Sóc Bé
Kem đánh răng trẻ em Colgate Minions 80g,Chăm Sóc Cá Nhân Cho Bé,Chăm Sóc Bé
Sữa tắm gội toàn thân Johnson's mềm mịn như bông 500ml,Sữa Tắm - Gội Cho Bé,Chăm Sóc Bé
Kem đánh răng Oral Clean Tom&Jerry Tutti Frutti 75ml,Chăm Sóc Cá Nhân Cho Bé,Chăm Sóc Bé
Bàn chải đánh răng P/S trẻ em 2-6 tuổi cao cấp,Chăm Sóc Cá Nhân Cho Bé,Chăm Sóc Bé
Tã quần Unidry M60,Tã - Bỉm,Chăm Sóc Bé
Tã quần Unidry L54,Tã - Bỉm,Chăm Sóc Bé
Tã quần Unidry XL48,Tã - Bỉm,Chăm Sóc Bé
Tã quần Unidry XXL44,Tã - Bỉm,Chăm Sóc Bé
Dép lê Xuyên Á H21 108 size 36,Chăm Sóc Cá Nhân Cho Bé,Chăm Sóc Bé
Sữa tắm gội toàn thân không cay mắt Johnson's Baby 500ml,Sữa Tắm - Gội Cho Bé,Chăm Sóc Bé
Tã dán người lớn Sunmate ADP M/L18,Tã - Bỉm,Chăm Sóc Bé
Tã quần người lớn Sunmate L8,Tã - Bỉm,Chăm Sóc Bé
Sữa dinh dưỡng NutiFood Grow Plus+ lốc 4 hộp x 110ml,Sữa Bột - Sữa Dinh Dưỡng,Chăm Sóc Bé
Sữa dinh dưỡng hương vani Grow Plus+ NutiFood lốc 4 hộp x 180ml,Sữa Bột - Sữa Dinh Dưỡng,Chăm Sóc Bé
Lốc 4 hộp Sữa GrowPLUS+ Ít đường hộp 110ml,Sữa Bột - Sữa Dinh Dưỡng,Chăm Sóc Bé
PEDIASURE TPDD hương vani 180ml,Sữa Bột - Sữa Dinh Dưỡng,Chăm Sóc Bé
Lốc 4 hộp sữa dinh dưỡng Abbott Grow 180ml,Sữa Bột - Sữa Dinh Dưỡng,Chăm Sóc Bé
PEDIASURE TPDD hương vani 110ml,Sữa Bột - Sữa Dinh Dưỡng,Chăm Sóc Bé
Sữa dinh dưỡng Abbott Similac HMO hương vani 110ml - Lốc 4 hộp,Sữa Bột - Sữa Dinh Dưỡng,Chăm Sóc Bé
Lốc 4 hộp sữa dinh dưỡng Similac Eye-Q hương vani 180ml,Sữa Bột - Sữa Dinh Dưỡng,Chăm Sóc Bé
Lốc 4 hộp sữa dinh dưỡng Abbott Grow hương vani 110ml,Sữa Bột - Sữa Dinh Dưỡng,Chăm Sóc Bé
Lốc 4 hộp sữa dinh dưỡng pha sẵn NutiFood Grow Plus+ vani hộp 110ml,Sữa Bột - Sữa Dinh Dưỡng,Chăm Sóc Bé
Sữa bột pha sẵn hương vani Grow Plus+ NutiFood lốc 4 hộp x 180ml,Sữa Bột - Sữa Dinh Dưỡng,Chăm Sóc Bé
Sữa bột Nutifood nutri nguyên kem 900g,Sữa Bột - Sữa Dinh Dưỡng,Chăm Sóc Bé
Dép lê Xuyên Á H21 108 size 36,Chăm Sóc Cá Nhân Cho Bé,Chăm Sóc Bé
Sữa tắm gội trẻ em hằng ngày Milky Lactacyd 250ml,Sữa Tắm - Gội Cho Bé,Chăm Sóc Bé
Lốc 4 hộp sữa dinh dưỡng pha sẵn NutiFood Grow Plus+ vani hộp 110ml,Sữa Bột - Sữa Dinh Dưỡng,Chăm Sóc Bé
Sữa bột pha sẵn hương vani Grow Plus+ NutiFood lốc 4 hộp x 180ml,Sữa Bột - Sữa Dinh Dưỡng,Chăm Sóc Bé
Sữa dinh dưỡng NutiFood Grow Plus+ lốc 4 hộp x 110ml,Sữa Bột - Sữa Dinh Dưỡng,Chăm Sóc Bé
SPDDDPS GrowPLUS+ Ít đường hộp 110ml,Sữa Bột - Sữa Dinh Dưỡng,Chăm Sóc Bé
Sữa Sôcôla Lúa Mạch SuSu - Lốc 6 Chai 80ml,Sữa Bột - Sữa Dinh Dưỡng,Chăm Sóc Bé
Sữa tắm gội toàn thân Carrie Junior hương chery chai 700g,Sữa Tắm - Gội Cho Bé,Chăm Sóc Bé
Sữa tắm gội toàn thân Carrie Junior hương nho chai 700g,Sữa Tắm - Gội Cho Bé,Chăm Sóc Bé
Sữa tắm gội toàn thân Carrie Junior tinh chất sữa chai 700g,Sữa Tắm - Gội Cho Bé,Chăm Sóc Bé
Lốc 4 hộp sữa dinh dưỡng Abbott Grow 180ml,Sữa Bột - Sữa Dinh Dưỡng,Chăm Sóc Bé
PEDIASURE TPDD hương vani 180ml,Sữa Bột - Sữa Dinh Dưỡng,Chăm Sóc Bé
PEDIASURE TPDD hương vani 110ml,Sữa Bột - Sữa Dinh Dưỡng,Chăm Sóc Bé
Lốc 4 hộp sữa dinh dưỡng Pediasure vani 10+ 180ml,Sữa Bột - Sữa Dinh Dưỡng,Chăm Sóc Bé
Sữa dinh dưỡng Abbott Similac HMO hương vani 110ml - Lốc 4 hộp,Sữa Bột - Sữa Dinh Dưỡng,Chăm Sóc Bé
Lốc 4 hộp sữa dinh dưỡng Similac Eye-Q hương vani 180ml,Sữa Bột - Sữa Dinh Dưỡng,Chăm Sóc Bé
Lốc 4 hộp sữa dinh dưỡng Abbott Grow hương vani 110ml,Sữa Bột - Sữa Dinh Dưỡng,Chăm Sóc Bé
Sữa bột Nutifood nutri nguyên kem 900g,Sữa Bột - Sữa Dinh Dưỡng,Chăm Sóc Bé
Sữa bột hương vani Abbott Grow G-Power 3 - 6 tuổi 900g,Sữa Bột - Sữa Dinh Dưỡng,Chăm Sóc Bé
Sữa dinh dưỡng hương vani Grow Plus+ NutiFood lốc 4 hộp x 180ml,Sữa Bột - Sữa Dinh Dưỡng,Chăm Sóc Bé
Sữa tắm gội toàn thân không cay mắt Johnson's Baby 500ml,Sữa Tắm - Gội Cho Bé,Chăm Sóc Bé
Kem đánh răng trẻ em Aquafresh big teeth 6+,Chăm Sóc Cá Nhân Cho Bé,Chăm Sóc Bé
Bàn chải đánh răng Jordan Step 2 cho trẻ 3 - 5 tuổi (Giao màu ngẫu nhiên),Chăm Sóc Cá Nhân Cho Bé,Chăm Sóc Bé
Nước súc miệng P/S Expert Protection Pro Complete chai 500ml,Chăm Sóc Cá Nhân Cho Bé,Chăm Sóc Bé
Bàn chải cho bé 1 - 5 tuổi Lipzo Kids 1 lông mềm (giao màu ngẫu nhiên),Chăm Sóc Cá Nhân Cho Bé,Chăm Sóc Bé
Tã quần Bobby XL48 48 miếng,Tã - Bỉm,Chăm Sóc Bé
Tã quần Bobby XXL44,Tã - Bỉm,Chăm Sóc Bé
Sữa bột Nutifood Nuvi Grow 4 900g,Sữa Bột - Sữa Dinh Dưỡng,Chăm Sóc Bé
Tã dán người lớn Sunmate M10,Tã - Bỉm,Chăm Sóc Bé
Tã quần Huggies dry pants big jumbo L38,Tã - Bỉm,Chăm Sóc Bé
Nước súc miệng Listerine Trẻ em hương dâu 250ml,Chăm Sóc Cá Nhân Cho Bé,Chăm Sóc Bé
Kem đánh răng trẻ em Lipzo vị chuối 75g,Chăm Sóc Cá Nhân Cho Bé,Chăm Sóc Bé
Lốc 4 hộp sữa dinh dưỡng pha sẵn Vinamilk Yoko Gold 110mll,Sữa Bột - Sữa Dinh Dưỡng,Chăm Sóc Bé
Tã dán người lớn Sunmate ADP M/L18,Tã - Bỉm,Chăm Sóc Bé
Bàn chải đánh răng Oral Clean Royal Kid Soft màu xanh,Chăm Sóc Cá Nhân Cho Bé,Chăm Sóc Bé
Miếng lót Under Pad,Tã - Bỉm,Chăm Sóc Bé
Bàn chải cho bé 2 - 6 tuổi P/S lông chải siêu mềm,Chăm Sóc Cá Nhân Cho Bé,Chăm Sóc Bé
Sữa tắm gội trẻ em Lactacyd Milky chai 500ml,Sữa Tắm - Gội Cho Bé,Chăm Sóc Bé
Sữa nước Abbott Pediasure BA 3+ hương vani 237ml,Sữa Bột - Sữa Dinh Dưỡng,Chăm Sóc Bé
Bàn chải đánh răng trẻ em Colgate Ultra Soft siêu mềm Barbie/Spiderman,Chăm Sóc Cá Nhân Cho Bé,Chăm Sóc Bé
Bộ 2 bàn chải đánh răng P/S lông tơ mềm mại,Chăm Sóc Cá Nhân Cho Bé,Chăm Sóc Bé
Kem đánh răng trẻ em P/S hương cam 2-6 tuổi 45g,Chăm Sóc Cá Nhân Cho Bé,Chăm Sóc Bé
Kem đánh răng trẻ em P/S hương dâu và trái cây hộp 35g,Sữa Bột - Sữa Dinh Dưỡng,Chăm Sóc Bé
Miếng lót sơ sinh Bobby fresh newborn 1 - 64 miếng,Tã - Bỉm,Chăm Sóc Bé
Sữa tắm gội toàn thân Johnson's mềm mịn như bông 500ml,Sữa Tắm - Gội Cho Bé,Chăm Sóc Bé
Kem đánh răng Oral Clean Tom&Jerry Tutti Frutti 75ml,Chăm Sóc Cá Nhân Cho Bé,Chăm Sóc Bé
Bàn chải đánh răng P/S trẻ em 2-6 tuổi cao cấp,Chăm Sóc Cá Nhân Cho Bé,Chăm Sóc Bé
Tã quần Unidry M60,Tã - Bỉm,Chăm Sóc Bé
Tã quần Unidry L54,Tã - Bỉm,Chăm Sóc Bé
Tã quần Unidry XL48,Tã - Bỉm,Chăm Sóc Bé
Tã quần Unidry XXL44,Tã - Bỉm,Chăm Sóc Bé
Tã quần người lớn Sunmate L8,Tã - Bỉm,Chăm Sóc Bé
Dép lê Xuyên Á H21 108 size 36,Chăm Sóc Cá Nhân Cho Bé,Chăm Sóc Bé
Tã quần Huggies dry pants big jumbo L38,Tã - Bỉm,Chăm Sóc Bé
Sữa tắm gội toàn thân không cay mắt Johnson's Baby 500ml,Sữa Tắm - Gội Cho Bé,Chăm Sóc Bé
Tã dán người lớn Sunmate ADP M/L18,Tã - Bỉm,Chăm Sóc Bé
Tã quần người lớn Sunmate L8,Tã - Bỉm,Chăm Sóc Bé
Sữa dinh dưỡng NutiFood Grow Plus+ lốc 4 hộp x 110ml,Sữa Bột - Sữa Dinh Dưỡng,Chăm Sóc Bé
Sữa dinh dưỡng hương vani Grow Plus+ NutiFood lốc 4 hộp x 180ml,Sữa Bột - Sữa Dinh Dưỡng,Chăm Sóc Bé
PEDIASURE TPDD hương vani 180ml,Sữa Bột - Sữa Dinh Dưỡng,Chăm Sóc Bé
Lốc 4 hộp sữa dinh dưỡng Abbott Grow 180ml,Sữa Bột - Sữa Dinh Dưỡng,Chăm Sóc Bé
PEDIASURE TPDD hương vani 110ml,Sữa Bột - Sữa Dinh Dưỡng,Chăm Sóc Bé
Sữa dinh dưỡng Abbott Similac HMO hương vani 110ml - Lốc 4 hộp,Sữa Bột - Sữa Dinh Dưỡng,Chăm Sóc Bé
Lốc 4 hộp sữa dinh dưỡng Similac Eye-Q hương vani 180ml,Sữa Bột - Sữa Dinh Dưỡng,Chăm Sóc Bé
Lốc 4 hộp sữa dinh dưỡng Abbott Grow hương vani 110ml,Sữa Bột - Sữa Dinh Dưỡng,Chăm Sóc Bé
Lốc 4 hộp sữa dinh dưỡng pha sẵn NutiFood Grow Plus+ vani hộp 110ml,Sữa Bột - Sữa Dinh Dưỡng,Chăm Sóc Bé
Sữa bột pha sẵn hương vani Grow Plus+ NutiFood lốc 4 hộp x 180ml,Sữa Bột - Sữa Dinh Dưỡng,Chăm Sóc Bé
Sữa bột Nutifood nutri nguyên kem 900g,Sữa Bột - Sữa Dinh Dưỡng,Chăm Sóc Bé
Sữa bột hương vani Abbott Grow G-Power 3 - 6 tuổi 900g,Sữa Bột - Sữa Dinh Dưỡng,Chăm Sóc Bé
Kem đánh răng trẻ em Aquafresh big teeth 6+,Chăm Sóc Cá Nhân Cho Bé,Chăm Sóc Bé
Nước súc miệng P/S Expert Protection Pro Complete chai 500ml,Chăm Sóc Cá Nhân Cho Bé,Chăm Sóc Bé
Bàn chải đánh răng Jordan Step 2 cho trẻ 3 - 5 tuổi (Giao màu ngẫu nhiên),Chăm Sóc Cá Nhân Cho Bé,Chăm Sóc Bé
Bàn chải cho bé 1 - 5 tuổi Lipzo Kids 1 lông mềm (giao màu ngẫu nhiên),Chăm Sóc Cá Nhân Cho Bé,Chăm Sóc Bé
Sữa tắm gội trẻ em hằng ngày Milky Lactacyd 250ml,Sữa Tắm - Gội Cho Bé,Chăm Sóc Bé
Tã quần Bobby XL48 48 miếng,Tã - Bỉm,Chăm Sóc Bé
Tã quần Huggies Dry L68,Tã - Bỉm,Chăm Sóc Bé
Tã quần Bobby XXL44,Tã - Bỉm,Chăm Sóc Bé
Sữa bột Nutifood Nuvi Grow 4 900g,Sữa Bột - Sữa Dinh Dưỡng,Chăm Sóc Bé
Sữa bột Nutifood GrowPlus trên 1 tuổi lon 850g,Sữa Bột - Sữa Dinh Dưỡng,Chăm Sóc Bé
Tã dán người lớn Sunmate M10,Tã - Bỉm,Chăm Sóc Bé
Kem đánh răng trẻ em Lipzo vị chuối 75g,Chăm Sóc Cá Nhân Cho Bé,Chăm Sóc Bé
Lốc 4 hộp sữa dinh dưỡng pha sẵn Vinamilk Yoko Gold 110mll,Sữa Bột - Sữa Dinh Dưỡng,Chăm Sóc Bé
Sữa Sôcôla Lúa Mạch SuSu - Lốc 6 Chai 80ml,Sữa Bột - Sữa Dinh Dưỡng,Chăm Sóc Bé
Bàn chải đánh răng Oral Clean Royal Kid Soft màu xanh,Chăm Sóc Cá Nhân Cho Bé,Chăm Sóc Bé
Miếng lót Under Pad,Tã - Bỉm,Chăm Sóc Bé
Bàn chải cho bé 2 - 6 tuổi P/S lông chải siêu mềm,Chăm Sóc Cá Nhân Cho Bé,Chăm Sóc Bé
Sữa tắm gội trẻ em Lactacyd Milky chai 500ml,Sữa Tắm - Gội Cho Bé,Chăm Sóc Bé
Sữa nước Abbott Pediasure BA 3+ hương vani 237ml,Sữa Bột - Sữa Dinh Dưỡng,Chăm Sóc Bé
Sữa tắm gội toàn thân Carrie Junior hương chery chai 700g,Sữa Tắm - Gội Cho Bé,Chăm Sóc Bé
Sữa tắm gội toàn thân Carrie Junior hương nho chai 700g,Sữa Tắm - Gội Cho Bé,Chăm Sóc Bé
Sữa tắm gội toàn thân Carrie Junior tinh chất sữa chai 700g,Sữa Tắm - Gội Cho Bé,Chăm Sóc Bé
Bàn chải đánh răng trẻ em Colgate Ultra Soft siêu mềm Barbie/Spiderman,Chăm Sóc Cá Nhân Cho Bé,Chăm Sóc Bé
Bộ 2 bàn chải đánh răng P/S lông tơ mềm mại,Chăm Sóc Cá Nhân Cho Bé,Chăm Sóc Bé
Kem đánh răng trẻ em P/S hương cam 2-6 tuổi 45g,Chăm Sóc Cá Nhân Cho Bé,Chăm Sóc Bé
Kem đánh răng trẻ em P/S hương dâu và trái cây hộp 35g,Sữa Bột - Sữa Dinh Dưỡng,Chăm Sóc Bé
Miếng lót sơ sinh Bobby fresh newborn 1 - 64 miếng,Tã - Bỉm,Chăm Sóc Bé
BOBBY Miếng lót newborn1 108 miếng,Tã - Bỉm,Chăm Sóc Bé
Sữa tắm gội toàn thân Johnson's mềm mịn như bông 500ml,Sữa Tắm - Gội Cho Bé,Chăm Sóc Bé
Kem đánh răng trẻ em Colgate Minions 80g,Chăm Sóc Cá Nhân Cho Bé,Chăm Sóc Bé
Kem đánh răng Oral Clean Tom&Jerry Tutti Frutti 75ml,Chăm Sóc Cá Nhân Cho Bé,Chăm Sóc Bé
Bàn chải đánh răng P/S trẻ em 2-6 tuổi cao cấp,Chăm Sóc Cá Nhân Cho Bé,Chăm Sóc Bé
Tã quần Unidry M60,Tã - Bỉm,Chăm Sóc Bé
Tã quần Unidry L54,Tã - Bỉm,Chăm Sóc Bé
Tã quần Unidry XL48,Tã - Bỉm,Chăm Sóc Bé
Tã quần Unidry XXL44,Tã - Bỉm,Chăm Sóc Bé
Dép lê Xuyên Á H21 108 size 36,Chăm Sóc Cá Nhân Cho Bé,Chăm Sóc Bé
Lốc 4 hộp sữa dinh dưỡng pha sẵn NutiFood Grow Plus+ vani hộp 110ml,Sữa Bột - Sữa Dinh Dưỡng,Chăm Sóc Bé
Sữa bột pha sẵn hương vani Grow Plus+ NutiFood lốc 4 hộp x 180ml,Sữa Bột - Sữa Dinh Dưỡng,Chăm Sóc Bé
Sữa dinh dưỡng NutiFood Grow Plus+ lốc 4 hộp x 110ml,Sữa Bột - Sữa Dinh Dưỡng,Chăm Sóc Bé
Sữa dinh dưỡng hương vani Grow Plus+ NutiFood lốc 4 hộp x 180ml,Sữa Bột - Sữa Dinh Dưỡng,Chăm Sóc Bé
Lốc 4 hộp sữa dinh dưỡng Abbott Grow 180ml,Sữa Bột - Sữa Dinh Dưỡng,Chăm Sóc Bé
PEDIASURE TPDD hương vani 180ml,Sữa Bột - Sữa Dinh Dưỡng,Chăm Sóc Bé
SPDDDPS GrowPLUS+ Ít đường hộp 110ml,Sữa Bột - Sữa Dinh Dưỡng,Chăm Sóc Bé
Sữa bột Nutifood GrowPlus trên 1 tuổi lon 850g,Sữa Bột - Sữa Dinh Dưỡng,Chăm Sóc Bé
PEDIASURE TPDD hương vani 110ml,Sữa Bột - Sữa Dinh Dưỡng,Chăm Sóc Bé
Lốc 4 hộp sữa dinh dưỡng Pediasure vani 10+ 180ml,Sữa Bột - Sữa Dinh Dưỡng,Chăm Sóc Bé
Sữa dinh dưỡng Abbott Similac HMO hương vani 110ml - Lốc 4 hộp,Sữa Bột - Sữa Dinh Dưỡng,Chăm Sóc Bé
Lốc 4 hộp sữa dinh dưỡng Similac Eye-Q hương vani 180ml,Sữa Bột - Sữa Dinh Dưỡng,Chăm Sóc Bé
Lốc 4 hộp sữa dinh dưỡng Abbott Grow hương vani 110ml,Sữa Bột - Sữa Dinh Dưỡng,Chăm Sóc Bé
Sữa bột Nutifood Nuvi Grow 4 900g,Sữa Bột - Sữa Dinh Dưỡng,Chăm Sóc Bé
Sữa bột hương vani Abbott Grow G-Power 3 - 6 tuổi 900g,Sữa Bột - Sữa Dinh Dưỡng,Chăm Sóc Bé
Sữa bột Nutifood nutri nguyên kem 900g,Sữa Bột - Sữa Dinh Dưỡng,Chăm Sóc Bé
Sữa tắm gội toàn thân không cay mắt Johnson's Baby 500ml,Sữa Tắm - Gội Cho Bé,Chăm Sóc Bé
Sữa tắm tinh chất sữa và gạo Johnson & Johnson 500ml,Sữa Tắm - Gội Cho Bé,Chăm Sóc Bé
Kem đánh răng trẻ em Aquafresh big teeth 6+,Chăm Sóc Cá Nhân Cho Bé,Chăm Sóc Bé
Bàn chải đánh răng Jordan Step 2 cho trẻ 3 - 5 tuổi (Giao màu ngẫu nhiên),Chăm Sóc Cá Nhân Cho Bé,Chăm Sóc Bé
Nước súc miệng P/S Expert Protection Pro Complete chai 500ml,Chăm Sóc Cá Nhân Cho Bé,Chăm Sóc Bé
Bàn chải cho bé 1 - 5 tuổi Lipzo Kids 1 lông mềm (giao màu ngẫu nhiên),Chăm Sóc Cá Nhân Cho Bé,Chăm Sóc Bé
Sữa tắm gội trẻ em hằng ngày Milky Lactacyd 250ml,Sữa Tắm - Gội Cho Bé,Chăm Sóc Bé
Tã quần Bobby XL48 48 miếng,Tã - Bỉm,Chăm Sóc Bé
Tã quần Huggies Dry L68,Tã - Bỉm,Chăm Sóc Bé
Tã quần Bobby XXL44,Tã - Bỉm,Chăm Sóc Bé
Tã dán người lớn Sunmate M10,Tã - Bỉm,Chăm Sóc Bé
Nước súc miệng Listerine Trẻ em hương dâu 250ml,Chăm Sóc Cá Nhân Cho Bé,Chăm Sóc Bé
Kem đánh răng trẻ em Lipzo vị chuối 75g,Chăm Sóc Cá Nhân Cho Bé,Chăm Sóc Bé
Lốc 4 hộp sữa dinh dưỡng pha sẵn Vinamilk Yoko Gold 110mll,Sữa Bột - Sữa Dinh Dưỡng,Chăm Sóc Bé
Sữa Sôcôla Lúa Mạch SuSu - Lốc 6 Chai 80ml,Sữa Bột - Sữa Dinh Dưỡng,Chăm Sóc Bé
Tã dán người lớn Sunmate ADP M/L18,Tã - Bỉm,Chăm Sóc Bé
Bàn chải đánh răng Oral Clean Royal Kid Soft màu xanh,Chăm Sóc Cá Nhân Cho Bé,Chăm Sóc Bé
Miếng lót Under Pad,Tã - Bỉm,Chăm Sóc Bé
Bàn chải cho bé 2 - 6 tuổi P/S lông chải siêu mềm,Chăm Sóc Cá Nhân Cho Bé,Chăm Sóc Bé
Sữa tắm gội trẻ em Lactacyd Milky chai 500ml,Sữa Tắm - Gội Cho Bé,Chăm Sóc Bé
Sữa nước Abbott Pediasure BA 3+ hương vani 237ml,Sữa Bột - Sữa Dinh Dưỡng,Chăm Sóc Bé
Sữa tắm gội toàn thân Carrie Junior hương chery chai 700g,Sữa Tắm - Gội Cho Bé,Chăm Sóc Bé
Sữa tắm gội toàn thân Carrie Junior hương nho chai 700g,Sữa Tắm - Gội Cho Bé,Chăm Sóc Bé
Sữa tắm gội toàn thân Carrie Junior tinh chất sữa chai 700g,Sữa Tắm - Gội Cho Bé,Chăm Sóc Bé
Bàn chải đánh răng trẻ em Colgate Ultra Soft siêu mềm Barbie/Spiderman,Chăm Sóc Cá Nhân Cho Bé,Chăm Sóc Bé
Bộ 2 bàn chải đánh răng P/S lông tơ mềm mại,Chăm Sóc Cá Nhân Cho Bé,Chăm Sóc Bé
Kem đánh răng trẻ em P/S hương cam 2-6 tuổi 45g,Chăm Sóc Cá Nhân Cho Bé,Chăm Sóc Bé
Kem đánh răng trẻ em P/S hương dâu và trái cây hộp 35g,Sữa Bột - Sữa Dinh Dưỡng,Chăm Sóc Bé
Miếng lót sơ sinh Bobby fresh newborn 1 - 64 miếng,Tã - Bỉm,Chăm Sóc Bé
BOBBY Miếng lót newborn1 108 miếng,Tã - Bỉm,Chăm Sóc Bé
Sữa tắm gội toàn thân Johnson's mềm mịn như bông 500ml,Sữa Tắm - Gội Cho Bé,Chăm Sóc Bé
Kem đánh răng trẻ em Colgate Minions 80g,Chăm Sóc Cá Nhân Cho Bé,Chăm Sóc Bé
Bàn chải đánh răng P/S trẻ em 2-6 tuổi cao cấp,Chăm Sóc Cá Nhân Cho Bé,Chăm Sóc Bé
Tã quần Unidry L54,Tã - Bỉm,Chăm Sóc Bé
Tã quần Unidry M60,Tã - Bỉm,Chăm Sóc Bé
Tã quần Unidry XL48,Tã - Bỉm,Chăm Sóc Bé
Tã quần Unidry XXL44,Tã - Bỉm,Chăm Sóc Bé
Tã quần người lớn Sunmate L8,Tã - Bỉm,Chăm Sóc Bé
Dép lê Xuyên Á H21 108 size 36,Chăm Sóc Cá Nhân Cho Bé,Chăm Sóc Bé
Lốc 4 hộp sữa dinh dưỡng pha sẵn NutiFood Grow Plus+ vani hộp 110ml,Sữa Bột - Sữa Dinh Dưỡng,Chăm Sóc Bé
Sữa bột pha sẵn hương vani Grow Plus+ NutiFood lốc 4 hộp x 180ml,Sữa Bột - Sữa Dinh Dưỡng,Chăm Sóc Bé
Sữa dinh dưỡng NutiFood Grow Plus+ lốc 4 hộp x 110ml,Sữa Bột - Sữa Dinh Dưỡng,Chăm Sóc Bé
Sữa dinh dưỡng hương vani Grow Plus+ NutiFood lốc 4 hộp x 180ml,Sữa Bột - Sữa Dinh Dưỡng,Chăm Sóc Bé
Lốc 4 hộp sữa dinh dưỡng Abbott Grow 180ml,Sữa Bột - Sữa Dinh Dưỡng,Chăm Sóc Bé
PEDIASURE TPDD hương vani 180ml,Sữa Bột - Sữa Dinh Dưỡng,Chăm Sóc Bé
SPDDDPS GrowPLUS+ Ít đường hộp 110ml,Sữa Bột - Sữa Dinh Dưỡng,Chăm Sóc Bé
PEDIASURE TPDD hương vani 110ml,Sữa Bột - Sữa Dinh Dưỡng,Chăm Sóc Bé
Lốc 4 hộp sữa dinh dưỡng Pediasure vani 10+ 180ml,Sữa Bột - Sữa Dinh Dưỡng,Chăm Sóc Bé
Sữa dinh dưỡng Abbott Similac HMO hương vani 110ml - Lốc 4 hộp,Sữa Bột - Sữa Dinh Dưỡng,Chăm Sóc Bé
Lốc 4 hộp sữa dinh dưỡng Similac Eye-Q hương vani 180ml,Sữa Bột - Sữa Dinh Dưỡng,Chăm Sóc Bé
Lốc 4 hộp sữa dinh dưỡng Abbott Grow hương vani 110ml,Sữa Bột - Sữa Dinh Dưỡng,Chăm Sóc Bé
Sữa bột Nutifood Nuvi Grow 4 900g,Sữa Bột - Sữa Dinh Dưỡng,Chăm Sóc Bé
Sữa bột Nutifood nutri nguyên kem 900g,Sữa Bột - Sữa Dinh Dưỡng,Chăm Sóc Bé
Sữa bột hương vani Abbott Grow G-Power 3 - 6 tuổi 900g,Sữa Bột - Sữa Dinh Dưỡng,Chăm Sóc Bé
Sữa tắm gội toàn thân không cay mắt Johnson's Baby 500ml,Sữa Tắm - Gội Cho Bé,Chăm Sóc Bé
Sữa tắm tinh chất sữa và gạo Johnson & Johnson 500ml,Sữa Tắm - Gội Cho Bé,Chăm Sóc Bé
Kem đánh răng trẻ em Aquafresh big teeth 6+,Chăm Sóc Cá Nhân Cho Bé,Chăm Sóc Bé
Bàn chải đánh răng Jordan Step 2 cho trẻ 3 - 5 tuổi (Giao màu ngẫu nhiên),Chăm Sóc Cá Nhân Cho Bé,Chăm Sóc Bé
Nước súc miệng P/S Expert Protection Pro Complete chai 500ml,Chăm Sóc Cá Nhân Cho Bé,Chăm Sóc Bé
Bàn chải cho bé 1 - 5 tuổi Lipzo Kids 1 lông mềm (giao màu ngẫu nhiên),Chăm Sóc Cá Nhân Cho Bé,Chăm Sóc Bé
Sữa tắm gội trẻ em hằng ngày Milky Lactacyd 250ml,Sữa Tắm - Gội Cho Bé,Chăm Sóc Bé
Tã quần Bobby XL48 48 miếng,Tã - Bỉm,Chăm Sóc Bé
Tã quần Huggies Dry L68,Tã - Bỉm,Chăm Sóc Bé
Tã quần Bobby XXL44,Tã - Bỉm,Chăm Sóc Bé
Tã dán người lớn Sunmate M10,Tã - Bỉm,Chăm Sóc Bé
Nước súc miệng Listerine Trẻ em hương dâu 250ml,Chăm Sóc Cá Nhân Cho Bé,Chăm Sóc Bé
Kem đánh răng trẻ em Lipzo vị chuối 75g,Chăm Sóc Cá Nhân Cho Bé,Chăm Sóc Bé
Lốc 4 hộp sữa dinh dưỡng pha sẵn Vinamilk Yoko Gold 110mll,Sữa Bột - Sữa Dinh Dưỡng,Chăm Sóc Bé
Sữa Sôcôla Lúa Mạch SuSu - Lốc 6 Chai 80ml,Sữa Bột - Sữa Dinh Dưỡng,Chăm Sóc Bé
Tã dán người lớn Sunmate ADP M/L18,Tã - Bỉm,Chăm Sóc Bé
Bàn chải đánh răng Oral Clean Royal Kid Soft màu xanh,Chăm Sóc Cá Nhân Cho Bé,Chăm Sóc Bé
Miếng lót Under Pad,Tã - Bỉm,Chăm Sóc Bé
Bàn chải cho bé 2 - 6 tuổi P/S lông chải siêu mềm,Chăm Sóc Cá Nhân Cho Bé,Chăm Sóc Bé
Sữa tắm gội trẻ em Lactacyd Milky chai 500ml,Sữa Tắm - Gội Cho Bé,Chăm Sóc Bé
Sữa tắm gội toàn thân Carrie Junior hương chery chai 700g,Sữa Tắm - Gội Cho Bé,Chăm Sóc Bé
Sữa nước Abbott Pediasure BA 3+ hương vani 237ml,Sữa Bột - Sữa Dinh Dưỡng,Chăm Sóc Bé
Sữa tắm gội toàn thân Carrie Junior tinh chất sữa chai 700g,Sữa Tắm - Gội Cho Bé,Chăm Sóc Bé
Sữa tắm gội toàn thân Carrie Junior hương nho chai 700g,Sữa Tắm - Gội Cho Bé,Chăm Sóc Bé
Bàn chải đánh răng trẻ em Colgate Ultra Soft siêu mềm Barbie/Spiderman,Chăm Sóc Cá Nhân Cho Bé,Chăm Sóc Bé
Bộ 2 bàn chải đánh răng P/S lông tơ mềm mại,Chăm Sóc Cá Nhân Cho Bé,Chăm Sóc Bé
Kem đánh răng trẻ em P/S hương cam 2-6 tuổi 45g,Chăm Sóc Cá Nhân Cho Bé,Chăm Sóc Bé
Kem đánh răng trẻ em P/S hương dâu và trái cây hộp 35g,Sữa Bột - Sữa Dinh Dưỡng,Chăm Sóc Bé
Miếng lót sơ sinh Bobby fresh newborn 1 - 64 miếng,Tã - Bỉm,Chăm Sóc Bé
Kem đánh răng trẻ em Colgate Minions 80g,Chăm Sóc Cá Nhân Cho Bé,Chăm Sóc Bé
Sữa tắm gội toàn thân Johnson's mềm mịn như bông 500ml,Sữa Tắm - Gội Cho Bé,Chăm Sóc Bé
Kem đánh răng Oral Clean Tom&Jerry Tutti Frutti 75ml,Chăm Sóc Cá Nhân Cho Bé,Chăm Sóc Bé
Bàn chải đánh răng P/S trẻ em 2-6 tuổi cao cấp,Chăm Sóc Cá Nhân Cho Bé,Chăm Sóc Bé
Tã quần Unidry XL48,Tã - Bỉm,Chăm Sóc Bé
Tã quần Unidry M60,Tã - Bỉm,Chăm Sóc Bé
Tã quần Unidry L54,Tã - Bỉm,Chăm Sóc Bé
Tã quần Unidry XXL44,Tã - Bỉm,Chăm Sóc Bé
Tã quần người lớn Sunmate L8,Tã - Bỉm,Chăm Sóc Bé
Dép lê Xuyên Á H21 108 size 36,Chăm Sóc Cá Nhân Cho Bé,Chăm Sóc Bé
Tã dán người lớn Sunmate ADP M/L18,Tã - Bỉm,Chăm Sóc Bé
Tã quần người lớn Sunmate L8,Tã - Bỉm,Chăm Sóc Bé
Sữa tắm gội trẻ em hằng ngày Milky Lactacyd 250ml,Sữa Tắm - Gội Cho Bé,Chăm Sóc Bé
Lốc 4 hộp sữa dinh dưỡng pha sẵn NutiFood Grow Plus+ vani hộp 110ml,Sữa Bột - Sữa Dinh Dưỡng,Chăm Sóc Bé
Sữa bột pha sẵn hương vani Grow Plus+ NutiFood lốc 4 hộp x 180ml,Sữa Bột - Sữa Dinh Dưỡng,Chăm Sóc Bé
Sữa dinh dưỡng NutiFood Grow Plus+ lốc 4 hộp x 110ml,Sữa Bột - Sữa Dinh Dưỡng,Chăm Sóc Bé
SPDDDPS GrowPLUS+ Ít đường hộp 110ml,Sữa Bột - Sữa Dinh Dưỡng,Chăm Sóc Bé
Sữa Sôcôla Lúa Mạch SuSu - Lốc 6 Chai 80ml,Sữa Bột - Sữa Dinh Dưỡng,Chăm Sóc Bé
Sữa tắm gội toàn thân Carrie Junior hương chery chai 700g,Sữa Tắm - Gội Cho Bé,Chăm Sóc Bé
Sữa tắm gội toàn thân Carrie Junior tinh chất sữa chai 700g,Sữa Tắm - Gội Cho Bé,Chăm Sóc Bé
Sữa tắm gội toàn thân Carrie Junior hương nho chai 700g,Sữa Tắm - Gội Cho Bé,Chăm Sóc Bé
Lốc 4 hộp sữa dinh dưỡng Abbott Grow 180ml,Sữa Bột - Sữa Dinh Dưỡng,Chăm Sóc Bé
PEDIASURE TPDD hương vani 180ml,Sữa Bột - Sữa Dinh Dưỡng,Chăm Sóc Bé
PEDIASURE TPDD hương vani 110ml,Sữa Bột - Sữa Dinh Dưỡng,Chăm Sóc Bé
Lốc 4 hộp sữa dinh dưỡng Pediasure vani 10+ 180ml,Sữa Bột - Sữa Dinh Dưỡng,Chăm Sóc Bé
Sữa dinh dưỡng Abbott Similac HMO hương vani 110ml - Lốc 4 hộp,Sữa Bột - Sữa Dinh Dưỡng,Chăm Sóc Bé
Lốc 4 hộp sữa dinh dưỡng Similac Eye-Q hương vani 180ml,Sữa Bột - Sữa Dinh Dưỡng,Chăm Sóc Bé
Lốc 4 hộp sữa dinh dưỡng Abbott Grow hương vani 110ml,Sữa Bột - Sữa Dinh Dưỡng,Chăm Sóc Bé
Sữa bột Nutifood nutri nguyên kem 900g,Sữa Bột - Sữa Dinh Dưỡng,Chăm Sóc Bé
Sữa bột hương vani Abbott Grow G-Power 3 - 6 tuổi 900g,Sữa Bột - Sữa Dinh Dưỡng,Chăm Sóc Bé
Sữa dinh dưỡng hương vani Grow Plus+ NutiFood lốc 4 hộp x 180ml,Sữa Bột - Sữa Dinh Dưỡng,Chăm Sóc Bé
Sữa tắm gội toàn thân không cay mắt Johnson's Baby 500ml,Sữa Tắm - Gội Cho Bé,Chăm Sóc Bé
Kem đánh răng trẻ em Aquafresh big teeth 6+,Chăm Sóc Cá Nhân Cho Bé,Chăm Sóc Bé
Bàn chải đánh răng Jordan Step 2 cho trẻ 3 - 5 tuổi (Giao màu ngẫu nhiên),Chăm Sóc Cá Nhân Cho Bé,Chăm Sóc Bé
Nước súc miệng P/S Expert Protection Pro Complete chai 500ml,Chăm Sóc Cá Nhân Cho Bé,Chăm Sóc Bé
Bàn chải cho bé 1 - 5 tuổi Lipzo Kids 1 lông mềm (giao màu ngẫu nhiên),Chăm Sóc Cá Nhân Cho Bé,Chăm Sóc Bé
Tã quần Bobby XL48 48 miếng,Tã - Bỉm,Chăm Sóc Bé
Tã quần Huggies Dry L68,Tã - Bỉm,Chăm Sóc Bé
Tã quần Bobby XXL44,Tã - Bỉm,Chăm Sóc Bé
Sữa bột Nutifood Nuvi Grow 4 900g,Sữa Bột - Sữa Dinh Dưỡng,Chăm Sóc Bé
Sữa bột Nutifood GrowPlus trên 1 tuổi lon 850g,Sữa Bột - Sữa Dinh Dưỡng,Chăm Sóc Bé
Tã dán người lớn Sunmate M10,Tã - Bỉm,Chăm Sóc Bé
Nước súc miệng Listerine Trẻ em hương dâu 250ml,Chăm Sóc Cá Nhân Cho Bé,Chăm Sóc Bé
Kem đánh răng trẻ em Lipzo vị chuối 75g,Chăm Sóc Cá Nhân Cho Bé,Chăm Sóc Bé
Lốc 4 hộp sữa dinh dưỡng pha sẵn Vinamilk Yoko Gold 110mll,Sữa Bột - Sữa Dinh Dưỡng,Chăm Sóc Bé
Bàn chải đánh răng Oral Clean Royal Kid Soft màu xanh,Chăm Sóc Cá Nhân Cho Bé,Chăm Sóc Bé
Miếng lót Under Pad,Tã - Bỉm,Chăm Sóc Bé
Bàn chải cho bé 2 - 6 tuổi P/S lông chải siêu mềm,Chăm Sóc Cá Nhân Cho Bé,Chăm Sóc Bé
Sữa tắm gội trẻ em Lactacyd Milky chai 500ml,Sữa Tắm - Gội Cho Bé,Chăm Sóc Bé
Sữa nước Abbott Pediasure BA 3+ hương vani 237ml,Sữa Bột - Sữa Dinh Dưỡng,Chăm Sóc Bé
Bàn chải đánh răng trẻ em Colgate Ultra Soft siêu mềm Barbie/Spiderman,Chăm Sóc Cá Nhân Cho Bé,Chăm Sóc Bé
Bộ 2 bàn chải đánh răng P/S lông tơ mềm mại,Chăm Sóc Cá Nhân Cho Bé,Chăm Sóc Bé
Kem đánh răng trẻ em P/S hương cam 2-6 tuổi 45g,Chăm Sóc Cá Nhân Cho Bé,Chăm Sóc Bé
Kem đánh răng trẻ em P/S hương dâu và trái cây hộp 35g,Sữa Bột - Sữa Dinh Dưỡng,Chăm Sóc Bé
Miếng lót sơ sinh Bobby fresh newborn 1 - 64 miếng,Tã - Bỉm,Chăm Sóc Bé
Sữa tắm gội toàn thân Johnson's mềm mịn như bông 500ml,Sữa Tắm - Gội Cho Bé,Chăm Sóc Bé
Bàn chải đánh răng P/S trẻ em 2-6 tuổi cao cấp,Chăm Sóc Cá Nhân Cho Bé,Chăm Sóc Bé
Kem đánh răng Oral Clean Tom&Jerry Tutti Frutti 75ml,Chăm Sóc Cá Nhân Cho Bé,Chăm Sóc Bé
Tã quần Unidry M60,Tã - Bỉm,Chăm Sóc Bé
Tã quần Unidry L54,Tã - Bỉm,Chăm Sóc Bé
Tã quần Unidry XL48,Tã - Bỉm,Chăm Sóc Bé
Tã quần Unidry XXL44,Tã - Bỉm,Chăm Sóc Bé
Dép lê Xuyên Á H21 108 size 36,Chăm Sóc Cá Nhân Cho Bé,Chăm Sóc Bé
Lốc 4 hộp sữa dinh dưỡng pha sẵn NutiFood Grow Plus+ vani hộp 110ml,Sữa Bột - Sữa Dinh Dưỡng,Chăm Sóc Bé
Sữa bột pha sẵn hương vani Grow Plus+ NutiFood lốc 4 hộp x 180ml,Sữa Bột - Sữa Dinh Dưỡng,Chăm Sóc Bé
Sữa dinh dưỡng NutiFood Grow Plus+ lốc 4 hộp x 110ml,Sữa Bột - Sữa Dinh Dưỡng,Chăm Sóc Bé
Sữa dinh dưỡng hương vani Grow Plus+ NutiFood lốc 4 hộp x 180ml,Sữa Bột - Sữa Dinh Dưỡng,Chăm Sóc Bé
Lốc 4 hộp sữa dinh dưỡng Abbott Grow 180ml,Sữa Bột - Sữa Dinh Dưỡng,Chăm Sóc Bé
PEDIASURE TPDD hương vani 180ml,Sữa Bột - Sữa Dinh Dưỡng,Chăm Sóc Bé
SPDDDPS GrowPLUS+ Ít đường hộp 110ml,Sữa Bột - Sữa Dinh Dưỡng,Chăm Sóc Bé
Sữa tắm tinh chất sữa và gạo Johnson & Johnson 500ml,Sữa Tắm - Gội Cho Bé,Chăm Sóc Bé
Sữa tắm gội toàn thân không cay mắt Johnson's Baby 500ml,Sữa Tắm - Gội Cho Bé,Chăm Sóc Bé
Kem đánh răng trẻ em Aquafresh big teeth 6+,Chăm Sóc Cá Nhân Cho Bé,Chăm Sóc Bé
Nước súc miệng P/S Expert Protection Pro Complete chai 500ml,Chăm Sóc Cá Nhân Cho Bé,Chăm Sóc Bé
Bàn chải đánh răng Jordan Step 2 cho trẻ 3 - 5 tuổi (Giao màu ngẫu nhiên),Chăm Sóc Cá Nhân Cho Bé,Chăm Sóc Bé
Bàn chải cho bé 1 - 5 tuổi Lipzo Kids 1 lông mềm (giao màu ngẫu nhiên),Chăm Sóc Cá Nhân Cho Bé,Chăm Sóc Bé
Sữa tắm gội trẻ em hằng ngày Milky Lactacyd 250ml,Sữa Tắm - Gội Cho Bé,Chăm Sóc Bé
Tã quần Bobby XL48 48 miếng,Tã - Bỉm,Chăm Sóc Bé
Tã quần Huggies Dry L68,Tã - Bỉm,Chăm Sóc Bé
Tã quần Bobby XXL44,Tã - Bỉm,Chăm Sóc Bé
Tã dán người lớn Sunmate M10,Tã - Bỉm,Chăm Sóc Bé
Nước súc miệng Listerine Trẻ em hương dâu 250ml,Chăm Sóc Cá Nhân Cho Bé,Chăm Sóc Bé
Kem đánh răng trẻ em Lipzo vị chuối 75g,Chăm Sóc Cá Nhân Cho Bé,Chăm Sóc Bé
Lốc 4 hộp sữa dinh dưỡng pha sẵn Vinamilk Yoko Gold 110mll,Sữa Bột - Sữa Dinh Dưỡng,Chăm Sóc Bé
Sữa Sôcôla Lúa Mạch SuSu - Lốc 6 Chai 80ml,Sữa Bột - Sữa Dinh Dưỡng,Chăm Sóc Bé
Tã dán người lớn Sunmate ADP M/L18,Tã - Bỉm,Chăm Sóc Bé
Bàn chải đánh răng Oral Clean Royal Kid Soft màu xanh,Chăm Sóc Cá Nhân Cho Bé,Chăm Sóc Bé
Miếng lót Under Pad,Tã - Bỉm,Chăm Sóc Bé
Bàn chải cho bé 2 - 6 tuổi P/S lông chải siêu mềm,Chăm Sóc Cá Nhân Cho Bé,Chăm Sóc Bé
Sữa tắm gội trẻ em Lactacyd Milky chai 500ml,Sữa Tắm - Gội Cho Bé,Chăm Sóc Bé
Sữa tắm gội toàn thân Carrie Junior hương nho chai 700g,Sữa Tắm - Gội Cho Bé,Chăm Sóc Bé
Sữa tắm gội toàn thân Carrie Junior hương chery chai 700g,Sữa Tắm - Gội Cho Bé,Chăm Sóc Bé
Sữa tắm gội toàn thân Carrie Junior tinh chất sữa chai 700g,Sữa Tắm - Gội Cho Bé,Chăm Sóc Bé
Sữa nước Abbott Pediasure BA 3+ hương vani 237ml,Sữa Bột - Sữa Dinh Dưỡng,Chăm Sóc Bé
Bàn chải đánh răng trẻ em Colgate Ultra Soft siêu mềm Barbie/Spiderman,Chăm Sóc Cá Nhân Cho Bé,Chăm Sóc Bé
Bộ 2 bàn chải đánh răng P/S lông tơ mềm mại,Chăm Sóc Cá Nhân Cho Bé,Chăm Sóc Bé
Kem đánh răng trẻ em P/S hương dâu và trái cây hộp 35g,Sữa Bột - Sữa Dinh Dưỡng,Chăm Sóc Bé
Kem đánh răng trẻ em P/S hương cam 2-6 tuổi 45g,Chăm Sóc Cá Nhân Cho Bé,Chăm Sóc Bé
Kem đánh răng trẻ em Colgate Minions 80g,Chăm Sóc Cá Nhân Cho Bé,Chăm Sóc Bé
Sữa tắm gội toàn thân Johnson's mềm mịn như bông 500ml,Sữa Tắm - Gội Cho Bé,Chăm Sóc Bé
Bàn chải đánh răng P/S trẻ em 2-6 tuổi cao cấp,Chăm Sóc Cá Nhân Cho Bé,Chăm Sóc Bé
Kem đánh răng Oral Clean Tom&Jerry Tutti Frutti 75ml,Chăm Sóc Cá Nhân Cho Bé,Chăm Sóc Bé
Tã quần Unidry M60,Tã - Bỉm,Chăm Sóc Bé
Tã quần Unidry L54,Tã - Bỉm,Chăm Sóc Bé
Tã quần Unidry XL48,Tã - Bỉm,Chăm Sóc Bé
Tã quần Unidry XXL44,Tã - Bỉm,Chăm Sóc Bé
Tã quần người lớn Sunmate L8,Tã - Bỉm,Chăm Sóc Bé
Dép lê Xuyên Á H21 108 size 36,Chăm Sóc Cá Nhân Cho Bé,Chăm Sóc Bé
Sữa bột pha sẵn hương vani Grow Plus+ NutiFood lốc 4 hộp x 180ml,Sữa Bột - Sữa Dinh Dưỡng,Chăm Sóc Bé
Lốc 4 hộp sữa dinh dưỡng pha sẵn NutiFood Grow Plus+ vani hộp 110ml,Sữa Bột - Sữa Dinh Dưỡng,Chăm Sóc Bé
Sữa dinh dưỡng NutiFood Grow Plus+ lốc 4 hộp x 110ml,Sữa Bột - Sữa Dinh Dưỡng,Chăm Sóc Bé
Sữa dinh dưỡng hương vani Grow Plus+ NutiFood lốc 4 hộp x 180ml,Sữa Bột - Sữa Dinh Dưỡng,Chăm Sóc Bé
Lốc 4 hộp sữa dinh dưỡng Abbott Grow 180ml,Sữa Bột - Sữa Dinh Dưỡng,Chăm Sóc Bé
PEDIASURE TPDD hương vani 180ml,Sữa Bột - Sữa Dinh Dưỡng,Chăm Sóc Bé
SPDDDPS GrowPLUS+ Ít đường hộp 110ml,Sữa Bột - Sữa Dinh Dưỡng,Chăm Sóc Bé
PEDIASURE TPDD hương vani 110ml,Sữa Bột - Sữa Dinh Dưỡng,Chăm Sóc Bé
Lốc 4 hộp sữa dinh dưỡng Pediasure vani 10+ 180ml,Sữa Bột - Sữa Dinh Dưỡng,Chăm Sóc Bé
Sữa dinh dưỡng Abbott Similac HMO hương vani 110ml - Lốc 4 hộp,Sữa Bột - Sữa Dinh Dưỡng,Chăm Sóc Bé
Lốc 4 hộp sữa dinh dưỡng Similac Eye-Q hương vani 180ml,Sữa Bột - Sữa Dinh Dưỡng,Chăm Sóc Bé
Lốc 4 hộp sữa dinh dưỡng Abbott Grow hương vani 110ml,Sữa Bột - Sữa Dinh Dưỡng,Chăm Sóc Bé
Sữa bột Nutifood Nuvi Grow 4 900g,Sữa Bột - Sữa Dinh Dưỡng,Chăm Sóc Bé
Sữa bột Nutifood nutri nguyên kem 900g,Sữa Bột - Sữa Dinh Dưỡng,Chăm Sóc Bé
Sữa bột hương vani Abbott Grow G-Power 3 - 6 tuổi 900g,Sữa Bột - Sữa Dinh Dưỡng,Chăm Sóc Bé
Sữa tắm gội toàn thân không cay mắt Johnson's Baby 500ml,Sữa Tắm - Gội Cho Bé,Chăm Sóc Bé
Sữa tắm tinh chất sữa và gạo Johnson & Johnson 500ml,Sữa Tắm - Gội Cho Bé,Chăm Sóc Bé
Kem đánh răng trẻ em Aquafresh big teeth 6+,Chăm Sóc Cá Nhân Cho Bé,Chăm Sóc Bé
Bàn chải đánh răng Jordan Step 2 cho trẻ 3 - 5 tuổi (Giao màu ngẫu nhiên),Chăm Sóc Cá Nhân Cho Bé,Chăm Sóc Bé
Nước súc miệng P/S Expert Protection Pro Complete chai 500ml,Chăm Sóc Cá Nhân Cho Bé,Chăm Sóc Bé
Bàn chải cho bé 1 - 5 tuổi Lipzo Kids 1 lông mềm (giao màu ngẫu nhiên),Chăm Sóc Cá Nhân Cho Bé,Chăm Sóc Bé
Sữa tắm gội trẻ em hằng ngày Milky Lactacyd 250ml,Sữa Tắm - Gội Cho Bé,Chăm Sóc Bé
Tã quần Huggies Dry L68,Tã - Bỉm,Chăm Sóc Bé
Tã quần Bobby XL48 48 miếng,Tã - Bỉm,Chăm Sóc Bé
Tã quần Bobby XXL44,Tã - Bỉm,Chăm Sóc Bé
Tã dán người lớn Sunmate M10,Tã - Bỉm,Chăm Sóc Bé
Nước súc miệng Listerine Trẻ em hương dâu 250ml,Chăm Sóc Cá Nhân Cho Bé,Chăm Sóc Bé
Kem đánh răng trẻ em Lipzo vị chuối 75g,Chăm Sóc Cá Nhân Cho Bé,Chăm Sóc Bé
Lốc 4 hộp sữa dinh dưỡng pha sẵn Vinamilk Yoko Gold 110mll,Sữa Bột - Sữa Dinh Dưỡng,Chăm Sóc Bé
Sữa Sôcôla Lúa Mạch SuSu - Lốc 6 Chai 80ml,Sữa Bột - Sữa Dinh Dưỡng,Chăm Sóc Bé
Tã dán người lớn Sunmate ADP M/L18,Tã - Bỉm,Chăm Sóc Bé
Dép lê Xuyên Á H21 108 size 36,Chăm Sóc Cá Nhân Cho Bé,Chăm Sóc Bé
Lốc 4 hộp sữa dinh dưỡng pha sẵn NutiFood Grow Plus+ vani hộp 110ml,Sữa Bột - Sữa Dinh Dưỡng,Chăm Sóc Bé
Sữa bột pha sẵn hương vani Grow Plus+ NutiFood lốc 4 hộp x 180ml,Sữa Bột - Sữa Dinh Dưỡng,Chăm Sóc Bé
Sữa dinh dưỡng NutiFood Grow Plus+ lốc 4 hộp x 110ml,Sữa Bột - Sữa Dinh Dưỡng,Chăm Sóc Bé
Sữa dinh dưỡng hương vani Grow Plus+ NutiFood lốc 4 hộp x 180ml,Sữa Bột - Sữa Dinh Dưỡng,Chăm Sóc Bé
Lốc 4 hộp sữa dinh dưỡng Abbott Grow 180ml,Sữa Bột - Sữa Dinh Dưỡng,Chăm Sóc Bé
PEDIASURE TPDD hương vani 180ml,Sữa Bột - Sữa Dinh Dưỡng,Chăm Sóc Bé
SPDDDPS GrowPLUS+ Ít đường hộp 110ml,Sữa Bột - Sữa Dinh Dưỡng,Chăm Sóc Bé
PEDIASURE TPDD hương vani 110ml,Sữa Bột - Sữa Dinh Dưỡng,Chăm Sóc Bé
Lốc 4 hộp sữa dinh dưỡng Pediasure vani 10+ 180ml,Sữa Bột - Sữa Dinh Dưỡng,Chăm Sóc Bé
Sữa dinh dưỡng Abbott Similac HMO hương vani 110ml - Lốc 4 hộp,Sữa Bột - Sữa Dinh Dưỡng,Chăm Sóc Bé
Lốc 4 hộp sữa dinh dưỡng Similac Eye-Q hương vani 180ml,Sữa Bột - Sữa Dinh Dưỡng,Chăm Sóc Bé
Lốc 4 hộp sữa dinh dưỡng Abbott Grow hương vani 110ml,Sữa Bột - Sữa Dinh Dưỡng,Chăm Sóc Bé
Sữa bột Nutifood Nuvi Grow 4 900g,Sữa Bột - Sữa Dinh Dưỡng,Chăm Sóc Bé
Sữa bột Nutifood nutri nguyên kem 900g,Sữa Bột - Sữa Dinh Dưỡng,Chăm Sóc Bé
Sữa bột hương vani Abbott Grow G-Power 3 - 6 tuổi 900g,Sữa Bột - Sữa Dinh Dưỡng,Chăm Sóc Bé
Sữa tắm gội toàn thân không cay mắt Johnson's Baby 500ml,Sữa Tắm - Gội Cho Bé,Chăm Sóc Bé
Sữa tắm tinh chất sữa và gạo Johnson & Johnson 500ml,Sữa Tắm - Gội Cho Bé,Chăm Sóc Bé
Kem đánh răng trẻ em Aquafresh big teeth 6+,Chăm Sóc Cá Nhân Cho Bé,Chăm Sóc Bé
Nước súc miệng P/S Expert Protection Pro Complete chai 500ml,Chăm Sóc Cá Nhân Cho Bé,Chăm Sóc Bé
Bàn chải đánh răng Jordan Step 2 cho trẻ 3 - 5 tuổi (Giao màu ngẫu nhiên),Chăm Sóc Cá Nhân Cho Bé,Chăm Sóc Bé
Bàn chải cho bé 1 - 5 tuổi Lipzo Kids 1 lông mềm (giao màu ngẫu nhiên),Chăm Sóc Cá Nhân Cho Bé,Chăm Sóc Bé
Sữa tắm gội trẻ em hằng ngày Milky Lactacyd 250ml,Sữa Tắm - Gội Cho Bé,Chăm Sóc Bé
Tã quần Bobby XL48 48 miếng,Tã - Bỉm,Chăm Sóc Bé
Tã quần Huggies Dry L68,Tã - Bỉm,Chăm Sóc Bé
Tã quần Bobby XXL44,Tã - Bỉm,Chăm Sóc Bé
Tã dán người lớn Sunmate M10,Tã - Bỉm,Chăm Sóc Bé
Nước súc miệng Listerine Trẻ em hương dâu 250ml,Chăm Sóc Cá Nhân Cho Bé,Chăm Sóc Bé
Kem đánh răng trẻ em Lipzo vị chuối 75g,Chăm Sóc Cá Nhân Cho Bé,Chăm Sóc Bé
Lốc 4 hộp sữa dinh dưỡng pha sẵn Vinamilk Yoko Gold 110mll,Sữa Bột - Sữa Dinh Dưỡng,Chăm Sóc Bé
Sữa Sôcôla Lúa Mạch SuSu - Lốc 6 Chai 80ml,Sữa Bột - Sữa Dinh Dưỡng,Chăm Sóc Bé
Tã dán người lớn Sunmate ADP M/L18,Tã - Bỉm,Chăm Sóc Bé
Bàn chải đánh răng Oral Clean Royal Kid Soft màu xanh,Chăm Sóc Cá Nhân Cho Bé,Chăm Sóc Bé
Miếng lót Under Pad,Tã - Bỉm,Chăm Sóc Bé
Bàn chải cho bé 2 - 6 tuổi P/S lông chải siêu mềm,Chăm Sóc Cá Nhân Cho Bé,Chăm Sóc Bé
Sữa tắm gội trẻ em Lactacyd Milky chai 500ml,Sữa Tắm - Gội Cho Bé,Chăm Sóc Bé
Sữa tắm gội toàn thân Carrie Junior tinh chất sữa chai 700g,Sữa Tắm - Gội Cho Bé,Chăm Sóc Bé
Sữa tắm gội toàn thân Carrie Junior hương nho chai 700g,Sữa Tắm - Gội Cho Bé,Chăm Sóc Bé
Sữa tắm gội toàn thân Carrie Junior hương chery chai 700g,Sữa Tắm - Gội Cho Bé,Chăm Sóc Bé
Sữa nước Abbott Pediasure BA 3+ hương vani 237ml,Sữa Bột - Sữa Dinh Dưỡng,Chăm Sóc Bé
Bàn chải đánh răng trẻ em Colgate Ultra Soft siêu mềm Barbie/Spiderman,Chăm Sóc Cá Nhân Cho Bé,Chăm Sóc Bé
Bộ 2 bàn chải đánh răng P/S lông tơ mềm mại,Chăm Sóc Cá Nhân Cho Bé,Chăm Sóc Bé
Kem đánh răng trẻ em P/S hương dâu và trái cây hộp 35g,Sữa Bột - Sữa Dinh Dưỡng,Chăm Sóc Bé
Kem đánh răng trẻ em P/S hương cam 2-6 tuổi 45g,Chăm Sóc Cá Nhân Cho Bé,Chăm Sóc Bé
Miếng lót sơ sinh Bobby fresh newborn 1 - 64 miếng,Tã - Bỉm,Chăm Sóc Bé
Sữa tắm gội toàn thân Johnson's mềm mịn như bông 500ml,Sữa Tắm - Gội Cho Bé,Chăm Sóc Bé
Kem đánh răng trẻ em Colgate Minions 80g,Chăm Sóc Cá Nhân Cho Bé,Chăm Sóc Bé
Bàn chải đánh răng P/S trẻ em 2-6 tuổi cao cấp,Chăm Sóc Cá Nhân Cho Bé,Chăm Sóc Bé
Kem đánh răng Oral Clean Tom&Jerry Tutti Frutti 75ml,Chăm Sóc Cá Nhân Cho Bé,Chăm Sóc Bé
Tã quần Unidry M60,Tã - Bỉm,Chăm Sóc Bé
Tã quần Unidry XL48,Tã - Bỉm,Chăm Sóc Bé
Tã quần Unidry XXL44,Tã - Bỉm,Chăm Sóc Bé
Tã quần Unidry L54,Tã - Bỉm,Chăm Sóc Bé
Tã quần người lớn Sunmate L8,Tã - Bỉm,Chăm Sóc Bé
Dép lê Xuyên Á H21 108 size 36,Chăm Sóc Cá Nhân Cho Bé,Chăm Sóc Bé
Sữa bột pha sẵn hương vani Grow Plus+ NutiFood lốc 4 hộp x 180ml,Sữa Bột - Sữa Dinh Dưỡng,Chăm Sóc Bé
Lốc 4 hộp sữa dinh dưỡng pha sẵn NutiFood Grow Plus+ vani hộp 110ml,Sữa Bột - Sữa Dinh Dưỡng,Chăm Sóc Bé
Sữa dinh dưỡng NutiFood Grow Plus+ lốc 4 hộp x 110ml,Sữa Bột - Sữa Dinh Dưỡng,Chăm Sóc Bé
Sữa dinh dưỡng hương vani Grow Plus+ NutiFood lốc 4 hộp x 180ml,Sữa Bột - Sữa Dinh Dưỡng,Chăm Sóc Bé
SPDDDPS GrowPLUS+ Ít đường hộp 110ml,Sữa Bột - Sữa Dinh Dưỡng,Chăm Sóc Bé
Lốc 4 hộp sữa dinh dưỡng Abbott Grow 180ml,Sữa Bột - Sữa Dinh Dưỡng,Chăm Sóc Bé
PEDIASURE TPDD hương vani 180ml,Sữa Bột - Sữa Dinh Dưỡng,Chăm Sóc Bé
PEDIASURE TPDD hương vani 110ml,Sữa Bột - Sữa Dinh Dưỡng,Chăm Sóc Bé
Lốc 4 hộp sữa dinh dưỡng Pediasure vani 10+ 180ml,Sữa Bột - Sữa Dinh Dưỡng,Chăm Sóc Bé
Sữa dinh dưỡng Abbott Similac HMO hương vani 110ml - Lốc 4 hộp,Sữa Bột - Sữa Dinh Dưỡng,Chăm Sóc Bé
Lốc 4 hộp sữa dinh dưỡng Similac Eye-Q hương vani 180ml,Sữa Bột - Sữa Dinh Dưỡng,Chăm Sóc Bé
Lốc 4 hộp sữa dinh dưỡng Abbott Grow hương vani 110ml,Sữa Bột - Sữa Dinh Dưỡng,Chăm Sóc Bé
Sữa bột Nutifood nutri nguyên kem 900g,Sữa Bột - Sữa Dinh Dưỡng,Chăm Sóc Bé
Sữa bột hương vani Abbott Grow G-Power 3 - 6 tuổi 900g,Sữa Bột - Sữa Dinh Dưỡng,Chăm Sóc Bé
Sữa tắm gội toàn thân không cay mắt Johnson's Baby 500ml,Sữa Tắm - Gội Cho Bé,Chăm Sóc Bé
Sữa tắm tinh chất sữa và gạo Johnson & Johnson 500ml,Sữa Tắm - Gội Cho Bé,Chăm Sóc Bé
Kem đánh răng trẻ em Aquafresh big teeth 6+,Chăm Sóc Cá Nhân Cho Bé,Chăm Sóc Bé
Bàn chải đánh răng Jordan Step 2 cho trẻ 3 - 5 tuổi (Giao màu ngẫu nhiên),Chăm Sóc Cá Nhân Cho Bé,Chăm Sóc Bé
Nước súc miệng P/S Expert Protection Pro Complete chai 500ml,Chăm Sóc Cá Nhân Cho Bé,Chăm Sóc Bé
Bàn chải cho bé 1 - 5 tuổi Lipzo Kids 1 lông mềm (giao màu ngẫu nhiên),Chăm Sóc Cá Nhân Cho Bé,Chăm Sóc Bé
Sữa tắm gội trẻ em hằng ngày Milky Lactacyd 250ml,Sữa Tắm - Gội Cho Bé,Chăm Sóc Bé
Tã quần Bobby XL48 48 miếng,Tã - Bỉm,Chăm Sóc Bé
Tã quần Bobby XXL44,Tã - Bỉm,Chăm Sóc Bé
Sữa bột Nutifood Nuvi Grow 4 900g,Sữa Bột - Sữa Dinh Dưỡng,Chăm Sóc Bé
Tã dán người lớn Sunmate M10,Tã - Bỉm,Chăm Sóc Bé
Nước súc miệng Listerine Trẻ em hương dâu 250ml,Chăm Sóc Cá Nhân Cho Bé,Chăm Sóc Bé
Kem đánh răng trẻ em Lipzo vị chuối 75g,Chăm Sóc Cá Nhân Cho Bé,Chăm Sóc Bé
Lốc 4 hộp sữa dinh dưỡng pha sẵn Vinamilk Yoko Gold 110mll,Sữa Bột - Sữa Dinh Dưỡng,Chăm Sóc Bé
Sữa Sôcôla Lúa Mạch SuSu - Lốc 6 Chai 80ml,Sữa Bột - Sữa Dinh Dưỡng,Chăm Sóc Bé
Tã dán người lớn Sunmate ADP M/L18,Tã - Bỉm,Chăm Sóc Bé
Bàn chải đánh răng Oral Clean Royal Kid Soft màu xanh,Chăm Sóc Cá Nhân Cho Bé,Chăm Sóc Bé
Miếng lót Under Pad,Tã - Bỉm,Chăm Sóc Bé
Bàn chải cho bé 2 - 6 tuổi P/S lông chải siêu mềm,Chăm Sóc Cá Nhân Cho Bé,Chăm Sóc Bé
Sữa tắm gội trẻ em Lactacyd Milky chai 500ml,Sữa Tắm - Gội Cho Bé,Chăm Sóc Bé
Sữa tắm gội toàn thân Carrie Junior hương chery chai 700g,Sữa Tắm - Gội Cho Bé,Chăm Sóc Bé
Sữa nước Abbott Pediasure BA 3+ hương vani 237ml,Sữa Bột - Sữa Dinh Dưỡng,Chăm Sóc Bé
Sữa tắm gội toàn thân Carrie Junior hương nho chai 700g,Sữa Tắm - Gội Cho Bé,Chăm Sóc Bé
Sữa tắm gội toàn thân Carrie Junior tinh chất sữa chai 700g,Sữa Tắm - Gội Cho Bé,Chăm Sóc Bé
Bộ 2 bàn chải đánh răng P/S lông tơ mềm mại,Chăm Sóc Cá Nhân Cho Bé,Chăm Sóc Bé
Kem đánh răng trẻ em P/S hương dâu và trái cây hộp 35g,Sữa Bột - Sữa Dinh Dưỡng,Chăm Sóc Bé
Kem đánh răng trẻ em P/S hương cam 2-6 tuổi 45g,Chăm Sóc Cá Nhân Cho Bé,Chăm Sóc Bé
Sữa tắm gội toàn thân Johnson's mềm mịn như bông 500ml,Sữa Tắm - Gội Cho Bé,Chăm Sóc Bé
Kem đánh răng trẻ em Colgate Minions 80g,Chăm Sóc Cá Nhân Cho Bé,Chăm Sóc Bé
Kem đánh răng Oral Clean Tom&Jerry Tutti Frutti 75ml,Chăm Sóc Cá Nhân Cho Bé,Chăm Sóc Bé
Bàn chải đánh răng P/S trẻ em 2-6 tuổi cao cấp,Chăm Sóc Cá Nhân Cho Bé,Chăm Sóc Bé
Tã quần Unidry L54,Tã - Bỉm,Chăm Sóc Bé
Tã quần Unidry XXL44,Tã - Bỉm,Chăm Sóc Bé
Tã quần Unidry M60,Tã - Bỉm,Chăm Sóc Bé
Tã quần người lớn Sunmate L8,Tã - Bỉm,Chăm Sóc Bé
Tã quần Unidry XL48,Tã - Bỉm,Chăm Sóc Bé
Dép lê Xuyên Á H21 108 size 36,Chăm Sóc Cá Nhân Cho Bé,Chăm Sóc Bé
Sữa tắm gội trẻ em hằng ngày Milky Lactacyd 250ml,Sữa Tắm - Gội Cho Bé,Chăm Sóc Bé
Lốc 4 hộp sữa dinh dưỡng pha sẵn NutiFood Grow Plus+ vani hộp 110ml,Sữa Bột - Sữa Dinh Dưỡng,Chăm Sóc Bé
Sữa bột pha sẵn hương vani Grow Plus+ NutiFood lốc 4 hộp x 180ml,Sữa Bột - Sữa Dinh Dưỡng,Chăm Sóc Bé
Sữa dinh dưỡng NutiFood Grow Plus+ lốc 4 hộp x 110ml,Sữa Bột - Sữa Dinh Dưỡng,Chăm Sóc Bé
SPDDDPS GrowPLUS+ Ít đường hộp 110ml,Sữa Bột - Sữa Dinh Dưỡng,Chăm Sóc Bé
Sữa Sôcôla Lúa Mạch SuSu - Lốc 6 Chai 80ml,Sữa Bột - Sữa Dinh Dưỡng,Chăm Sóc Bé
Sữa tắm gội toàn thân Carrie Junior hương nho chai 700g,Sữa Tắm - Gội Cho Bé,Chăm Sóc Bé
Sữa tắm gội toàn thân Carrie Junior tinh chất sữa chai 700g,Sữa Tắm - Gội Cho Bé,Chăm Sóc Bé
Sữa tắm gội toàn thân Carrie Junior hương chery chai 700g,Sữa Tắm - Gội Cho Bé,Chăm Sóc Bé
Lốc 4 hộp sữa dinh dưỡng Abbott Grow 180ml,Sữa Bột - Sữa Dinh Dưỡng,Chăm Sóc Bé
PEDIASURE TPDD hương vani 180ml,Sữa Bột - Sữa Dinh Dưỡng,Chăm Sóc Bé
PEDIASURE TPDD hương vani 110ml,Sữa Bột - Sữa Dinh Dưỡng,Chăm Sóc Bé
Sữa dinh dưỡng Abbott Similac HMO hương vani 110ml - Lốc 4 hộp,Sữa Bột - Sữa Dinh Dưỡng,Chăm Sóc Bé
Lốc 4 hộp sữa dinh dưỡng Similac Eye-Q hương vani 180ml,Sữa Bột - Sữa Dinh Dưỡng,Chăm Sóc Bé
Lốc 4 hộp sữa dinh dưỡng Abbott Grow hương vani 110ml,Sữa Bột - Sữa Dinh Dưỡng,Chăm Sóc Bé
Sữa bột Nutifood nutri nguyên kem 900g,Sữa Bột - Sữa Dinh Dưỡng,Chăm Sóc Bé
Sữa bột hương vani Abbott Grow G-Power 3 - 6 tuổi 900g,Sữa Bột - Sữa Dinh Dưỡng,Chăm Sóc Bé
Sữa dinh dưỡng hương vani Grow Plus+ NutiFood lốc 4 hộp x 180ml,Sữa Bột - Sữa Dinh Dưỡng,Chăm Sóc Bé
Sữa tắm gội toàn thân không cay mắt Johnson's Baby 500ml,Sữa Tắm - Gội Cho Bé,Chăm Sóc Bé
Kem đánh răng trẻ em Aquafresh big teeth 6+,Chăm Sóc Cá Nhân Cho Bé,Chăm Sóc Bé
Bàn chải đánh răng Jordan Step 2 cho trẻ 3 - 5 tuổi (Giao màu ngẫu nhiên),Chăm Sóc Cá Nhân Cho Bé,Chăm Sóc Bé
Nước súc miệng P/S Expert Protection Pro Complete chai 500ml,Chăm Sóc Cá Nhân Cho Bé,Chăm Sóc Bé
Bàn chải cho bé 1 - 5 tuổi Lipzo Kids 1 lông mềm (giao màu ngẫu nhiên),Chăm Sóc Cá Nhân Cho Bé,Chăm Sóc Bé
Tã quần Bobby XL48 48 miếng,Tã - Bỉm,Chăm Sóc Bé
Tã quần Huggies Dry L68,Tã - Bỉm,Chăm Sóc Bé
Tã quần Bobby XXL44,Tã - Bỉm,Chăm Sóc Bé
Sữa bột Nutifood Nuvi Grow 4 900g,Sữa Bột - Sữa Dinh Dưỡng,Chăm Sóc Bé
Sữa bột Nutifood GrowPlus trên 1 tuổi lon 850g,Sữa Bột - Sữa Dinh Dưỡng,Chăm Sóc Bé
Tã dán người lớn Sunmate M10,Tã - Bỉm,Chăm Sóc Bé
Tã quần Huggies dry pants big jumbo L38,Tã - Bỉm,Chăm Sóc Bé
Nước súc miệng Listerine Trẻ em hương dâu 250ml,Chăm Sóc Cá Nhân Cho Bé,Chăm Sóc Bé
Kem đánh răng trẻ em Lipzo vị chuối 75g,Chăm Sóc Cá Nhân Cho Bé,Chăm Sóc Bé
Lốc 4 hộp sữa dinh dưỡng pha sẵn Vinamilk Yoko Gold 110mll,Sữa Bột - Sữa Dinh Dưỡng,Chăm Sóc Bé
Tã dán người lớn Sunmate ADP M/L18,Tã - Bỉm,Chăm Sóc Bé
Bàn chải đánh răng Oral Clean Royal Kid Soft màu xanh,Chăm Sóc Cá Nhân Cho Bé,Chăm Sóc Bé
Miếng lót Under Pad,Tã - Bỉm,Chăm Sóc Bé
Bàn chải cho bé 2 - 6 tuổi P/S lông chải siêu mềm,Chăm Sóc Cá Nhân Cho Bé,Chăm Sóc Bé
Sữa tắm gội trẻ em Lactacyd Milky chai 500ml,Sữa Tắm - Gội Cho Bé,Chăm Sóc Bé
Sữa nước Abbott Pediasure BA 3+ hương vani 237ml,Sữa Bột - Sữa Dinh Dưỡng,Chăm Sóc Bé
Bàn chải đánh răng trẻ em Colgate Ultra Soft siêu mềm Barbie/Spiderman,Chăm Sóc Cá Nhân Cho Bé,Chăm Sóc Bé
Bộ 2 bàn chải đánh răng P/S lông tơ mềm mại,Chăm Sóc Cá Nhân Cho Bé,Chăm Sóc Bé
Kem đánh răng trẻ em P/S hương dâu và trái cây hộp 35g,Sữa Bột - Sữa Dinh Dưỡng,Chăm Sóc Bé
Kem đánh răng trẻ em P/S hương cam 2-6 tuổi 45g,Chăm Sóc Cá Nhân Cho Bé,Chăm Sóc Bé
Miếng lót sơ sinh Bobby fresh newborn 1 - 64 miếng,Tã - Bỉm,Chăm Sóc Bé
Sữa tắm gội toàn thân Johnson's mềm mịn như bông 500ml,Sữa Tắm - Gội Cho Bé,Chăm Sóc Bé
Kem đánh răng Oral Clean Tom&Jerry Tutti Frutti 75ml,Chăm Sóc Cá Nhân Cho Bé,Chăm Sóc Bé
Bàn chải đánh răng P/S trẻ em 2-6 tuổi cao cấp,Chăm Sóc Cá Nhân Cho Bé,Chăm Sóc Bé
Tã quần Unidry M60,Tã - Bỉm,Chăm Sóc Bé
Tã quần người lớn Sunmate L8,Tã - Bỉm,Chăm Sóc Bé
Tã quần Unidry XXL44,Tã - Bỉm,Chăm Sóc Bé
Tã quần Unidry L54,Tã - Bỉm,Chăm Sóc Bé
Tã quần Unidry XL48,Tã - Bỉm,Chăm Sóc Bé
Dép lê Xuyên Á H21 108 size 36,Chăm Sóc Cá Nhân Cho Bé,Chăm Sóc Bé
Sữa tắm gội trẻ em hằng ngày Milky Lactacyd 250ml,Sữa Tắm - Gội Cho Bé,Chăm Sóc Bé
Sữa bột pha sẵn hương vani Grow Plus+ NutiFood lốc 4 hộp x 180ml,Sữa Bột - Sữa Dinh Dưỡng,Chăm Sóc Bé
Lốc 4 hộp sữa dinh dưỡng pha sẵn NutiFood Grow Plus+ vani hộp 110ml,Sữa Bột - Sữa Dinh Dưỡng,Chăm Sóc Bé
Sữa dinh dưỡng NutiFood Grow Plus+ lốc 4 hộp x 110ml,Sữa Bột - Sữa Dinh Dưỡng,Chăm Sóc Bé
SPDDDPS GrowPLUS+ Ít đường hộp 110ml,Sữa Bột - Sữa Dinh Dưỡng,Chăm Sóc Bé
Sữa Sôcôla Lúa Mạch SuSu - Lốc 6 Chai 80ml,Sữa Bột - Sữa Dinh Dưỡng,Chăm Sóc Bé
Sữa tắm gội toàn thân Carrie Junior hương chery chai 700g,Sữa Tắm - Gội Cho Bé,Chăm Sóc Bé
Sữa tắm gội toàn thân Carrie Junior hương nho chai 700g,Sữa Tắm - Gội Cho Bé,Chăm Sóc Bé
Sữa tắm gội toàn thân Carrie Junior tinh chất sữa chai 700g,Sữa Tắm - Gội Cho Bé,Chăm Sóc Bé
Lốc 4 hộp sữa dinh dưỡng Abbott Grow 180ml,Sữa Bột - Sữa Dinh Dưỡng,Chăm Sóc Bé
PEDIASURE TPDD hương vani 180ml,Sữa Bột - Sữa Dinh Dưỡng,Chăm Sóc Bé
PEDIASURE TPDD hương vani 110ml,Sữa Bột - Sữa Dinh Dưỡng,Chăm Sóc Bé
Sữa dinh dưỡng Abbott Similac HMO hương vani 110ml - Lốc 4 hộp,Sữa Bột - Sữa Dinh Dưỡng,Chăm Sóc Bé
Lốc 4 hộp sữa dinh dưỡng Pediasure vani 10+ 180ml,Sữa Bột - Sữa Dinh Dưỡng,Chăm Sóc Bé
Lốc 4 hộp sữa dinh dưỡng Similac Eye-Q hương vani 180ml,Sữa Bột - Sữa Dinh Dưỡng,Chăm Sóc Bé
Lốc 4 hộp sữa dinh dưỡng Abbott Grow hương vani 110ml,Sữa Bột - Sữa Dinh Dưỡng,Chăm Sóc Bé
Sữa bột Nutifood nutri nguyên kem 900g,Sữa Bột - Sữa Dinh Dưỡng,Chăm Sóc Bé
Sữa bột hương vani Abbott Grow G-Power 3 - 6 tuổi 900g,Sữa Bột - Sữa Dinh Dưỡng,Chăm Sóc Bé
Sữa dinh dưỡng hương vani Grow Plus+ NutiFood lốc 4 hộp x 180ml,Sữa Bột - Sữa Dinh Dưỡng,Chăm Sóc Bé
Sữa tắm gội toàn thân không cay mắt Johnson's Baby 500ml,Sữa Tắm - Gội Cho Bé,Chăm Sóc Bé
Kem đánh răng trẻ em Aquafresh big teeth 6+,Chăm Sóc Cá Nhân Cho Bé,Chăm Sóc Bé
Bàn chải đánh răng Jordan Step 2 cho trẻ 3 - 5 tuổi (Giao màu ngẫu nhiên),Chăm Sóc Cá Nhân Cho Bé,Chăm Sóc Bé
Nước súc miệng P/S Expert Protection Pro Complete chai 500ml,Chăm Sóc Cá Nhân Cho Bé,Chăm Sóc Bé
Bàn chải cho bé 1 - 5 tuổi Lipzo Kids 1 lông mềm (giao màu ngẫu nhiên),Chăm Sóc Cá Nhân Cho Bé,Chăm Sóc Bé
Tã quần Bobby XL48 48 miếng,Tã - Bỉm,Chăm Sóc Bé
Tã quần Huggies Dry L68,Tã - Bỉm,Chăm Sóc Bé
Tã quần Bobby XXL44,Tã - Bỉm,Chăm Sóc Bé
Sữa bột Nutifood Nuvi Grow 4 900g,Sữa Bột - Sữa Dinh Dưỡng,Chăm Sóc Bé
Sữa bột Nutifood GrowPlus trên 1 tuổi lon 850g,Sữa Bột - Sữa Dinh Dưỡng,Chăm Sóc Bé
Tã dán người lớn Sunmate M10,Tã - Bỉm,Chăm Sóc Bé
Tã quần Huggies dry pants big jumbo L38,Tã - Bỉm,Chăm Sóc Bé
Nước súc miệng Listerine Trẻ em hương dâu 250ml,Chăm Sóc Cá Nhân Cho Bé,Chăm Sóc Bé
Kem đánh răng trẻ em Lipzo vị chuối 75g,Chăm Sóc Cá Nhân Cho Bé,Chăm Sóc Bé
Lốc 4 hộp sữa dinh dưỡng pha sẵn Vinamilk Yoko Gold 110mll,Sữa Bột - Sữa Dinh Dưỡng,Chăm Sóc Bé
Tã dán người lớn Sunmate ADP M/L18,Tã - Bỉm,Chăm Sóc Bé
Bàn chải đánh răng Oral Clean Royal Kid Soft màu xanh,Chăm Sóc Cá Nhân Cho Bé,Chăm Sóc Bé
Miếng lót Under Pad,Tã - Bỉm,Chăm Sóc Bé
Bàn chải cho bé 2 - 6 tuổi P/S lông chải siêu mềm,Chăm Sóc Cá Nhân Cho Bé,Chăm Sóc Bé
Sữa tắm gội trẻ em Lactacyd Milky chai 500ml,Sữa Tắm - Gội Cho Bé,Chăm Sóc Bé
Sữa nước Abbott Pediasure BA 3+ hương vani 237ml,Sữa Bột - Sữa Dinh Dưỡng,Chăm Sóc Bé
Bàn chải đánh răng trẻ em Colgate Ultra Soft siêu mềm Barbie/Spiderman,Chăm Sóc Cá Nhân Cho Bé,Chăm Sóc Bé
Bộ 2 bàn chải đánh răng P/S lông tơ mềm mại,Chăm Sóc Cá Nhân Cho Bé,Chăm Sóc Bé
Kem đánh răng trẻ em P/S hương cam 2-6 tuổi 45g,Chăm Sóc Cá Nhân Cho Bé,Chăm Sóc Bé
Kem đánh răng trẻ em P/S hương dâu và trái cây hộp 35g,Sữa Bột - Sữa Dinh Dưỡng,Chăm Sóc Bé
Miếng lót sơ sinh Bobby fresh newborn 1 - 64 miếng,Tã - Bỉm,Chăm Sóc Bé
Sữa tắm gội toàn thân Johnson's mềm mịn như bông 500ml,Sữa Tắm - Gội Cho Bé,Chăm Sóc Bé
Kem đánh răng Oral Clean Tom&Jerry Tutti Frutti 75ml,Chăm Sóc Cá Nhân Cho Bé,Chăm Sóc Bé
Bàn chải đánh răng P/S trẻ em 2-6 tuổi cao cấp,Chăm Sóc Cá Nhân Cho Bé,Chăm Sóc Bé
Tã quần Unidry M60,Tã - Bỉm,Chăm Sóc Bé
Tã quần Unidry L54,Tã - Bỉm,Chăm Sóc Bé
Tã quần Unidry XL48,Tã - Bỉm,Chăm Sóc Bé
Tã quần Unidry XXL44,Tã - Bỉm,Chăm Sóc Bé
Tã quần người lớn Sunmate L8,Tã - Bỉm,Chăm Sóc Bé
Dép lê Xuyên Á H21 108 size 36,Chăm Sóc Cá Nhân Cho Bé,Chăm Sóc Bé
Sữa tắm gội trẻ em hằng ngày Milky Lactacyd 250ml,Sữa Tắm - Gội Cho Bé,Chăm Sóc Bé
Lốc 4 hộp sữa dinh dưỡng pha sẵn NutiFood Grow Plus+ vani hộp 110ml,Sữa Bột - Sữa Dinh Dưỡng,Chăm Sóc Bé
Sữa bột pha sẵn hương vani Grow Plus+ NutiFood lốc 4 hộp x 180ml,Sữa Bột - Sữa Dinh Dưỡng,Chăm Sóc Bé
Sữa dinh dưỡng NutiFood Grow Plus+ lốc 4 hộp x 110ml,Sữa Bột - Sữa Dinh Dưỡng,Chăm Sóc Bé
SPDDDPS GrowPLUS+ Ít đường hộp 110ml,Sữa Bột - Sữa Dinh Dưỡng,Chăm Sóc Bé
Sữa Sôcôla Lúa Mạch SuSu - Lốc 6 Chai 80ml,Sữa Bột - Sữa Dinh Dưỡng,Chăm Sóc Bé
Sữa tắm gội toàn thân Carrie Junior hương chery chai 700g,Sữa Tắm - Gội Cho Bé,Chăm Sóc Bé
Sữa tắm gội toàn thân Carrie Junior tinh chất sữa chai 700g,Sữa Tắm - Gội Cho Bé,Chăm Sóc Bé
Sữa tắm gội toàn thân Carrie Junior hương nho chai 700g,Sữa Tắm - Gội Cho Bé,Chăm Sóc Bé
Lốc 4 hộp sữa dinh dưỡng Abbott Grow 180ml,Sữa Bột - Sữa Dinh Dưỡng,Chăm Sóc Bé
PEDIASURE TPDD hương vani 180ml,Sữa Bột - Sữa Dinh Dưỡng,Chăm Sóc Bé
PEDIASURE TPDD hương vani 110ml,Sữa Bột - Sữa Dinh Dưỡng,Chăm Sóc Bé
Lốc 4 hộp sữa dinh dưỡng Pediasure vani 10+ 180ml,Sữa Bột - Sữa Dinh Dưỡng,Chăm Sóc Bé
Sữa dinh dưỡng Abbott Similac HMO hương vani 110ml - Lốc 4 hộp,Sữa Bột - Sữa Dinh Dưỡng,Chăm Sóc Bé
Lốc 4 hộp sữa dinh dưỡng Similac Eye-Q hương vani 180ml,Sữa Bột - Sữa Dinh Dưỡng,Chăm Sóc Bé
Lốc 4 hộp sữa dinh dưỡng Abbott Grow hương vani 110ml,Sữa Bột - Sữa Dinh Dưỡng,Chăm Sóc Bé
Sữa bột Nutifood nutri nguyên kem 900g,Sữa Bột - Sữa Dinh Dưỡng,Chăm Sóc Bé
Sữa bột hương vani Abbott Grow G-Power 3 - 6 tuổi 900g,Sữa Bột - Sữa Dinh Dưỡng,Chăm Sóc Bé
Sữa dinh dưỡng hương vani Grow Plus+ NutiFood lốc 4 hộp x 180ml,Sữa Bột - Sữa Dinh Dưỡng,Chăm Sóc Bé
Sữa tắm gội toàn thân không cay mắt Johnson's Baby 500ml,Sữa Tắm - Gội Cho Bé,Chăm Sóc Bé
Kem đánh răng trẻ em Aquafresh big teeth 6+,Chăm Sóc Cá Nhân Cho Bé,Chăm Sóc Bé
Bàn chải đánh răng Jordan Step 2 cho trẻ 3 - 5 tuổi (Giao màu ngẫu nhiên),Chăm Sóc Cá Nhân Cho Bé,Chăm Sóc Bé
Nước súc miệng P/S Expert Protection Pro Complete chai 500ml,Chăm Sóc Cá Nhân Cho Bé,Chăm Sóc Bé
Bàn chải cho bé 1 - 5 tuổi Lipzo Kids 1 lông mềm (giao màu ngẫu nhiên),Chăm Sóc Cá Nhân Cho Bé,Chăm Sóc Bé
Tã quần Bobby XL48 48 miếng,Tã - Bỉm,Chăm Sóc Bé
Tã quần Huggies Dry L68,Tã - Bỉm,Chăm Sóc Bé
Tã quần Bobby XXL44,Tã - Bỉm,Chăm Sóc Bé
Sữa bột Nutifood Nuvi Grow 4 900g,Sữa Bột - Sữa Dinh Dưỡng,Chăm Sóc Bé
Sữa bột Nutifood GrowPlus trên 1 tuổi lon 850g,Sữa Bột - Sữa Dinh Dưỡng,Chăm Sóc Bé
Tã dán người lớn Sunmate M10,Tã - Bỉm,Chăm Sóc Bé
Tã quần Huggies dry pants big jumbo L38,Tã - Bỉm,Chăm Sóc Bé
Nước súc miệng Listerine Trẻ em hương dâu 250ml,Chăm Sóc Cá Nhân Cho Bé,Chăm Sóc Bé
Kem đánh răng trẻ em Lipzo vị chuối 75g,Chăm Sóc Cá Nhân Cho Bé,Chăm Sóc Bé
Lốc 4 hộp sữa dinh dưỡng pha sẵn Vinamilk Yoko Gold 110mll,Sữa Bột - Sữa Dinh Dưỡng,Chăm Sóc Bé
Tã dán người lớn Sunmate ADP M/L18,Tã - Bỉm,Chăm Sóc Bé
Bàn chải đánh răng Oral Clean Royal Kid Soft màu xanh,Chăm Sóc Cá Nhân Cho Bé,Chăm Sóc Bé
Miếng lót Under Pad,Tã - Bỉm,Chăm Sóc Bé
Bàn chải cho bé 2 - 6 tuổi P/S lông chải siêu mềm,Chăm Sóc Cá Nhân Cho Bé,Chăm Sóc Bé
Sữa tắm gội trẻ em Lactacyd Milky chai 500ml,Sữa Tắm - Gội Cho Bé,Chăm Sóc Bé
Sữa nước Abbott Pediasure BA 3+ hương vani 237ml,Sữa Bột - Sữa Dinh Dưỡng,Chăm Sóc Bé
Bàn chải đánh răng trẻ em Colgate Ultra Soft siêu mềm Barbie/Spiderman,Chăm Sóc Cá Nhân Cho Bé,Chăm Sóc Bé
Bộ 2 bàn chải đánh răng P/S lông tơ mềm mại,Chăm Sóc Cá Nhân Cho Bé,Chăm Sóc Bé
Kem đánh răng trẻ em P/S hương dâu và trái cây hộp 35g,Sữa Bột - Sữa Dinh Dưỡng,Chăm Sóc Bé
Kem đánh răng trẻ em P/S hương cam 2-6 tuổi 45g,Chăm Sóc Cá Nhân Cho Bé,Chăm Sóc Bé
Miếng lót sơ sinh Bobby fresh newborn 1 - 64 miếng,Tã - Bỉm,Chăm Sóc Bé
Sữa tắm gội toàn thân Johnson's mềm mịn như bông 500ml,Sữa Tắm - Gội Cho Bé,Chăm Sóc Bé
Kem đánh răng Oral Clean Tom&Jerry Tutti Frutti 75ml,Chăm Sóc Cá Nhân Cho Bé,Chăm Sóc Bé
Bàn chải đánh răng P/S trẻ em 2-6 tuổi cao cấp,Chăm Sóc Cá Nhân Cho Bé,Chăm Sóc Bé
Tã quần Unidry M60,Tã - Bỉm,Chăm Sóc Bé
Tã quần Unidry L54,Tã - Bỉm,Chăm Sóc Bé
Tã quần Unidry XL48,Tã - Bỉm,Chăm Sóc Bé
Tã quần người lớn Sunmate L8,Tã - Bỉm,Chăm Sóc Bé
Tã quần Unidry XXL44,Tã - Bỉm,Chăm Sóc Bé
Dép lê Xuyên Á H21 108 size 36,Chăm Sóc Cá Nhân Cho Bé,Chăm Sóc Bé
Tã quần Huggies dry pants big jumbo L38,Tã - Bỉm,Chăm Sóc Bé
Nước súc miệng Listerine Trẻ em hương dâu 250ml,Chăm Sóc Cá Nhân Cho Bé,Chăm Sóc Bé
Sữa tắm gội toàn thân không cay mắt Johnson's Baby 500ml,Sữa Tắm - Gội Cho Bé,Chăm Sóc Bé
Tã dán người lớn Sunmate ADP M/L18,Tã - Bỉm,Chăm Sóc Bé
Tã quần người lớn Sunmate L8,Tã - Bỉm,Chăm Sóc Bé
Sữa dinh dưỡng NutiFood Grow Plus+ lốc 4 hộp x 110ml,Sữa Bột - Sữa Dinh Dưỡng,Chăm Sóc Bé
Sữa dinh dưỡng hương vani Grow Plus+ NutiFood lốc 4 hộp x 180ml,Sữa Bột - Sữa Dinh Dưỡng,Chăm Sóc Bé
Lốc 4 hộp Sữa GrowPLUS+ Ít đường hộp 110ml,Sữa Bột - Sữa Dinh Dưỡng,Chăm Sóc Bé
PEDIASURE TPDD hương vani 180ml,Sữa Bột - Sữa Dinh Dưỡng,Chăm Sóc Bé
Lốc 4 hộp sữa dinh dưỡng Abbott Grow 180ml,Sữa Bột - Sữa Dinh Dưỡng,Chăm Sóc Bé
PEDIASURE TPDD hương vani 110ml,Sữa Bột - Sữa Dinh Dưỡng,Chăm Sóc Bé
Lốc 4 hộp sữa dinh dưỡng Pediasure vani 10+ 180ml,Sữa Bột - Sữa Dinh Dưỡng,Chăm Sóc Bé
Sữa dinh dưỡng Abbott Similac HMO hương vani 110ml - Lốc 4 hộp,Sữa Bột - Sữa Dinh Dưỡng,Chăm Sóc Bé
Lốc 4 hộp sữa dinh dưỡng Similac Eye-Q hương vani 180ml,Sữa Bột - Sữa Dinh Dưỡng,Chăm Sóc Bé
Lốc 4 hộp sữa dinh dưỡng Abbott Grow hương vani 110ml,Sữa Bột - Sữa Dinh Dưỡng,Chăm Sóc Bé
Lốc 4 hộp sữa dinh dưỡng pha sẵn NutiFood Grow Plus+ vani hộp 110ml,Sữa Bột - Sữa Dinh Dưỡng,Chăm Sóc Bé
Sữa bột pha sẵn hương vani Grow Plus+ NutiFood lốc 4 hộp x 180ml,Sữa Bột - Sữa Dinh Dưỡng,Chăm Sóc Bé
Sữa bột hương vani Abbott Grow G-Power 3 - 6 tuổi 900g,Sữa Bột - Sữa Dinh Dưỡng,Chăm Sóc Bé
Sữa bột Nutifood nutri nguyên kem 900g,Sữa Bột - Sữa Dinh Dưỡng,Chăm Sóc Bé
Kem đánh răng trẻ em Aquafresh big teeth 6+,Chăm Sóc Cá Nhân Cho Bé,Chăm Sóc Bé
Bàn chải đánh răng Jordan Step 2 cho trẻ 3 - 5 tuổi (Giao màu ngẫu nhiên),Chăm Sóc Cá Nhân Cho Bé,Chăm Sóc Bé
Nước súc miệng P/S Expert Protection Pro Complete chai 500ml,Chăm Sóc Cá Nhân Cho Bé,Chăm Sóc Bé
Bàn chải cho bé 1 - 5 tuổi Lipzo Kids 1 lông mềm (giao màu ngẫu nhiên),Chăm Sóc Cá Nhân Cho Bé,Chăm Sóc Bé
Sữa tắm gội trẻ em hằng ngày Milky Lactacyd 250ml,Sữa Tắm - Gội Cho Bé,Chăm Sóc Bé
Tã quần Bobby XL48 48 miếng,Tã - Bỉm,Chăm Sóc Bé
Tã quần Huggies Dry L68,Tã - Bỉm,Chăm Sóc Bé
Tã quần Bobby XXL44,Tã - Bỉm,Chăm Sóc Bé
Sữa bột Nutifood Nuvi Grow 4 900g,Sữa Bột - Sữa Dinh Dưỡng,Chăm Sóc Bé
Sữa bột Nutifood GrowPlus trên 1 tuổi lon 850g,Sữa Bột - Sữa Dinh Dưỡng,Chăm Sóc Bé
Tã dán người lớn Sunmate M10,Tã - Bỉm,Chăm Sóc Bé
Kem đánh răng trẻ em Lipzo vị chuối 75g,Chăm Sóc Cá Nhân Cho Bé,Chăm Sóc Bé
Lốc 4 hộp sữa dinh dưỡng pha sẵn Vinamilk Yoko Gold 110mll,Sữa Bột - Sữa Dinh Dưỡng,Chăm Sóc Bé
Sữa Sôcôla Lúa Mạch SuSu - Lốc 6 Chai 80ml,Sữa Bột - Sữa Dinh Dưỡng,Chăm Sóc Bé
Bàn chải đánh răng Oral Clean Royal Kid Soft màu xanh,Chăm Sóc Cá Nhân Cho Bé,Chăm Sóc Bé
Miếng lót Under Pad,Tã - Bỉm,Chăm Sóc Bé
Bàn chải cho bé 2 - 6 tuổi P/S lông chải siêu mềm,Chăm Sóc Cá Nhân Cho Bé,Chăm Sóc Bé
Sữa tắm gội trẻ em Lactacyd Milky chai 500ml,Sữa Tắm - Gội Cho Bé,Chăm Sóc Bé
Sữa tắm gội toàn thân Carrie Junior hương chery chai 700g,Sữa Tắm - Gội Cho Bé,Chăm Sóc Bé
Sữa tắm gội toàn thân Carrie Junior hương nho chai 700g,Sữa Tắm - Gội Cho Bé,Chăm Sóc Bé
Sữa nước Abbott Pediasure BA 3+ hương vani 237ml,Sữa Bột - Sữa Dinh Dưỡng,Chăm Sóc Bé
Sữa tắm gội toàn thân Carrie Junior tinh chất sữa chai 700g,Sữa Tắm - Gội Cho Bé,Chăm Sóc Bé
Bàn chải đánh răng trẻ em Colgate Ultra Soft siêu mềm Barbie/Spiderman,Chăm Sóc Cá Nhân Cho Bé,Chăm Sóc Bé
Bộ 2 bàn chải đánh răng P/S lông tơ mềm mại,Chăm Sóc Cá Nhân Cho Bé,Chăm Sóc Bé
Kem đánh răng trẻ em P/S hương cam 2-6 tuổi 45g,Chăm Sóc Cá Nhân Cho Bé,Chăm Sóc Bé
Kem đánh răng trẻ em P/S hương dâu và trái cây hộp 35g,Sữa Bột - Sữa Dinh Dưỡng,Chăm Sóc Bé
Miếng lót sơ sinh Bobby fresh newborn 1 - 64 miếng,Tã - Bỉm,Chăm Sóc Bé
BOBBY Miếng lót newborn1 108 miếng,Tã - Bỉm,Chăm Sóc Bé
Sữa tắm gội toàn thân Johnson's mềm mịn như bông 500ml,Sữa Tắm - Gội Cho Bé,Chăm Sóc Bé
Kem đánh răng Oral Clean Tom&Jerry Tutti Frutti 75ml,Chăm Sóc Cá Nhân Cho Bé,Chăm Sóc Bé
Bàn chải đánh răng P/S trẻ em 2-6 tuổi cao cấp,Chăm Sóc Cá Nhân Cho Bé,Chăm Sóc Bé
Tã quần Unidry M60,Tã - Bỉm,Chăm Sóc Bé
Tã quần Unidry L54,Tã - Bỉm,Chăm Sóc Bé
Tã quần Unidry XL48,Tã - Bỉm,Chăm Sóc Bé
Tã quần Unidry XXL44,Tã - Bỉm,Chăm Sóc Bé
Dép lê Xuyên Á H21 108 size 36,Chăm Sóc Cá Nhân Cho Bé,Chăm Sóc Bé
Lốc 4 hộp sữa dinh dưỡng pha sẵn NutiFood Grow Plus+ vani hộp 110ml,Sữa Bột - Sữa Dinh Dưỡng,Chăm Sóc Bé
Sữa bột pha sẵn hương vani Grow Plus+ NutiFood lốc 4 hộp x 180ml,Sữa Bột - Sữa Dinh Dưỡng,Chăm Sóc Bé
Sữa dinh dưỡng NutiFood Grow Plus+ lốc 4 hộp x 110ml,Sữa Bột - Sữa Dinh Dưỡng,Chăm Sóc Bé
Sữa dinh dưỡng hương vani Grow Plus+ NutiFood lốc 4 hộp x 180ml,Sữa Bột - Sữa Dinh Dưỡng,Chăm Sóc Bé
SPDDDPS GrowPLUS+ Ít đường hộp 110ml,Sữa Bột - Sữa Dinh Dưỡng,Chăm Sóc Bé
Lốc 4 hộp sữa dinh dưỡng Abbott Grow 180ml,Sữa Bột - Sữa Dinh Dưỡng,Chăm Sóc Bé
PEDIASURE TPDD hương vani 180ml,Sữa Bột - Sữa Dinh Dưỡng,Chăm Sóc Bé
PEDIASURE TPDD hương vani 110ml,Sữa Bột - Sữa Dinh Dưỡng,Chăm Sóc Bé
Lốc 4 hộp sữa dinh dưỡng Pediasure vani 10+ 180ml,Sữa Bột - Sữa Dinh Dưỡng,Chăm Sóc Bé
Sữa dinh dưỡng Abbott Similac HMO hương vani 110ml - Lốc 4 hộp,Sữa Bột - Sữa Dinh Dưỡng,Chăm Sóc Bé
Lốc 4 hộp sữa dinh dưỡng Similac Eye-Q hương vani 180ml,Sữa Bột - Sữa Dinh Dưỡng,Chăm Sóc Bé
Lốc 4 hộp sữa dinh dưỡng Abbott Grow hương vani 110ml,Sữa Bột - Sữa Dinh Dưỡng,Chăm Sóc Bé
Sữa bột Nutifood nutri nguyên kem 900g,Sữa Bột - Sữa Dinh Dưỡng,Chăm Sóc Bé
Sữa bột hương vani Abbott Grow G-Power 3 - 6 tuổi 900g,Sữa Bột - Sữa Dinh Dưỡng,Chăm Sóc Bé
Sữa tắm gội toàn thân không cay mắt Johnson's Baby 500ml,Sữa Tắm - Gội Cho Bé,Chăm Sóc Bé
Kem đánh răng trẻ em Aquafresh big teeth 6+,Chăm Sóc Cá Nhân Cho Bé,Chăm Sóc Bé
Bàn chải đánh răng Jordan Step 2 cho trẻ 3 - 5 tuổi (Giao màu ngẫu nhiên),Chăm Sóc Cá Nhân Cho Bé,Chăm Sóc Bé
Nước súc miệng P/S Expert Protection Pro Complete chai 500ml,Chăm Sóc Cá Nhân Cho Bé,Chăm Sóc Bé
Bàn chải cho bé 1 - 5 tuổi Lipzo Kids 1 lông mềm (giao màu ngẫu nhiên),Chăm Sóc Cá Nhân Cho Bé,Chăm Sóc Bé
Sữa tắm gội trẻ em hằng ngày Milky Lactacyd 250ml,Sữa Tắm - Gội Cho Bé,Chăm Sóc Bé
Tã quần Bobby XL48 48 miếng,Tã - Bỉm,Chăm Sóc Bé
Tã quần Bobby XXL44,Tã - Bỉm,Chăm Sóc Bé
Sữa bột Nutifood Nuvi Grow 4 900g,Sữa Bột - Sữa Dinh Dưỡng,Chăm Sóc Bé
Tã dán người lớn Sunmate M10,Tã - Bỉm,Chăm Sóc Bé
Nước súc miệng Listerine Trẻ em hương dâu 250ml,Chăm Sóc Cá Nhân Cho Bé,Chăm Sóc Bé
Kem đánh răng trẻ em Lipzo vị chuối 75g,Chăm Sóc Cá Nhân Cho Bé,Chăm Sóc Bé
Lốc 4 hộp sữa dinh dưỡng pha sẵn Vinamilk Yoko Gold 110mll,Sữa Bột - Sữa Dinh Dưỡng,Chăm Sóc Bé
Sữa Sôcôla Lúa Mạch SuSu - Lốc 6 Chai 80ml,Sữa Bột - Sữa Dinh Dưỡng,Chăm Sóc Bé
Tã dán người lớn Sunmate ADP M/L18,Tã - Bỉm,Chăm Sóc Bé
Bàn chải đánh răng Oral Clean Royal Kid Soft màu xanh,Chăm Sóc Cá Nhân Cho Bé,Chăm Sóc Bé
Miếng lót Under Pad,Tã - Bỉm,Chăm Sóc Bé
Bàn chải cho bé 2 - 6 tuổi P/S lông chải siêu mềm,Chăm Sóc Cá Nhân Cho Bé,Chăm Sóc Bé
Sữa tắm gội trẻ em Lactacyd Milky chai 500ml,Sữa Tắm - Gội Cho Bé,Chăm Sóc Bé
Sữa tắm gội toàn thân Carrie Junior hương chery chai 700g,Sữa Tắm - Gội Cho Bé,Chăm Sóc Bé
Sữa tắm gội toàn thân Carrie Junior hương nho chai 700g,Sữa Tắm - Gội Cho Bé,Chăm Sóc Bé
Sữa nước Abbott Pediasure BA 3+ hương vani 237ml,Sữa Bột - Sữa Dinh Dưỡng,Chăm Sóc Bé
Sữa tắm gội toàn thân Carrie Junior tinh chất sữa chai 700g,Sữa Tắm - Gội Cho Bé,Chăm Sóc Bé
Bộ 2 bàn chải đánh răng P/S lông tơ mềm mại,Chăm Sóc Cá Nhân Cho Bé,Chăm Sóc Bé
Kem đánh răng trẻ em P/S hương cam 2-6 tuổi 45g,Chăm Sóc Cá Nhân Cho Bé,Chăm Sóc Bé
Kem đánh răng trẻ em P/S hương dâu và trái cây hộp 35g,Sữa Bột - Sữa Dinh Dưỡng,Chăm Sóc Bé
Sữa tắm gội toàn thân Johnson's mềm mịn như bông 500ml,Sữa Tắm - Gội Cho Bé,Chăm Sóc Bé
Kem đánh răng Oral Clean Tom&Jerry Tutti Frutti 75ml,Chăm Sóc Cá Nhân Cho Bé,Chăm Sóc Bé
Bàn chải đánh răng P/S trẻ em 2-6 tuổi cao cấp,Chăm Sóc Cá Nhân Cho Bé,Chăm Sóc Bé
Tã quần Unidry M60,Tã - Bỉm,Chăm Sóc Bé
Tã quần Unidry L54,Tã - Bỉm,Chăm Sóc Bé
Tã quần Unidry XL48,Tã - Bỉm,Chăm Sóc Bé
Tã quần người lớn Sunmate L8,Tã - Bỉm,Chăm Sóc Bé
Tã quần Unidry XXL44,Tã - Bỉm,Chăm Sóc Bé
Dép lê Xuyên Á H21 108 size 36,Chăm Sóc Cá Nhân Cho Bé,Chăm Sóc Bé
Sữa bột pha sẵn hương vani Grow Plus+ NutiFood lốc 4 hộp x 180ml,Sữa Bột - Sữa Dinh Dưỡng,Chăm Sóc Bé
Lốc 4 hộp sữa dinh dưỡng pha sẵn NutiFood Grow Plus+ vani hộp 110ml,Sữa Bột - Sữa Dinh Dưỡng,Chăm Sóc Bé
Sữa dinh dưỡng NutiFood Grow Plus+ lốc 4 hộp x 110ml,Sữa Bột - Sữa Dinh Dưỡng,Chăm Sóc Bé
Sữa dinh dưỡng hương vani Grow Plus+ NutiFood lốc 4 hộp x 180ml,Sữa Bột - Sữa Dinh Dưỡng,Chăm Sóc Bé
SPDDDPS GrowPLUS+ Ít đường hộp 110ml,Sữa Bột - Sữa Dinh Dưỡng,Chăm Sóc Bé
Lốc 4 hộp sữa dinh dưỡng Abbott Grow 180ml,Sữa Bột - Sữa Dinh Dưỡng,Chăm Sóc Bé
PEDIASURE TPDD hương vani 180ml,Sữa Bột - Sữa Dinh Dưỡng,Chăm Sóc Bé
PEDIASURE TPDD hương vani 110ml,Sữa Bột - Sữa Dinh Dưỡng,Chăm Sóc Bé
Lốc 4 hộp sữa dinh dưỡng Pediasure vani 10+ 180ml,Sữa Bột - Sữa Dinh Dưỡng,Chăm Sóc Bé
Sữa dinh dưỡng Abbott Similac HMO hương vani 110ml - Lốc 4 hộp,Sữa Bột - Sữa Dinh Dưỡng,Chăm Sóc Bé
Lốc 4 hộp sữa dinh dưỡng Similac Eye-Q hương vani 180ml,Sữa Bột - Sữa Dinh Dưỡng,Chăm Sóc Bé
Lốc 4 hộp sữa dinh dưỡng Abbott Grow hương vani 110ml,Sữa Bột - Sữa Dinh Dưỡng,Chăm Sóc Bé
Sữa bột Nutifood nutri nguyên kem 900g,Sữa Bột - Sữa Dinh Dưỡng,Chăm Sóc Bé
Sữa bột hương vani Abbott Grow G-Power 3 - 6 tuổi 900g,Sữa Bột - Sữa Dinh Dưỡng,Chăm Sóc Bé
Sữa tắm gội toàn thân không cay mắt Johnson's Baby 500ml,Sữa Tắm - Gội Cho Bé,Chăm Sóc Bé
Sữa tắm tinh chất sữa và gạo Johnson & Johnson 500ml,Sữa Tắm - Gội Cho Bé,Chăm Sóc Bé
Kem đánh răng trẻ em Aquafresh big teeth 6+,Chăm Sóc Cá Nhân Cho Bé,Chăm Sóc Bé
Bàn chải đánh răng Jordan Step 2 cho trẻ 3 - 5 tuổi (Giao màu ngẫu nhiên),Chăm Sóc Cá Nhân Cho Bé,Chăm Sóc Bé
Nước súc miệng P/S Expert Protection Pro Complete chai 500ml,Chăm Sóc Cá Nhân Cho Bé,Chăm Sóc Bé
Bàn chải cho bé 1 - 5 tuổi Lipzo Kids 1 lông mềm (giao màu ngẫu nhiên),Chăm Sóc Cá Nhân Cho Bé,Chăm Sóc Bé
Sữa tắm gội trẻ em hằng ngày Milky Lactacyd 250ml,Sữa Tắm - Gội Cho Bé,Chăm Sóc Bé
Tã quần Bobby XL48 48 miếng,Tã - Bỉm,Chăm Sóc Bé
Tã quần Bobby XXL44,Tã - Bỉm,Chăm Sóc Bé
Sữa bột Nutifood Nuvi Grow 4 900g,Sữa Bột - Sữa Dinh Dưỡng,Chăm Sóc Bé
Tã dán người lớn Sunmate M10,Tã - Bỉm,Chăm Sóc Bé
Nước súc miệng Listerine Trẻ em hương dâu 250ml,Chăm Sóc Cá Nhân Cho Bé,Chăm Sóc Bé
Kem đánh răng trẻ em Lipzo vị chuối 75g,Chăm Sóc Cá Nhân Cho Bé,Chăm Sóc Bé
Lốc 4 hộp sữa dinh dưỡng pha sẵn Vinamilk Yoko Gold 110mll,Sữa Bột - Sữa Dinh Dưỡng,Chăm Sóc Bé
Sữa Sôcôla Lúa Mạch SuSu - Lốc 6 Chai 80ml,Sữa Bột - Sữa Dinh Dưỡng,Chăm Sóc Bé
Tã dán người lớn Sunmate ADP M/L18,Tã - Bỉm,Chăm Sóc Bé
Bàn chải đánh răng Oral Clean Royal Kid Soft màu xanh,Chăm Sóc Cá Nhân Cho Bé,Chăm Sóc Bé
Miếng lót Under Pad,Tã - Bỉm,Chăm Sóc Bé
Bàn chải cho bé 2 - 6 tuổi P/S lông chải siêu mềm,Chăm Sóc Cá Nhân Cho Bé,Chăm Sóc Bé
Sữa tắm gội trẻ em Lactacyd Milky chai 500ml,Sữa Tắm - Gội Cho Bé,Chăm Sóc Bé
Sữa tắm gội toàn thân Carrie Junior hương nho chai 700g,Sữa Tắm - Gội Cho Bé,Chăm Sóc Bé
Sữa tắm gội toàn thân Carrie Junior tinh chất sữa chai 700g,Sữa Tắm - Gội Cho Bé,Chăm Sóc Bé
Sữa tắm gội toàn thân Carrie Junior hương chery chai 700g,Sữa Tắm - Gội Cho Bé,Chăm Sóc Bé
Sữa nước Abbott Pediasure BA 3+ hương vani 237ml,Sữa Bột - Sữa Dinh Dưỡng,Chăm Sóc Bé
Bộ 2 bàn chải đánh răng P/S lông tơ mềm mại,Chăm Sóc Cá Nhân Cho Bé,Chăm Sóc Bé
Kem đánh răng trẻ em P/S hương dâu và trái cây hộp 35g,Sữa Bột - Sữa Dinh Dưỡng,Chăm Sóc Bé
Kem đánh răng trẻ em P/S hương cam 2-6 tuổi 45g,Chăm Sóc Cá Nhân Cho Bé,Chăm Sóc Bé
Sữa tắm gội toàn thân Johnson's mềm mịn như bông 500ml,Sữa Tắm - Gội Cho Bé,Chăm Sóc Bé
Kem đánh răng trẻ em Colgate Minions 80g,Chăm Sóc Cá Nhân Cho Bé,Chăm Sóc Bé
Kem đánh răng Oral Clean Tom&Jerry Tutti Frutti 75ml,Chăm Sóc Cá Nhân Cho Bé,Chăm Sóc Bé
Bàn chải đánh răng P/S trẻ em 2-6 tuổi cao cấp,Chăm Sóc Cá Nhân Cho Bé,Chăm Sóc Bé
Tã quần Unidry L54,Tã - Bỉm,Chăm Sóc Bé
Tã quần Unidry XL48,Tã - Bỉm,Chăm Sóc Bé
Tã quần Unidry XXL44,Tã - Bỉm,Chăm Sóc Bé
Tã quần Unidry M60,Tã - Bỉm,Chăm Sóc Bé
Tã quần người lớn Sunmate L8,Tã - Bỉm,Chăm Sóc Bé
Dép lê Xuyên Á H21 108 size 36,Chăm Sóc Cá Nhân Cho Bé,Chăm Sóc Bé
Sữa tắm gội trẻ em hằng ngày Milky Lactacyd 250ml,Sữa Tắm - Gội Cho Bé,Chăm Sóc Bé
Lốc 4 hộp sữa dinh dưỡng pha sẵn NutiFood Grow Plus+ vani hộp 110ml,Sữa Bột - Sữa Dinh Dưỡng,Chăm Sóc Bé
Sữa bột pha sẵn hương vani Grow Plus+ NutiFood lốc 4 hộp x 180ml,Sữa Bột - Sữa Dinh Dưỡng,Chăm Sóc Bé
Sữa dinh dưỡng NutiFood Grow Plus+ lốc 4 hộp x 110ml,Sữa Bột - Sữa Dinh Dưỡng,Chăm Sóc Bé
SPDDDPS GrowPLUS+ Ít đường hộp 110ml,Sữa Bột - Sữa Dinh Dưỡng,Chăm Sóc Bé
Sữa Sôcôla Lúa Mạch SuSu - Lốc 6 Chai 80ml,Sữa Bột - Sữa Dinh Dưỡng,Chăm Sóc Bé
Sữa tắm gội toàn thân Carrie Junior hương chery chai 700g,Sữa Tắm - Gội Cho Bé,Chăm Sóc Bé
Sữa tắm gội toàn thân Carrie Junior hương nho chai 700g,Sữa Tắm - Gội Cho Bé,Chăm Sóc Bé
Sữa tắm gội toàn thân Carrie Junior tinh chất sữa chai 700g,Sữa Tắm - Gội Cho Bé,Chăm Sóc Bé
Lốc 4 hộp sữa dinh dưỡng Abbott Grow 180ml,Sữa Bột - Sữa Dinh Dưỡng,Chăm Sóc Bé
PEDIASURE TPDD hương vani 180ml,Sữa Bột - Sữa Dinh Dưỡng,Chăm Sóc Bé
PEDIASURE TPDD hương vani 110ml,Sữa Bột - Sữa Dinh Dưỡng,Chăm Sóc Bé
Sữa dinh dưỡng Abbott Similac HMO hương vani 110ml - Lốc 4 hộp,Sữa Bột - Sữa Dinh Dưỡng,Chăm Sóc Bé
Lốc 4 hộp sữa dinh dưỡng Similac Eye-Q hương vani 180ml,Sữa Bột - Sữa Dinh Dưỡng,Chăm Sóc Bé
Lốc 4 hộp sữa dinh dưỡng Abbott Grow hương vani 110ml,Sữa Bột - Sữa Dinh Dưỡng,Chăm Sóc Bé
Sữa bột Nutifood nutri nguyên kem 900g,Sữa Bột - Sữa Dinh Dưỡng,Chăm Sóc Bé
Sữa bột hương vani Abbott Grow G-Power 3 - 6 tuổi 900g,Sữa Bột - Sữa Dinh Dưỡng,Chăm Sóc Bé
Sữa dinh dưỡng hương vani Grow Plus+ NutiFood lốc 4 hộp x 180ml,Sữa Bột - Sữa Dinh Dưỡng,Chăm Sóc Bé
Sữa tắm gội toàn thân không cay mắt Johnson's Baby 500ml,Sữa Tắm - Gội Cho Bé,Chăm Sóc Bé
Kem đánh răng trẻ em Aquafresh big teeth 6+,Chăm Sóc Cá Nhân Cho Bé,Chăm Sóc Bé
Bàn chải đánh răng Jordan Step 2 cho trẻ 3 - 5 tuổi (Giao màu ngẫu nhiên),Chăm Sóc Cá Nhân Cho Bé,Chăm Sóc Bé
Nước súc miệng P/S Expert Protection Pro Complete chai 500ml,Chăm Sóc Cá Nhân Cho Bé,Chăm Sóc Bé
Bàn chải cho bé 1 - 5 tuổi Lipzo Kids 1 lông mềm (giao màu ngẫu nhiên),Chăm Sóc Cá Nhân Cho Bé,Chăm Sóc Bé
Tã quần Bobby XL48 48 miếng,Tã - Bỉm,Chăm Sóc Bé
Tã quần Huggies Dry L68,Tã - Bỉm,Chăm Sóc Bé
Tã quần Bobby XXL44,Tã - Bỉm,Chăm Sóc Bé
Sữa bột Nutifood Nuvi Grow 4 900g,Sữa Bột - Sữa Dinh Dưỡng,Chăm Sóc Bé
Sữa bột Nutifood GrowPlus trên 1 tuổi lon 850g,Sữa Bột - Sữa Dinh Dưỡng,Chăm Sóc Bé
Tã quần Huggies dry pants big jumbo L38,Tã - Bỉm,Chăm Sóc Bé
Tã dán người lớn Sunmate M10,Tã - Bỉm,Chăm Sóc Bé
Nước súc miệng Listerine Trẻ em hương dâu 250ml,Chăm Sóc Cá Nhân Cho Bé,Chăm Sóc Bé
Kem đánh răng trẻ em Lipzo vị chuối 75g,Chăm Sóc Cá Nhân Cho Bé,Chăm Sóc Bé
Lốc 4 hộp sữa dinh dưỡng pha sẵn Vinamilk Yoko Gold 110mll,Sữa Bột - Sữa Dinh Dưỡng,Chăm Sóc Bé
Tã dán người lớn Sunmate ADP M/L18,Tã - Bỉm,Chăm Sóc Bé
Bàn chải đánh răng Oral Clean Royal Kid Soft màu xanh,Chăm Sóc Cá Nhân Cho Bé,Chăm Sóc Bé
Miếng lót Under Pad,Tã - Bỉm,Chăm Sóc Bé
Bàn chải cho bé 2 - 6 tuổi P/S lông chải siêu mềm,Chăm Sóc Cá Nhân Cho Bé,Chăm Sóc Bé
Sữa tắm gội trẻ em Lactacyd Milky chai 500ml,Sữa Tắm - Gội Cho Bé,Chăm Sóc Bé
Sữa nước Abbott Pediasure BA 3+ hương vani 237ml,Sữa Bột - Sữa Dinh Dưỡng,Chăm Sóc Bé
Bàn chải đánh răng trẻ em Colgate Ultra Soft siêu mềm Barbie/Spiderman,Chăm Sóc Cá Nhân Cho Bé,Chăm Sóc Bé
Bộ 2 bàn chải đánh răng P/S lông tơ mềm mại,Chăm Sóc Cá Nhân Cho Bé,Chăm Sóc Bé
Kem đánh răng trẻ em P/S hương dâu và trái cây hộp 35g,Sữa Bột - Sữa Dinh Dưỡng,Chăm Sóc Bé
Kem đánh răng trẻ em P/S hương cam 2-6 tuổi 45g,Chăm Sóc Cá Nhân Cho Bé,Chăm Sóc Bé
Miếng lót sơ sinh Bobby fresh newborn 1 - 64 miếng,Tã - Bỉm,Chăm Sóc Bé
Sữa tắm gội toàn thân Johnson's mềm mịn như bông 500ml,Sữa Tắm - Gội Cho Bé,Chăm Sóc Bé
Kem đánh răng Oral Clean Tom&Jerry Tutti Frutti 75ml,Chăm Sóc Cá Nhân Cho Bé,Chăm Sóc Bé
Bàn chải đánh răng P/S trẻ em 2-6 tuổi cao cấp,Chăm Sóc Cá Nhân Cho Bé,Chăm Sóc Bé
Tã quần Unidry M60,Tã - Bỉm,Chăm Sóc Bé
Tã quần Unidry L54,Tã - Bỉm,Chăm Sóc Bé
Tã quần Unidry XL48,Tã - Bỉm,Chăm Sóc Bé
Tã quần Unidry XXL44,Tã - Bỉm,Chăm Sóc Bé
Tã quần người lớn Sunmate L8,Tã - Bỉm,Chăm Sóc Bé
Dép lê Xuyên Á H21 108 size 36,Chăm Sóc Cá Nhân Cho Bé,Chăm Sóc Bé
Sữa tắm gội trẻ em hằng ngày Milky Lactacyd 250ml,Sữa Tắm - Gội Cho Bé,Chăm Sóc Bé
Lốc 4 hộp sữa dinh dưỡng pha sẵn NutiFood Grow Plus+ vani hộp 110ml,Sữa Bột - Sữa Dinh Dưỡng,Chăm Sóc Bé
Sữa bột pha sẵn hương vani Grow Plus+ NutiFood lốc 4 hộp x 180ml,Sữa Bột - Sữa Dinh Dưỡng,Chăm Sóc Bé
Sữa dinh dưỡng NutiFood Grow Plus+ lốc 4 hộp x 110ml,Sữa Bột - Sữa Dinh Dưỡng,Chăm Sóc Bé
SPDDDPS GrowPLUS+ Ít đường hộp 110ml,Sữa Bột - Sữa Dinh Dưỡng,Chăm Sóc Bé
Sữa Sôcôla Lúa Mạch SuSu - Lốc 6 Chai 80ml,Sữa Bột - Sữa Dinh Dưỡng,Chăm Sóc Bé
Sữa tắm gội toàn thân Carrie Junior hương chery chai 700g,Sữa Tắm - Gội Cho Bé,Chăm Sóc Bé
Sữa tắm gội toàn thân Carrie Junior hương nho chai 700g,Sữa Tắm - Gội Cho Bé,Chăm Sóc Bé
Sữa tắm gội toàn thân Carrie Junior tinh chất sữa chai 700g,Sữa Tắm - Gội Cho Bé,Chăm Sóc Bé
Lốc 4 hộp sữa dinh dưỡng Abbott Grow 180ml,Sữa Bột - Sữa Dinh Dưỡng,Chăm Sóc Bé
PEDIASURE TPDD hương vani 180ml,Sữa Bột - Sữa Dinh Dưỡng,Chăm Sóc Bé
PEDIASURE TPDD hương vani 110ml,Sữa Bột - Sữa Dinh Dưỡng,Chăm Sóc Bé
Sữa dinh dưỡng Abbott Similac HMO hương vani 110ml - Lốc 4 hộp,Sữa Bột - Sữa Dinh Dưỡng,Chăm Sóc Bé
Lốc 4 hộp sữa dinh dưỡng Similac Eye-Q hương vani 180ml,Sữa Bột - Sữa Dinh Dưỡng,Chăm Sóc Bé
Lốc 4 hộp sữa dinh dưỡng Abbott Grow hương vani 110ml,Sữa Bột - Sữa Dinh Dưỡng,Chăm Sóc Bé
Sữa bột Nutifood nutri nguyên kem 900g,Sữa Bột - Sữa Dinh Dưỡng,Chăm Sóc Bé
Sữa bột hương vani Abbott Grow G-Power 3 - 6 tuổi 900g,Sữa Bột - Sữa Dinh Dưỡng,Chăm Sóc Bé
Sữa dinh dưỡng hương vani Grow Plus+ NutiFood lốc 4 hộp x 180ml,Sữa Bột - Sữa Dinh Dưỡng,Chăm Sóc Bé
Sữa tắm gội toàn thân không cay mắt Johnson's Baby 500ml,Sữa Tắm - Gội Cho Bé,Chăm Sóc Bé
Kem đánh răng trẻ em Aquafresh big teeth 6+,Chăm Sóc Cá Nhân Cho Bé,Chăm Sóc Bé
Bàn chải đánh răng Jordan Step 2 cho trẻ 3 - 5 tuổi (Giao màu ngẫu nhiên),Chăm Sóc Cá Nhân Cho Bé,Chăm Sóc Bé
Nước súc miệng P/S Expert Protection Pro Complete chai 500ml,Chăm Sóc Cá Nhân Cho Bé,Chăm Sóc Bé
Bàn chải cho bé 1 - 5 tuổi Lipzo Kids 1 lông mềm (giao màu ngẫu nhiên),Chăm Sóc Cá Nhân Cho Bé,Chăm Sóc Bé
Tã quần Bobby XL48 48 miếng,Tã - Bỉm,Chăm Sóc Bé
Tã quần Huggies Dry L68,Tã - Bỉm,Chăm Sóc Bé
Tã quần Bobby XXL44,Tã - Bỉm,Chăm Sóc Bé
Sữa bột Nutifood Nuvi Grow 4 900g,Sữa Bột - Sữa Dinh Dưỡng,Chăm Sóc Bé
Sữa bột Nutifood GrowPlus trên 1 tuổi lon 850g,Sữa Bột - Sữa Dinh Dưỡng,Chăm Sóc Bé
Tã dán người lớn Sunmate M10,Tã - Bỉm,Chăm Sóc Bé
Tã quần Huggies dry pants big jumbo L38,Tã - Bỉm,Chăm Sóc Bé
Nước súc miệng Listerine Trẻ em hương dâu 250ml,Chăm Sóc Cá Nhân Cho Bé,Chăm Sóc Bé
Kem đánh răng trẻ em Lipzo vị chuối 75g,Chăm Sóc Cá Nhân Cho Bé,Chăm Sóc Bé
Lốc 4 hộp sữa dinh dưỡng pha sẵn Vinamilk Yoko Gold 110mll,Sữa Bột - Sữa Dinh Dưỡng,Chăm Sóc Bé
Tã dán người lớn Sunmate ADP M/L18,Tã - Bỉm,Chăm Sóc Bé
Bàn chải đánh răng Oral Clean Royal Kid Soft màu xanh,Chăm Sóc Cá Nhân Cho Bé,Chăm Sóc Bé
Miếng lót Under Pad,Tã - Bỉm,Chăm Sóc Bé
Bàn chải cho bé 2 - 6 tuổi P/S lông chải siêu mềm,Chăm Sóc Cá Nhân Cho Bé,Chăm Sóc Bé
Sữa tắm gội trẻ em Lactacyd Milky chai 500ml,Sữa Tắm - Gội Cho Bé,Chăm Sóc Bé
Sữa nước Abbott Pediasure BA 3+ hương vani 237ml,Sữa Bột - Sữa Dinh Dưỡng,Chăm Sóc Bé
Bàn chải đánh răng trẻ em Colgate Ultra Soft siêu mềm Barbie/Spiderman,Chăm Sóc Cá Nhân Cho Bé,Chăm Sóc Bé
Bộ 2 bàn chải đánh răng P/S lông tơ mềm mại,Chăm Sóc Cá Nhân Cho Bé,Chăm Sóc Bé
Kem đánh răng trẻ em P/S hương dâu và trái cây hộp 35g,Sữa Bột - Sữa Dinh Dưỡng,Chăm Sóc Bé
Kem đánh răng trẻ em P/S hương cam 2-6 tuổi 45g,Chăm Sóc Cá Nhân Cho Bé,Chăm Sóc Bé
Miếng lót sơ sinh Bobby fresh newborn 1 - 64 miếng,Tã - Bỉm,Chăm Sóc Bé
Sữa tắm gội toàn thân Johnson's mềm mịn như bông 500ml,Sữa Tắm - Gội Cho Bé,Chăm Sóc Bé
Kem đánh răng Oral Clean Tom&Jerry Tutti Frutti 75ml,Chăm Sóc Cá Nhân Cho Bé,Chăm Sóc Bé
Bàn chải đánh răng P/S trẻ em 2-6 tuổi cao cấp,Chăm Sóc Cá Nhân Cho Bé,Chăm Sóc Bé
Tã quần Unidry M60,Tã - Bỉm,Chăm Sóc Bé
Tã quần Unidry L54,Tã - Bỉm,Chăm Sóc Bé
Tã quần Unidry XL48,Tã - Bỉm,Chăm Sóc Bé
Tã quần Unidry XXL44,Tã - Bỉm,Chăm Sóc Bé
Tã quần người lớn Sunmate L8,Tã - Bỉm,Chăm Sóc Bé
Dép lê Xuyên Á H21 108 size 36,Chăm Sóc Cá Nhân Cho Bé,Chăm Sóc Bé
Sữa tắm gội trẻ em hằng ngày Milky Lactacyd 250ml,Sữa Tắm - Gội Cho Bé,Chăm Sóc Bé
Lốc 4 hộp sữa dinh dưỡng pha sẵn NutiFood Grow Plus+ vani hộp 110ml,Sữa Bột - Sữa Dinh Dưỡng,Chăm Sóc Bé
Sữa bột pha sẵn hương vani Grow Plus+ NutiFood lốc 4 hộp x 180ml,Sữa Bột - Sữa Dinh Dưỡng,Chăm Sóc Bé
Sữa dinh dưỡng NutiFood Grow Plus+ lốc 4 hộp x 110ml,Sữa Bột - Sữa Dinh Dưỡng,Chăm Sóc Bé
SPDDDPS GrowPLUS+ Ít đường hộp 110ml,Sữa Bột - Sữa Dinh Dưỡng,Chăm Sóc Bé
Sữa Sôcôla Lúa Mạch SuSu - Lốc 6 Chai 80ml,Sữa Bột - Sữa Dinh Dưỡng,Chăm Sóc Bé
Sữa tắm gội toàn thân Carrie Junior hương chery chai 700g,Sữa Tắm - Gội Cho Bé,Chăm Sóc Bé
Sữa tắm gội toàn thân Carrie Junior hương nho chai 700g,Sữa Tắm - Gội Cho Bé,Chăm Sóc Bé
Sữa tắm gội toàn thân Carrie Junior tinh chất sữa chai 700g,Sữa Tắm - Gội Cho Bé,Chăm Sóc Bé
Lốc 4 hộp sữa dinh dưỡng Abbott Grow 180ml,Sữa Bột - Sữa Dinh Dưỡng,Chăm Sóc Bé
PEDIASURE TPDD hương vani 180ml,Sữa Bột - Sữa Dinh Dưỡng,Chăm Sóc Bé
PEDIASURE TPDD hương vani 110ml,Sữa Bột - Sữa Dinh Dưỡng,Chăm Sóc Bé
Sữa dinh dưỡng Abbott Similac HMO hương vani 110ml - Lốc 4 hộp,Sữa Bột - Sữa Dinh Dưỡng,Chăm Sóc Bé
Lốc 4 hộp sữa dinh dưỡng Similac Eye-Q hương vani 180ml,Sữa Bột - Sữa Dinh Dưỡng,Chăm Sóc Bé
Lốc 4 hộp sữa dinh dưỡng Abbott Grow hương vani 110ml,Sữa Bột - Sữa Dinh Dưỡng,Chăm Sóc Bé
Sữa bột Nutifood nutri nguyên kem 900g,Sữa Bột - Sữa Dinh Dưỡng,Chăm Sóc Bé
Sữa bột hương vani Abbott Grow G-Power 3 - 6 tuổi 900g,Sữa Bột - Sữa Dinh Dưỡng,Chăm Sóc Bé
Sữa dinh dưỡng hương vani Grow Plus+ NutiFood lốc 4 hộp x 180ml,Sữa Bột - Sữa Dinh Dưỡng,Chăm Sóc Bé
Sữa tắm gội toàn thân không cay mắt Johnson's Baby 500ml,Sữa Tắm - Gội Cho Bé,Chăm Sóc Bé
Kem đánh răng trẻ em Aquafresh big teeth 6+,Chăm Sóc Cá Nhân Cho Bé,Chăm Sóc Bé
Bàn chải đánh răng Jordan Step 2 cho trẻ 3 - 5 tuổi (Giao màu ngẫu nhiên),Chăm Sóc Cá Nhân Cho Bé,Chăm Sóc Bé
Nước súc miệng P/S Expert Protection Pro Complete chai 500ml,Chăm Sóc Cá Nhân Cho Bé,Chăm Sóc Bé
Bàn chải cho bé 1 - 5 tuổi Lipzo Kids 1 lông mềm (giao màu ngẫu nhiên),Chăm Sóc Cá Nhân Cho Bé,Chăm Sóc Bé
Tã quần Bobby XL48 48 miếng,Tã - Bỉm,Chăm Sóc Bé
Tã quần Huggies Dry L68,Tã - Bỉm,Chăm Sóc Bé
Tã quần Bobby XXL44,Tã - Bỉm,Chăm Sóc Bé
Sữa bột Nutifood Nuvi Grow 4 900g,Sữa Bột - Sữa Dinh Dưỡng,Chăm Sóc Bé
Sữa bột Nutifood GrowPlus trên 1 tuổi lon 850g,Sữa Bột - Sữa Dinh Dưỡng,Chăm Sóc Bé
Tã dán người lớn Sunmate M10,Tã - Bỉm,Chăm Sóc Bé
Tã quần Huggies dry pants big jumbo L38,Tã - Bỉm,Chăm Sóc Bé
Nước súc miệng Listerine Trẻ em hương dâu 250ml,Chăm Sóc Cá Nhân Cho Bé,Chăm Sóc Bé
Kem đánh răng trẻ em Lipzo vị chuối 75g,Chăm Sóc Cá Nhân Cho Bé,Chăm Sóc Bé
Lốc 4 hộp sữa dinh dưỡng pha sẵn Vinamilk Yoko Gold 110mll,Sữa Bột - Sữa Dinh Dưỡng,Chăm Sóc Bé
Tã dán người lớn Sunmate ADP M/L18,Tã - Bỉm,Chăm Sóc Bé
Bàn chải đánh răng Oral Clean Royal Kid Soft màu xanh,Chăm Sóc Cá Nhân Cho Bé,Chăm Sóc Bé
Miếng lót Under Pad,Tã - Bỉm,Chăm Sóc Bé
Bàn chải cho bé 2 - 6 tuổi P/S lông chải siêu mềm,Chăm Sóc Cá Nhân Cho Bé,Chăm Sóc Bé
Sữa tắm gội trẻ em Lactacyd Milky chai 500ml,Sữa Tắm - Gội Cho Bé,Chăm Sóc Bé
Sữa nước Abbott Pediasure BA 3+ hương vani 237ml,Sữa Bột - Sữa Dinh Dưỡng,Chăm Sóc Bé
Dép lê Xuyên Á H21 108 size 36,Chăm Sóc Cá Nhân Cho Bé,Chăm Sóc Bé
Lốc 4 hộp sữa dinh dưỡng pha sẵn NutiFood Grow Plus+ vani hộp 110ml,Sữa Bột - Sữa Dinh Dưỡng,Chăm Sóc Bé
Sữa bột pha sẵn hương vani Grow Plus+ NutiFood lốc 4 hộp x 180ml,Sữa Bột - Sữa Dinh Dưỡng,Chăm Sóc Bé
Sữa dinh dưỡng NutiFood Grow Plus+ lốc 4 hộp x 110ml,Sữa Bột - Sữa Dinh Dưỡng,Chăm Sóc Bé
Sữa dinh dưỡng hương vani Grow Plus+ NutiFood lốc 4 hộp x 180ml,Sữa Bột - Sữa Dinh Dưỡng,Chăm Sóc Bé
Lốc 4 hộp sữa dinh dưỡng Abbott Grow 180ml,Sữa Bột - Sữa Dinh Dưỡng,Chăm Sóc Bé
PEDIASURE TPDD hương vani 180ml,Sữa Bột - Sữa Dinh Dưỡng,Chăm Sóc Bé
SPDDDPS GrowPLUS+ Ít đường hộp 110ml,Sữa Bột - Sữa Dinh Dưỡng,Chăm Sóc Bé
PEDIASURE TPDD hương vani 110ml,Sữa Bột - Sữa Dinh Dưỡng,Chăm Sóc Bé
Lốc 4 hộp sữa dinh dưỡng Pediasure vani 10+ 180ml,Sữa Bột - Sữa Dinh Dưỡng,Chăm Sóc Bé
Sữa dinh dưỡng Abbott Similac HMO hương vani 110ml - Lốc 4 hộp,Sữa Bột - Sữa Dinh Dưỡng,Chăm Sóc Bé
Lốc 4 hộp sữa dinh dưỡng Similac Eye-Q hương vani 180ml,Sữa Bột - Sữa Dinh Dưỡng,Chăm Sóc Bé
Lốc 4 hộp sữa dinh dưỡng Abbott Grow hương vani 110ml,Sữa Bột - Sữa Dinh Dưỡng,Chăm Sóc Bé
Sữa bột Nutifood Nuvi Grow 4 900g,Sữa Bột - Sữa Dinh Dưỡng,Chăm Sóc Bé
Sữa bột Nutifood nutri nguyên kem 900g,Sữa Bột - Sữa Dinh Dưỡng,Chăm Sóc Bé
Sữa bột hương vani Abbott Grow G-Power 3 - 6 tuổi 900g,Sữa Bột - Sữa Dinh Dưỡng,Chăm Sóc Bé
Sữa tắm gội toàn thân không cay mắt Johnson's Baby 500ml,Sữa Tắm - Gội Cho Bé,Chăm Sóc Bé
Sữa tắm tinh chất sữa và gạo Johnson & Johnson 500ml,Sữa Tắm - Gội Cho Bé,Chăm Sóc Bé
Kem đánh răng trẻ em Aquafresh big teeth 6+,Chăm Sóc Cá Nhân Cho Bé,Chăm Sóc Bé
Bàn chải đánh răng Jordan Step 2 cho trẻ 3 - 5 tuổi (Giao màu ngẫu nhiên),Chăm Sóc Cá Nhân Cho Bé,Chăm Sóc Bé
Nước súc miệng P/S Expert Protection Pro Complete chai 500ml,Chăm Sóc Cá Nhân Cho Bé,Chăm Sóc Bé
Bàn chải cho bé 1 - 5 tuổi Lipzo Kids 1 lông mềm (giao màu ngẫu nhiên),Chăm Sóc Cá Nhân Cho Bé,Chăm Sóc Bé
Sữa tắm gội trẻ em hằng ngày Milky Lactacyd 250ml,Sữa Tắm - Gội Cho Bé,Chăm Sóc Bé
Tã quần Bobby XL48 48 miếng,Tã - Bỉm,Chăm Sóc Bé
Tã quần Bobby XXL44,Tã - Bỉm,Chăm Sóc Bé
Tã dán người lớn Sunmate M10,Tã - Bỉm,Chăm Sóc Bé
Nước súc miệng Listerine Trẻ em hương dâu 250ml,Chăm Sóc Cá Nhân Cho Bé,Chăm Sóc Bé
Kem đánh răng trẻ em Lipzo vị chuối 75g,Chăm Sóc Cá Nhân Cho Bé,Chăm Sóc Bé
Lốc 4 hộp sữa dinh dưỡng pha sẵn Vinamilk Yoko Gold 110mll,Sữa Bột - Sữa Dinh Dưỡng,Chăm Sóc Bé
Sữa Sôcôla Lúa Mạch SuSu - Lốc 6 Chai 80ml,Sữa Bột - Sữa Dinh Dưỡng,Chăm Sóc Bé
Tã dán người lớn Sunmate ADP M/L18,Tã - Bỉm,Chăm Sóc Bé
Bàn chải đánh răng Oral Clean Royal Kid Soft màu xanh,Chăm Sóc Cá Nhân Cho Bé,Chăm Sóc Bé
Miếng lót Under Pad,Tã - Bỉm,Chăm Sóc Bé
Bàn chải cho bé 2 - 6 tuổi P/S lông chải siêu mềm,Chăm Sóc Cá Nhân Cho Bé,Chăm Sóc Bé
Sữa tắm gội trẻ em Lactacyd Milky chai 500ml,Sữa Tắm - Gội Cho Bé,Chăm Sóc Bé
Sữa tắm gội toàn thân Carrie Junior hương chery chai 700g,Sữa Tắm - Gội Cho Bé,Chăm Sóc Bé
Sữa nước Abbott Pediasure BA 3+ hương vani 237ml,Sữa Bột - Sữa Dinh Dưỡng,Chăm Sóc Bé
Sữa tắm gội toàn thân Carrie Junior hương nho chai 700g,Sữa Tắm - Gội Cho Bé,Chăm Sóc Bé
Sữa tắm gội toàn thân Carrie Junior tinh chất sữa chai 700g,Sữa Tắm - Gội Cho Bé,Chăm Sóc Bé
Bộ 2 bàn chải đánh răng P/S lông tơ mềm mại,Chăm Sóc Cá Nhân Cho Bé,Chăm Sóc Bé
Kem đánh răng trẻ em P/S hương cam 2-6 tuổi 45g,Chăm Sóc Cá Nhân Cho Bé,Chăm Sóc Bé
Kem đánh răng trẻ em P/S hương dâu và trái cây hộp 35g,Sữa Bột - Sữa Dinh Dưỡng,Chăm Sóc Bé
Sữa tắm gội toàn thân Johnson's mềm mịn như bông 500ml,Sữa Tắm - Gội Cho Bé,Chăm Sóc Bé
Kem đánh răng trẻ em Colgate Minions 80g,Chăm Sóc Cá Nhân Cho Bé,Chăm Sóc Bé
Kem đánh răng Oral Clean Tom&Jerry Tutti Frutti 75ml,Chăm Sóc Cá Nhân Cho Bé,Chăm Sóc Bé
Bàn chải đánh răng P/S trẻ em 2-6 tuổi cao cấp,Chăm Sóc Cá Nhân Cho Bé,Chăm Sóc Bé
Tã quần Unidry M60,Tã - Bỉm,Chăm Sóc Bé
Tã quần Unidry XL48,Tã - Bỉm,Chăm Sóc Bé
Tã quần Unidry L54,Tã - Bỉm,Chăm Sóc Bé
Tã quần Unidry XXL44,Tã - Bỉm,Chăm Sóc Bé
Tã quần người lớn Sunmate L8,Tã - Bỉm,Chăm Sóc Bé
Dép lê Xuyên Á H21 108 size 36,Chăm Sóc Cá Nhân Cho Bé,Chăm Sóc Bé
Lốc 4 hộp sữa dinh dưỡng pha sẵn NutiFood Grow Plus+ vani hộp 110ml,Sữa Bột - Sữa Dinh Dưỡng,Chăm Sóc Bé
Sữa bột pha sẵn hương vani Grow Plus+ NutiFood lốc 4 hộp x 180ml,Sữa Bột - Sữa Dinh Dưỡng,Chăm Sóc Bé
Sữa dinh dưỡng NutiFood Grow Plus+ lốc 4 hộp x 110ml,Sữa Bột - Sữa Dinh Dưỡng,Chăm Sóc Bé
Sữa dinh dưỡng hương vani Grow Plus+ NutiFood lốc 4 hộp x 180ml,Sữa Bột - Sữa Dinh Dưỡng,Chăm Sóc Bé
Lốc 4 hộp sữa dinh dưỡng Abbott Grow 180ml,Sữa Bột - Sữa Dinh Dưỡng,Chăm Sóc Bé
PEDIASURE TPDD hương vani 180ml,Sữa Bột - Sữa Dinh Dưỡng,Chăm Sóc Bé
SPDDDPS GrowPLUS+ Ít đường hộp 110ml,Sữa Bột - Sữa Dinh Dưỡng,Chăm Sóc Bé
Sữa bột Nutifood GrowPlus trên 1 tuổi lon 850g,Sữa Bột - Sữa Dinh Dưỡng,Chăm Sóc Bé
PEDIASURE TPDD hương vani 110ml,Sữa Bột - Sữa Dinh Dưỡng,Chăm Sóc Bé
Lốc 4 hộp sữa dinh dưỡng Pediasure vani 10+ 180ml,Sữa Bột - Sữa Dinh Dưỡng,Chăm Sóc Bé
Sữa dinh dưỡng Abbott Similac HMO hương vani 110ml - Lốc 4 hộp,Sữa Bột - Sữa Dinh Dưỡng,Chăm Sóc Bé
Lốc 4 hộp sữa dinh dưỡng Similac Eye-Q hương vani 180ml,Sữa Bột - Sữa Dinh Dưỡng,Chăm Sóc Bé
Lốc 4 hộp sữa dinh dưỡng Abbott Grow hương vani 110ml,Sữa Bột - Sữa Dinh Dưỡng,Chăm Sóc Bé
Sữa bột Nutifood Nuvi Grow 4 900g,Sữa Bột - Sữa Dinh Dưỡng,Chăm Sóc Bé
Sữa bột Nutifood nutri nguyên kem 900g,Sữa Bột - Sữa Dinh Dưỡng,Chăm Sóc Bé
Sữa bột hương vani Abbott Grow G-Power 3 - 6 tuổi 900g,Sữa Bột - Sữa Dinh Dưỡng,Chăm Sóc Bé
Sữa tắm gội toàn thân không cay mắt Johnson's Baby 500ml,Sữa Tắm - Gội Cho Bé,Chăm Sóc Bé
Sữa tắm tinh chất sữa và gạo Johnson & Johnson 500ml,Sữa Tắm - Gội Cho Bé,Chăm Sóc Bé
Nước súc miệng P/S Expert Protection Pro Complete chai 500ml,Chăm Sóc Cá Nhân Cho Bé,Chăm Sóc Bé
Kem đánh răng trẻ em Aquafresh big teeth 6+,Chăm Sóc Cá Nhân Cho Bé,Chăm Sóc Bé
Bàn chải đánh răng Jordan Step 2 cho trẻ 3 - 5 tuổi (Giao màu ngẫu nhiên),Chăm Sóc Cá Nhân Cho Bé,Chăm Sóc Bé
Bàn chải cho bé 1 - 5 tuổi Lipzo Kids 1 lông mềm (giao màu ngẫu nhiên),Chăm Sóc Cá Nhân Cho Bé,Chăm Sóc Bé
Sữa tắm gội trẻ em hằng ngày Milky Lactacyd 250ml,Sữa Tắm - Gội Cho Bé,Chăm Sóc Bé
Tã quần Bobby XL48 48 miếng,Tã - Bỉm,Chăm Sóc Bé
Tã quần Huggies Dry L68,Tã - Bỉm,Chăm Sóc Bé
Tã quần Bobby XXL44,Tã - Bỉm,Chăm Sóc Bé
Tã dán người lớn Sunmate M10,Tã - Bỉm,Chăm Sóc Bé
Nước súc miệng Listerine Trẻ em hương dâu 250ml,Chăm Sóc Cá Nhân Cho Bé,Chăm Sóc Bé
Kem đánh răng trẻ em Lipzo vị chuối 75g,Chăm Sóc Cá Nhân Cho Bé,Chăm Sóc Bé
Lốc 4 hộp sữa dinh dưỡng pha sẵn Vinamilk Yoko Gold 110mll,Sữa Bột - Sữa Dinh Dưỡng,Chăm Sóc Bé
Sữa Sôcôla Lúa Mạch SuSu - Lốc 6 Chai 80ml,Sữa Bột - Sữa Dinh Dưỡng,Chăm Sóc Bé
Tã dán người lớn Sunmate ADP M/L18,Tã - Bỉm,Chăm Sóc Bé
Bàn chải đánh răng Oral Clean Royal Kid Soft màu xanh,Chăm Sóc Cá Nhân Cho Bé,Chăm Sóc Bé
Miếng lót Under Pad,Tã - Bỉm,Chăm Sóc Bé
Bàn chải cho bé 2 - 6 tuổi P/S lông chải siêu mềm,Chăm Sóc Cá Nhân Cho Bé,Chăm Sóc Bé
Sữa tắm gội trẻ em Lactacyd Milky chai 500ml,Sữa Tắm - Gội Cho Bé,Chăm Sóc Bé
Sữa nước Abbott Pediasure BA 3+ hương vani 237ml,Sữa Bột - Sữa Dinh Dưỡng,Chăm Sóc Bé
Sữa tắm gội toàn thân Carrie Junior hương chery chai 700g,Sữa Tắm - Gội Cho Bé,Chăm Sóc Bé
Sữa tắm gội toàn thân Carrie Junior hương nho chai 700g,Sữa Tắm - Gội Cho Bé,Chăm Sóc Bé
Sữa tắm gội toàn thân Carrie Junior tinh chất sữa chai 700g,Sữa Tắm - Gội Cho Bé,Chăm Sóc Bé
Bàn chải đánh răng trẻ em Colgate Ultra Soft siêu mềm Barbie/Spiderman,Chăm Sóc Cá Nhân Cho Bé,Chăm Sóc Bé
Bộ 2 bàn chải đánh răng P/S lông tơ mềm mại,Chăm Sóc Cá Nhân Cho Bé,Chăm Sóc Bé
Kem đánh răng trẻ em P/S hương dâu và trái cây hộp 35g,Sữa Bột - Sữa Dinh Dưỡng,Chăm Sóc Bé
Kem đánh răng trẻ em P/S hương cam 2-6 tuổi 45g,Chăm Sóc Cá Nhân Cho Bé,Chăm Sóc Bé
Miếng lót sơ sinh Bobby fresh newborn 1 - 64 miếng,Tã - Bỉm,Chăm Sóc Bé
BOBBY Miếng lót newborn1 108 miếng,Tã - Bỉm,Chăm Sóc Bé
Kem đánh răng trẻ em Colgate Minions 80g,Chăm Sóc Cá Nhân Cho Bé,Chăm Sóc Bé
Sữa tắm gội toàn thân Johnson's mềm mịn như bông 500ml,Sữa Tắm - Gội Cho Bé,Chăm Sóc Bé
Bàn chải đánh răng P/S trẻ em 2-6 tuổi cao cấp,Chăm Sóc Cá Nhân Cho Bé,Chăm Sóc Bé
Tã quần Unidry L54,Tã - Bỉm,Chăm Sóc Bé
Tã quần người lớn Sunmate L8,Tã - Bỉm,Chăm Sóc Bé
Tã quần Unidry M60,Tã - Bỉm,Chăm Sóc Bé
Tã quần Unidry XXL44,Tã - Bỉm,Chăm Sóc Bé
Tã quần Unidry XL48,Tã - Bỉm,Chăm Sóc Bé
Dép lê Xuyên Á H21 108 size 36,Chăm Sóc Cá Nhân Cho Bé,Chăm Sóc Bé
Nước súc miệng Listerine Trẻ em hương dâu 250ml,Chăm Sóc Cá Nhân Cho Bé,Chăm Sóc Bé
Sữa tắm gội toàn thân không cay mắt Johnson's Baby 500ml,Sữa Tắm - Gội Cho Bé,Chăm Sóc Bé
Tã dán người lớn Sunmate ADP M/L18,Tã - Bỉm,Chăm Sóc Bé
Tã quần người lớn Sunmate L8,Tã - Bỉm,Chăm Sóc Bé
Sữa dinh dưỡng NutiFood Grow Plus+ lốc 4 hộp x 110ml,Sữa Bột - Sữa Dinh Dưỡng,Chăm Sóc Bé
Sữa dinh dưỡng hương vani Grow Plus+ NutiFood lốc 4 hộp x 180ml,Sữa Bột - Sữa Dinh Dưỡng,Chăm Sóc Bé
SPDDDPS GrowPLUS+ Ít đường hộp 110ml,Sữa Bột - Sữa Dinh Dưỡng,Chăm Sóc Bé
PEDIASURE TPDD hương vani 180ml,Sữa Bột - Sữa Dinh Dưỡng,Chăm Sóc Bé
Lốc 4 hộp sữa dinh dưỡng Abbott Grow 180ml,Sữa Bột - Sữa Dinh Dưỡng,Chăm Sóc Bé
PEDIASURE TPDD hương vani 110ml,Sữa Bột - Sữa Dinh Dưỡng,Chăm Sóc Bé
Lốc 4 hộp sữa dinh dưỡng Pediasure vani 10+ 180ml,Sữa Bột - Sữa Dinh Dưỡng,Chăm Sóc Bé
Sữa dinh dưỡng Abbott Similac HMO hương vani 110ml - Lốc 4 hộp,Sữa Bột - Sữa Dinh Dưỡng,Chăm Sóc Bé
Lốc 4 hộp sữa dinh dưỡng Similac Eye-Q hương vani 180ml,Sữa Bột - Sữa Dinh Dưỡng,Chăm Sóc Bé
Lốc 4 hộp sữa dinh dưỡng Abbott Grow hương vani 110ml,Sữa Bột - Sữa Dinh Dưỡng,Chăm Sóc Bé
Sữa bột pha sẵn hương vani Grow Plus+ NutiFood lốc 4 hộp x 180ml,Sữa Bột - Sữa Dinh Dưỡng,Chăm Sóc Bé
Lốc 4 hộp sữa dinh dưỡng pha sẵn NutiFood Grow Plus+ vani hộp 110ml,Sữa Bột - Sữa Dinh Dưỡng,Chăm Sóc Bé
Sữa bột Nutifood nutri nguyên kem 900g,Sữa Bột - Sữa Dinh Dưỡng,Chăm Sóc Bé
Sữa bột hương vani Abbott Grow G-Power 3 - 6 tuổi 900g,Sữa Bột - Sữa Dinh Dưỡng,Chăm Sóc Bé
Kem đánh răng trẻ em Aquafresh big teeth 6+,Chăm Sóc Cá Nhân Cho Bé,Chăm Sóc Bé
Nước súc miệng P/S Expert Protection Pro Complete chai 500ml,Chăm Sóc Cá Nhân Cho Bé,Chăm Sóc Bé
Bàn chải đánh răng Jordan Step 2 cho trẻ 3 - 5 tuổi (Giao màu ngẫu nhiên),Chăm Sóc Cá Nhân Cho Bé,Chăm Sóc Bé
Bàn chải cho bé 1 - 5 tuổi Lipzo Kids 1 lông mềm (giao màu ngẫu nhiên),Chăm Sóc Cá Nhân Cho Bé,Chăm Sóc Bé
Sữa tắm gội trẻ em hằng ngày Milky Lactacyd 250ml,Sữa Tắm - Gội Cho Bé,Chăm Sóc Bé
Dép lê Xuyên Á H21 108 size 36,Chăm Sóc Cá Nhân Cho Bé,Chăm Sóc Bé
Sữa bột pha sẵn hương vani Grow Plus+ NutiFood lốc 4 hộp x 180ml,Sữa Bột - Sữa Dinh Dưỡng,Chăm Sóc Bé
Lốc 4 hộp sữa dinh dưỡng pha sẵn NutiFood Grow Plus+ vani hộp 110ml,Sữa Bột - Sữa Dinh Dưỡng,Chăm Sóc Bé
Sữa dinh dưỡng NutiFood Grow Plus+ lốc 4 hộp x 110ml,Sữa Bột - Sữa Dinh Dưỡng,Chăm Sóc Bé
Sữa dinh dưỡng hương vani Grow Plus+ NutiFood lốc 4 hộp x 180ml,Sữa Bột - Sữa Dinh Dưỡng,Chăm Sóc Bé
Lốc 4 hộp sữa dinh dưỡng Abbott Grow 180ml,Sữa Bột - Sữa Dinh Dưỡng,Chăm Sóc Bé
PEDIASURE TPDD hương vani 180ml,Sữa Bột - Sữa Dinh Dưỡng,Chăm Sóc Bé
SPDDDPS GrowPLUS+ Ít đường hộp 110ml,Sữa Bột - Sữa Dinh Dưỡng,Chăm Sóc Bé
PEDIASURE TPDD hương vani 110ml,Sữa Bột - Sữa Dinh Dưỡng,Chăm Sóc Bé
Lốc 4 hộp sữa dinh dưỡng Pediasure vani 10+ 180ml,Sữa Bột - Sữa Dinh Dưỡng,Chăm Sóc Bé
Sữa dinh dưỡng Abbott Similac HMO hương vani 110ml - Lốc 4 hộp,Sữa Bột - Sữa Dinh Dưỡng,Chăm Sóc Bé
Lốc 4 hộp sữa dinh dưỡng Similac Eye-Q hương vani 180ml,Sữa Bột - Sữa Dinh Dưỡng,Chăm Sóc Bé
Lốc 4 hộp sữa dinh dưỡng Abbott Grow hương vani 110ml,Sữa Bột - Sữa Dinh Dưỡng,Chăm Sóc Bé
Sữa bột Nutifood Nuvi Grow 4 900g,Sữa Bột - Sữa Dinh Dưỡng,Chăm Sóc Bé
Sữa bột hương vani Abbott Grow G-Power 3 - 6 tuổi 900g,Sữa Bột - Sữa Dinh Dưỡng,Chăm Sóc Bé
Sữa bột Nutifood nutri nguyên kem 900g,Sữa Bột - Sữa Dinh Dưỡng,Chăm Sóc Bé
Sữa tắm gội toàn thân không cay mắt Johnson's Baby 500ml,Sữa Tắm - Gội Cho Bé,Chăm Sóc Bé
Sữa tắm tinh chất sữa và gạo Johnson & Johnson 500ml,Sữa Tắm - Gội Cho Bé,Chăm Sóc Bé
Kem đánh răng trẻ em Aquafresh big teeth 6+,Chăm Sóc Cá Nhân Cho Bé,Chăm Sóc Bé
Bàn chải đánh răng Jordan Step 2 cho trẻ 3 - 5 tuổi (Giao màu ngẫu nhiên),Chăm Sóc Cá Nhân Cho Bé,Chăm Sóc Bé
Nước súc miệng P/S Expert Protection Pro Complete chai 500ml,Chăm Sóc Cá Nhân Cho Bé,Chăm Sóc Bé
Bàn chải cho bé 1 - 5 tuổi Lipzo Kids 1 lông mềm (giao màu ngẫu nhiên),Chăm Sóc Cá Nhân Cho Bé,Chăm Sóc Bé
Sữa tắm gội trẻ em hằng ngày Milky Lactacyd 250ml,Sữa Tắm - Gội Cho Bé,Chăm Sóc Bé
Tã quần Bobby XL48 48 miếng,Tã - Bỉm,Chăm Sóc Bé
Tã quần Huggies Dry L68,Tã - Bỉm,Chăm Sóc Bé
Tã quần Bobby XXL44,Tã - Bỉm,Chăm Sóc Bé
Tã dán người lớn Sunmate M10,Tã - Bỉm,Chăm Sóc Bé
Nước súc miệng Listerine Trẻ em hương dâu 250ml,Chăm Sóc Cá Nhân Cho Bé,Chăm Sóc Bé
Kem đánh răng trẻ em Lipzo vị chuối 75g,Chăm Sóc Cá Nhân Cho Bé,Chăm Sóc Bé
Lốc 4 hộp sữa dinh dưỡng pha sẵn Vinamilk Yoko Gold 110mll,Sữa Bột - Sữa Dinh Dưỡng,Chăm Sóc Bé
Sữa Sôcôla Lúa Mạch SuSu - Lốc 6 Chai 80ml,Sữa Bột - Sữa Dinh Dưỡng,Chăm Sóc Bé
Tã dán người lớn Sunmate ADP M/L18,Tã - Bỉm,Chăm Sóc Bé
Bàn chải đánh răng Oral Clean Royal Kid Soft màu xanh,Chăm Sóc Cá Nhân Cho Bé,Chăm Sóc Bé
Miếng lót Under Pad,Tã - Bỉm,Chăm Sóc Bé
Bàn chải cho bé 2 - 6 tuổi P/S lông chải siêu mềm,Chăm Sóc Cá Nhân Cho Bé,Chăm Sóc Bé
Sữa tắm gội trẻ em Lactacyd Milky chai 500ml,Sữa Tắm - Gội Cho Bé,Chăm Sóc Bé
Sữa nước Abbott Pediasure BA 3+ hương vani 237ml,Sữa Bột - Sữa Dinh Dưỡng,Chăm Sóc Bé
Sữa tắm gội toàn thân Carrie Junior hương chery chai 700g,Sữa Tắm - Gội Cho Bé,Chăm Sóc Bé
Sữa tắm gội toàn thân Carrie Junior hương nho chai 700g,Sữa Tắm - Gội Cho Bé,Chăm Sóc Bé
Sữa tắm gội toàn thân Carrie Junior tinh chất sữa chai 700g,Sữa Tắm - Gội Cho Bé,Chăm Sóc Bé
Bàn chải đánh răng trẻ em Colgate Ultra Soft siêu mềm Barbie/Spiderman,Chăm Sóc Cá Nhân Cho Bé,Chăm Sóc Bé
Bộ 2 bàn chải đánh răng P/S lông tơ mềm mại,Chăm Sóc Cá Nhân Cho Bé,Chăm Sóc Bé
Kem đánh răng trẻ em P/S hương cam 2-6 tuổi 45g,Chăm Sóc Cá Nhân Cho Bé,Chăm Sóc Bé
Kem đánh răng trẻ em P/S hương dâu và trái cây hộp 35g,Sữa Bột - Sữa Dinh Dưỡng,Chăm Sóc Bé
Miếng lót sơ sinh Bobby fresh newborn 1 - 64 miếng,Tã - Bỉm,Chăm Sóc Bé
Sữa tắm gội toàn thân Johnson's mềm mịn như bông 500ml,Sữa Tắm - Gội Cho Bé,Chăm Sóc Bé
Kem đánh răng trẻ em Colgate Minions 80g,Chăm Sóc Cá Nhân Cho Bé,Chăm Sóc Bé
Bàn chải đánh răng P/S trẻ em 2-6 tuổi cao cấp,Chăm Sóc Cá Nhân Cho Bé,Chăm Sóc Bé
Kem đánh răng Oral Clean Tom&Jerry Tutti Frutti 75ml,Chăm Sóc Cá Nhân Cho Bé,Chăm Sóc Bé
Tã quần Unidry L54,Tã - Bỉm,Chăm Sóc Bé
Tã quần Unidry XL48,Tã - Bỉm,Chăm Sóc Bé
Tã quần Unidry XXL44,Tã - Bỉm,Chăm Sóc Bé
Tã quần Unidry M60,Tã - Bỉm,Chăm Sóc Bé
Tã quần người lớn Sunmate L8,Tã - Bỉm,Chăm Sóc Bé
Dép lê Xuyên Á H21 108 size 36,Chăm Sóc Cá Nhân Cho Bé,Chăm Sóc Bé
Lốc 4 hộp sữa dinh dưỡng pha sẵn NutiFood Grow Plus+ vani hộp 110ml,Sữa Bột - Sữa Dinh Dưỡng,Chăm Sóc Bé
Sữa bột pha sẵn hương vani Grow Plus+ NutiFood lốc 4 hộp x 180ml,Sữa Bột - Sữa Dinh Dưỡng,Chăm Sóc Bé
Sữa dinh dưỡng NutiFood Grow Plus+ lốc 4 hộp x 110ml,Sữa Bột - Sữa Dinh Dưỡng,Chăm Sóc Bé
Sữa dinh dưỡng hương vani Grow Plus+ NutiFood lốc 4 hộp x 180ml,Sữa Bột - Sữa Dinh Dưỡng,Chăm Sóc Bé
Lốc 4 hộp sữa dinh dưỡng Abbott Grow 180ml,Sữa Bột - Sữa Dinh Dưỡng,Chăm Sóc Bé
PEDIASURE TPDD hương vani 180ml,Sữa Bột - Sữa Dinh Dưỡng,Chăm Sóc Bé
SPDDDPS GrowPLUS+ Ít đường hộp 110ml,Sữa Bột - Sữa Dinh Dưỡng,Chăm Sóc Bé
Sữa bột Nutifood GrowPlus trên 1 tuổi lon 850g,Sữa Bột - Sữa Dinh Dưỡng,Chăm Sóc Bé
PEDIASURE TPDD hương vani 110ml,Sữa Bột - Sữa Dinh Dưỡng,Chăm Sóc Bé
Lốc 4 hộp sữa dinh dưỡng Pediasure vani 10+ 180ml,Sữa Bột - Sữa Dinh Dưỡng,Chăm Sóc Bé
Sữa dinh dưỡng Abbott Similac HMO hương vani 110ml - Lốc 4 hộp,Sữa Bột - Sữa Dinh Dưỡng,Chăm Sóc Bé
Lốc 4 hộp sữa dinh dưỡng Similac Eye-Q hương vani 180ml,Sữa Bột - Sữa Dinh Dưỡng,Chăm Sóc Bé
Lốc 4 hộp sữa dinh dưỡng Abbott Grow hương vani 110ml,Sữa Bột - Sữa Dinh Dưỡng,Chăm Sóc Bé
Sữa bột Nutifood Nuvi Grow 4 900g,Sữa Bột - Sữa Dinh Dưỡng,Chăm Sóc Bé
Sữa bột Nutifood nutri nguyên kem 900g,Sữa Bột - Sữa Dinh Dưỡng,Chăm Sóc Bé
Sữa bột hương vani Abbott Grow G-Power 3 - 6 tuổi 900g,Sữa Bột - Sữa Dinh Dưỡng,Chăm Sóc Bé
Sữa tắm gội toàn thân không cay mắt Johnson's Baby 500ml,Sữa Tắm - Gội Cho Bé,Chăm Sóc Bé
Sữa tắm tinh chất sữa và gạo Johnson & Johnson 500ml,Sữa Tắm - Gội Cho Bé,Chăm Sóc Bé
Nước súc miệng P/S Expert Protection Pro Complete chai 500ml,Chăm Sóc Cá Nhân Cho Bé,Chăm Sóc Bé
Kem đánh răng trẻ em Aquafresh big teeth 6+,Chăm Sóc Cá Nhân Cho Bé,Chăm Sóc Bé
Bàn chải đánh răng Jordan Step 2 cho trẻ 3 - 5 tuổi (Giao màu ngẫu nhiên),Chăm Sóc Cá Nhân Cho Bé,Chăm Sóc Bé
Bàn chải cho bé 1 - 5 tuổi Lipzo Kids 1 lông mềm (giao màu ngẫu nhiên),Chăm Sóc Cá Nhân Cho Bé,Chăm Sóc Bé
Sữa tắm gội trẻ em hằng ngày Milky Lactacyd 250ml,Sữa Tắm - Gội Cho Bé,Chăm Sóc Bé
Tã quần Bobby XL48 48 miếng,Tã - Bỉm,Chăm Sóc Bé
Tã quần Huggies Dry L68,Tã - Bỉm,Chăm Sóc Bé
Tã quần Bobby XXL44,Tã - Bỉm,Chăm Sóc Bé
Tã dán người lớn Sunmate M10,Tã - Bỉm,Chăm Sóc Bé
Nước súc miệng Listerine Trẻ em hương dâu 250ml,Chăm Sóc Cá Nhân Cho Bé,Chăm Sóc Bé
Kem đánh răng trẻ em Lipzo vị chuối 75g,Chăm Sóc Cá Nhân Cho Bé,Chăm Sóc Bé
Lốc 4 hộp sữa dinh dưỡng pha sẵn Vinamilk Yoko Gold 110mll,Sữa Bột - Sữa Dinh Dưỡng,Chăm Sóc Bé
Sữa Sôcôla Lúa Mạch SuSu - Lốc 6 Chai 80ml,Sữa Bột - Sữa Dinh Dưỡng,Chăm Sóc Bé
Tã dán người lớn Sunmate ADP M/L18,Tã - Bỉm,Chăm Sóc Bé
Bàn chải đánh răng Oral Clean Royal Kid Soft màu xanh,Chăm Sóc Cá Nhân Cho Bé,Chăm Sóc Bé
Miếng lót Under Pad,Tã - Bỉm,Chăm Sóc Bé
Bàn chải cho bé 2 - 6 tuổi P/S lông chải siêu mềm,Chăm Sóc Cá Nhân Cho Bé,Chăm Sóc Bé
Sữa tắm gội trẻ em Lactacyd Milky chai 500ml,Sữa Tắm - Gội Cho Bé,Chăm Sóc Bé
Sữa tắm gội toàn thân Carrie Junior hương nho chai 700g,Sữa Tắm - Gội Cho Bé,Chăm Sóc Bé
Sữa tắm gội toàn thân Carrie Junior tinh chất sữa chai 700g,Sữa Tắm - Gội Cho Bé,Chăm Sóc Bé
Sữa tắm gội toàn thân Carrie Junior hương chery chai 700g,Sữa Tắm - Gội Cho Bé,Chăm Sóc Bé
Sữa nước Abbott Pediasure BA 3+ hương vani 237ml,Sữa Bột - Sữa Dinh Dưỡng,Chăm Sóc Bé
Bàn chải đánh răng trẻ em Colgate Ultra Soft siêu mềm Barbie/Spiderman,Chăm Sóc Cá Nhân Cho Bé,Chăm Sóc Bé
Bộ 2 bàn chải đánh răng P/S lông tơ mềm mại,Chăm Sóc Cá Nhân Cho Bé,Chăm Sóc Bé
Kem đánh răng trẻ em P/S hương cam 2-6 tuổi 45g,Chăm Sóc Cá Nhân Cho Bé,Chăm Sóc Bé
Kem đánh răng trẻ em P/S hương dâu và trái cây hộp 35g,Sữa Bột - Sữa Dinh Dưỡng,Chăm Sóc Bé
BOBBY Miếng lót newborn1 108 miếng,Tã - Bỉm,Chăm Sóc Bé
Miếng lót sơ sinh Bobby fresh newborn 1 - 64 miếng,Tã - Bỉm,Chăm Sóc Bé
Sữa tắm gội toàn thân Johnson's mềm mịn như bông 500ml,Sữa Tắm - Gội Cho Bé,Chăm Sóc Bé
Kem đánh răng trẻ em Colgate Minions 80g,Chăm Sóc Cá Nhân Cho Bé,Chăm Sóc Bé
Bàn chải đánh răng P/S trẻ em 2-6 tuổi cao cấp,Chăm Sóc Cá Nhân Cho Bé,Chăm Sóc Bé
Tã quần Unidry L54,Tã - Bỉm,Chăm Sóc Bé
Tã quần Unidry M60,Tã - Bỉm,Chăm Sóc Bé
Tã quần Unidry XL48,Tã - Bỉm,Chăm Sóc Bé
Tã quần Unidry XXL44,Tã - Bỉm,Chăm Sóc Bé
Tã quần người lớn Sunmate L8,Tã - Bỉm,Chăm Sóc Bé
Dép lê Xuyên Á H21 108 size 36,Chăm Sóc Cá Nhân Cho Bé,Chăm Sóc Bé
Sữa tắm gội trẻ em hằng ngày Milky Lactacyd 250ml,Sữa Tắm - Gội Cho Bé,Chăm Sóc Bé
Lốc 4 hộp sữa dinh dưỡng pha sẵn NutiFood Grow Plus+ vani hộp 110ml,Sữa Bột - Sữa Dinh Dưỡng,Chăm Sóc Bé
Sữa bột pha sẵn hương vani Grow Plus+ NutiFood lốc 4 hộp x 180ml,Sữa Bột - Sữa Dinh Dưỡng,Chăm Sóc Bé
Sữa dinh dưỡng NutiFood Grow Plus+ lốc 4 hộp x 110ml,Sữa Bột - Sữa Dinh Dưỡng,Chăm Sóc Bé
SPDDDPS GrowPLUS+ Ít đường hộp 110ml,Sữa Bột - Sữa Dinh Dưỡng,Chăm Sóc Bé
Sữa Sôcôla Lúa Mạch SuSu - Lốc 6 Chai 80ml,Sữa Bột - Sữa Dinh Dưỡng,Chăm Sóc Bé
Sữa tắm gội toàn thân Carrie Junior hương chery chai 700g,Sữa Tắm - Gội Cho Bé,Chăm Sóc Bé
Sữa tắm gội toàn thân Carrie Junior hương nho chai 700g,Sữa Tắm - Gội Cho Bé,Chăm Sóc Bé
Sữa tắm gội toàn thân Carrie Junior tinh chất sữa chai 700g,Sữa Tắm - Gội Cho Bé,Chăm Sóc Bé
Lốc 4 hộp sữa dinh dưỡng Abbott Grow 180ml,Sữa Bột - Sữa Dinh Dưỡng,Chăm Sóc Bé
PEDIASURE TPDD hương vani 180ml,Sữa Bột - Sữa Dinh Dưỡng,Chăm Sóc Bé
PEDIASURE TPDD hương vani 110ml,Sữa Bột - Sữa Dinh Dưỡng,Chăm Sóc Bé
Lốc 4 hộp sữa dinh dưỡng Pediasure vani 10+ 180ml,Sữa Bột - Sữa Dinh Dưỡng,Chăm Sóc Bé
Sữa dinh dưỡng Abbott Similac HMO hương vani 110ml - Lốc 4 hộp,Sữa Bột - Sữa Dinh Dưỡng,Chăm Sóc Bé
Lốc 4 hộp sữa dinh dưỡng Similac Eye-Q hương vani 180ml,Sữa Bột - Sữa Dinh Dưỡng,Chăm Sóc Bé
Bàn chải cho bé 1 - 5 tuổi Lipzo Kids 1 lông mềm (giao màu ngẫu nhiên),Chăm Sóc Cá Nhân Cho Bé,Chăm Sóc Bé
Tã quần Bobby XL48 48 miếng,Tã - Bỉm,Chăm Sóc Bé
Tã quần Huggies Dry L68,Tã - Bỉm,Chăm Sóc Bé
Tã quần Bobby XXL44,Tã - Bỉm,Chăm Sóc Bé
Sữa bột Nutifood Nuvi Grow 4 900g,Sữa Bột - Sữa Dinh Dưỡng,Chăm Sóc Bé
Sữa bột Nutifood GrowPlus trên 1 tuổi lon 850g,Sữa Bột - Sữa Dinh Dưỡng,Chăm Sóc Bé
Tã dán người lớn Sunmate M10,Tã - Bỉm,Chăm Sóc Bé
Tã quần Huggies dry pants big jumbo L38,Tã - Bỉm,Chăm Sóc Bé
Sữa nước Abbott Pediasure BA 3+ hương vani 237ml,Sữa Bột - Sữa Dinh Dưỡng,Chăm Sóc Bé
Bàn chải đánh răng trẻ em Colgate Ultra Soft siêu mềm Barbie/Spiderman,Chăm Sóc Cá Nhân Cho Bé,Chăm Sóc Bé
Bộ 2 bàn chải đánh răng P/S lông tơ mềm mại,Chăm Sóc Cá Nhân Cho Bé,Chăm Sóc Bé
Kem đánh răng trẻ em P/S hương cam 2-6 tuổi 45g,Chăm Sóc Cá Nhân Cho Bé,Chăm Sóc Bé
Kem đánh răng trẻ em P/S hương dâu và trái cây hộp 35g,Sữa Bột - Sữa Dinh Dưỡng,Chăm Sóc Bé
Miếng lót sơ sinh Bobby fresh newborn 1 - 64 miếng,Tã - Bỉm,Chăm Sóc Bé
Sữa tắm gội toàn thân Johnson's mềm mịn như bông 500ml,Sữa Tắm - Gội Cho Bé,Chăm Sóc Bé
Kem đánh răng Oral Clean Tom&Jerry Tutti Frutti 75ml,Chăm Sóc Cá Nhân Cho Bé,Chăm Sóc Bé
Bàn chải đánh răng P/S trẻ em 2-6 tuổi cao cấp,Chăm Sóc Cá Nhân Cho Bé,Chăm Sóc Bé
Tã quần Unidry M60,Tã - Bỉm,Chăm Sóc Bé
Tã quần Unidry L54,Tã - Bỉm,Chăm Sóc Bé
Tã quần Unidry XL48,Tã - Bỉm,Chăm Sóc Bé
Tã quần Unidry XXL44,Tã - Bỉm,Chăm Sóc Bé
Tã quần người lớn Sunmate L8,Tã - Bỉm,Chăm Sóc Bé
Dép lê Xuyên Á H21 108 size 36,Chăm Sóc Cá Nhân Cho Bé,Chăm Sóc Bé
Sữa tắm gội toàn thân không cay mắt Johnson's Baby 500ml,Sữa Tắm - Gội Cho Bé,Chăm Sóc Bé
Tã dán người lớn Sunmate ADP M/L18,Tã - Bỉm,Chăm Sóc Bé
Tã quần người lớn Sunmate L8,Tã - Bỉm,Chăm Sóc Bé
Sữa dinh dưỡng NutiFood Grow Plus+ lốc 4 hộp x 110ml,Sữa Bột - Sữa Dinh Dưỡng,Chăm Sóc Bé
Sữa dinh dưỡng hương vani Grow Plus+ NutiFood lốc 4 hộp x 180ml,Sữa Bột - Sữa Dinh Dưỡng,Chăm Sóc Bé
Lốc 4 hộp Sữa GrowPLUS+ Ít đường hộp 110ml,Sữa Bột - Sữa Dinh Dưỡng,Chăm Sóc Bé
PEDIASURE TPDD hương vani 180ml,Sữa Bột - Sữa Dinh Dưỡng,Chăm Sóc Bé
Lốc 4 hộp sữa dinh dưỡng Abbott Grow 180ml,Sữa Bột - Sữa Dinh Dưỡng,Chăm Sóc Bé
PEDIASURE TPDD hương vani 110ml,Sữa Bột - Sữa Dinh Dưỡng,Chăm Sóc Bé
Sữa dinh dưỡng Abbott Similac HMO hương vani 110ml - Lốc 4 hộp,Sữa Bột - Sữa Dinh Dưỡng,Chăm Sóc Bé
Lốc 4 hộp sữa dinh dưỡng Similac Eye-Q hương vani 180ml,Sữa Bột - Sữa Dinh Dưỡng,Chăm Sóc Bé
Lốc 4 hộp sữa dinh dưỡng Abbott Grow hương vani 110ml,Sữa Bột - Sữa Dinh Dưỡng,Chăm Sóc Bé
Lốc 4 hộp sữa dinh dưỡng pha sẵn NutiFood Grow Plus+ vani hộp 110ml,Sữa Bột - Sữa Dinh Dưỡng,Chăm Sóc Bé
Sữa bột pha sẵn hương vani Grow Plus+ NutiFood lốc 4 hộp x 180ml,Sữa Bột - Sữa Dinh Dưỡng,Chăm Sóc Bé
Sữa bột Nutifood nutri nguyên kem 900g,Sữa Bột - Sữa Dinh Dưỡng,Chăm Sóc Bé
Sữa bột hương vani Abbott Grow G-Power 3 - 6 tuổi 900g,Sữa Bột - Sữa Dinh Dưỡng,Chăm Sóc Bé
Kem đánh răng trẻ em Aquafresh big teeth 6+,Chăm Sóc Cá Nhân Cho Bé,Chăm Sóc Bé
Bàn chải đánh răng Jordan Step 2 cho trẻ 3 - 5 tuổi (Giao màu ngẫu nhiên),Chăm Sóc Cá Nhân Cho Bé,Chăm Sóc Bé
Nước súc miệng P/S Expert Protection Pro Complete chai 500ml,Chăm Sóc Cá Nhân Cho Bé,Chăm Sóc Bé
Bàn chải cho bé 1 - 5 tuổi Lipzo Kids 1 lông mềm (giao màu ngẫu nhiên),Chăm Sóc Cá Nhân Cho Bé,Chăm Sóc Bé
Sữa tắm gội trẻ em hằng ngày Milky Lactacyd 250ml,Sữa Tắm - Gội Cho Bé,Chăm Sóc Bé
Tã quần Bobby XL48 48 miếng,Tã - Bỉm,Chăm Sóc Bé
Tã quần Huggies Dry L68,Tã - Bỉm,Chăm Sóc Bé
Tã quần Bobby XXL44,Tã - Bỉm,Chăm Sóc Bé
Sữa bột Nutifood Nuvi Grow 4 900g,Sữa Bột - Sữa Dinh Dưỡng,Chăm Sóc Bé
Sữa bột Nutifood GrowPlus trên 1 tuổi lon 850g,Sữa Bột - Sữa Dinh Dưỡng,Chăm Sóc Bé
Tã dán người lớn Sunmate M10,Tã - Bỉm,Chăm Sóc Bé
Kem đánh răng trẻ em Lipzo vị chuối 75g,Chăm Sóc Cá Nhân Cho Bé,Chăm Sóc Bé
Lốc 4 hộp sữa dinh dưỡng pha sẵn Vinamilk Yoko Gold 110mll,Sữa Bột - Sữa Dinh Dưỡng,Chăm Sóc Bé
Sữa Sôcôla Lúa Mạch SuSu - Lốc 6 Chai 80ml,Sữa Bột - Sữa Dinh Dưỡng,Chăm Sóc Bé
Bàn chải đánh răng Oral Clean Royal Kid Soft màu xanh,Chăm Sóc Cá Nhân Cho Bé,Chăm Sóc Bé
Miếng lót Under Pad,Tã - Bỉm,Chăm Sóc Bé
Bàn chải cho bé 2 - 6 tuổi P/S lông chải siêu mềm,Chăm Sóc Cá Nhân Cho Bé,Chăm Sóc Bé
Sữa tắm gội trẻ em Lactacyd Milky chai 500ml,Sữa Tắm - Gội Cho Bé,Chăm Sóc Bé
Sữa nước Abbott Pediasure BA 3+ hương vani 237ml,Sữa Bột - Sữa Dinh Dưỡng,Chăm Sóc Bé
Sữa tắm gội toàn thân Carrie Junior hương chery chai 700g,Sữa Tắm - Gội Cho Bé,Chăm Sóc Bé
Sữa tắm gội toàn thân Carrie Junior hương nho chai 700g,Sữa Tắm - Gội Cho Bé,Chăm Sóc Bé
Sữa tắm gội toàn thân Carrie Junior tinh chất sữa chai 700g,Sữa Tắm - Gội Cho Bé,Chăm Sóc Bé
Bàn chải đánh răng trẻ em Colgate Ultra Soft siêu mềm Barbie/Spiderman,Chăm Sóc Cá Nhân Cho Bé,Chăm Sóc Bé
Dép lê Xuyên Á H21 108 size 36,Chăm Sóc Cá Nhân Cho Bé,Chăm Sóc Bé
Lốc 4 hộp sữa dinh dưỡng pha sẵn NutiFood Grow Plus+ vani hộp 110ml,Sữa Bột - Sữa Dinh Dưỡng,Chăm Sóc Bé
Sữa bột pha sẵn hương vani Grow Plus+ NutiFood lốc 4 hộp x 180ml,Sữa Bột - Sữa Dinh Dưỡng,Chăm Sóc Bé
Sữa dinh dưỡng NutiFood Grow Plus+ lốc 4 hộp x 110ml,Sữa Bột - Sữa Dinh Dưỡng,Chăm Sóc Bé
Sữa dinh dưỡng hương vani Grow Plus+ NutiFood lốc 4 hộp x 180ml,Sữa Bột - Sữa Dinh Dưỡng,Chăm Sóc Bé
Lốc 4 hộp sữa dinh dưỡng Abbott Grow 180ml,Sữa Bột - Sữa Dinh Dưỡng,Chăm Sóc Bé
PEDIASURE TPDD hương vani 180ml,Sữa Bột - Sữa Dinh Dưỡng,Chăm Sóc Bé
SPDDDPS GrowPLUS+ Ít đường hộp 110ml,Sữa Bột - Sữa Dinh Dưỡng,Chăm Sóc Bé
PEDIASURE TPDD hương vani 110ml,Sữa Bột - Sữa Dinh Dưỡng,Chăm Sóc Bé
Lốc 4 hộp sữa dinh dưỡng Pediasure vani 10+ 180ml,Sữa Bột - Sữa Dinh Dưỡng,Chăm Sóc Bé
Sữa dinh dưỡng Abbott Similac HMO hương vani 110ml - Lốc 4 hộp,Sữa Bột - Sữa Dinh Dưỡng,Chăm Sóc Bé
Lốc 4 hộp sữa dinh dưỡng Similac Eye-Q hương vani 180ml,Sữa Bột - Sữa Dinh Dưỡng,Chăm Sóc Bé
Lốc 4 hộp sữa dinh dưỡng Abbott Grow hương vani 110ml,Sữa Bột - Sữa Dinh Dưỡng,Chăm Sóc Bé
Sữa bột Nutifood Nuvi Grow 4 900g,Sữa Bột - Sữa Dinh Dưỡng,Chăm Sóc Bé
Sữa bột hương vani Abbott Grow G-Power 3 - 6 tuổi 900g,Sữa Bột - Sữa Dinh Dưỡng,Chăm Sóc Bé
Sữa bột Nutifood nutri nguyên kem 900g,Sữa Bột - Sữa Dinh Dưỡng,Chăm Sóc Bé
Sữa tắm gội toàn thân không cay mắt Johnson's Baby 500ml,Sữa Tắm - Gội Cho Bé,Chăm Sóc Bé
Sữa tắm tinh chất sữa và gạo Johnson & Johnson 500ml,Sữa Tắm - Gội Cho Bé,Chăm Sóc Bé
Bàn chải đánh răng Jordan Step 2 cho trẻ 3 - 5 tuổi (Giao màu ngẫu nhiên),Chăm Sóc Cá Nhân Cho Bé,Chăm Sóc Bé
Kem đánh răng trẻ em Aquafresh big teeth 6+,Chăm Sóc Cá Nhân Cho Bé,Chăm Sóc Bé
Nước súc miệng P/S Expert Protection Pro Complete chai 500ml,Chăm Sóc Cá Nhân Cho Bé,Chăm Sóc Bé
Bàn chải cho bé 1 - 5 tuổi Lipzo Kids 1 lông mềm (giao màu ngẫu nhiên),Chăm Sóc Cá Nhân Cho Bé,Chăm Sóc Bé
Sữa tắm gội trẻ em hằng ngày Milky Lactacyd 250ml,Sữa Tắm - Gội Cho Bé,Chăm Sóc Bé
Tã quần Bobby XL48 48 miếng,Tã - Bỉm,Chăm Sóc Bé
Tã quần Huggies Dry L68,Tã - Bỉm,Chăm Sóc Bé
Tã quần Bobby XXL44,Tã - Bỉm,Chăm Sóc Bé
Tã dán người lớn Sunmate M10,Tã - Bỉm,Chăm Sóc Bé
Nước súc miệng Listerine Trẻ em hương dâu 250ml,Chăm Sóc Cá Nhân Cho Bé,Chăm Sóc Bé
Kem đánh răng trẻ em Lipzo vị chuối 75g,Chăm Sóc Cá Nhân Cho Bé,Chăm Sóc Bé
Lốc 4 hộp sữa dinh dưỡng pha sẵn Vinamilk Yoko Gold 110mll,Sữa Bột - Sữa Dinh Dưỡng,Chăm Sóc Bé
Sữa Sôcôla Lúa Mạch SuSu - Lốc 6 Chai 80ml,Sữa Bột - Sữa Dinh Dưỡng,Chăm Sóc Bé
Tã dán người lớn Sunmate ADP M/L18,Tã - Bỉm,Chăm Sóc Bé
Bàn chải đánh răng Oral Clean Royal Kid Soft màu xanh,Chăm Sóc Cá Nhân Cho Bé,Chăm Sóc Bé
Miếng lót Under Pad,Tã - Bỉm,Chăm Sóc Bé
Bàn chải cho bé 2 - 6 tuổi P/S lông chải siêu mềm,Chăm Sóc Cá Nhân Cho Bé,Chăm Sóc Bé
Sữa tắm gội trẻ em Lactacyd Milky chai 500ml,Sữa Tắm - Gội Cho Bé,Chăm Sóc Bé
Sữa tắm gội toàn thân Carrie Junior hương chery chai 700g,Sữa Tắm - Gội Cho Bé,Chăm Sóc Bé
Sữa tắm gội toàn thân Carrie Junior hương nho chai 700g,Sữa Tắm - Gội Cho Bé,Chăm Sóc Bé
Sữa nước Abbott Pediasure BA 3+ hương vani 237ml,Sữa Bột - Sữa Dinh Dưỡng,Chăm Sóc Bé
Sữa tắm gội toàn thân Carrie Junior tinh chất sữa chai 700g,Sữa Tắm - Gội Cho Bé,Chăm Sóc Bé
Bàn chải đánh răng trẻ em Colgate Ultra Soft siêu mềm Barbie/Spiderman,Chăm Sóc Cá Nhân Cho Bé,Chăm Sóc Bé
Bộ 2 bàn chải đánh răng P/S lông tơ mềm mại,Chăm Sóc Cá Nhân Cho Bé,Chăm Sóc Bé
Kem đánh răng trẻ em P/S hương cam 2-6 tuổi 45g,Chăm Sóc Cá Nhân Cho Bé,Chăm Sóc Bé
Kem đánh răng trẻ em P/S hương dâu và trái cây hộp 35g,Sữa Bột - Sữa Dinh Dưỡng,Chăm Sóc Bé
Miếng lót sơ sinh Bobby fresh newborn 1 - 64 miếng,Tã - Bỉm,Chăm Sóc Bé
Sữa tắm gội toàn thân Johnson's mềm mịn như bông 500ml,Sữa Tắm - Gội Cho Bé,Chăm Sóc Bé
Kem đánh răng trẻ em Colgate Minions 80g,Chăm Sóc Cá Nhân Cho Bé,Chăm Sóc Bé
Kem đánh răng Oral Clean Tom&Jerry Tutti Frutti 75ml,Chăm Sóc Cá Nhân Cho Bé,Chăm Sóc Bé
Bàn chải đánh răng P/S trẻ em 2-6 tuổi cao cấp,Chăm Sóc Cá Nhân Cho Bé,Chăm Sóc Bé
Tã quần Unidry M60,Tã - Bỉm,Chăm Sóc Bé
Tã quần Unidry L54,Tã - Bỉm,Chăm Sóc Bé
Tã quần Unidry XL48,Tã - Bỉm,Chăm Sóc Bé
Tã quần Unidry XXL44,Tã - Bỉm,Chăm Sóc Bé
Tã quần người lớn Sunmate L8,Tã - Bỉm,Chăm Sóc Bé
Dép lê Xuyên Á H21 108 size 36,Chăm Sóc Cá Nhân Cho Bé,Chăm Sóc Bé
Sữa tắm gội trẻ em hằng ngày Milky Lactacyd 250ml,Sữa Tắm - Gội Cho Bé,Chăm Sóc Bé
Lốc 4 hộp sữa dinh dưỡng pha sẵn NutiFood Grow Plus+ vani hộp 110ml,Sữa Bột - Sữa Dinh Dưỡng,Chăm Sóc Bé
Sữa bột pha sẵn hương vani Grow Plus+ NutiFood lốc 4 hộp x 180ml,Sữa Bột - Sữa Dinh Dưỡng,Chăm Sóc Bé
Sữa dinh dưỡng NutiFood Grow Plus+ lốc 4 hộp x 110ml,Sữa Bột - Sữa Dinh Dưỡng,Chăm Sóc Bé
Sữa dinh dưỡng hương vani Grow Plus+ NutiFood lốc 4 hộp x 180ml,Sữa Bột - Sữa Dinh Dưỡng,Chăm Sóc Bé
SPDDDPS GrowPLUS+ Ít đường hộp 110ml,Sữa Bột - Sữa Dinh Dưỡng,Chăm Sóc Bé
Sữa Sôcôla Lúa Mạch SuSu - Lốc 6 Chai 80ml,Sữa Bột - Sữa Dinh Dưỡng,Chăm Sóc Bé
Sữa tắm gội toàn thân Carrie Junior hương chery chai 700g,Sữa Tắm - Gội Cho Bé,Chăm Sóc Bé
Sữa tắm gội toàn thân Carrie Junior hương nho chai 700g,Sữa Tắm - Gội Cho Bé,Chăm Sóc Bé
Sữa tắm gội toàn thân Carrie Junior tinh chất sữa chai 700g,Sữa Tắm - Gội Cho Bé,Chăm Sóc Bé
Lốc 4 hộp sữa dinh dưỡng Abbott Grow 180ml,Sữa Bột - Sữa Dinh Dưỡng,Chăm Sóc Bé
PEDIASURE TPDD hương vani 180ml,Sữa Bột - Sữa Dinh Dưỡng,Chăm Sóc Bé
PEDIASURE TPDD hương vani 110ml,Sữa Bột - Sữa Dinh Dưỡng,Chăm Sóc Bé
Lốc 4 hộp sữa dinh dưỡng Pediasure vani 10+ 180ml,Sữa Bột - Sữa Dinh Dưỡng,Chăm Sóc Bé
Sữa dinh dưỡng Abbott Similac HMO hương vani 110ml - Lốc 4 hộp,Sữa Bột - Sữa Dinh Dưỡng,Chăm Sóc Bé
Lốc 4 hộp sữa dinh dưỡng Similac Eye-Q hương vani 180ml,Sữa Bột - Sữa Dinh Dưỡng,Chăm Sóc Bé
Lốc 4 hộp sữa dinh dưỡng Abbott Grow hương vani 110ml,Sữa Bột - Sữa Dinh Dưỡng,Chăm Sóc Bé
Sữa bột Nutifood nutri nguyên kem 900g,Sữa Bột - Sữa Dinh Dưỡng,Chăm Sóc Bé
Sữa bột hương vani Abbott Grow G-Power 3 - 6 tuổi 900g,Sữa Bột - Sữa Dinh Dưỡng,Chăm Sóc Bé
Sữa tắm gội toàn thân không cay mắt Johnson's Baby 500ml,Sữa Tắm - Gội Cho Bé,Chăm Sóc Bé
Kem đánh răng trẻ em Aquafresh big teeth 6+,Chăm Sóc Cá Nhân Cho Bé,Chăm Sóc Bé
Bàn chải đánh răng Jordan Step 2 cho trẻ 3 - 5 tuổi (Giao màu ngẫu nhiên),Chăm Sóc Cá Nhân Cho Bé,Chăm Sóc Bé
Nước súc miệng P/S Expert Protection Pro Complete chai 500ml,Chăm Sóc Cá Nhân Cho Bé,Chăm Sóc Bé
Bàn chải cho bé 1 - 5 tuổi Lipzo Kids 1 lông mềm (giao màu ngẫu nhiên),Chăm Sóc Cá Nhân Cho Bé,Chăm Sóc Bé
Tã quần Bobby XL48 48 miếng,Tã - Bỉm,Chăm Sóc Bé
Tã quần Bobby XXL44,Tã - Bỉm,Chăm Sóc Bé
Sữa bột Nutifood Nuvi Grow 4 900g,Sữa Bột - Sữa Dinh Dưỡng,Chăm Sóc Bé
Tã dán người lớn Sunmate M10,Tã - Bỉm,Chăm Sóc Bé
Tã quần Huggies dry pants big jumbo L38,Tã - Bỉm,Chăm Sóc Bé
Nước súc miệng Listerine Trẻ em hương dâu 250ml,Chăm Sóc Cá Nhân Cho Bé,Chăm Sóc Bé
Kem đánh răng trẻ em Lipzo vị chuối 75g,Chăm Sóc Cá Nhân Cho Bé,Chăm Sóc Bé
Lốc 4 hộp sữa dinh dưỡng pha sẵn Vinamilk Yoko Gold 110mll,Sữa Bột - Sữa Dinh Dưỡng,Chăm Sóc Bé
Tã dán người lớn Sunmate ADP M/L18,Tã - Bỉm,Chăm Sóc Bé
Bàn chải đánh răng Oral Clean Royal Kid Soft màu xanh,Chăm Sóc Cá Nhân Cho Bé,Chăm Sóc Bé
Miếng lót Under Pad,Tã - Bỉm,Chăm Sóc Bé
Bàn chải cho bé 2 - 6 tuổi P/S lông chải siêu mềm,Chăm Sóc Cá Nhân Cho Bé,Chăm Sóc Bé
Sữa tắm gội trẻ em Lactacyd Milky chai 500ml,Sữa Tắm - Gội Cho Bé,Chăm Sóc Bé
Sữa nước Abbott Pediasure BA 3+ hương vani 237ml,Sữa Bột - Sữa Dinh Dưỡng,Chăm Sóc Bé
Bàn chải đánh răng trẻ em Colgate Ultra Soft siêu mềm Barbie/Spiderman,Chăm Sóc Cá Nhân Cho Bé,Chăm Sóc Bé
Bộ 2 bàn chải đánh răng P/S lông tơ mềm mại,Chăm Sóc Cá Nhân Cho Bé,Chăm Sóc Bé
Kem đánh răng trẻ em P/S hương cam 2-6 tuổi 45g,Chăm Sóc Cá Nhân Cho Bé,Chăm Sóc Bé
Kem đánh răng trẻ em P/S hương dâu và trái cây hộp 35g,Sữa Bột - Sữa Dinh Dưỡng,Chăm Sóc Bé
Sữa tắm gội toàn thân Johnson's mềm mịn như bông 500ml,Sữa Tắm - Gội Cho Bé,Chăm Sóc Bé
Kem đánh răng Oral Clean Tom&Jerry Tutti Frutti 75ml,Chăm Sóc Cá Nhân Cho Bé,Chăm Sóc Bé
Bàn chải đánh răng P/S trẻ em 2-6 tuổi cao cấp,Chăm Sóc Cá Nhân Cho Bé,Chăm Sóc Bé
Tã quần Unidry M60,Tã - Bỉm,Chăm Sóc Bé
Tã quần Unidry L54,Tã - Bỉm,Chăm Sóc Bé
Tã quần Unidry XL48,Tã - Bỉm,Chăm Sóc Bé
Tã quần Unidry XXL44,Tã - Bỉm,Chăm Sóc Bé
Tã quần người lớn Sunmate L8,Tã - Bỉm,Chăm Sóc Bé
Dép lê Xuyên Á H21 108 size 36,Chăm Sóc Cá Nhân Cho Bé,Chăm Sóc Bé
Lốc 4 hộp sữa dinh dưỡng pha sẵn NutiFood Grow Plus+ vani hộp 110ml,Sữa Bột - Sữa Dinh Dưỡng,Chăm Sóc Bé
Sữa bột pha sẵn hương vani Grow Plus+ NutiFood lốc 4 hộp x 180ml,Sữa Bột - Sữa Dinh Dưỡng,Chăm Sóc Bé
Sữa dinh dưỡng NutiFood Grow Plus+ lốc 4 hộp x 110ml,Sữa Bột - Sữa Dinh Dưỡng,Chăm Sóc Bé
Sữa dinh dưỡng hương vani Grow Plus+ NutiFood lốc 4 hộp x 180ml,Sữa Bột - Sữa Dinh Dưỡng,Chăm Sóc Bé
Lốc 4 hộp sữa dinh dưỡng Abbott Grow 180ml,Sữa Bột - Sữa Dinh Dưỡng,Chăm Sóc Bé
PEDIASURE TPDD hương vani 180ml,Sữa Bột - Sữa Dinh Dưỡng,Chăm Sóc Bé
SPDDDPS GrowPLUS+ Ít đường hộp 110ml,Sữa Bột - Sữa Dinh Dưỡng,Chăm Sóc Bé
PEDIASURE TPDD hương vani 110ml,Sữa Bột - Sữa Dinh Dưỡng,Chăm Sóc Bé
Lốc 4 hộp sữa dinh dưỡng Pediasure vani 10+ 180ml,Sữa Bột - Sữa Dinh Dưỡng,Chăm Sóc Bé
Sữa dinh dưỡng Abbott Similac HMO hương vani 110ml - Lốc 4 hộp,Sữa Bột - Sữa Dinh Dưỡng,Chăm Sóc Bé
Lốc 4 hộp sữa dinh dưỡng Similac Eye-Q hương vani 180ml,Sữa Bột - Sữa Dinh Dưỡng,Chăm Sóc Bé
Lốc 4 hộp sữa dinh dưỡng Abbott Grow hương vani 110ml,Sữa Bột - Sữa Dinh Dưỡng,Chăm Sóc Bé
Sữa bột Nutifood Nuvi Grow 4 900g,Sữa Bột - Sữa Dinh Dưỡng,Chăm Sóc Bé
Sữa bột Nutifood nutri nguyên kem 900g,Sữa Bột - Sữa Dinh Dưỡng,Chăm Sóc Bé
Sữa bột hương vani Abbott Grow G-Power 3 - 6 tuổi 900g,Sữa Bột - Sữa Dinh Dưỡng,Chăm Sóc Bé
Sữa tắm gội toàn thân không cay mắt Johnson's Baby 500ml,Sữa Tắm - Gội Cho Bé,Chăm Sóc Bé
Sữa tắm tinh chất sữa và gạo Johnson & Johnson 500ml,Sữa Tắm - Gội Cho Bé,Chăm Sóc Bé
Kem đánh răng trẻ em Aquafresh big teeth 6+,Chăm Sóc Cá Nhân Cho Bé,Chăm Sóc Bé
Bàn chải đánh răng Jordan Step 2 cho trẻ 3 - 5 tuổi (Giao màu ngẫu nhiên),Chăm Sóc Cá Nhân Cho Bé,Chăm Sóc Bé
Nước súc miệng P/S Expert Protection Pro Complete chai 500ml,Chăm Sóc Cá Nhân Cho Bé,Chăm Sóc Bé
Bàn chải cho bé 1 - 5 tuổi Lipzo Kids 1 lông mềm (giao màu ngẫu nhiên),Chăm Sóc Cá Nhân Cho Bé,Chăm Sóc Bé
Sữa tắm gội trẻ em hằng ngày Milky Lactacyd 250ml,Sữa Tắm - Gội Cho Bé,Chăm Sóc Bé
Tã quần Bobby XL48 48 miếng,Tã - Bỉm,Chăm Sóc Bé
Tã quần Huggies Dry L68,Tã - Bỉm,Chăm Sóc Bé
Tã quần Bobby XXL44,Tã - Bỉm,Chăm Sóc Bé
Tã dán người lớn Sunmate M10,Tã - Bỉm,Chăm Sóc Bé
Nước súc miệng Listerine Trẻ em hương dâu 250ml,Chăm Sóc Cá Nhân Cho Bé,Chăm Sóc Bé
Kem đánh răng trẻ em Lipzo vị chuối 75g,Chăm Sóc Cá Nhân Cho Bé,Chăm Sóc Bé
Lốc 4 hộp sữa dinh dưỡng pha sẵn Vinamilk Yoko Gold 110mll,Sữa Bột - Sữa Dinh Dưỡng,Chăm Sóc Bé
Sữa Sôcôla Lúa Mạch SuSu - Lốc 6 Chai 80ml,Sữa Bột - Sữa Dinh Dưỡng,Chăm Sóc Bé
Tã dán người lớn Sunmate ADP M/L18,Tã - Bỉm,Chăm Sóc Bé
Bàn chải đánh răng Oral Clean Royal Kid Soft màu xanh,Chăm Sóc Cá Nhân Cho Bé,Chăm Sóc Bé
Miếng lót Under Pad,Tã - Bỉm,Chăm Sóc Bé
Bàn chải cho bé 2 - 6 tuổi P/S lông chải siêu mềm,Chăm Sóc Cá Nhân Cho Bé,Chăm Sóc Bé
Sữa tắm gội trẻ em Lactacyd Milky chai 500ml,Sữa Tắm - Gội Cho Bé,Chăm Sóc Bé
Sữa tắm gội toàn thân Carrie Junior hương chery chai 700g,Sữa Tắm - Gội Cho Bé,Chăm Sóc Bé
Sữa nước Abbott Pediasure BA 3+ hương vani 237ml,Sữa Bột - Sữa Dinh Dưỡng,Chăm Sóc Bé
Sữa tắm gội toàn thân Carrie Junior tinh chất sữa chai 700g,Sữa Tắm - Gội Cho Bé,Chăm Sóc Bé
Sữa tắm gội toàn thân Carrie Junior hương nho chai 700g,Sữa Tắm - Gội Cho Bé,Chăm Sóc Bé
Bàn chải đánh răng trẻ em Colgate Ultra Soft siêu mềm Barbie/Spiderman,Chăm Sóc Cá Nhân Cho Bé,Chăm Sóc Bé
Bộ 2 bàn chải đánh răng P/S lông tơ mềm mại,Chăm Sóc Cá Nhân Cho Bé,Chăm Sóc Bé
Kem đánh răng trẻ em P/S hương dâu và trái cây hộp 35g,Sữa Bột - Sữa Dinh Dưỡng,Chăm Sóc Bé
Kem đánh răng trẻ em P/S hương cam 2-6 tuổi 45g,Chăm Sóc Cá Nhân Cho Bé,Chăm Sóc Bé
Miếng lót sơ sinh Bobby fresh newborn 1 - 64 miếng,Tã - Bỉm,Chăm Sóc Bé
Sữa tắm gội toàn thân Johnson's mềm mịn như bông 500ml,Sữa Tắm - Gội Cho Bé,Chăm Sóc Bé
Kem đánh răng trẻ em Colgate Minions 80g,Chăm Sóc Cá Nhân Cho Bé,Chăm Sóc Bé
Kem đánh răng Oral Clean Tom&Jerry Tutti Frutti 75ml,Chăm Sóc Cá Nhân Cho Bé,Chăm Sóc Bé
Bàn chải đánh răng P/S trẻ em 2-6 tuổi cao cấp,Chăm Sóc Cá Nhân Cho Bé,Chăm Sóc Bé
Tã quần Unidry L54,Tã - Bỉm,Chăm Sóc Bé
Tã quần Unidry M60,Tã - Bỉm,Chăm Sóc Bé
Tã quần Unidry XL48,Tã - Bỉm,Chăm Sóc Bé
Tã quần Unidry XXL44,Tã - Bỉm,Chăm Sóc Bé
Tã quần người lớn Sunmate L8,Tã - Bỉm,Chăm Sóc Bé
Dép lê Xuyên Á H21 108 size 36,Chăm Sóc Cá Nhân Cho Bé,Chăm Sóc Bé
Tã quần Huggies dry pants big jumbo L38,Tã - Bỉm,Chăm Sóc Bé
Nước súc miệng Listerine Trẻ em hương dâu 250ml,Chăm Sóc Cá Nhân Cho Bé,Chăm Sóc Bé
Sữa tắm gội toàn thân không cay mắt Johnson's Baby 500ml,Sữa Tắm - Gội Cho Bé,Chăm Sóc Bé
Tã dán người lớn Sunmate ADP M/L18,Tã - Bỉm,Chăm Sóc Bé
Tã quần người lớn Sunmate L8,Tã - Bỉm,Chăm Sóc Bé
Sữa dinh dưỡng NutiFood Grow Plus+ lốc 4 hộp x 110ml,Sữa Bột - Sữa Dinh Dưỡng,Chăm Sóc Bé
Sữa dinh dưỡng hương vani Grow Plus+ NutiFood lốc 4 hộp x 180ml,Sữa Bột - Sữa Dinh Dưỡng,Chăm Sóc Bé
Lốc 4 hộp Sữa GrowPLUS+ Ít đường hộp 110ml,Sữa Bột - Sữa Dinh Dưỡng,Chăm Sóc Bé
PEDIASURE TPDD hương vani 180ml,Sữa Bột - Sữa Dinh Dưỡng,Chăm Sóc Bé
Lốc 4 hộp sữa dinh dưỡng Abbott Grow 180ml,Sữa Bột - Sữa Dinh Dưỡng,Chăm Sóc Bé
PEDIASURE TPDD hương vani 110ml,Sữa Bột - Sữa Dinh Dưỡng,Chăm Sóc Bé
Lốc 4 hộp sữa dinh dưỡng Pediasure vani 10+ 180ml,Sữa Bột - Sữa Dinh Dưỡng,Chăm Sóc Bé
Sữa dinh dưỡng Abbott Similac HMO hương vani 110ml - Lốc 4 hộp,Sữa Bột - Sữa Dinh Dưỡng,Chăm Sóc Bé
Lốc 4 hộp sữa dinh dưỡng Similac Eye-Q hương vani 180ml,Sữa Bột - Sữa Dinh Dưỡng,Chăm Sóc Bé
Lốc 4 hộp sữa dinh dưỡng Abbott Grow hương vani 110ml,Sữa Bột - Sữa Dinh Dưỡng,Chăm Sóc Bé
Lốc 4 hộp sữa dinh dưỡng pha sẵn NutiFood Grow Plus+ vani hộp 110ml,Sữa Bột - Sữa Dinh Dưỡng,Chăm Sóc Bé
Sữa bột pha sẵn hương vani Grow Plus+ NutiFood lốc 4 hộp x 180ml,Sữa Bột - Sữa Dinh Dưỡng,Chăm Sóc Bé
Sữa bột Nutifood nutri nguyên kem 900g,Sữa Bột - Sữa Dinh Dưỡng,Chăm Sóc Bé
Sữa bột hương vani Abbott Grow G-Power 3 - 6 tuổi 900g,Sữa Bột - Sữa Dinh Dưỡng,Chăm Sóc Bé
Kem đánh răng trẻ em Aquafresh big teeth 6+,Chăm Sóc Cá Nhân Cho Bé,Chăm Sóc Bé
Bàn chải đánh răng Jordan Step 2 cho trẻ 3 - 5 tuổi (Giao màu ngẫu nhiên),Chăm Sóc Cá Nhân Cho Bé,Chăm Sóc Bé
Nước súc miệng P/S Expert Protection Pro Complete chai 500ml,Chăm Sóc Cá Nhân Cho Bé,Chăm Sóc Bé
Bàn chải cho bé 1 - 5 tuổi Lipzo Kids 1 lông mềm (giao màu ngẫu nhiên),Chăm Sóc Cá Nhân Cho Bé,Chăm Sóc Bé
Lốc 4 hộp sữa dinh dưỡng pha sẵn Vinamilk Yoko Gold 110mll,Sữa Bột - Sữa Dinh Dưỡng,Chăm Sóc Bé
Sữa Sôcôla Lúa Mạch SuSu - Lốc 6 Chai 80ml,Sữa Bột - Sữa Dinh Dưỡng,Chăm Sóc Bé
Bàn chải đánh răng Oral Clean Royal Kid Soft màu xanh,Chăm Sóc Cá Nhân Cho Bé,Chăm Sóc Bé
Miếng lót Under Pad,Tã - Bỉm,Chăm Sóc Bé
Bàn chải cho bé 2 - 6 tuổi P/S lông chải siêu mềm,Chăm Sóc Cá Nhân Cho Bé,Chăm Sóc Bé
Sữa tắm gội trẻ em Lactacyd Milky chai 500ml,Sữa Tắm - Gội Cho Bé,Chăm Sóc Bé
Sữa nước Abbott Pediasure BA 3+ hương vani 237ml,Sữa Bột - Sữa Dinh Dưỡng,Chăm Sóc Bé
Sữa tắm gội toàn thân Carrie Junior hương chery chai 700g,Sữa Tắm - Gội Cho Bé,Chăm Sóc Bé
Sữa tắm gội toàn thân Carrie Junior hương nho chai 700g,Sữa Tắm - Gội Cho Bé,Chăm Sóc Bé
Sữa tắm gội toàn thân Carrie Junior tinh chất sữa chai 700g,Sữa Tắm - Gội Cho Bé,Chăm Sóc Bé
Bàn chải đánh răng trẻ em Colgate Ultra Soft siêu mềm Barbie/Spiderman,Chăm Sóc Cá Nhân Cho Bé,Chăm Sóc Bé
Bộ 2 bàn chải đánh răng P/S lông tơ mềm mại,Chăm Sóc Cá Nhân Cho Bé,Chăm Sóc Bé
Kem đánh răng trẻ em P/S hương cam 2-6 tuổi 45g,Chăm Sóc Cá Nhân Cho Bé,Chăm Sóc Bé
Kem đánh răng trẻ em P/S hương dâu và trái cây hộp 35g,Sữa Bột - Sữa Dinh Dưỡng,Chăm Sóc Bé
Miếng lót sơ sinh Bobby fresh newborn 1 - 64 miếng,Tã - Bỉm,Chăm Sóc Bé
BOBBY Miếng lót newborn1 108 miếng,Tã - Bỉm,Chăm Sóc Bé
Sữa tắm gội toàn thân Johnson's mềm mịn như bông 500ml,Sữa Tắm - Gội Cho Bé,Chăm Sóc Bé
Kem đánh răng trẻ em Colgate Minions 80g,Chăm Sóc Cá Nhân Cho Bé,Chăm Sóc Bé
Kem đánh răng Oral Clean Tom&Jerry Tutti Frutti 75ml,Chăm Sóc Cá Nhân Cho Bé,Chăm Sóc Bé
Bàn chải đánh răng P/S trẻ em 2-6 tuổi cao cấp,Chăm Sóc Cá Nhân Cho Bé,Chăm Sóc Bé
Tã quần Unidry M60,Tã - Bỉm,Chăm Sóc Bé
Tã quần Unidry L54,Tã - Bỉm,Chăm Sóc Bé
Tã quần Unidry XL48,Tã - Bỉm,Chăm Sóc Bé
Tã quần Unidry XXL44,Tã - Bỉm,Chăm Sóc Bé
Dép lê Xuyên Á H21 108 size 36,Chăm Sóc Cá Nhân Cho Bé,Chăm Sóc Bé
Lốc 4 hộp sữa dinh dưỡng pha sẵn NutiFood Grow Plus+ vani hộp 110ml,Sữa Bột - Sữa Dinh Dưỡng,Chăm Sóc Bé
Sữa bột pha sẵn hương vani Grow Plus+ NutiFood lốc 4 hộp x 180ml,Sữa Bột - Sữa Dinh Dưỡng,Chăm Sóc Bé
Sữa dinh dưỡng NutiFood Grow Plus+ lốc 4 hộp x 110ml,Sữa Bột - Sữa Dinh Dưỡng,Chăm Sóc Bé
Sữa dinh dưỡng hương vani Grow Plus+ NutiFood lốc 4 hộp x 180ml,Sữa Bột - Sữa Dinh Dưỡng,Chăm Sóc Bé
SPDDDPS GrowPLUS+ Ít đường hộp 110ml,Sữa Bột - Sữa Dinh Dưỡng,Chăm Sóc Bé
Lốc 4 hộp sữa dinh dưỡng Abbott Grow 180ml,Sữa Bột - Sữa Dinh Dưỡng,Chăm Sóc Bé
PEDIASURE TPDD hương vani 180ml,Sữa Bột - Sữa Dinh Dưỡng,Chăm Sóc Bé
PEDIASURE TPDD hương vani 110ml,Sữa Bột - Sữa Dinh Dưỡng,Chăm Sóc Bé
Lốc 4 hộp sữa dinh dưỡng Pediasure vani 10+ 180ml,Sữa Bột - Sữa Dinh Dưỡng,Chăm Sóc Bé
Sữa dinh dưỡng Abbott Similac HMO hương vani 110ml - Lốc 4 hộp,Sữa Bột - Sữa Dinh Dưỡng,Chăm Sóc Bé
Lốc 4 hộp sữa dinh dưỡng Similac Eye-Q hương vani 180ml,Sữa Bột - Sữa Dinh Dưỡng,Chăm Sóc Bé
Lốc 4 hộp sữa dinh dưỡng Abbott Grow hương vani 110ml,Sữa Bột - Sữa Dinh Dưỡng,Chăm Sóc Bé
Sữa bột Nutifood nutri nguyên kem 900g,Sữa Bột - Sữa Dinh Dưỡng,Chăm Sóc Bé
Sữa bột hương vani Abbott Grow G-Power 3 - 6 tuổi 900g,Sữa Bột - Sữa Dinh Dưỡng,Chăm Sóc Bé
Sữa tắm gội toàn thân không cay mắt Johnson's Baby 500ml,Sữa Tắm - Gội Cho Bé,Chăm Sóc Bé
Sữa tắm tinh chất sữa và gạo Johnson & Johnson 500ml,Sữa Tắm - Gội Cho Bé,Chăm Sóc Bé
Kem đánh răng trẻ em Aquafresh big teeth 6+,Chăm Sóc Cá Nhân Cho Bé,Chăm Sóc Bé
Bàn chải đánh răng Jordan Step 2 cho trẻ 3 - 5 tuổi (Giao màu ngẫu nhiên),Chăm Sóc Cá Nhân Cho Bé,Chăm Sóc Bé
Nước súc miệng P/S Expert Protection Pro Complete chai 500ml,Chăm Sóc Cá Nhân Cho Bé,Chăm Sóc Bé
Bàn chải cho bé 1 - 5 tuổi Lipzo Kids 1 lông mềm (giao màu ngẫu nhiên),Chăm Sóc Cá Nhân Cho Bé,Chăm Sóc Bé
Sữa tắm gội trẻ em hằng ngày Milky Lactacyd 250ml,Sữa Tắm - Gội Cho Bé,Chăm Sóc Bé
Tã quần Bobby XL48 48 miếng,Tã - Bỉm,Chăm Sóc Bé
Tã quần Bobby XXL44,Tã - Bỉm,Chăm Sóc Bé
Sữa bột Nutifood Nuvi Grow 4 900g,Sữa Bột - Sữa Dinh Dưỡng,Chăm Sóc Bé
Tã dán người lớn Sunmate M10,Tã - Bỉm,Chăm Sóc Bé
Nước súc miệng Listerine Trẻ em hương dâu 250ml,Chăm Sóc Cá Nhân Cho Bé,Chăm Sóc Bé
Kem đánh răng trẻ em Lipzo vị chuối 75g,Chăm Sóc Cá Nhân Cho Bé,Chăm Sóc Bé
Lốc 4 hộp sữa dinh dưỡng pha sẵn Vinamilk Yoko Gold 110mll,Sữa Bột - Sữa Dinh Dưỡng,Chăm Sóc Bé
Sữa Sôcôla Lúa Mạch SuSu - Lốc 6 Chai 80ml,Sữa Bột - Sữa Dinh Dưỡng,Chăm Sóc Bé
Tã dán người lớn Sunmate ADP M/L18,Tã - Bỉm,Chăm Sóc Bé
Miếng lót Under Pad,Tã - Bỉm,Chăm Sóc Bé
Bàn chải đánh răng Oral Clean Royal Kid Soft màu xanh,Chăm Sóc Cá Nhân Cho Bé,Chăm Sóc Bé
Bàn chải cho bé 2 - 6 tuổi P/S lông chải siêu mềm,Chăm Sóc Cá Nhân Cho Bé,Chăm Sóc Bé
Sữa tắm gội trẻ em Lactacyd Milky chai 500ml,Sữa Tắm - Gội Cho Bé,Chăm Sóc Bé
Sữa nước Abbott Pediasure BA 3+ hương vani 237ml,Sữa Bột - Sữa Dinh Dưỡng,Chăm Sóc Bé
Sữa tắm gội toàn thân Carrie Junior hương chery chai 700g,Sữa Tắm - Gội Cho Bé,Chăm Sóc Bé
Sữa tắm gội toàn thân Carrie Junior hương nho chai 700g,Sữa Tắm - Gội Cho Bé,Chăm Sóc Bé
Sữa tắm gội toàn thân Carrie Junior tinh chất sữa chai 700g,Sữa Tắm - Gội Cho Bé,Chăm Sóc Bé
Bộ 2 bàn chải đánh răng P/S lông tơ mềm mại,Chăm Sóc Cá Nhân Cho Bé,Chăm Sóc Bé
Kem đánh răng trẻ em P/S hương cam 2-6 tuổi 45g,Chăm Sóc Cá Nhân Cho Bé,Chăm Sóc Bé
Kem đánh răng trẻ em P/S hương dâu và trái cây hộp 35g,Sữa Bột - Sữa Dinh Dưỡng,Chăm Sóc Bé
Sữa tắm gội toàn thân Johnson's mềm mịn như bông 500ml,Sữa Tắm - Gội Cho Bé,Chăm Sóc Bé
Kem đánh răng trẻ em Colgate Minions 80g,Chăm Sóc Cá Nhân Cho Bé,Chăm Sóc Bé
Kem đánh răng Oral Clean Tom&Jerry Tutti Frutti 75ml,Chăm Sóc Cá Nhân Cho Bé,Chăm Sóc Bé
Bàn chải đánh răng P/S trẻ em 2-6 tuổi cao cấp,Chăm Sóc Cá Nhân Cho Bé,Chăm Sóc Bé
Tã quần Unidry M60,Tã - Bỉm,Chăm Sóc Bé
Tã quần Unidry L54,Tã - Bỉm,Chăm Sóc Bé
Tã quần Unidry XL48,Tã - Bỉm,Chăm Sóc Bé
Tã quần Unidry XXL44,Tã - Bỉm,Chăm Sóc Bé
Tã quần người lớn Sunmate L8,Tã - Bỉm,Chăm Sóc Bé
Dép lê Xuyên Á H21 108 size 36,Chăm Sóc Cá Nhân Cho Bé,Chăm Sóc Bé
Tã quần Huggies dry pants big jumbo L38,Tã - Bỉm,Chăm Sóc Bé
Tã dán người lớn Sunmate ADP M/L18,Tã - Bỉm,Chăm Sóc Bé
Tã quần người lớn Sunmate L8,Tã - Bỉm,Chăm Sóc Bé
Sữa tắm gội trẻ em hằng ngày Milky Lactacyd 250ml,Sữa Tắm - Gội Cho Bé,Chăm Sóc Bé
Lốc 4 hộp sữa dinh dưỡng pha sẵn NutiFood Grow Plus+ vani hộp 110ml,Sữa Bột - Sữa Dinh Dưỡng,Chăm Sóc Bé
Sữa bột pha sẵn hương vani Grow Plus+ NutiFood lốc 4 hộp x 180ml,Sữa Bột - Sữa Dinh Dưỡng,Chăm Sóc Bé
Sữa dinh dưỡng NutiFood Grow Plus+ lốc 4 hộp x 110ml,Sữa Bột - Sữa Dinh Dưỡng,Chăm Sóc Bé
SPDDDPS GrowPLUS+ Ít đường hộp 110ml,Sữa Bột - Sữa Dinh Dưỡng,Chăm Sóc Bé
Sữa Sôcôla Lúa Mạch SuSu - Lốc 6 Chai 80ml,Sữa Bột - Sữa Dinh Dưỡng,Chăm Sóc Bé
Sữa tắm gội toàn thân Carrie Junior hương chery chai 700g,Sữa Tắm - Gội Cho Bé,Chăm Sóc Bé
Sữa tắm gội toàn thân Carrie Junior hương nho chai 700g,Sữa Tắm - Gội Cho Bé,Chăm Sóc Bé
Sữa tắm gội toàn thân Carrie Junior tinh chất sữa chai 700g,Sữa Tắm - Gội Cho Bé,Chăm Sóc Bé
Lốc 4 hộp sữa dinh dưỡng Abbott Grow 180ml,Sữa Bột - Sữa Dinh Dưỡng,Chăm Sóc Bé
PEDIASURE TPDD hương vani 180ml,Sữa Bột - Sữa Dinh Dưỡng,Chăm Sóc Bé
PEDIASURE TPDD hương vani 110ml,Sữa Bột - Sữa Dinh Dưỡng,Chăm Sóc Bé
Lốc 4 hộp sữa dinh dưỡng Pediasure vani 10+ 180ml,Sữa Bột - Sữa Dinh Dưỡng,Chăm Sóc Bé
Sữa dinh dưỡng Abbott Similac HMO hương vani 110ml - Lốc 4 hộp,Sữa Bột - Sữa Dinh Dưỡng,Chăm Sóc Bé
Lốc 4 hộp sữa dinh dưỡng Similac Eye-Q hương vani 180ml,Sữa Bột - Sữa Dinh Dưỡng,Chăm Sóc Bé
Lốc 4 hộp sữa dinh dưỡng Abbott Grow hương vani 110ml,Sữa Bột - Sữa Dinh Dưỡng,Chăm Sóc Bé
Sữa bột Nutifood nutri nguyên kem 900g,Sữa Bột - Sữa Dinh Dưỡng,Chăm Sóc Bé
Sữa bột hương vani Abbott Grow G-Power 3 - 6 tuổi 900g,Sữa Bột - Sữa Dinh Dưỡng,Chăm Sóc Bé
Sữa dinh dưỡng hương vani Grow Plus+ NutiFood lốc 4 hộp x 180ml,Sữa Bột - Sữa Dinh Dưỡng,Chăm Sóc Bé
Sữa tắm gội toàn thân không cay mắt Johnson's Baby 500ml,Sữa Tắm - Gội Cho Bé,Chăm Sóc Bé
Dép lê Xuyên Á H21 108 size 36,Chăm Sóc Cá Nhân Cho Bé,Chăm Sóc Bé
Sữa tắm gội trẻ em hằng ngày Milky Lactacyd 250ml,Sữa Tắm - Gội Cho Bé,Chăm Sóc Bé
Sữa bột pha sẵn hương vani Grow Plus+ NutiFood lốc 4 hộp x 180ml,Sữa Bột - Sữa Dinh Dưỡng,Chăm Sóc Bé
Lốc 4 hộp sữa dinh dưỡng pha sẵn NutiFood Grow Plus+ vani hộp 110ml,Sữa Bột - Sữa Dinh Dưỡng,Chăm Sóc Bé
Sữa dinh dưỡng NutiFood Grow Plus+ lốc 4 hộp x 110ml,Sữa Bột - Sữa Dinh Dưỡng,Chăm Sóc Bé
SPDDDPS GrowPLUS+ Ít đường hộp 110ml,Sữa Bột - Sữa Dinh Dưỡng,Chăm Sóc Bé
Sữa Sôcôla Lúa Mạch SuSu - Lốc 6 Chai 80ml,Sữa Bột - Sữa Dinh Dưỡng,Chăm Sóc Bé
Sữa tắm gội toàn thân Carrie Junior hương chery chai 700g,Sữa Tắm - Gội Cho Bé,Chăm Sóc Bé
Sữa tắm gội toàn thân Carrie Junior hương nho chai 700g,Sữa Tắm - Gội Cho Bé,Chăm Sóc Bé
Sữa tắm gội toàn thân Carrie Junior tinh chất sữa chai 700g,Sữa Tắm - Gội Cho Bé,Chăm Sóc Bé
Lốc 4 hộp sữa dinh dưỡng Abbott Grow 180ml,Sữa Bột - Sữa Dinh Dưỡng,Chăm Sóc Bé
PEDIASURE TPDD hương vani 180ml,Sữa Bột - Sữa Dinh Dưỡng,Chăm Sóc Bé
PEDIASURE TPDD hương vani 110ml,Sữa Bột - Sữa Dinh Dưỡng,Chăm Sóc Bé
Lốc 4 hộp sữa dinh dưỡng Pediasure vani 10+ 180ml,Sữa Bột - Sữa Dinh Dưỡng,Chăm Sóc Bé
Sữa dinh dưỡng Abbott Similac HMO hương vani 110ml - Lốc 4 hộp,Sữa Bột - Sữa Dinh Dưỡng,Chăm Sóc Bé
Lốc 4 hộp sữa dinh dưỡng Similac Eye-Q hương vani 180ml,Sữa Bột - Sữa Dinh Dưỡng,Chăm Sóc Bé
Lốc 4 hộp sữa dinh dưỡng Abbott Grow hương vani 110ml,Sữa Bột - Sữa Dinh Dưỡng,Chăm Sóc Bé
Sữa bột Nutifood nutri nguyên kem 900g,Sữa Bột - Sữa Dinh Dưỡng,Chăm Sóc Bé
Sữa bột hương vani Abbott Grow G-Power 3 - 6 tuổi 900g,Sữa Bột - Sữa Dinh Dưỡng,Chăm Sóc Bé
Sữa dinh dưỡng hương vani Grow Plus+ NutiFood lốc 4 hộp x 180ml,Sữa Bột - Sữa Dinh Dưỡng,Chăm Sóc Bé
Sữa tắm gội toàn thân không cay mắt Johnson's Baby 500ml,Sữa Tắm - Gội Cho Bé,Chăm Sóc Bé
Kem đánh răng trẻ em Aquafresh big teeth 6+,Chăm Sóc Cá Nhân Cho Bé,Chăm Sóc Bé
Bàn chải đánh răng Jordan Step 2 cho trẻ 3 - 5 tuổi (Giao màu ngẫu nhiên),Chăm Sóc Cá Nhân Cho Bé,Chăm Sóc Bé
Nước súc miệng P/S Expert Protection Pro Complete chai 500ml,Chăm Sóc Cá Nhân Cho Bé,Chăm Sóc Bé
Bàn chải cho bé 1 - 5 tuổi Lipzo Kids 1 lông mềm (giao màu ngẫu nhiên),Chăm Sóc Cá Nhân Cho Bé,Chăm Sóc Bé
Tã quần Bobby XL48 48 miếng,Tã - Bỉm,Chăm Sóc Bé
Tã quần Huggies Dry L68,Tã - Bỉm,Chăm Sóc Bé
Tã quần Bobby XXL44,Tã - Bỉm,Chăm Sóc Bé
Sữa bột Nutifood Nuvi Grow 4 900g,Sữa Bột - Sữa Dinh Dưỡng,Chăm Sóc Bé
Sữa bột Nutifood GrowPlus trên 1 tuổi lon 850g,Sữa Bột - Sữa Dinh Dưỡng,Chăm Sóc Bé
Tã dán người lớn Sunmate M10,Tã - Bỉm,Chăm Sóc Bé
Tã quần Huggies dry pants big jumbo L38,Tã - Bỉm,Chăm Sóc Bé
Nước súc miệng Listerine Trẻ em hương dâu 250ml,Chăm Sóc Cá Nhân Cho Bé,Chăm Sóc Bé
Kem đánh răng trẻ em Lipzo vị chuối 75g,Chăm Sóc Cá Nhân Cho Bé,Chăm Sóc Bé
Lốc 4 hộp sữa dinh dưỡng pha sẵn Vinamilk Yoko Gold 110mll,Sữa Bột - Sữa Dinh Dưỡng,Chăm Sóc Bé
Tã dán người lớn Sunmate ADP M/L18,Tã - Bỉm,Chăm Sóc Bé
Miếng lót Under Pad,Tã - Bỉm,Chăm Sóc Bé
Bàn chải đánh răng Oral Clean Royal Kid Soft màu xanh,Chăm Sóc Cá Nhân Cho Bé,Chăm Sóc Bé
Bàn chải cho bé 2 - 6 tuổi P/S lông chải siêu mềm,Chăm Sóc Cá Nhân Cho Bé,Chăm Sóc Bé
Sữa tắm gội trẻ em Lactacyd Milky chai 500ml,Sữa Tắm - Gội Cho Bé,Chăm Sóc Bé
Sữa nước Abbott Pediasure BA 3+ hương vani 237ml,Sữa Bột - Sữa Dinh Dưỡng,Chăm Sóc Bé
Bàn chải đánh răng trẻ em Colgate Ultra Soft siêu mềm Barbie/Spiderman,Chăm Sóc Cá Nhân Cho Bé,Chăm Sóc Bé
Bộ 2 bàn chải đánh răng P/S lông tơ mềm mại,Chăm Sóc Cá Nhân Cho Bé,Chăm Sóc Bé
Kem đánh răng trẻ em P/S hương cam 2-6 tuổi 45g,Chăm Sóc Cá Nhân Cho Bé,Chăm Sóc Bé
Kem đánh răng trẻ em P/S hương dâu và trái cây hộp 35g,Sữa Bột - Sữa Dinh Dưỡng,Chăm Sóc Bé
Miếng lót sơ sinh Bobby fresh newborn 1 - 64 miếng,Tã - Bỉm,Chăm Sóc Bé
Sữa tắm gội toàn thân Johnson's mềm mịn như bông 500ml,Sữa Tắm - Gội Cho Bé,Chăm Sóc Bé
Kem đánh răng Oral Clean Tom&Jerry Tutti Frutti 75ml,Chăm Sóc Cá Nhân Cho Bé,Chăm Sóc Bé
Bàn chải đánh răng P/S trẻ em 2-6 tuổi cao cấp,Chăm Sóc Cá Nhân Cho Bé,Chăm Sóc Bé
Tã quần Unidry M60,Tã - Bỉm,Chăm Sóc Bé
Tã quần Unidry L54,Tã - Bỉm,Chăm Sóc Bé
Tã quần Unidry XXL44,Tã - Bỉm,Chăm Sóc Bé
Tã quần Unidry XL48,Tã - Bỉm,Chăm Sóc Bé
Tã quần người lớn Sunmate L8,Tã - Bỉm,Chăm Sóc Bé
Dép lê Xuyên Á H21 108 size 36,Chăm Sóc Cá Nhân Cho Bé,Chăm Sóc Bé
Lốc 4 hộp sữa dinh dưỡng pha sẵn NutiFood Grow Plus+ vani hộp 110ml,Sữa Bột - Sữa Dinh Dưỡng,Chăm Sóc Bé
Sữa bột pha sẵn hương vani Grow Plus+ NutiFood lốc 4 hộp x 180ml,Sữa Bột - Sữa Dinh Dưỡng,Chăm Sóc Bé
Sữa dinh dưỡng NutiFood Grow Plus+ lốc 4 hộp x 110ml,Sữa Bột - Sữa Dinh Dưỡng,Chăm Sóc Bé
Sữa dinh dưỡng hương vani Grow Plus+ NutiFood lốc 4 hộp x 180ml,Sữa Bột - Sữa Dinh Dưỡng,Chăm Sóc Bé
Lốc 4 hộp sữa dinh dưỡng Abbott Grow 180ml,Sữa Bột - Sữa Dinh Dưỡng,Chăm Sóc Bé
PEDIASURE TPDD hương vani 180ml,Sữa Bột - Sữa Dinh Dưỡng,Chăm Sóc Bé
SPDDDPS GrowPLUS+ Ít đường hộp 110ml,Sữa Bột - Sữa Dinh Dưỡng,Chăm Sóc Bé
PEDIASURE TPDD hương vani 110ml,Sữa Bột - Sữa Dinh Dưỡng,Chăm Sóc Bé
Lốc 4 hộp sữa dinh dưỡng Pediasure vani 10+ 180ml,Sữa Bột - Sữa Dinh Dưỡng,Chăm Sóc Bé
Sữa dinh dưỡng Abbott Similac HMO hương vani 110ml - Lốc 4 hộp,Sữa Bột - Sữa Dinh Dưỡng,Chăm Sóc Bé
Lốc 4 hộp sữa dinh dưỡng Similac Eye-Q hương vani 180ml,Sữa Bột - Sữa Dinh Dưỡng,Chăm Sóc Bé
Lốc 4 hộp sữa dinh dưỡng Abbott Grow hương vani 110ml,Sữa Bột - Sữa Dinh Dưỡng,Chăm Sóc Bé
Sữa bột Nutifood Nuvi Grow 4 900g,Sữa Bột - Sữa Dinh Dưỡng,Chăm Sóc Bé
Sữa bột Nutifood nutri nguyên kem 900g,Sữa Bột - Sữa Dinh Dưỡng,Chăm Sóc Bé
Sữa bột hương vani Abbott Grow G-Power 3 - 6 tuổi 900g,Sữa Bột - Sữa Dinh Dưỡng,Chăm Sóc Bé
Sữa tắm gội toàn thân không cay mắt Johnson's Baby 500ml,Sữa Tắm - Gội Cho Bé,Chăm Sóc Bé
Sữa tắm tinh chất sữa và gạo Johnson & Johnson 500ml,Sữa Tắm - Gội Cho Bé,Chăm Sóc Bé
Kem đánh răng trẻ em Aquafresh big teeth 6+,Chăm Sóc Cá Nhân Cho Bé,Chăm Sóc Bé
Bàn chải đánh răng Jordan Step 2 cho trẻ 3 - 5 tuổi (Giao màu ngẫu nhiên),Chăm Sóc Cá Nhân Cho Bé,Chăm Sóc Bé
Nước súc miệng P/S Expert Protection Pro Complete chai 500ml,Chăm Sóc Cá Nhân Cho Bé,Chăm Sóc Bé
Bàn chải cho bé 1 - 5 tuổi Lipzo Kids 1 lông mềm (giao màu ngẫu nhiên),Chăm Sóc Cá Nhân Cho Bé,Chăm Sóc Bé
Sữa tắm gội trẻ em hằng ngày Milky Lactacyd 250ml,Sữa Tắm - Gội Cho Bé,Chăm Sóc Bé
Tã quần Bobby XL48 48 miếng,Tã - Bỉm,Chăm Sóc Bé
Tã quần Huggies Dry L68,Tã - Bỉm,Chăm Sóc Bé
Tã quần Bobby XXL44,Tã - Bỉm,Chăm Sóc Bé
Tã dán người lớn Sunmate M10,Tã - Bỉm,Chăm Sóc Bé
Nước súc miệng Listerine Trẻ em hương dâu 250ml,Chăm Sóc Cá Nhân Cho Bé,Chăm Sóc Bé
Kem đánh răng trẻ em Lipzo vị chuối 75g,Chăm Sóc Cá Nhân Cho Bé,Chăm Sóc Bé
Lốc 4 hộp sữa dinh dưỡng pha sẵn Vinamilk Yoko Gold 110mll,Sữa Bột - Sữa Dinh Dưỡng,Chăm Sóc Bé
Sữa Sôcôla Lúa Mạch SuSu - Lốc 6 Chai 80ml,Sữa Bột - Sữa Dinh Dưỡng,Chăm Sóc Bé
Tã dán người lớn Sunmate ADP M/L18,Tã - Bỉm,Chăm Sóc Bé
Bàn chải đánh răng Oral Clean Royal Kid Soft màu xanh,Chăm Sóc Cá Nhân Cho Bé,Chăm Sóc Bé
Miếng lót Under Pad,Tã - Bỉm,Chăm Sóc Bé
Bàn chải cho bé 2 - 6 tuổi P/S lông chải siêu mềm,Chăm Sóc Cá Nhân Cho Bé,Chăm Sóc Bé
Sữa tắm gội trẻ em Lactacyd Milky chai 500ml,Sữa Tắm - Gội Cho Bé,Chăm Sóc Bé
Sữa nước Abbott Pediasure BA 3+ hương vani 237ml,Sữa Bột - Sữa Dinh Dưỡng,Chăm Sóc Bé
Sữa tắm gội toàn thân Carrie Junior hương chery chai 700g,Sữa Tắm - Gội Cho Bé,Chăm Sóc Bé
Sữa tắm gội toàn thân Carrie Junior hương nho chai 700g,Sữa Tắm - Gội Cho Bé,Chăm Sóc Bé
Sữa tắm gội toàn thân Carrie Junior tinh chất sữa chai 700g,Sữa Tắm - Gội Cho Bé,Chăm Sóc Bé
Bàn chải đánh răng trẻ em Colgate Ultra Soft siêu mềm Barbie/Spiderman,Chăm Sóc Cá Nhân Cho Bé,Chăm Sóc Bé
Bộ 2 bàn chải đánh răng P/S lông tơ mềm mại,Chăm Sóc Cá Nhân Cho Bé,Chăm Sóc Bé
Kem đánh răng trẻ em P/S hương cam 2-6 tuổi 45g,Chăm Sóc Cá Nhân Cho Bé,Chăm Sóc Bé
Kem đánh răng trẻ em P/S hương dâu và trái cây hộp 35g,Sữa Bột - Sữa Dinh Dưỡng,Chăm Sóc Bé
Miếng lót sơ sinh Bobby fresh newborn 1 - 64 miếng,Tã - Bỉm,Chăm Sóc Bé
Sữa tắm gội toàn thân Johnson's mềm mịn như bông 500ml,Sữa Tắm - Gội Cho Bé,Chăm Sóc Bé
Kem đánh răng trẻ em Colgate Minions 80g,Chăm Sóc Cá Nhân Cho Bé,Chăm Sóc Bé
Kem đánh răng Oral Clean Tom&Jerry Tutti Frutti 75ml,Chăm Sóc Cá Nhân Cho Bé,Chăm Sóc Bé
Bàn chải đánh răng P/S trẻ em 2-6 tuổi cao cấp,Chăm Sóc Cá Nhân Cho Bé,Chăm Sóc Bé
Tã quần Unidry M60,Tã - Bỉm,Chăm Sóc Bé
Tã quần Unidry XXL44,Tã - Bỉm,Chăm Sóc Bé
Tã quần Unidry L54,Tã - Bỉm,Chăm Sóc Bé
Tã quần Unidry XL48,Tã - Bỉm,Chăm Sóc Bé
Tã quần người lớn Sunmate L8,Tã - Bỉm,Chăm Sóc Bé
Dép lê Xuyên Á H21 108 size 36,Chăm Sóc Cá Nhân Cho Bé,Chăm Sóc Bé
Tã quần Huggies dry pants big jumbo L38,Tã - Bỉm,Chăm Sóc Bé
Sữa tắm gội toàn thân không cay mắt Johnson's Baby 500ml,Sữa Tắm - Gội Cho Bé,Chăm Sóc Bé
Tã dán người lớn Sunmate ADP M/L18,Tã - Bỉm,Chăm Sóc Bé
Tã quần người lớn Sunmate L8,Tã - Bỉm,Chăm Sóc Bé
Sữa dinh dưỡng NutiFood Grow Plus+ lốc 4 hộp x 110ml,Sữa Bột - Sữa Dinh Dưỡng,Chăm Sóc Bé
Sữa dinh dưỡng hương vani Grow Plus+ NutiFood lốc 4 hộp x 180ml,Sữa Bột - Sữa Dinh Dưỡng,Chăm Sóc Bé
PEDIASURE TPDD hương vani 180ml,Sữa Bột - Sữa Dinh Dưỡng,Chăm Sóc Bé
Lốc 4 hộp sữa dinh dưỡng Abbott Grow 180ml,Sữa Bột - Sữa Dinh Dưỡng,Chăm Sóc Bé
PEDIASURE TPDD hương vani 110ml,Sữa Bột - Sữa Dinh Dưỡng,Chăm Sóc Bé
Sữa dinh dưỡng Abbott Similac HMO hương vani 110ml - Lốc 4 hộp,Sữa Bột - Sữa Dinh Dưỡng,Chăm Sóc Bé
Lốc 4 hộp sữa dinh dưỡng Similac Eye-Q hương vani 180ml,Sữa Bột - Sữa Dinh Dưỡng,Chăm Sóc Bé
Lốc 4 hộp sữa dinh dưỡng Abbott Grow hương vani 110ml,Sữa Bột - Sữa Dinh Dưỡng,Chăm Sóc Bé
Lốc 4 hộp sữa dinh dưỡng pha sẵn NutiFood Grow Plus+ vani hộp 110ml,Sữa Bột - Sữa Dinh Dưỡng,Chăm Sóc Bé
Sữa bột pha sẵn hương vani Grow Plus+ NutiFood lốc 4 hộp x 180ml,Sữa Bột - Sữa Dinh Dưỡng,Chăm Sóc Bé
Sữa bột Nutifood nutri nguyên kem 900g,Sữa Bột - Sữa Dinh Dưỡng,Chăm Sóc Bé
Sữa bột hương vani Abbott Grow G-Power 3 - 6 tuổi 900g,Sữa Bột - Sữa Dinh Dưỡng,Chăm Sóc Bé
Kem đánh răng trẻ em Aquafresh big teeth 6+,Chăm Sóc Cá Nhân Cho Bé,Chăm Sóc Bé
Bàn chải đánh răng Jordan Step 2 cho trẻ 3 - 5 tuổi (Giao màu ngẫu nhiên),Chăm Sóc Cá Nhân Cho Bé,Chăm Sóc Bé
Nước súc miệng P/S Expert Protection Pro Complete chai 500ml,Chăm Sóc Cá Nhân Cho Bé,Chăm Sóc Bé
Bàn chải cho bé 1 - 5 tuổi Lipzo Kids 1 lông mềm (giao màu ngẫu nhiên),Chăm Sóc Cá Nhân Cho Bé,Chăm Sóc Bé
Sữa tắm gội trẻ em hằng ngày Milky Lactacyd 250ml,Sữa Tắm - Gội Cho Bé,Chăm Sóc Bé
Tã quần Bobby XL48 48 miếng,Tã - Bỉm,Chăm Sóc Bé
Tã quần Huggies Dry L68,Tã - Bỉm,Chăm Sóc Bé
Tã quần Bobby XXL44,Tã - Bỉm,Chăm Sóc Bé
Sữa bột Nutifood Nuvi Grow 4 900g,Sữa Bột - Sữa Dinh Dưỡng,Chăm Sóc Bé
Sữa bột Nutifood GrowPlus trên 1 tuổi lon 850g,Sữa Bột - Sữa Dinh Dưỡng,Chăm Sóc Bé
Tã dán người lớn Sunmate M10,Tã - Bỉm,Chăm Sóc Bé
Kem đánh răng trẻ em Lipzo vị chuối 75g,Chăm Sóc Cá Nhân Cho Bé,Chăm Sóc Bé
Lốc 4 hộp sữa dinh dưỡng pha sẵn Vinamilk Yoko Gold 110mll,Sữa Bột - Sữa Dinh Dưỡng,Chăm Sóc Bé
Sữa Sôcôla Lúa Mạch SuSu - Lốc 6 Chai 80ml,Sữa Bột - Sữa Dinh Dưỡng,Chăm Sóc Bé
Bàn chải đánh răng Oral Clean Royal Kid Soft màu xanh,Chăm Sóc Cá Nhân Cho Bé,Chăm Sóc Bé
Miếng lót Under Pad,Tã - Bỉm,Chăm Sóc Bé
Bàn chải cho bé 2 - 6 tuổi P/S lông chải siêu mềm,Chăm Sóc Cá Nhân Cho Bé,Chăm Sóc Bé
Sữa tắm gội trẻ em Lactacyd Milky chai 500ml,Sữa Tắm - Gội Cho Bé,Chăm Sóc Bé
Sữa tắm gội toàn thân Carrie Junior tinh chất sữa chai 700g,Sữa Tắm - Gội Cho Bé,Chăm Sóc Bé
Sữa tắm gội toàn thân Carrie Junior hương nho chai 700g,Sữa Tắm - Gội Cho Bé,Chăm Sóc Bé
Sữa tắm gội toàn thân Carrie Junior hương chery chai 700g,Sữa Tắm - Gội Cho Bé,Chăm Sóc Bé
Sữa nước Abbott Pediasure BA 3+ hương vani 237ml,Sữa Bột - Sữa Dinh Dưỡng,Chăm Sóc Bé
Bàn chải đánh răng trẻ em Colgate Ultra Soft siêu mềm Barbie/Spiderman,Chăm Sóc Cá Nhân Cho Bé,Chăm Sóc Bé
Bộ 2 bàn chải đánh răng P/S lông tơ mềm mại,Chăm Sóc Cá Nhân Cho Bé,Chăm Sóc Bé
Kem đánh răng trẻ em P/S hương cam 2-6 tuổi 45g,Chăm Sóc Cá Nhân Cho Bé,Chăm Sóc Bé
Kem đánh răng trẻ em P/S hương dâu và trái cây hộp 35g,Sữa Bột - Sữa Dinh Dưỡng,Chăm Sóc Bé
Miếng lót sơ sinh Bobby fresh newborn 1 - 64 miếng,Tã - Bỉm,Chăm Sóc Bé
BOBBY Miếng lót newborn1 108 miếng,Tã - Bỉm,Chăm Sóc Bé
Sữa tắm gội toàn thân Johnson's mềm mịn như bông 500ml,Sữa Tắm - Gội Cho Bé,Chăm Sóc Bé
Kem đánh răng trẻ em Colgate Minions 80g,Chăm Sóc Cá Nhân Cho Bé,Chăm Sóc Bé
Kem đánh răng Oral Clean Tom&Jerry Tutti Frutti 75ml,Chăm Sóc Cá Nhân Cho Bé,Chăm Sóc Bé
Bàn chải đánh răng P/S trẻ em 2-6 tuổi cao cấp,Chăm Sóc Cá Nhân Cho Bé,Chăm Sóc Bé
Tã quần Unidry M60,Tã - Bỉm,Chăm Sóc Bé
Tã quần Unidry L54,Tã - Bỉm,Chăm Sóc Bé
Tã quần Unidry XXL44,Tã - Bỉm,Chăm Sóc Bé
Tã quần Unidry XL48,Tã - Bỉm,Chăm Sóc Bé
Dép lê Xuyên Á H21 108 size 36,Chăm Sóc Cá Nhân Cho Bé,Chăm Sóc Bé
Tã quần Huggies dry pants big jumbo L38,Tã - Bỉm,Chăm Sóc Bé
Nước súc miệng Listerine Trẻ em hương dâu 250ml,Chăm Sóc Cá Nhân Cho Bé,Chăm Sóc Bé
Sữa tắm gội toàn thân không cay mắt Johnson's Baby 500ml,Sữa Tắm - Gội Cho Bé,Chăm Sóc Bé
Tã dán người lớn Sunmate ADP M/L18,Tã - Bỉm,Chăm Sóc Bé
Tã quần người lớn Sunmate L8,Tã - Bỉm,Chăm Sóc Bé
Sữa dinh dưỡng NutiFood Grow Plus+ lốc 4 hộp x 110ml,Sữa Bột - Sữa Dinh Dưỡng,Chăm Sóc Bé
Sữa dinh dưỡng hương vani Grow Plus+ NutiFood lốc 4 hộp x 180ml,Sữa Bột - Sữa Dinh Dưỡng,Chăm Sóc Bé
Lốc 4 hộp Sữa GrowPLUS+ Ít đường hộp 110ml,Sữa Bột - Sữa Dinh Dưỡng,Chăm Sóc Bé
PEDIASURE TPDD hương vani 180ml,Sữa Bột - Sữa Dinh Dưỡng,Chăm Sóc Bé
Lốc 4 hộp sữa dinh dưỡng Abbott Grow 180ml,Sữa Bột - Sữa Dinh Dưỡng,Chăm Sóc Bé
PEDIASURE TPDD hương vani 110ml,Sữa Bột - Sữa Dinh Dưỡng,Chăm Sóc Bé
Lốc 4 hộp sữa dinh dưỡng Pediasure vani 10+ 180ml,Sữa Bột - Sữa Dinh Dưỡng,Chăm Sóc Bé
Sữa dinh dưỡng Abbott Similac HMO hương vani 110ml - Lốc 4 hộp,Sữa Bột - Sữa Dinh Dưỡng,Chăm Sóc Bé
Lốc 4 hộp sữa dinh dưỡng Similac Eye-Q hương vani 180ml,Sữa Bột - Sữa Dinh Dưỡng,Chăm Sóc Bé
Lốc 4 hộp sữa dinh dưỡng Abbott Grow hương vani 110ml,Sữa Bột - Sữa Dinh Dưỡng,Chăm Sóc Bé
Lốc 4 hộp sữa dinh dưỡng pha sẵn NutiFood Grow Plus+ vani hộp 110ml,Sữa Bột - Sữa Dinh Dưỡng,Chăm Sóc Bé
Sữa bột pha sẵn hương vani Grow Plus+ NutiFood lốc 4 hộp x 180ml,Sữa Bột - Sữa Dinh Dưỡng,Chăm Sóc Bé
Sữa bột Nutifood nutri nguyên kem 900g,Sữa Bột - Sữa Dinh Dưỡng,Chăm Sóc Bé
Sữa bột hương vani Abbott Grow G-Power 3 - 6 tuổi 900g,Sữa Bột - Sữa Dinh Dưỡng,Chăm Sóc Bé
Kem đánh răng trẻ em Aquafresh big teeth 6+,Chăm Sóc Cá Nhân Cho Bé,Chăm Sóc Bé
Bàn chải đánh răng Jordan Step 2 cho trẻ 3 - 5 tuổi (Giao màu ngẫu nhiên),Chăm Sóc Cá Nhân Cho Bé,Chăm Sóc Bé
Nước súc miệng P/S Expert Protection Pro Complete chai 500ml,Chăm Sóc Cá Nhân Cho Bé,Chăm Sóc Bé
Bàn chải cho bé 1 - 5 tuổi Lipzo Kids 1 lông mềm (giao màu ngẫu nhiên),Chăm Sóc Cá Nhân Cho Bé,Chăm Sóc Bé
Sữa tắm gội trẻ em hằng ngày Milky Lactacyd 250ml,Sữa Tắm - Gội Cho Bé,Chăm Sóc Bé
Tã quần Bobby XL48 48 miếng,Tã - Bỉm,Chăm Sóc Bé
Tã quần Huggies Dry L68,Tã - Bỉm,Chăm Sóc Bé
Tã quần Bobby XXL44,Tã - Bỉm,Chăm Sóc Bé
Sữa bột Nutifood Nuvi Grow 4 900g,Sữa Bột - Sữa Dinh Dưỡng,Chăm Sóc Bé
Sữa bột Nutifood GrowPlus trên 1 tuổi lon 850g,Sữa Bột - Sữa Dinh Dưỡng,Chăm Sóc Bé
Tã dán người lớn Sunmate M10,Tã - Bỉm,Chăm Sóc Bé
Kem đánh răng trẻ em Lipzo vị chuối 75g,Chăm Sóc Cá Nhân Cho Bé,Chăm Sóc Bé
Lốc 4 hộp sữa dinh dưỡng pha sẵn Vinamilk Yoko Gold 110mll,Sữa Bột - Sữa Dinh Dưỡng,Chăm Sóc Bé
Sữa Sôcôla Lúa Mạch SuSu - Lốc 6 Chai 80ml,Sữa Bột - Sữa Dinh Dưỡng,Chăm Sóc Bé
Bàn chải đánh răng Oral Clean Royal Kid Soft màu xanh,Chăm Sóc Cá Nhân Cho Bé,Chăm Sóc Bé
Miếng lót Under Pad,Tã - Bỉm,Chăm Sóc Bé
Bàn chải cho bé 2 - 6 tuổi P/S lông chải siêu mềm,Chăm Sóc Cá Nhân Cho Bé,Chăm Sóc Bé
Sữa tắm gội trẻ em Lactacyd Milky chai 500ml,Sữa Tắm - Gội Cho Bé,Chăm Sóc Bé
Sữa tắm gội toàn thân Carrie Junior hương chery chai 700g,Sữa Tắm - Gội Cho Bé,Chăm Sóc Bé
Sữa tắm gội toàn thân Carrie Junior tinh chất sữa chai 700g,Sữa Tắm - Gội Cho Bé,Chăm Sóc Bé
Sữa tắm gội toàn thân Carrie Junior hương nho chai 700g,Sữa Tắm - Gội Cho Bé,Chăm Sóc Bé
Sữa nước Abbott Pediasure BA 3+ hương vani 237ml,Sữa Bột - Sữa Dinh Dưỡng,Chăm Sóc Bé
Bàn chải đánh răng trẻ em Colgate Ultra Soft siêu mềm Barbie/Spiderman,Chăm Sóc Cá Nhân Cho Bé,Chăm Sóc Bé
Bộ 2 bàn chải đánh răng P/S lông tơ mềm mại,Chăm Sóc Cá Nhân Cho Bé,Chăm Sóc Bé
Kem đánh răng trẻ em P/S hương cam 2-6 tuổi 45g,Chăm Sóc Cá Nhân Cho Bé,Chăm Sóc Bé
Kem đánh răng trẻ em P/S hương dâu và trái cây hộp 35g,Sữa Bột - Sữa Dinh Dưỡng,Chăm Sóc Bé
Miếng lót sơ sinh Bobby fresh newborn 1 - 64 miếng,Tã - Bỉm,Chăm Sóc Bé
BOBBY Miếng lót newborn1 108 miếng,Tã - Bỉm,Chăm Sóc Bé
Sữa tắm gội toàn thân Johnson's mềm mịn như bông 500ml,Sữa Tắm - Gội Cho Bé,Chăm Sóc Bé
Kem đánh răng trẻ em Colgate Minions 80g,Chăm Sóc Cá Nhân Cho Bé,Chăm Sóc Bé
Kem đánh răng Oral Clean Tom&Jerry Tutti Frutti 75ml,Chăm Sóc Cá Nhân Cho Bé,Chăm Sóc Bé
Bàn chải đánh răng P/S trẻ em 2-6 tuổi cao cấp,Chăm Sóc Cá Nhân Cho Bé,Chăm Sóc Bé
Tã quần Unidry M60,Tã - Bỉm,Chăm Sóc Bé
Tã quần Unidry L54,Tã - Bỉm,Chăm Sóc Bé
Tã quần Unidry XL48,Tã - Bỉm,Chăm Sóc Bé
Tã quần Unidry XXL44,Tã - Bỉm,Chăm Sóc Bé
Dép lê Xuyên Á H21 108 size 36,Chăm Sóc Cá Nhân Cho Bé,Chăm Sóc Bé
Sữa tắm gội trẻ em hằng ngày Milky Lactacyd 250ml,Sữa Tắm - Gội Cho Bé,Chăm Sóc Bé
Lốc 4 hộp sữa dinh dưỡng pha sẵn NutiFood Grow Plus+ vani hộp 110ml,Sữa Bột - Sữa Dinh Dưỡng,Chăm Sóc Bé
Sữa bột pha sẵn hương vani Grow Plus+ NutiFood lốc 4 hộp x 180ml,Sữa Bột - Sữa Dinh Dưỡng,Chăm Sóc Bé
Sữa dinh dưỡng NutiFood Grow Plus+ lốc 4 hộp x 110ml,Sữa Bột - Sữa Dinh Dưỡng,Chăm Sóc Bé
SPDDDPS GrowPLUS+ Ít đường hộp 110ml,Sữa Bột - Sữa Dinh Dưỡng,Chăm Sóc Bé
Sữa Sôcôla Lúa Mạch SuSu - Lốc 6 Chai 80ml,Sữa Bột - Sữa Dinh Dưỡng,Chăm Sóc Bé
Sữa tắm gội toàn thân Carrie Junior hương chery chai 700g,Sữa Tắm - Gội Cho Bé,Chăm Sóc Bé
Sữa tắm gội toàn thân Carrie Junior hương nho chai 700g,Sữa Tắm - Gội Cho Bé,Chăm Sóc Bé
Sữa tắm gội toàn thân Carrie Junior tinh chất sữa chai 700g,Sữa Tắm - Gội Cho Bé,Chăm Sóc Bé
Lốc 4 hộp sữa dinh dưỡng Abbott Grow 180ml,Sữa Bột - Sữa Dinh Dưỡng,Chăm Sóc Bé
PEDIASURE TPDD hương vani 180ml,Sữa Bột - Sữa Dinh Dưỡng,Chăm Sóc Bé
PEDIASURE TPDD hương vani 110ml,Sữa Bột - Sữa Dinh Dưỡng,Chăm Sóc Bé
Lốc 4 hộp sữa dinh dưỡng Pediasure vani 10+ 180ml,Sữa Bột - Sữa Dinh Dưỡng,Chăm Sóc Bé
Sữa dinh dưỡng Abbott Similac HMO hương vani 110ml - Lốc 4 hộp,Sữa Bột - Sữa Dinh Dưỡng,Chăm Sóc Bé
Lốc 4 hộp sữa dinh dưỡng Similac Eye-Q hương vani 180ml,Sữa Bột - Sữa Dinh Dưỡng,Chăm Sóc Bé
Lốc 4 hộp sữa dinh dưỡng Abbott Grow hương vani 110ml,Sữa Bột - Sữa Dinh Dưỡng,Chăm Sóc Bé
Sữa bột Nutifood nutri nguyên kem 900g,Sữa Bột - Sữa Dinh Dưỡng,Chăm Sóc Bé
Sữa bột hương vani Abbott Grow G-Power 3 - 6 tuổi 900g,Sữa Bột - Sữa Dinh Dưỡng,Chăm Sóc Bé
Sữa dinh dưỡng hương vani Grow Plus+ NutiFood lốc 4 hộp x 180ml,Sữa Bột - Sữa Dinh Dưỡng,Chăm Sóc Bé
Sữa tắm gội toàn thân không cay mắt Johnson's Baby 500ml,Sữa Tắm - Gội Cho Bé,Chăm Sóc Bé
Kem đánh răng trẻ em Aquafresh big teeth 6+,Chăm Sóc Cá Nhân Cho Bé,Chăm Sóc Bé
Bàn chải đánh răng Jordan Step 2 cho trẻ 3 - 5 tuổi (Giao màu ngẫu nhiên),Chăm Sóc Cá Nhân Cho Bé,Chăm Sóc Bé
Nước súc miệng P/S Expert Protection Pro Complete chai 500ml,Chăm Sóc Cá Nhân Cho Bé,Chăm Sóc Bé
Bàn chải cho bé 1 - 5 tuổi Lipzo Kids 1 lông mềm (giao màu ngẫu nhiên),Chăm Sóc Cá Nhân Cho Bé,Chăm Sóc Bé
Tã quần Bobby XL48 48 miếng,Tã - Bỉm,Chăm Sóc Bé
Tã quần Huggies Dry L68,Tã - Bỉm,Chăm Sóc Bé
Tã quần Bobby XXL44,Tã - Bỉm,Chăm Sóc Bé
Sữa bột Nutifood Nuvi Grow 4 900g,Sữa Bột - Sữa Dinh Dưỡng,Chăm Sóc Bé
Sữa bột Nutifood GrowPlus trên 1 tuổi lon 850g,Sữa Bột - Sữa Dinh Dưỡng,Chăm Sóc Bé
Tã dán người lớn Sunmate M10,Tã - Bỉm,Chăm Sóc Bé
Tã quần Huggies dry pants big jumbo L38,Tã - Bỉm,Chăm Sóc Bé
Nước súc miệng Listerine Trẻ em hương dâu 250ml,Chăm Sóc Cá Nhân Cho Bé,Chăm Sóc Bé
Kem đánh răng trẻ em Lipzo vị chuối 75g,Chăm Sóc Cá Nhân Cho Bé,Chăm Sóc Bé
Lốc 4 hộp sữa dinh dưỡng pha sẵn Vinamilk Yoko Gold 110mll,Sữa Bột - Sữa Dinh Dưỡng,Chăm Sóc Bé
Tã dán người lớn Sunmate ADP M/L18,Tã - Bỉm,Chăm Sóc Bé
Bàn chải đánh răng Oral Clean Royal Kid Soft màu xanh,Chăm Sóc Cá Nhân Cho Bé,Chăm Sóc Bé
Miếng lót Under Pad,Tã - Bỉm,Chăm Sóc Bé
Bàn chải cho bé 2 - 6 tuổi P/S lông chải siêu mềm,Chăm Sóc Cá Nhân Cho Bé,Chăm Sóc Bé
Sữa tắm gội trẻ em Lactacyd Milky chai 500ml,Sữa Tắm - Gội Cho Bé,Chăm Sóc Bé
Sữa nước Abbott Pediasure BA 3+ hương vani 237ml,Sữa Bột - Sữa Dinh Dưỡng,Chăm Sóc Bé
Bàn chải đánh răng trẻ em Colgate Ultra Soft siêu mềm Barbie/Spiderman,Chăm Sóc Cá Nhân Cho Bé,Chăm Sóc Bé
Bộ 2 bàn chải đánh răng P/S lông tơ mềm mại,Chăm Sóc Cá Nhân Cho Bé,Chăm Sóc Bé
Kem đánh răng trẻ em P/S hương dâu và trái cây hộp 35g,Sữa Bột - Sữa Dinh Dưỡng,Chăm Sóc Bé
Kem đánh răng trẻ em P/S hương cam 2-6 tuổi 45g,Chăm Sóc Cá Nhân Cho Bé,Chăm Sóc Bé
Miếng lót sơ sinh Bobby fresh newborn 1 - 64 miếng,Tã - Bỉm,Chăm Sóc Bé
Sữa tắm gội toàn thân Johnson's mềm mịn như bông 500ml,Sữa Tắm - Gội Cho Bé,Chăm Sóc Bé
Kem đánh răng Oral Clean Tom&Jerry Tutti Frutti 75ml,Chăm Sóc Cá Nhân Cho Bé,Chăm Sóc Bé
Bàn chải đánh răng P/S trẻ em 2-6 tuổi cao cấp,Chăm Sóc Cá Nhân Cho Bé,Chăm Sóc Bé
Tã quần Unidry M60,Tã - Bỉm,Chăm Sóc Bé
Tã quần Unidry L54,Tã - Bỉm,Chăm Sóc Bé
Tã quần Unidry XL48,Tã - Bỉm,Chăm Sóc Bé
Tã quần Unidry XXL44,Tã - Bỉm,Chăm Sóc Bé
Tã quần người lớn Sunmate L8,Tã - Bỉm,Chăm Sóc Bé
Dép lê Xuyên Á H21 108 size 36,Chăm Sóc Cá Nhân Cho Bé,Chăm Sóc Bé
Tã quần Huggies dry pants big jumbo L38,Tã - Bỉm,Chăm Sóc Bé
Sữa tắm gội toàn thân không cay mắt Johnson's Baby 500ml,Sữa Tắm - Gội Cho Bé,Chăm Sóc Bé
Tã dán người lớn Sunmate ADP M/L18,Tã - Bỉm,Chăm Sóc Bé
Tã quần người lớn Sunmate L8,Tã - Bỉm,Chăm Sóc Bé
Sữa dinh dưỡng NutiFood Grow Plus+ lốc 4 hộp x 110ml,Sữa Bột - Sữa Dinh Dưỡng,Chăm Sóc Bé
Sữa dinh dưỡng hương vani Grow Plus+ NutiFood lốc 4 hộp x 180ml,Sữa Bột - Sữa Dinh Dưỡng,Chăm Sóc Bé
PEDIASURE TPDD hương vani 180ml,Sữa Bột - Sữa Dinh Dưỡng,Chăm Sóc Bé
Lốc 4 hộp sữa dinh dưỡng Abbott Grow 180ml,Sữa Bột - Sữa Dinh Dưỡng,Chăm Sóc Bé
PEDIASURE TPDD hương vani 110ml,Sữa Bột - Sữa Dinh Dưỡng,Chăm Sóc Bé
Sữa dinh dưỡng Abbott Similac HMO hương vani 110ml - Lốc 4 hộp,Sữa Bột - Sữa Dinh Dưỡng,Chăm Sóc Bé
Lốc 4 hộp sữa dinh dưỡng Similac Eye-Q hương vani 180ml,Sữa Bột - Sữa Dinh Dưỡng,Chăm Sóc Bé
Lốc 4 hộp sữa dinh dưỡng Abbott Grow hương vani 110ml,Sữa Bột - Sữa Dinh Dưỡng,Chăm Sóc Bé
Lốc 4 hộp sữa dinh dưỡng pha sẵn NutiFood Grow Plus+ vani hộp 110ml,Sữa Bột - Sữa Dinh Dưỡng,Chăm Sóc Bé
Sữa bột pha sẵn hương vani Grow Plus+ NutiFood lốc 4 hộp x 180ml,Sữa Bột - Sữa Dinh Dưỡng,Chăm Sóc Bé
Sữa bột Nutifood nutri nguyên kem 900g,Sữa Bột - Sữa Dinh Dưỡng,Chăm Sóc Bé
Sữa bột hương vani Abbott Grow G-Power 3 - 6 tuổi 900g,Sữa Bột - Sữa Dinh Dưỡng,Chăm Sóc Bé
Kem đánh răng trẻ em Aquafresh big teeth 6+,Chăm Sóc Cá Nhân Cho Bé,Chăm Sóc Bé
Bàn chải đánh răng Jordan Step 2 cho trẻ 3 - 5 tuổi (Giao màu ngẫu nhiên),Chăm Sóc Cá Nhân Cho Bé,Chăm Sóc Bé
Nước súc miệng P/S Expert Protection Pro Complete chai 500ml,Chăm Sóc Cá Nhân Cho Bé,Chăm Sóc Bé
Bàn chải cho bé 1 - 5 tuổi Lipzo Kids 1 lông mềm (giao màu ngẫu nhiên),Chăm Sóc Cá Nhân Cho Bé,Chăm Sóc Bé
Sữa tắm gội trẻ em hằng ngày Milky Lactacyd 250ml,Sữa Tắm - Gội Cho Bé,Chăm Sóc Bé
Tã quần Bobby XL48 48 miếng,Tã - Bỉm,Chăm Sóc Bé
Tã quần Huggies Dry L68,Tã - Bỉm,Chăm Sóc Bé
Tã quần Bobby XXL44,Tã - Bỉm,Chăm Sóc Bé
Sữa bột Nutifood Nuvi Grow 4 900g,Sữa Bột - Sữa Dinh Dưỡng,Chăm Sóc Bé
Sữa bột Nutifood GrowPlus trên 1 tuổi lon 850g,Sữa Bột - Sữa Dinh Dưỡng,Chăm Sóc Bé
Tã dán người lớn Sunmate M10,Tã - Bỉm,Chăm Sóc Bé
Kem đánh răng trẻ em Lipzo vị chuối 75g,Chăm Sóc Cá Nhân Cho Bé,Chăm Sóc Bé
Lốc 4 hộp sữa dinh dưỡng pha sẵn Vinamilk Yoko Gold 110mll,Sữa Bột - Sữa Dinh Dưỡng,Chăm Sóc Bé
Sữa Sôcôla Lúa Mạch SuSu - Lốc 6 Chai 80ml,Sữa Bột - Sữa Dinh Dưỡng,Chăm Sóc Bé
Bàn chải đánh răng Oral Clean Royal Kid Soft màu xanh,Chăm Sóc Cá Nhân Cho Bé,Chăm Sóc Bé
Miếng lót Under Pad,Tã - Bỉm,Chăm Sóc Bé
Bàn chải cho bé 2 - 6 tuổi P/S lông chải siêu mềm,Chăm Sóc Cá Nhân Cho Bé,Chăm Sóc Bé
Sữa tắm gội trẻ em Lactacyd Milky chai 500ml,Sữa Tắm - Gội Cho Bé,Chăm Sóc Bé
Sữa nước Abbott Pediasure BA 3+ hương vani 237ml,Sữa Bột - Sữa Dinh Dưỡng,Chăm Sóc Bé
Sữa tắm gội toàn thân Carrie Junior hương nho chai 700g,Sữa Tắm - Gội Cho Bé,Chăm Sóc Bé
Sữa tắm gội toàn thân Carrie Junior hương chery chai 700g,Sữa Tắm - Gội Cho Bé,Chăm Sóc Bé
Sữa tắm gội toàn thân Carrie Junior tinh chất sữa chai 700g,Sữa Tắm - Gội Cho Bé,Chăm Sóc Bé
Bàn chải đánh răng trẻ em Colgate Ultra Soft siêu mềm Barbie/Spiderman,Chăm Sóc Cá Nhân Cho Bé,Chăm Sóc Bé
Bộ 2 bàn chải đánh răng P/S lông tơ mềm mại,Chăm Sóc Cá Nhân Cho Bé,Chăm Sóc Bé
Kem đánh răng trẻ em P/S hương cam 2-6 tuổi 45g,Chăm Sóc Cá Nhân Cho Bé,Chăm Sóc Bé
Kem đánh răng trẻ em P/S hương dâu và trái cây hộp 35g,Sữa Bột - Sữa Dinh Dưỡng,Chăm Sóc Bé
Miếng lót sơ sinh Bobby fresh newborn 1 - 64 miếng,Tã - Bỉm,Chăm Sóc Bé
BOBBY Miếng lót newborn1 108 miếng,Tã - Bỉm,Chăm Sóc Bé
Kem đánh răng trẻ em Colgate Minions 80g,Chăm Sóc Cá Nhân Cho Bé,Chăm Sóc Bé
Sữa tắm gội toàn thân Johnson's mềm mịn như bông 500ml,Sữa Tắm - Gội Cho Bé,Chăm Sóc Bé
Kem đánh răng Oral Clean Tom&Jerry Tutti Frutti 75ml,Chăm Sóc Cá Nhân Cho Bé,Chăm Sóc Bé
Bàn chải đánh răng P/S trẻ em 2-6 tuổi cao cấp,Chăm Sóc Cá Nhân Cho Bé,Chăm Sóc Bé
Tã quần Unidry M60,Tã - Bỉm,Chăm Sóc Bé
Tã quần Unidry L54,Tã - Bỉm,Chăm Sóc Bé
Tã quần Unidry XL48,Tã - Bỉm,Chăm Sóc Bé
Tã quần Unidry XXL44,Tã - Bỉm,Chăm Sóc Bé
Dép lê Xuyên Á H21 108 size 36,Chăm Sóc Cá Nhân Cho Bé,Chăm Sóc Bé
Lốc 4 hộp sữa dinh dưỡng pha sẵn NutiFood Grow Plus+ vani hộp 110ml,Sữa Bột - Sữa Dinh Dưỡng,Chăm Sóc Bé
Sữa bột pha sẵn hương vani Grow Plus+ NutiFood lốc 4 hộp x 180ml,Sữa Bột - Sữa Dinh Dưỡng,Chăm Sóc Bé
Sữa dinh dưỡng NutiFood Grow Plus+ lốc 4 hộp x 110ml,Sữa Bột - Sữa Dinh Dưỡng,Chăm Sóc Bé
Sữa dinh dưỡng hương vani Grow Plus+ NutiFood lốc 4 hộp x 180ml,Sữa Bột - Sữa Dinh Dưỡng,Chăm Sóc Bé
Lốc 4 hộp sữa dinh dưỡng Abbott Grow 180ml,Sữa Bột - Sữa Dinh Dưỡng,Chăm Sóc Bé
PEDIASURE TPDD hương vani 180ml,Sữa Bột - Sữa Dinh Dưỡng,Chăm Sóc Bé
SPDDDPS GrowPLUS+ Ít đường hộp 110ml,Sữa Bột - Sữa Dinh Dưỡng,Chăm Sóc Bé
PEDIASURE TPDD hương vani 110ml,Sữa Bột - Sữa Dinh Dưỡng,Chăm Sóc Bé
Lốc 4 hộp sữa dinh dưỡng Pediasure vani 10+ 180ml,Sữa Bột - Sữa Dinh Dưỡng,Chăm Sóc Bé
Sữa dinh dưỡng Abbott Similac HMO hương vani 110ml - Lốc 4 hộp,Sữa Bột - Sữa Dinh Dưỡng,Chăm Sóc Bé
Lốc 4 hộp sữa dinh dưỡng Similac Eye-Q hương vani 180ml,Sữa Bột - Sữa Dinh Dưỡng,Chăm Sóc Bé
Lốc 4 hộp sữa dinh dưỡng Abbott Grow hương vani 110ml,Sữa Bột - Sữa Dinh Dưỡng,Chăm Sóc Bé
Sữa bột Nutifood Nuvi Grow 4 900g,Sữa Bột - Sữa Dinh Dưỡng,Chăm Sóc Bé
Sữa bột Nutifood nutri nguyên kem 900g,Sữa Bột - Sữa Dinh Dưỡng,Chăm Sóc Bé
Sữa bột hương vani Abbott Grow G-Power 3 - 6 tuổi 900g,Sữa Bột - Sữa Dinh Dưỡng,Chăm Sóc Bé
Sữa tắm gội toàn thân không cay mắt Johnson's Baby 500ml,Sữa Tắm - Gội Cho Bé,Chăm Sóc Bé
Sữa tắm tinh chất sữa và gạo Johnson & Johnson 500ml,Sữa Tắm - Gội Cho Bé,Chăm Sóc Bé
Kem đánh răng trẻ em Aquafresh big teeth 6+,Chăm Sóc Cá Nhân Cho Bé,Chăm Sóc Bé
Bàn chải đánh răng Jordan Step 2 cho trẻ 3 - 5 tuổi (Giao màu ngẫu nhiên),Chăm Sóc Cá Nhân Cho Bé,Chăm Sóc Bé
Nước súc miệng P/S Expert Protection Pro Complete chai 500ml,Chăm Sóc Cá Nhân Cho Bé,Chăm Sóc Bé
Bàn chải cho bé 1 - 5 tuổi Lipzo Kids 1 lông mềm (giao màu ngẫu nhiên),Chăm Sóc Cá Nhân Cho Bé,Chăm Sóc Bé
Sữa tắm gội trẻ em hằng ngày Milky Lactacyd 250ml,Sữa Tắm - Gội Cho Bé,Chăm Sóc Bé
Tã quần Bobby XL48 48 miếng,Tã - Bỉm,Chăm Sóc Bé
Tã quần Huggies Dry L68,Tã - Bỉm,Chăm Sóc Bé
Tã quần Bobby XXL44,Tã - Bỉm,Chăm Sóc Bé
Tã dán người lớn Sunmate M10,Tã - Bỉm,Chăm Sóc Bé
Nước súc miệng Listerine Trẻ em hương dâu 250ml,Chăm Sóc Cá Nhân Cho Bé,Chăm Sóc Bé
Kem đánh răng trẻ em Lipzo vị chuối 75g,Chăm Sóc Cá Nhân Cho Bé,Chăm Sóc Bé
Lốc 4 hộp sữa dinh dưỡng pha sẵn Vinamilk Yoko Gold 110mll,Sữa Bột - Sữa Dinh Dưỡng,Chăm Sóc Bé
Sữa Sôcôla Lúa Mạch SuSu - Lốc 6 Chai 80ml,Sữa Bột - Sữa Dinh Dưỡng,Chăm Sóc Bé
Tã dán người lớn Sunmate ADP M/L18,Tã - Bỉm,Chăm Sóc Bé
Bàn chải đánh răng Oral Clean Royal Kid Soft màu xanh,Chăm Sóc Cá Nhân Cho Bé,Chăm Sóc Bé
Miếng lót Under Pad,Tã - Bỉm,Chăm Sóc Bé
Bàn chải cho bé 2 - 6 tuổi P/S lông chải siêu mềm,Chăm Sóc Cá Nhân Cho Bé,Chăm Sóc Bé
Sữa tắm gội trẻ em Lactacyd Milky chai 500ml,Sữa Tắm - Gội Cho Bé,Chăm Sóc Bé
Sữa nước Abbott Pediasure BA 3+ hương vani 237ml,Sữa Bột - Sữa Dinh Dưỡng,Chăm Sóc Bé
Sữa tắm gội toàn thân Carrie Junior hương chery chai 700g,Sữa Tắm - Gội Cho Bé,Chăm Sóc Bé
Sữa tắm gội toàn thân Carrie Junior hương nho chai 700g,Sữa Tắm - Gội Cho Bé,Chăm Sóc Bé
Sữa tắm gội toàn thân Carrie Junior tinh chất sữa chai 700g,Sữa Tắm - Gội Cho Bé,Chăm Sóc Bé
Bàn chải đánh răng trẻ em Colgate Ultra Soft siêu mềm Barbie/Spiderman,Chăm Sóc Cá Nhân Cho Bé,Chăm Sóc Bé
Bộ 2 bàn chải đánh răng P/S lông tơ mềm mại,Chăm Sóc Cá Nhân Cho Bé,Chăm Sóc Bé
Kem đánh răng trẻ em P/S hương dâu và trái cây hộp 35g,Sữa Bột - Sữa Dinh Dưỡng,Chăm Sóc Bé
Kem đánh răng trẻ em P/S hương cam 2-6 tuổi 45g,Chăm Sóc Cá Nhân Cho Bé,Chăm Sóc Bé
BOBBY Miếng lót newborn1 108 miếng,Tã - Bỉm,Chăm Sóc Bé
Miếng lót sơ sinh Bobby fresh newborn 1 - 64 miếng,Tã - Bỉm,Chăm Sóc Bé
Sữa tắm gội toàn thân Johnson's mềm mịn như bông 500ml,Sữa Tắm - Gội Cho Bé,Chăm Sóc Bé
Kem đánh răng trẻ em Colgate Minions 80g,Chăm Sóc Cá Nhân Cho Bé,Chăm Sóc Bé
Bàn chải đánh răng P/S trẻ em 2-6 tuổi cao cấp,Chăm Sóc Cá Nhân Cho Bé,Chăm Sóc Bé
Tã quần Unidry M60,Tã - Bỉm,Chăm Sóc Bé
Tã quần Unidry L54,Tã - Bỉm,Chăm Sóc Bé
Tã quần Unidry XXL44,Tã - Bỉm,Chăm Sóc Bé
Tã quần Unidry XL48,Tã - Bỉm,Chăm Sóc Bé
Tã quần người lớn Sunmate L8,Tã - Bỉm,Chăm Sóc Bé
