date,parent_category,brand_quadrant,quadrant_median,generic_median,gap_abs,gap_pct
2025-12-18,Chăm Sóc Bé,household_giant,34400.0,60900.0,-26500.0,-43.51395730706076
2025-12-18,Chăm Sóc Bé,local_value,67000.0,60900.0,6100.0,10.016420361247947
2025-12-18,Chăm Sóc Bé,niche_professional,189500.0,60900.0,128600.0,211.16584564860426
2025-12-18,Chăm Sóc Bé,prestige_leader,123000.0,60900.0,62100.0,101.9704433497537
2025-12-18,Gia Vị,household_giant,41050.0,92400.0,-51350.0,-55.573593073593074
2025-12-18,Gia Vị,local_value,28800.0,92400.0,-63600.0,-68.83116883116884
2025-12-18,Gia Vị,niche_professional,88950.0,92400.0,-3450.0,-3.7337662337662336
2025-12-18,Mì - Thực Phẩm Ăn Liền,household_giant,23350.0,27200.0,-3850.0,-14.154411764705882
2025-12-18,Mì - Thực Phẩm Ăn Liền,niche_professional,12200.0,27200.0,-15000.0,-55.14705882352941
2025-12-18,Rau - Củ - Trái Cây,local_value,47900.0,36320.0,11580.0,31.883259911894275
2025-12-18,Rau - Củ - Trái Cây,niche_professional,46900.0,36320.0,10580.0,29.129955947136565
2025-12-18,Sữa Tươi,household_giant,29650.0,39000.0,-9350.0,-23.974358974358974
2025-12-18,Sữa Tươi,local_value,29900.0,39000.0,-9100.0,-23.333333333333332
2025-12-18,Sữa Tươi,niche_professional,76200.0,39000.0,37200.0,95.38461538461539
2025-12-18,Sữa Tươi,prestige_leader,38600.0,39000.0,-400.0,-1.0256410256410255
2025-12-18,Thực Phẩm Chế Biến,household_giant,49200.0,34950.0,14250.0,40.772532188841204
2025-12-18,Thực Phẩm Chế Biến,local_value,31900.0,34950.0,-3050.0,-8.726752503576538
2025-12-18,Thực Phẩm Chế Biến,niche_professional,122700.0,34950.0,87750.0,251.07296137339054
2025-12-18,Thực Phẩm Khô,household_giant,29000.0,45000.0,-16000.0,-35.55555555555556
2025-12-18,Thực Phẩm Khô,local_value,56800.0,45000.0,11800.0,26.222222222222225
2025-12-18,Thực Phẩm Khô,niche_professional,81300.0,45000.0,36300.0,80.66666666666666
2025-12-18,Thực Phẩm Khô,prestige_leader,145000.0,45000.0,100000.0,222.22222222222223
2025-12-18,Thực Phẩm Đông Lạnh,household_giant,74500.0,77700.0,-3200.0,-4.1184041184041185
2025-12-18,Thực Phẩm Đông Lạnh,local_value,59000.0,77700.0,-18700.0,-24.066924066924066
2025-12-18,Thực Phẩm Đông Lạnh,niche_professional,99650.0,77700.0,21950.0,28.24967824967825
2025-12-18,Trứng - Đậu Hũ,household_giant,60100.0,16050.0,44050.0,274.45482866043614
2025-12-18,Trứng - Đậu Hũ,local_value,27000.0,16050.0,10950.0,68.22429906542055
2025-12-19,Chăm Sóc Bé,household_giant,34400.0,60900.0,-26500.0,-43.51395730706076
2025-12-19,Chăm Sóc Bé,local_value,67000.0,60900.0,6100.0,10.016420361247947
2025-12-19,Chăm Sóc Bé,niche_professional,189500.0,60900.0,128600.0,211.16584564860426
2025-12-19,Chăm Sóc Bé,prestige_leader,123000.0,60900.0,62100.0,101.9704433497537
2025-12-19,Gia Vị,household_giant,40400.0,92400.0,-52000.0,-56.27705627705628
2025-12-19,Gia Vị,local_value,30800.0,92400.0,-61600.0,-66.66666666666666
2025-12-19,Gia Vị,niche_professional,88950.0,92400.0,-3450.0,-3.7337662337662336
2025-12-19,Mì - Thực Phẩm Ăn Liền,household_giant,23350.0,27200.0,-3850.0,-14.154411764705882
2025-12-19,Mì - Thực Phẩm Ăn Liền,niche_professional,12200.0,27200.0,-15000.0,-55.14705882352941
2025-12-19,Rau - Củ - Trái Cây,local_value,47900.0,39900.0,8000.0,20.050125313283207
2025-12-19,Rau - Củ - Trái Cây,niche_professional,46900.0,39900.0,7000.0,17.543859649122805
2025-12-19,Sữa Tươi,household_giant,31250.0,34250.0,-3000.0,-8.75912408759124
2025-12-19,Sữa Tươi,local_value,32200.0,34250.0,-2050.0,-5.985401459854015
2025-12-19,Sữa Tươi,niche_professional,71500.0,34250.0,37250.0,108.75912408759123
2025-12-19,Sữa Tươi,prestige_leader,35200.0,34250.0,950.0,2.7737226277372264
2025-12-19,Thực Phẩm Chế Biến,household_giant,52800.0,34950.0,17850.0,51.072961373390555
2025-12-19,Thực Phẩm Chế Biến,local_value,33050.0,34950.0,-1900.0,-5.436337625178827
2025-12-19,Thực Phẩm Chế Biến,niche_professional,127250.0,34950.0,92300.0,264.09155937052935
2025-12-19,Thực Phẩm Khô,household_giant,29000.0,45000.0,-16000.0,-35.55555555555556
2025-12-19,Thực Phẩm Khô,local_value,56800.0,45000.0,11800.0,26.222222222222225
2025-12-19,Thực Phẩm Khô,niche_professional,81300.0,45000.0,36300.0,80.66666666666666
2025-12-19,Thực Phẩm Khô,prestige_leader,145000.0,45000.0,100000.0,222.22222222222223
2025-12-19,Thực Phẩm Đông Lạnh,household_giant,74500.0,77700.0,-3200.0,-4.1184041184041185
2025-12-19,Thực Phẩm Đông Lạnh,local_value,59000.0,77700.0,-18700.0,-24.066924066924066
2025-12-19,Thực Phẩm Đông Lạnh,niche_professional,99650.0,77700.0,21950.0,28.24967824967825
2025-12-19,Trứng - Đậu Hũ,household_giant,60100.0,16050.0,44050.0,274.45482866043614
2025-12-19,Trứng - Đậu Hũ,local_value,27000.0,16050.0,10950.0,68.22429906542055
2025-12-20,Chăm Sóc Bé,household_giant,34400.0,60900.0,-26500.0,-43.51395730706076
2025-12-20,Chăm Sóc Bé,local_value,67000.0,60900.0,6100.0,10.016420361247947
2025-12-20,Chăm Sóc Bé,niche_professional,189500.0,60900.0,128600.0,211.16584564860426
2025-12-20,Chăm Sóc Bé,prestige_leader,123000.0,60900.0,62100.0,101.9704433497537
2025-12-20,Gia Vị,household_giant,35000.0,107200.0,-72200.0,-67.3507462686567
2025-12-20,Gia Vị,local_value,21700.0,107200.0,-85500.0,-79.75746268656717
2025-12-20,Gia Vị,niche_professional,98900.0,107200.0,-8300.0,-7.742537313432836
2025-12-20,Mì - Thực Phẩm Ăn Liền,household_giant,23350.0,27200.0,-3850.0,-14.154411764705882
2025-12-20,Mì - Thực Phẩm Ăn Liền,niche_professional,12200.0,27200.0,-15000.0,-55.14705882352941
2025-12-20,Rau - Củ - Trái Cây,local_value,47900.0,35000.0,12900.0,36.857142857142854
2025-12-20,Rau - Củ - Trái Cây,niche_professional,46900.0,35000.0,11900.0,34.0
2025-12-20,Sữa Tươi,household_giant,30600.0,39000.0,-8400.0,-21.53846153846154
2025-12-20,Sữa Tươi,local_value,29800.0,39000.0,-9200.0,-23.589743589743588
2025-12-20,Sữa Tươi,niche_professional,77900.0,39000.0,38900.0,99.74358974358975
2025-12-20,Sữa Tươi,prestige_leader,38750.0,39000.0,-250.0,-0.641025641025641
2025-12-20,Thực Phẩm Chế Biến,household_giant,52100.0,25500.0,26600.0,104.31372549019609
2025-12-20,Thực Phẩm Chế Biến,local_value,20700.0,25500.0,-4800.0,-18.823529411764707
2025-12-20,Thực Phẩm Chế Biến,niche_professional,82450.0,25500.0,56950.0,223.33333333333334
2025-12-20,Thực Phẩm Khô,household_giant,29000.0,45850.0,-16850.0,-36.75027262813522
2025-12-20,Thực Phẩm Khô,local_value,56800.0,45850.0,10950.0,23.882224645583424
2025-12-20,Thực Phẩm Khô,niche_professional,79150.0,45850.0,33300.0,72.62813522355506
2025-12-20,Thực Phẩm Khô,prestige_leader,145000.0,45850.0,99150.0,216.24863685932388
2025-12-20,Thực Phẩm Đông Lạnh,household_giant,74100.0,74000.0,100.0,0.13513513513513514
2025-12-20,Thực Phẩm Đông Lạnh,local_value,60650.0,74000.0,-13350.0,-18.04054054054054
2025-12-20,Thực Phẩm Đông Lạnh,niche_professional,99650.0,74000.0,25650.0,34.66216216216216
2025-12-20,Trứng - Đậu Hũ,household_giant,57500.0,16050.0,41450.0,258.25545171339564
2025-12-20,Trứng - Đậu Hũ,local_value,35000.0,16050.0,18950.0,118.06853582554517
2025-12-22,Chăm Sóc Bé,household_giant,34400.0,60900.0,-26500.0,-43.51395730706076
2025-12-22,Chăm Sóc Bé,local_value,67000.0,60900.0,6100.0,10.016420361247947
2025-12-22,Chăm Sóc Bé,niche_professional,189500.0,60900.0,128600.0,211.16584564860426
2025-12-22,Chăm Sóc Bé,prestige_leader,107150.0,60900.0,46250.0,75.94417077175699
2025-12-22,Gia Vị,household_giant,30800.0,61000.0,-30200.0,-49.50819672131148
2025-12-22,Gia Vị,local_value,44250.0,61000.0,-16750.0,-27.459016393442624
2025-12-22,Gia Vị,niche_professional,26900.0,61000.0,-34100.0,-55.9016393442623
2025-12-22,Mì - Thực Phẩm Ăn Liền,household_giant,23350.0,27200.0,-3850.0,-14.154411764705882
2025-12-22,Mì - Thực Phẩm Ăn Liền,niche_professional,12200.0,27200.0,-15000.0,-55.14705882352941
2025-12-22,Rau - Củ - Trái Cây,local_value,39900.0,39900.0,0.0,0.0
2025-12-22,Sữa Tươi,household_giant,29200.0,28300.0,900.0,3.180212014134275
2025-12-22,Sữa Tươi,local_value,28300.0,28300.0,0.0,0.0
2025-12-22,Sữa Tươi,niche_professional,55300.0,28300.0,27000.0,95.40636042402826
2025-12-22,Sữa Tươi,prestige_leader,78550.0,28300.0,50250.0,177.56183745583039
2025-12-22,Thực Phẩm Chế Biến,household_giant,53250.0,28600.0,24650.0,86.18881118881119
2025-12-22,Thực Phẩm Chế Biến,local_value,20700.0,28600.0,-7900.0,-27.62237762237762
2025-12-22,Thực Phẩm Chế Biến,niche_professional,79500.0,28600.0,50900.0,177.97202797202797
2025-12-22,Thực Phẩm Khô,household_giant,29300.0,46900.0,-17600.0,-37.52665245202559
2025-12-22,Thực Phẩm Khô,local_value,56800.0,46900.0,9900.0,21.108742004264393
2025-12-22,Thực Phẩm Khô,niche_professional,81300.0,46900.0,34400.0,73.34754797441366
2025-12-22,Thực Phẩm Khô,prestige_leader,145000.0,46900.0,98100.0,209.1684434968017
2025-12-22,Thực Phẩm Đông Lạnh,household_giant,76850.0,74800.0,2050.0,2.740641711229946
2025-12-22,Thực Phẩm Đông Lạnh,local_value,71700.0,74800.0,-3100.0,-4.144385026737968
2025-12-22,Thực Phẩm Đông Lạnh,niche_professional,102300.0,74800.0,27500.0,36.76470588235294
2025-12-22,Trứng - Đậu Hũ,household_giant,48650.0,16050.0,32600.0,203.11526479750776
2025-12-22,Trứng - Đậu Hũ,local_value,35000.0,16050.0,18950.0,118.06853582554517
2025-12-23,Chăm Sóc Bé,household_giant,34400.0,60900.0,-26500.0,-43.51395730706076
2025-12-23,Chăm Sóc Bé,local_value,57000.0,60900.0,-3900.0,-6.403940886699508
2025-12-23,Chăm Sóc Bé,niche_professional,189500.0,60900.0,128600.0,211.16584564860426
2025-12-23,Chăm Sóc Bé,prestige_leader,107150.0,60900.0,46250.0,75.94417077175699
2025-12-23,Gia Vị,household_giant,41050.0,92400.0,-51350.0,-55.573593073593074
2025-12-23,Gia Vị,local_value,29800.0,92400.0,-62600.0,-67.74891774891775
2025-12-23,Gia Vị,niche_professional,88500.0,92400.0,-3900.0,-4.220779220779221
2025-12-23,Mì - Thực Phẩm Ăn Liền,household_giant,23350.0,27200.0,-3850.0,-14.154411764705882
2025-12-23,Rau - Củ - Trái Cây,local_value,47900.0,39000.0,8900.0,22.82051282051282
2025-12-23,Sữa Tươi,household_giant,29200.0,51500.0,-22300.0,-43.30097087378641
2025-12-23,Sữa Tươi,local_value,29900.0,51500.0,-21600.0,-41.94174757281554
2025-12-23,Sữa Tươi,niche_professional,77700.0,51500.0,26200.0,50.873786407766985
2025-12-23,Sữa Tươi,prestige_leader,38900.0,51500.0,-12600.0,-24.466019417475728
2025-12-23,Thực Phẩm Chế Biến,household_giant,52100.0,33450.0,18650.0,55.75485799701047
2025-12-23,Thực Phẩm Chế Biến,local_value,33100.0,33450.0,-350.0,-1.046337817638266
2025-12-23,Thực Phẩm Chế Biến,niche_professional,122700.0,33450.0,89250.0,266.8161434977578
2025-12-23,Thực Phẩm Khô,household_giant,29300.0,46900.0,-17600.0,-37.52665245202559
2025-12-23,Thực Phẩm Khô,local_value,57000.0,46900.0,10100.0,21.535181236673772
2025-12-23,Thực Phẩm Khô,niche_professional,81300.0,46900.0,34400.0,73.34754797441366
2025-12-23,Thực Phẩm Khô,prestige_leader,145000.0,46900.0,98100.0,209.1684434968017
2025-12-23,Thực Phẩm Đông Lạnh,household_giant,74700.0,75750.0,-1050.0,-1.3861386138613863
2025-12-23,Thực Phẩm Đông Lạnh,local_value,60650.0,75750.0,-15100.0,-19.933993399339933
2025-12-23,Thực Phẩm Đông Lạnh,niche_professional,102300.0,75750.0,26550.0,35.04950495049505
2025-12-23,Trứng - Đậu Hũ,household_giant,54250.0,16050.0,38200.0,238.006230529595
2025-12-23,Trứng - Đậu Hũ,local_value,27250.0,16050.0,11200.0,69.78193146417445
2025-12-24,Chăm Sóc Bé,household_giant,34400.0,60900.0,-26500.0,-43.51395730706076
2025-12-24,Chăm Sóc Bé,local_value,57000.0,60900.0,-3900.0,-6.403940886699508
2025-12-24,Chăm Sóc Bé,niche_professional,189500.0,60900.0,128600.0,211.16584564860426
2025-12-24,Chăm Sóc Bé,prestige_leader,107150.0,60900.0,46250.0,75.94417077175699
2025-12-24,Gia Vị,household_giant,44500.0,92400.0,-47900.0,-51.83982683982684
2025-12-24,Gia Vị,local_value,29800.0,92400.0,-62600.0,-67.74891774891775
2025-12-24,Gia Vị,niche_professional,91300.0,92400.0,-1100.0,-1.1904761904761905
2025-12-24,Mì - Thực Phẩm Ăn Liền,household_giant,23350.0,27200.0,-3850.0,-14.154411764705882
2025-12-24,Mì - Thực Phẩm Ăn Liền,niche_professional,12200.0,27200.0,-15000.0,-55.14705882352941
2025-12-24,Rau - Củ - Trái Cây,local_value,43900.0,35860.0,8040.0,22.42052426101506
2025-12-24,Rau - Củ - Trái Cây,niche_professional,46900.0,35860.0,11040.0,30.78639152258784
2025-12-24,Sữa Tươi,household_giant,25800.0,26600.0,-800.0,-3.007518796992481
2025-12-24,Sữa Tươi,local_value,28300.0,26600.0,1700.0,6.390977443609022
2025-12-24,Sữa Tươi,niche_professional,58600.0,26600.0,32000.0,120.30075187969925
2025-12-24,Sữa Tươi,prestige_leader,38100.0,26600.0,11500.0,43.233082706766915
2025-12-24,Thực Phẩm Chế Biến,household_giant,60400.0,28600.0,31800.0,111.18881118881119
2025-12-24,Thực Phẩm Chế Biến,local_value,20700.0,28600.0,-7900.0,-27.62237762237762
2025-12-24,Thực Phẩm Chế Biến,niche_professional,112200.0,28600.0,83600.0,292.30769230769226
2025-12-24,Thực Phẩm Khô,household_giant,29000.0,48050.0,-19050.0,-39.64620187304891
2025-12-24,Thực Phẩm Khô,local_value,59000.0,48050.0,10950.0,22.788761706555672
2025-12-24,Thực Phẩm Khô,niche_professional,81300.0,48050.0,33250.0,69.19875130072842
2025-12-24,Thực Phẩm Khô,prestige_leader,145000.0,48050.0,96950.0,201.76899063475545
2025-12-24,Thực Phẩm Đông Lạnh,household_giant,74500.0,74000.0,500.0,0.6756756756756757
2025-12-24,Thực Phẩm Đông Lạnh,local_value,62300.0,74000.0,-11700.0,-15.81081081081081
2025-12-24,Thực Phẩm Đông Lạnh,niche_professional,102300.0,74000.0,28300.0,38.24324324324324
2025-12-24,Trứng - Đậu Hũ,household_giant,54250.0,16050.0,38200.0,238.006230529595
2025-12-24,Trứng - Đậu Hũ,local_value,27250.0,16050.0,11200.0,69.78193146417445
2025-12-25,Chăm Sóc Bé,household_giant,34400.0,60900.0,-26500.0,-43.51395730706076
2025-12-25,Chăm Sóc Bé,local_value,57000.0,60900.0,-3900.0,-6.403940886699508
2025-12-25,Chăm Sóc Bé,niche_professional,189500.0,60900.0,128600.0,211.16584564860426
2025-12-25,Chăm Sóc Bé,prestige_leader,107150.0,60900.0,46250.0,75.94417077175699
2025-12-25,Gia Vị,household_giant,41600.0,92400.0,-50800.0,-54.97835497835498
2025-12-25,Gia Vị,local_value,30600.0,92400.0,-61800.0,-66.88311688311688
2025-12-25,Gia Vị,niche_professional,88950.0,92400.0,-3450.0,-3.7337662337662336
2025-12-25,Mì - Thực Phẩm Ăn Liền,household_giant,23350.0,27200.0,-3850.0,-14.154411764705882
2025-12-25,Rau - Củ - Trái Cây,local_value,43900.0,39000.0,4900.0,12.564102564102564
2025-12-25,Rau - Củ - Trái Cây,niche_professional,46900.0,39000.0,7900.0,20.256410256410255
2025-12-25,Sữa Tươi,household_giant,29400.0,51500.0,-22100.0,-42.9126213592233
2025-12-25,Sữa Tươi,local_value,29900.0,51500.0,-21600.0,-41.94174757281554
2025-12-25,Sữa Tươi,niche_professional,80950.0,51500.0,29450.0,57.18446601941748
2025-12-25,Sữa Tươi,prestige_leader,38900.0,51500.0,-12600.0,-24.466019417475728
2025-12-25,Thực Phẩm Chế Biến,household_giant,52100.0,33450.0,18650.0,55.75485799701047
2025-12-25,Thực Phẩm Chế Biến,local_value,33900.0,33450.0,450.0,1.345291479820628
2025-12-25,Thực Phẩm Chế Biến,niche_professional,127250.0,33450.0,93800.0,280.4185351270553
2025-12-25,Thực Phẩm Khô,household_giant,29000.0,48050.0,-19050.0,-39.64620187304891
2025-12-25,Thực Phẩm Khô,local_value,59000.0,48050.0,10950.0,22.788761706555672
2025-12-25,Thực Phẩm Khô,niche_professional,81300.0,48050.0,33250.0,69.19875130072842
2025-12-25,Thực Phẩm Khô,prestige_leader,145000.0,48050.0,96950.0,201.76899063475545
2025-12-25,Thực Phẩm Đông Lạnh,household_giant,74500.0,72950.0,1550.0,2.1247429746401645
2025-12-25,Thực Phẩm Đông Lạnh,local_value,62300.0,72950.0,-10650.0,-14.599040438656614
2025-12-25,Thực Phẩm Đông Lạnh,niche_professional,102300.0,72950.0,29350.0,40.23303632625086
2025-12-25,Trứng - Đậu Hũ,household_giant,54250.0,21100.0,33150.0,157.10900473933648
2025-12-25,Trứng - Đậu Hũ,local_value,27250.0,21100.0,6150.0,29.14691943127962
2025-12-26,Chăm Sóc Bé,household_giant,34400.0,60900.0,-26500.0,-43.51395730706076
2025-12-26,Chăm Sóc Bé,local_value,57000.0,60900.0,-3900.0,-6.403940886699508
2025-12-26,Chăm Sóc Bé,niche_professional,189500.0,60900.0,128600.0,211.16584564860426
2025-12-26,Chăm Sóc Bé,prestige_leader,107150.0,60900.0,46250.0,75.94417077175699
2025-12-26,Gia Vị,household_giant,41600.0,91800.0,-50200.0,-54.68409586056645
2025-12-26,Gia Vị,local_value,31000.0,91800.0,-60800.0,-66.23093681917211
2025-12-26,Gia Vị,niche_professional,88950.0,91800.0,-2850.0,-3.104575163398693
2025-12-26,Mì - Thực Phẩm Ăn Liền,household_giant,23350.0,27200.0,-3850.0,-14.154411764705882
2025-12-26,Mì - Thực Phẩm Ăn Liền,niche_professional,12200.0,27200.0,-15000.0,-55.14705882352941
2025-12-26,Rau - Củ - Trái Cây,local_value,39900.0,47900.0,-8000.0,-16.701461377870565
2025-12-26,Rau - Củ - Trái Cây,niche_professional,46900.0,47900.0,-1000.0,-2.0876826722338206
2025-12-26,Sữa Tươi,household_giant,29300.0,26600.0,2700.0,10.150375939849624
2025-12-26,Sữa Tươi,local_value,28300.0,26600.0,1700.0,6.390977443609022
2025-12-26,Sữa Tươi,niche_professional,61600.0,26600.0,35000.0,131.57894736842107
2025-12-26,Sữa Tươi,prestige_leader,45800.0,26600.0,19200.0,72.18045112781954
2025-12-26,Thực Phẩm Chế Biến,household_giant,74250.0,28600.0,45650.0,159.6153846153846
2025-12-26,Thực Phẩm Chế Biến,local_value,32900.0,28600.0,4300.0,15.034965034965033
2025-12-26,Thực Phẩm Chế Biến,niche_professional,122700.0,28600.0,94100.0,329.02097902097904
2025-12-26,Thực Phẩm Khô,household_giant,29000.0,48050.0,-19050.0,-39.64620187304891
2025-12-26,Thực Phẩm Khô,local_value,59000.0,48050.0,10950.0,22.788761706555672
2025-12-26,Thực Phẩm Khô,niche_professional,81300.0,48050.0,33250.0,69.19875130072842
2025-12-26,Thực Phẩm Khô,prestige_leader,145000.0,48050.0,96950.0,201.76899063475545
2025-12-26,Thực Phẩm Đông Lạnh,household_giant,66900.0,63000.0,3900.0,6.190476190476191
2025-12-26,Thực Phẩm Đông Lạnh,local_value,53150.0,63000.0,-9850.0,-15.634920634920634
2025-12-26,Thực Phẩm Đông Lạnh,niche_professional,143000.0,63000.0,80000.0,126.98412698412697
2025-12-26,Trứng - Đậu Hũ,household_giant,53250.0,21100.0,32150.0,152.36966824644549
2025-12-26,Trứng - Đậu Hũ,local_value,19000.0,21100.0,-2100.0,-9.95260663507109
2025-12-27,Chăm Sóc Bé,household_giant,34400.0,60900.0,-26500.0,-43.51395730706076
2025-12-27,Chăm Sóc Bé,local_value,57000.0,60900.0,-3900.0,-6.403940886699508
2025-12-27,Chăm Sóc Bé,niche_professional,189500.0,60900.0,128600.0,211.16584564860426
2025-12-27,Chăm Sóc Bé,prestige_leader,107150.0,60900.0,46250.0,75.94417077175699
2025-12-27,Gia Vị,household_giant,42200.0,82950.0,-40750.0,-49.12597950572634
2025-12-27,Gia Vị,local_value,30800.0,82950.0,-52150.0,-62.869198312236286
2025-12-27,Gia Vị,niche_professional,82900.0,82950.0,-50.0,-0.06027727546714888
2025-12-27,Mì - Thực Phẩm Ăn Liền,household_giant,23350.0,27200.0,-3850.0,-14.154411764705882
2025-12-27,Rau - Củ - Trái Cây,local_value,43900.0,33400.0,10500.0,31.437125748502993
2025-12-27,Rau - Củ - Trái Cây,niche_professional,46900.0,33400.0,13500.0,40.41916167664671
2025-12-27,Sữa Tươi,household_giant,29650.0,51500.0,-21850.0,-42.42718446601942
2025-12-27,Sữa Tươi,local_value,29900.0,51500.0,-21600.0,-41.94174757281554
2025-12-27,Sữa Tươi,niche_professional,80950.0,51500.0,29450.0,57.18446601941748
2025-12-27,Sữa Tươi,prestige_leader,38600.0,51500.0,-12900.0,-25.04854368932039
2025-12-27,Thực Phẩm Chế Biến,household_giant,52100.0,33450.0,18650.0,55.75485799701047
2025-12-27,Thực Phẩm Chế Biến,local_value,32450.0,33450.0,-1000.0,-2.9895366218236172
2025-12-27,Thực Phẩm Chế Biến,niche_professional,127250.0,33450.0,93800.0,280.4185351270553
2025-12-27,Thực Phẩm Khô,household_giant,29600.0,48050.0,-18450.0,-38.397502601456814
2025-12-27,Thực Phẩm Khô,local_value,57000.0,48050.0,8950.0,18.6264308012487
2025-12-27,Thực Phẩm Khô,niche_professional,81300.0,48050.0,33250.0,69.19875130072842
2025-12-27,Thực Phẩm Khô,prestige_leader,145000.0,48050.0,96950.0,201.76899063475545
2025-12-27,Thực Phẩm Đông Lạnh,household_giant,74500.0,72000.0,2500.0,3.4722222222222223
2025-12-27,Thực Phẩm Đông Lạnh,local_value,62000.0,72000.0,-10000.0,-13.88888888888889
2025-12-27,Thực Phẩm Đông Lạnh,niche_professional,102300.0,72000.0,30300.0,42.083333333333336
2025-12-27,Trứng - Đậu Hũ,household_giant,54250.0,21100.0,33150.0,157.10900473933648
2025-12-27,Trứng - Đậu Hũ,local_value,34000.0,21100.0,12900.0,61.137440758293835
2025-12-28,Chăm Sóc Bé,household_giant,34400.0,60900.0,-26500.0,-43.51395730706076
2025-12-28,Chăm Sóc Bé,local_value,57000.0,60900.0,-3900.0,-6.403940886699508
2025-12-28,Chăm Sóc Bé,niche_professional,189500.0,60900.0,128600.0,211.16584564860426
2025-12-28,Chăm Sóc Bé,prestige_leader,107150.0,60900.0,46250.0,75.94417077175699
2025-12-28,Gia Vị,household_giant,39650.0,91200.0,-51550.0,-56.52412280701754
2025-12-28,Gia Vị,local_value,31000.0,91200.0,-60200.0,-66.00877192982456
2025-12-28,Gia Vị,niche_professional,88500.0,91200.0,-2700.0,-2.9605263157894735
2025-12-28,Mì - Thực Phẩm Ăn Liền,household_giant,23350.0,27200.0,-3850.0,-14.154411764705882
2025-12-28,Rau - Củ - Trái Cây,local_value,47900.0,31900.0,16000.0,50.15673981191222
2025-12-28,Rau - Củ - Trái Cây,niche_professional,46900.0,31900.0,15000.0,47.02194357366771
2025-12-28,Sữa Tươi,household_giant,29300.0,34350.0,-5050.0,-14.701601164483261
2025-12-28,Sữa Tươi,local_value,30950.0,34350.0,-3400.0,-9.8981077147016
2025-12-28,Sữa Tươi,niche_professional,73900.0,34350.0,39550.0,115.13828238719069
2025-12-28,Sữa Tươi,prestige_leader,35200.0,34350.0,850.0,2.4745269286754
2025-12-28,Thực Phẩm Chế Biến,household_giant,52100.0,33450.0,18650.0,55.75485799701047
2025-12-28,Thực Phẩm Chế Biến,local_value,31900.0,33450.0,-1550.0,-4.633781763826607
2025-12-28,Thực Phẩm Chế Biến,niche_professional,127250.0,33450.0,93800.0,280.4185351270553
2025-12-28,Thực Phẩm Khô,household_giant,29300.0,48050.0,-18750.0,-39.021852237252865
2025-12-28,Thực Phẩm Khô,local_value,59000.0,48050.0,10950.0,22.788761706555672
2025-12-28,Thực Phẩm Khô,niche_professional,81300.0,48050.0,33250.0,69.19875130072842
2025-12-28,Thực Phẩm Khô,prestige_leader,145000.0,48050.0,96950.0,201.76899063475545
2025-12-28,Thực Phẩm Đông Lạnh,household_giant,74500.0,73000.0,1500.0,2.054794520547945
2025-12-28,Thực Phẩm Đông Lạnh,local_value,62000.0,73000.0,-11000.0,-15.068493150684931
2025-12-28,Thực Phẩm Đông Lạnh,niche_professional,102300.0,73000.0,29300.0,40.136986301369866
2025-12-28,Trứng - Đậu Hũ,household_giant,54250.0,21100.0,33150.0,157.10900473933648
2025-12-28,Trứng - Đậu Hũ,local_value,34000.0,21100.0,12900.0,61.137440758293835
2025-12-29,Chăm Sóc Bé,household_giant,34400.0,60900.0,-26500.0,-43.51395730706076
2025-12-29,Chăm Sóc Bé,local_value,55500.0,60900.0,-5400.0,-8.866995073891626
2025-12-29,Chăm Sóc Bé,niche_professional,189500.0,60900.0,128600.0,211.16584564860426
2025-12-29,Chăm Sóc Bé,prestige_leader,89900.0,60900.0,29000.0,47.61904761904761
2025-12-29,Gia Vị,household_giant,40450.0,74700.0,-34250.0,-45.85006693440428
2025-12-29,Gia Vị,local_value,30600.0,74700.0,-44100.0,-59.036144578313255
2025-12-29,Gia Vị,niche_professional,85700.0,74700.0,11000.0,14.725568942436412
2025-12-29,Mì - Thực Phẩm Ăn Liền,household_giant,23350.0,27200.0,-3850.0,-14.154411764705882
2025-12-29,Mì - Thực Phẩm Ăn Liền,niche_professional,12200.0,27200.0,-15000.0,-55.14705882352941
2025-12-29,Rau - Củ - Trái Cây,local_value,47900.0,32900.0,15000.0,45.59270516717325
2025-12-29,Rau - Củ - Trái Cây,niche_professional,46900.0,32900.0,14000.0,42.5531914893617
2025-12-29,Sữa Tươi,household_giant,29300.0,53500.0,-24200.0,-45.23364485981308
2025-12-29,Sữa Tươi,local_value,29900.0,53500.0,-23600.0,-44.11214953271028
2025-12-29,Sữa Tươi,niche_professional,76200.0,53500.0,22700.0,42.429906542056074
2025-12-29,Sữa Tươi,prestige_leader,38900.0,53500.0,-14600.0,-27.289719626168225
2025-12-29,Thực Phẩm Chế Biến,household_giant,52100.0,30850.0,21250.0,68.88168557536467
2025-12-29,Thực Phẩm Chế Biến,local_value,31900.0,30850.0,1050.0,3.403565640194489
2025-12-29,Thực Phẩm Chế Biến,niche_professional,127250.0,30850.0,96400.0,312.4797406807131
2025-12-29,Thực Phẩm Khô,household_giant,29300.0,48050.0,-18750.0,-39.021852237252865
2025-12-29,Thực Phẩm Khô,local_value,57000.0,48050.0,8950.0,18.6264308012487
2025-12-29,Thực Phẩm Khô,niche_professional,81300.0,48050.0,33250.0,69.19875130072842
2025-12-29,Thực Phẩm Khô,prestige_leader,145000.0,48050.0,96950.0,201.76899063475545
2025-12-29,Thực Phẩm Đông Lạnh,household_giant,74500.0,77500.0,-3000.0,-3.870967741935484
2025-12-29,Thực Phẩm Đông Lạnh,local_value,62150.0,77500.0,-15350.0,-19.806451612903224
2025-12-29,Thực Phẩm Đông Lạnh,niche_professional,102300.0,77500.0,24800.0,32.0
2025-12-29,Trứng - Đậu Hũ,household_giant,54250.0,21100.0,33150.0,157.10900473933648
2025-12-29,Trứng - Đậu Hũ,local_value,34000.0,21100.0,12900.0,61.137440758293835
2025-12-30,Chăm Sóc Bé,household_giant,59350.0,281950.0,-222600.0,-78.9501684695868
2025-12-30,Chăm Sóc Bé,local_value,54000.0,281950.0,-227950.0,-80.84766802624578
2025-12-30,Chăm Sóc Bé,niche_professional,160050.0,281950.0,-121900.0,-43.23461606667849
2025-12-30,Chăm Sóc Bé,prestige_leader,79900.0,281950.0,-202050.0,-71.66164213513035
2025-12-30,Gia Vị,household_giant,40400.0,74700.0,-34300.0,-45.91700133868809
2025-12-30,Gia Vị,local_value,30600.0,74700.0,-44100.0,-59.036144578313255
2025-12-30,Gia Vị,niche_professional,88500.0,74700.0,13800.0,18.473895582329316
2025-12-30,Mì - Thực Phẩm Ăn Liền,household_giant,23350.0,27200.0,-3850.0,-14.154411764705882
2025-12-30,Rau - Củ - Trái Cây,local_value,39900.0,22000.0,17900.0,81.36363636363636
2025-12-30,Sữa Tươi,household_giant,28700.0,28300.0,400.0,1.4134275618374559
2025-12-30,Sữa Tươi,local_value,28300.0,28300.0,0.0,0.0
2025-12-30,Sữa Tươi,niche_professional,68800.0,28300.0,40500.0,143.1095406360424
2025-12-30,Sữa Tươi,prestige_leader,38100.0,28300.0,9800.0,34.62897526501767
2025-12-30,Thực Phẩm Chế Biến,household_giant,53600.0,32300.0,21300.0,65.94427244582043
2025-12-30,Thực Phẩm Chế Biến,local_value,29900.0,32300.0,-2400.0,-7.430340557275541
2025-12-30,Thực Phẩm Chế Biến,niche_professional,122700.0,32300.0,90400.0,279.87616099071204
2025-12-30,Thực Phẩm Đông Lạnh,household_giant,74500.0,71900.0,2600.0,3.616133518776078
2025-12-30,Thực Phẩm Đông Lạnh,local_value,82750.0,71900.0,10850.0,15.090403337969402
2025-12-30,Thực Phẩm Đông Lạnh,niche_professional,104250.0,71900.0,32350.0,44.99304589707928
2025-12-30,Trứng - Đậu Hũ,household_giant,54250.0,21100.0,33150.0,157.10900473933648
2025-12-30,Trứng - Đậu Hũ,local_value,34000.0,21100.0,12900.0,61.137440758293835
2025-12-31,Chăm Sóc Bé,household_giant,33450.0,60900.0,-27450.0,-45.073891625615765
2025-12-31,Chăm Sóc Bé,local_value,55500.0,60900.0,-5400.0,-8.866995073891626
2025-12-31,Chăm Sóc Bé,niche_professional,189500.0,60900.0,128600.0,211.16584564860426
2025-12-31,Chăm Sóc Bé,prestige_leader,107150.0,60900.0,46250.0,75.94417077175699
2025-12-31,Gia Vị,household_giant,40500.0,74700.0,-34200.0,-45.78313253012048
2025-12-31,Gia Vị,local_value,31000.0,74700.0,-43700.0,-58.500669344042834
2025-12-31,Gia Vị,niche_professional,88950.0,74700.0,14250.0,19.076305220883537
2025-12-31,Mì - Thực Phẩm Ăn Liền,household_giant,23350.0,27200.0,-3850.0,-14.154411764705882
2025-12-31,Rau - Củ - Trái Cây,local_value,47900.0,34500.0,13400.0,38.84057971014493
2025-12-31,Rau - Củ - Trái Cây,niche_professional,46900.0,34500.0,12400.0,35.94202898550725
2025-12-31,Sữa Tươi,household_giant,25800.0,28300.0,-2500.0,-8.8339222614841
2025-12-31,Sữa Tươi,local_value,27900.0,28300.0,-400.0,-1.4134275618374559
2025-12-31,Sữa Tươi,niche_professional,61600.0,28300.0,33300.0,117.6678445229682
2025-12-31,Sữa Tươi,prestige_leader,38350.0,28300.0,10050.0,35.51236749116608
2025-12-31,Thực Phẩm Chế Biến,household_giant,74250.0,28600.0,45650.0,159.6153846153846
2025-12-31,Thực Phẩm Chế Biến,local_value,17650.0,28600.0,-10950.0,-38.28671328671329
2025-12-31,Thực Phẩm Chế Biến,niche_professional,122700.0,28600.0,94100.0,329.02097902097904
2025-12-31,Thực Phẩm Khô,household_giant,29600.0,48050.0,-18450.0,-38.397502601456814
2025-12-31,Thực Phẩm Khô,local_value,57000.0,48050.0,8950.0,18.6264308012487
2025-12-31,Thực Phẩm Khô,niche_professional,79150.0,48050.0,31100.0,64.7242455775234
2025-12-31,Thực Phẩm Khô,prestige_leader,145000.0,48050.0,96950.0,201.76899063475545
2025-12-31,Thực Phẩm Đông Lạnh,household_giant,74500.0,77700.0,-3200.0,-4.1184041184041185
2025-12-31,Thực Phẩm Đông Lạnh,local_value,60500.0,77700.0,-17200.0,-22.136422136422137
2025-12-31,Thực Phẩm Đông Lạnh,niche_professional,102300.0,77700.0,24600.0,31.66023166023166
2025-12-31,Trứng - Đậu Hũ,household_giant,53000.0,21100.0,31900.0,151.18483412322274
2025-12-31,Trứng - Đậu Hũ,local_value,19250.0,21100.0,-1850.0,-8.767772511848342
2026-01-01,Chăm Sóc Bé,household_giant,33450.0,60900.0,-27450.0,-45.073891625615765
2026-01-01,Chăm Sóc Bé,local_value,55500.0,60900.0,-5400.0,-8.866995073891626
2026-01-01,Chăm Sóc Bé,niche_professional,189500.0,60900.0,128600.0,211.16584564860426
2026-01-01,Chăm Sóc Bé,prestige_leader,112550.0,60900.0,51650.0,84.8111658456486
2026-01-01,Mì - Thực Phẩm Ăn Liền,household_giant,23350.0,27200.0,-3850.0,-14.154411764705882
2026-01-01,Sữa Tươi,household_giant,28200.0,6200.0,22000.0,354.83870967741933
2026-01-01,Sữa Tươi,local_value,26100.0,6200.0,19900.0,320.96774193548384
2026-01-01,Sữa Tươi,niche_professional,55600.0,6200.0,49400.0,796.7741935483871
2026-01-01,Sữa Tươi,prestige_leader,65300.0,6200.0,59100.0,953.225806451613
2026-01-01,Thực Phẩm Khô,household_giant,29600.0,47100.0,-17500.0,-37.15498938428875
2026-01-01,Thực Phẩm Khô,local_value,56800.0,47100.0,9700.0,20.59447983014862
2026-01-01,Thực Phẩm Khô,niche_professional,79150.0,47100.0,32050.0,68.04670912951167
2026-01-01,Thực Phẩm Khô,prestige_leader,145000.0,47100.0,97900.0,207.85562632696391
2026-01-01,Thực Phẩm Đông Lạnh,household_giant,67700.0,71000.0,-3300.0,-4.647887323943662
2026-01-01,Thực Phẩm Đông Lạnh,local_value,73550.0,71000.0,2550.0,3.591549295774648
2026-01-01,Thực Phẩm Đông Lạnh,niche_professional,143000.0,71000.0,72000.0,101.40845070422534
2026-01-02,Chăm Sóc Bé,household_giant,33450.0,60900.0,-27450.0,-45.073891625615765
2026-01-02,Chăm Sóc Bé,local_value,55500.0,60900.0,-5400.0,-8.866995073891626
2026-01-02,Chăm Sóc Bé,niche_professional,189500.0,60900.0,128600.0,211.16584564860426
2026-01-02,Chăm Sóc Bé,prestige_leader,112550.0,60900.0,51650.0,84.8111658456486
2026-01-02,Gia Vị,household_giant,40450.0,78650.0,-38200.0,-48.569612205975844
2026-01-02,Gia Vị,local_value,32900.0,78650.0,-45750.0,-58.16910362364908
2026-01-02,Gia Vị,niche_professional,89400.0,78650.0,10750.0,13.668150031786395
2026-01-02,Mì - Thực Phẩm Ăn Liền,household_giant,23350.0,27200.0,-3850.0,-14.154411764705882
2026-01-02,Rau - Củ - Trái Cây,local_value,47900.0,39000.0,8900.0,22.82051282051282
2026-01-02,Rau - Củ - Trái Cây,niche_professional,46900.0,39000.0,7900.0,20.256410256410255
2026-01-02,Sữa Tươi,household_giant,28500.0,53500.0,-25000.0,-46.728971962616825
2026-01-02,Sữa Tươi,local_value,32200.0,53500.0,-21300.0,-39.81308411214953
2026-01-02,Sữa Tươi,niche_professional,80950.0,53500.0,27450.0,51.308411214953274
2026-01-02,Sữa Tươi,prestige_leader,38100.0,53500.0,-15400.0,-28.785046728971963
2026-01-02,Thực Phẩm Chế Biến,household_giant,52800.0,34900.0,17900.0,51.28939828080229
2026-01-02,Thực Phẩm Chế Biến,local_value,29900.0,34900.0,-5000.0,-14.326647564469914
2026-01-02,Thực Phẩm Chế Biến,niche_professional,137200.0,34900.0,102300.0,293.12320916905446
2026-01-02,Thực Phẩm Khô,household_giant,31150.0,47100.0,-15950.0,-33.86411889596603
2026-01-02,Thực Phẩm Khô,local_value,56800.0,47100.0,9700.0,20.59447983014862
2026-01-02,Thực Phẩm Khô,niche_professional,81300.0,47100.0,34200.0,72.61146496815286
2026-01-02,Thực Phẩm Khô,prestige_leader,145000.0,47100.0,97900.0,207.85562632696391
2026-01-02,Thực Phẩm Đông Lạnh,household_giant,74500.0,77000.0,-2500.0,-3.2467532467532463
2026-01-02,Thực Phẩm Đông Lạnh,local_value,62000.0,77000.0,-15000.0,-19.480519480519483
2026-01-02,Thực Phẩm Đông Lạnh,niche_professional,102300.0,77000.0,25300.0,32.857142857142854
2026-01-02,Trứng - Đậu Hũ,household_giant,54250.0,21100.0,33150.0,157.10900473933648
2026-01-02,Trứng - Đậu Hũ,local_value,34000.0,21100.0,12900.0,61.137440758293835
2026-01-03,Chăm Sóc Bé,household_giant,33450.0,60900.0,-27450.0,-45.073891625615765
2026-01-03,Chăm Sóc Bé,local_value,55500.0,60900.0,-5400.0,-8.866995073891626
2026-01-03,Chăm Sóc Bé,niche_professional,189500.0,60900.0,128600.0,211.16584564860426
2026-01-03,Chăm Sóc Bé,prestige_leader,112550.0,60900.0,51650.0,84.8111658456486
2026-01-03,Gia Vị,household_giant,40450.0,78650.0,-38200.0,-48.569612205975844
2026-01-03,Gia Vị,local_value,30100.0,78650.0,-48550.0,-61.72917991099809
2026-01-03,Gia Vị,niche_professional,89400.0,78650.0,10750.0,13.668150031786395
2026-01-03,Mì - Thực Phẩm Ăn Liền,household_giant,23350.0,27200.0,-3850.0,-14.154411764705882
2026-01-03,Mì - Thực Phẩm Ăn Liền,niche_professional,12200.0,27200.0,-15000.0,-55.14705882352941
2026-01-03,Rau - Củ - Trái Cây,local_value,47900.0,39000.0,8900.0,22.82051282051282
2026-01-03,Rau - Củ - Trái Cây,niche_professional,46900.0,39000.0,7900.0,20.256410256410255
2026-01-03,Sữa Tươi,household_giant,28500.0,53500.0,-25000.0,-46.728971962616825
2026-01-03,Sữa Tươi,local_value,32550.0,53500.0,-20950.0,-39.15887850467289
2026-01-03,Sữa Tươi,niche_professional,84250.0,53500.0,30750.0,57.476635514018696
2026-01-03,Sữa Tươi,prestige_leader,37800.0,53500.0,-15700.0,-29.345794392523366
2026-01-03,Thực Phẩm Chế Biến,household_giant,50650.0,34950.0,15700.0,44.92131616595136
2026-01-03,Thực Phẩm Chế Biến,local_value,32450.0,34950.0,-2500.0,-7.1530758226037205
2026-01-03,Thực Phẩm Chế Biến,niche_professional,137200.0,34950.0,102250.0,292.56080114449213
2026-01-03,Thực Phẩm Khô,household_giant,32700.0,46900.0,-14200.0,-30.2771855010661
2026-01-03,Thực Phẩm Khô,local_value,56800.0,46900.0,9900.0,21.108742004264393
2026-01-03,Thực Phẩm Khô,niche_professional,81300.0,46900.0,34400.0,73.34754797441366
2026-01-03,Thực Phẩm Khô,prestige_leader,145000.0,46900.0,98100.0,209.1684434968017
2026-01-03,Thực Phẩm Đông Lạnh,household_giant,74700.0,80850.0,-6150.0,-7.606679035250464
2026-01-03,Thực Phẩm Đông Lạnh,local_value,62000.0,80850.0,-18850.0,-23.314780457637603
2026-01-03,Thực Phẩm Đông Lạnh,niche_professional,102300.0,80850.0,21450.0,26.53061224489796
2026-01-03,Trứng - Đậu Hũ,household_giant,54250.0,21100.0,33150.0,157.10900473933648
2026-01-03,Trứng - Đậu Hũ,local_value,27250.0,21100.0,6150.0,29.14691943127962
2026-01-04,Chăm Sóc Bé,household_giant,59350.0,60900.0,-1550.0,-2.5451559934318557
2026-01-04,Chăm Sóc Bé,local_value,54000.0,60900.0,-6900.0,-11.330049261083744
2026-01-04,Chăm Sóc Bé,niche_professional,140650.0,60900.0,79750.0,130.95238095238096
2026-01-04,Chăm Sóc Bé,prestige_leader,79900.0,60900.0,19000.0,31.198686371100166
2026-01-04,Gia Vị,household_giant,34800.0,111150.0,-76350.0,-68.69095816464238
2026-01-04,Gia Vị,local_value,32900.0,111150.0,-78250.0,-70.40035987404409
2026-01-04,Gia Vị,niche_professional,125600.0,111150.0,14450.0,13.000449842555106
2026-01-04,Mì - Thực Phẩm Ăn Liền,household_giant,23350.0,27200.0,-3850.0,-14.154411764705882
2026-01-04,Mì - Thực Phẩm Ăn Liền,niche_professional,12200.0,27200.0,-15000.0,-55.14705882352941
2026-01-04,Rau - Củ - Trái Cây,local_value,50900.0,37000.0,13900.0,37.567567567567565
2026-01-04,Rau - Củ - Trái Cây,niche_professional,46900.0,37000.0,9900.0,26.756756756756754
2026-01-04,Thực Phẩm Khô,household_giant,31150.0,46900.0,-15750.0,-33.582089552238806
2026-01-04,Thực Phẩm Khô,local_value,64350.0,46900.0,17450.0,37.20682302771855
2026-01-04,Thực Phẩm Khô,niche_professional,79150.0,46900.0,32250.0,68.7633262260128
2026-01-04,Thực Phẩm Khô,prestige_leader,145000.0,46900.0,98100.0,209.1684434968017
2026-01-04,Thực Phẩm Đông Lạnh,household_giant,74500.0,84200.0,-9700.0,-11.520190023752969
2026-01-04,Thực Phẩm Đông Lạnh,local_value,62000.0,84200.0,-22200.0,-26.365795724465556
2026-01-04,Thực Phẩm Đông Lạnh,niche_professional,102300.0,84200.0,18100.0,21.49643705463183
2026-01-05,Chăm Sóc Bé,household_giant,32500.0,60900.0,-28400.0,-46.63382594417077
2026-01-05,Chăm Sóc Bé,local_value,55500.0,60900.0,-5400.0,-8.866995073891626
2026-01-05,Chăm Sóc Bé,niche_professional,189500.0,60900.0,128600.0,211.16584564860426
2026-01-05,Chăm Sóc Bé,prestige_leader,112550.0,60900.0,51650.0,84.8111658456486
2026-01-05,Gia Vị,household_giant,40450.0,78650.0,-38200.0,-48.569612205975844
2026-01-05,Gia Vị,local_value,30600.0,78650.0,-48050.0,-61.09345200254291
2026-01-05,Gia Vị,niche_professional,89400.0,78650.0,10750.0,13.668150031786395
2026-01-05,Mì - Thực Phẩm Ăn Liền,household_giant,23350.0,27200.0,-3850.0,-14.154411764705882
2026-01-05,Mì - Thực Phẩm Ăn Liền,niche_professional,12200.0,27200.0,-15000.0,-55.14705882352941
2026-01-05,Rau - Củ - Trái Cây,local_value,50900.0,37000.0,13900.0,37.567567567567565
2026-01-05,Rau - Củ - Trái Cây,niche_professional,46900.0,37000.0,9900.0,26.756756756756754
2026-01-05,Sữa Tươi,household_giant,27700.0,28300.0,-600.0,-2.1201413427561837
2026-01-05,Sữa Tươi,local_value,26500.0,28300.0,-1800.0,-6.36042402826855
2026-01-05,Sữa Tươi,niche_professional,46800.0,28300.0,18500.0,65.37102473498233
2026-01-05,Sữa Tươi,prestige_leader,40250.0,28300.0,11950.0,42.226148409893995
2026-01-05,Thực Phẩm Chế Biến,household_giant,50650.0,35450.0,15200.0,42.877291960507755
2026-01-05,Thực Phẩm Chế Biến,local_value,33050.0,35450.0,-2400.0,-6.770098730606488
2026-01-05,Thực Phẩm Chế Biến,niche_professional,137200.0,35450.0,101750.0,287.02397743300423
2026-01-05,Thực Phẩm Khô,household_giant,32950.0,46900.0,-13950.0,-29.744136460554373
2026-01-05,Thực Phẩm Khô,local_value,56800.0,46900.0,9900.0,21.108742004264393
2026-01-05,Thực Phẩm Khô,niche_professional,81300.0,46900.0,34400.0,73.34754797441366
2026-01-05,Thực Phẩm Khô,prestige_leader,145000.0,46900.0,98100.0,209.1684434968017
2026-01-05,Thực Phẩm Đông Lạnh,household_giant,74500.0,84200.0,-9700.0,-11.520190023752969
2026-01-05,Thực Phẩm Đông Lạnh,local_value,62000.0,84200.0,-22200.0,-26.365795724465556
2026-01-05,Thực Phẩm Đông Lạnh,niche_professional,102300.0,84200.0,18100.0,21.49643705463183
2026-01-05,Trứng - Đậu Hũ,household_giant,54250.0,21100.0,33150.0,157.10900473933648
2026-01-05,Trứng - Đậu Hũ,local_value,27250.0,21100.0,6150.0,29.14691943127962
2026-01-06,Chăm Sóc Bé,household_giant,33500.0,60900.0,-27400.0,-44.991789819376024
2026-01-06,Chăm Sóc Bé,local_value,55500.0,60900.0,-5400.0,-8.866995073891626
2026-01-06,Chăm Sóc Bé,niche_professional,169900.0,60900.0,109000.0,178.98193760262726
2026-01-06,Chăm Sóc Bé,prestige_leader,112550.0,60900.0,51650.0,84.8111658456486
2026-01-06,Gia Vị,household_giant,32900.0,61000.0,-28100.0,-46.0655737704918
2026-01-06,Gia Vị,local_value,26050.0,61000.0,-34950.0,-57.295081967213115
2026-01-06,Gia Vị,niche_professional,26900.0,61000.0,-34100.0,-55.9016393442623
2026-01-06,Mì - Thực Phẩm Ăn Liền,household_giant,27200.0,27200.0,0.0,0.0
2026-01-06,Mì - Thực Phẩm Ăn Liền,local_value,13700.0,27200.0,-13500.0,-49.63235294117647
2026-01-06,Mì - Thực Phẩm Ăn Liền,niche_professional,12200.0,27200.0,-15000.0,-55.14705882352941
2026-01-06,Rau - Củ - Trái Cây,local_value,50900.0,35000.0,15900.0,45.42857142857143
2026-01-06,Rau - Củ - Trái Cây,niche_professional,46900.0,35000.0,11900.0,34.0
2026-01-06,Sữa Tươi,household_giant,27000.0,51500.0,-24500.0,-47.57281553398058
2026-01-06,Sữa Tươi,local_value,32200.0,51500.0,-19300.0,-37.4757281553398
2026-01-06,Sữa Tươi,niche_professional,80650.0,51500.0,29150.0,56.601941747572816
2026-01-06,Sữa Tươi,prestige_leader,38100.0,51500.0,-13400.0,-26.019417475728158
2026-01-06,Thực Phẩm Chế Biến,household_giant,48100.0,32000.0,16100.0,50.31250000000001
2026-01-06,Thực Phẩm Chế Biến,local_value,33000.0,32000.0,1000.0,3.125
2026-01-06,Thực Phẩm Chế Biến,niche_professional,131800.0,32000.0,99800.0,311.875
2026-01-06,Thực Phẩm Khô,household_giant,27100.0,62550.0,-35450.0,-56.67466027178257
2026-01-06,Thực Phẩm Khô,local_value,84500.0,62550.0,21950.0,35.09192645883294
2026-01-06,Thực Phẩm Khô,niche_professional,55900.0,62550.0,-6650.0,-10.631494804156674
2026-01-06,Thực Phẩm Đông Lạnh,household_giant,68500.0,77700.0,-9200.0,-11.840411840411841
2026-01-06,Thực Phẩm Đông Lạnh,local_value,62000.0,77700.0,-15700.0,-20.205920205920204
2026-01-06,Thực Phẩm Đông Lạnh,niche_professional,93900.0,77700.0,16200.0,20.84942084942085
2026-01-06,Trứng - Đậu Hũ,household_giant,55000.0,21100.0,33900.0,160.66350710900474
2026-01-06,Trứng - Đậu Hũ,local_value,27250.0,21100.0,6150.0,29.14691943127962
2026-01-07,Chăm Sóc Bé,household_giant,33500.0,60900.0,-27400.0,-44.991789819376024
2026-01-07,Chăm Sóc Bé,local_value,57000.0,60900.0,-3900.0,-6.403940886699508
2026-01-07,Chăm Sóc Bé,niche_professional,169900.0,60900.0,109000.0,178.98193760262726
2026-01-07,Chăm Sóc Bé,prestige_leader,112550.0,60900.0,51650.0,84.8111658456486
2026-01-07,Gia Vị,household_giant,46000.0,79300.0,-33300.0,-41.992433795712486
2026-01-07,Gia Vị,local_value,28800.0,79300.0,-50500.0,-63.68221941992434
2026-01-07,Gia Vị,niche_professional,88500.0,79300.0,9200.0,11.601513240857503
2026-01-07,Mì - Thực Phẩm Ăn Liền,household_giant,27200.0,27200.0,0.0,0.0
2026-01-07,Mì - Thực Phẩm Ăn Liền,local_value,13700.0,27200.0,-13500.0,-49.63235294117647
2026-01-07,Mì - Thực Phẩm Ăn Liền,prestige_leader,31500.0,27200.0,4300.0,15.808823529411764
2026-01-07,Rau - Củ - Trái Cây,local_value,50900.0,37000.0,13900.0,37.567567567567565
2026-01-07,Rau - Củ - Trái Cây,niche_professional,46900.0,37000.0,9900.0,26.756756756756754
2026-01-07,Sữa Tươi,household_giant,28200.0,49500.0,-21300.0,-43.03030303030303
2026-01-07,Sữa Tươi,local_value,33400.0,49500.0,-16100.0,-32.525252525252526
2026-01-07,Sữa Tươi,niche_professional,77900.0,49500.0,28400.0,57.37373737373738
2026-01-07,Sữa Tươi,prestige_leader,38350.0,49500.0,-11150.0,-22.525252525252526
2026-01-07,Thực Phẩm Chế Biến,household_giant,48100.0,34950.0,13150.0,37.625178826895564
2026-01-07,Thực Phẩm Chế Biến,local_value,30900.0,34950.0,-4050.0,-11.587982832618025
2026-01-07,Thực Phẩm Chế Biến,niche_professional,137200.0,34950.0,102250.0,292.56080114449213
2026-01-07,Thực Phẩm Khô,household_giant,27100.0,89900.0,-62800.0,-69.85539488320356
2026-01-07,Thực Phẩm Khô,local_value,82900.0,89900.0,-7000.0,-7.786429365962181
2026-01-07,Thực Phẩm Đông Lạnh,household_giant,74100.0,84200.0,-10100.0,-11.995249406175772
2026-01-07,Thực Phẩm Đông Lạnh,local_value,62000.0,84200.0,-22200.0,-26.365795724465556
2026-01-07,Thực Phẩm Đông Lạnh,niche_professional,102300.0,84200.0,18100.0,21.49643705463183
2026-01-07,Trứng - Đậu Hũ,household_giant,55000.0,21100.0,33900.0,160.66350710900474
2026-01-07,Trứng - Đậu Hũ,local_value,27250.0,21100.0,6150.0,29.14691943127962
2026-01-08,Chăm Sóc Bé,household_giant,33500.0,60900.0,-27400.0,-44.991789819376024
2026-01-08,Chăm Sóc Bé,local_value,57000.0,60900.0,-3900.0,-6.403940886699508
2026-01-08,Chăm Sóc Bé,niche_professional,169900.0,60900.0,109000.0,178.98193760262726
2026-01-08,Chăm Sóc Bé,prestige_leader,133800.0,60900.0,72900.0,119.70443349753694
2026-01-08,Gia Vị,household_giant,38400.0,84600.0,-46200.0,-54.60992907801418
2026-01-08,Gia Vị,local_value,28150.0,84600.0,-56450.0,-66.725768321513
2026-01-08,Gia Vị,niche_professional,89400.0,84600.0,4800.0,5.673758865248227
2026-01-08,Mì - Thực Phẩm Ăn Liền,household_giant,243600.0,27200.0,216400.0,795.5882352941177
2026-01-08,Mì - Thực Phẩm Ăn Liền,local_value,13700.0,27200.0,-13500.0,-49.63235294117647
2026-01-08,Rau - Củ - Trái Cây,local_value,39900.0,49900.0,-10000.0,-20.04008016032064
2026-01-08,Rau - Củ - Trái Cây,niche_professional,46900.0,49900.0,-3000.0,-6.012024048096192
2026-01-08,Sữa Tươi,household_giant,25800.0,26200.0,-400.0,-1.5267175572519083
2026-01-08,Sữa Tươi,local_value,26100.0,26200.0,-100.0,-0.38167938931297707
2026-01-08,Sữa Tươi,niche_professional,50000.0,26200.0,23800.0,90.83969465648855
2026-01-08,Sữa Tươi,prestige_leader,31050.0,26200.0,4850.0,18.51145038167939
2026-01-08,Thực Phẩm Chế Biến,household_giant,48100.0,35000.0,13100.0,37.42857142857143
2026-01-08,Thực Phẩm Chế Biến,local_value,29950.0,35000.0,-5050.0,-14.428571428571429
2026-01-08,Thực Phẩm Chế Biến,niche_professional,137200.0,35000.0,102200.0,292.0
2026-01-08,Thực Phẩm Khô,household_giant,34850.0,62400.0,-27550.0,-44.15064102564102
2026-01-08,Thực Phẩm Khô,local_value,108250.0,62400.0,45850.0,73.4775641025641
2026-01-08,Thực Phẩm Đông Lạnh,household_giant,74100.0,84200.0,-10100.0,-11.995249406175772
2026-01-08,Thực Phẩm Đông Lạnh,local_value,67000.0,84200.0,-17200.0,-20.42755344418052
2026-01-08,Thực Phẩm Đông Lạnh,niche_professional,102300.0,84200.0,18100.0,21.49643705463183
2026-01-08,Trứng - Đậu Hũ,household_giant,55000.0,21100.0,33900.0,160.66350710900474
2026-01-08,Trứng - Đậu Hũ,local_value,27250.0,21100.0,6150.0,29.14691943127962
2026-01-09,Chăm Sóc Bé,household_giant,33500.0,60900.0,-27400.0,-44.991789819376024
2026-01-09,Chăm Sóc Bé,local_value,57000.0,60900.0,-3900.0,-6.403940886699508
2026-01-09,Chăm Sóc Bé,niche_professional,169900.0,60900.0,109000.0,178.98193760262726
2026-01-09,Chăm Sóc Bé,prestige_leader,133800.0,60900.0,72900.0,119.70443349753694
2026-01-09,Mì - Thực Phẩm Ăn Liền,household_giant,27200.0,27200.0,0.0,0.0
2026-01-09,Mì - Thực Phẩm Ăn Liền,local_value,13700.0,27200.0,-13500.0,-49.63235294117647
2026-01-09,Mì - Thực Phẩm Ăn Liền,prestige_leader,31500.0,27200.0,4300.0,15.808823529411764
2026-01-09,Rau - Củ - Trái Cây,local_value,50900.0,35000.0,15900.0,45.42857142857143
2026-01-09,Rau - Củ - Trái Cây,niche_professional,46900.0,35000.0,11900.0,34.0
2026-01-09,Sữa Tươi,household_giant,27050.0,51500.0,-24450.0,-47.47572815533981
2026-01-09,Sữa Tươi,local_value,33400.0,51500.0,-18100.0,-35.14563106796116
2026-01-09,Sữa Tươi,niche_professional,77900.0,51500.0,26400.0,51.262135922330096
2026-01-09,Sữa Tươi,prestige_leader,38900.0,51500.0,-12600.0,-24.466019417475728
2026-01-09,Thực Phẩm Chế Biến,household_giant,48100.0,35000.0,13100.0,37.42857142857143
2026-01-09,Thực Phẩm Chế Biến,local_value,29950.0,35000.0,-5050.0,-14.428571428571429
2026-01-09,Thực Phẩm Chế Biến,niche_professional,142600.0,35000.0,107600.0,307.42857142857144
2026-01-09,Thực Phẩm Khô,household_giant,32950.0,53600.0,-20650.0,-38.526119402985074
2026-01-09,Thực Phẩm Khô,local_value,56300.0,53600.0,2700.0,5.037313432835821
2026-01-09,Thực Phẩm Khô,niche_professional,99500.0,53600.0,45900.0,85.63432835820896
2026-01-09,Thực Phẩm Khô,prestige_leader,145000.0,53600.0,91400.0,170.5223880597015
2026-01-09,Thực Phẩm Đông Lạnh,household_giant,74100.0,84200.0,-10100.0,-11.995249406175772
2026-01-09,Thực Phẩm Đông Lạnh,local_value,67000.0,84200.0,-17200.0,-20.42755344418052
2026-01-09,Thực Phẩm Đông Lạnh,niche_professional,102300.0,84200.0,18100.0,21.49643705463183
2026-01-09,Trứng - Đậu Hũ,household_giant,54250.0,21100.0,33150.0,157.10900473933648
2026-01-09,Trứng - Đậu Hũ,local_value,27250.0,21100.0,6150.0,29.14691943127962
2026-01-10,Chăm Sóc Bé,household_giant,33500.0,60900.0,-27400.0,-44.991789819376024
2026-01-10,Chăm Sóc Bé,local_value,57000.0,60900.0,-3900.0,-6.403940886699508
2026-01-10,Chăm Sóc Bé,niche_professional,169900.0,60900.0,109000.0,178.98193760262726
2026-01-10,Chăm Sóc Bé,prestige_leader,133800.0,60900.0,72900.0,119.70443349753694
2026-01-10,Gia Vị,household_giant,40400.0,78000.0,-37600.0,-48.205128205128204
2026-01-10,Gia Vị,local_value,28800.0,78000.0,-49200.0,-63.07692307692307
2026-01-10,Gia Vị,niche_professional,85700.0,78000.0,7700.0,9.871794871794872
2026-01-10,Mì - Thực Phẩm Ăn Liền,household_giant,27200.0,27200.0,0.0,0.0
2026-01-10,Mì - Thực Phẩm Ăn Liền,local_value,13700.0,27200.0,-13500.0,-49.63235294117647
2026-01-10,Mì - Thực Phẩm Ăn Liền,prestige_leader,31500.0,27200.0,4300.0,15.808823529411764
2026-01-10,Rau - Củ - Trái Cây,local_value,50900.0,35000.0,15900.0,45.42857142857143
2026-01-10,Rau - Củ - Trái Cây,niche_professional,46900.0,35000.0,11900.0,34.0
2026-01-10,Sữa Tươi,household_giant,26800.0,51500.0,-24700.0,-47.96116504854369
2026-01-10,Sữa Tươi,local_value,33400.0,51500.0,-18100.0,-35.14563106796116
2026-01-10,Sữa Tươi,niche_professional,77900.0,51500.0,26400.0,51.262135922330096
2026-01-10,Sữa Tươi,prestige_leader,38900.0,51500.0,-12600.0,-24.466019417475728
2026-01-10,Thực Phẩm Chế Biến,household_giant,48100.0,39500.0,8600.0,21.772151898734176
2026-01-10,Thực Phẩm Chế Biến,local_value,29950.0,39500.0,-9550.0,-24.17721518987342
2026-01-10,Thực Phẩm Chế Biến,niche_professional,142600.0,39500.0,103100.0,261.01265822784814
2026-01-10,Thực Phẩm Khô,household_giant,32950.0,53600.0,-20650.0,-38.526119402985074
2026-01-10,Thực Phẩm Khô,local_value,56600.0,53600.0,3000.0,5.597014925373134
2026-01-10,Thực Phẩm Khô,niche_professional,99500.0,53600.0,45900.0,85.63432835820896
2026-01-10,Thực Phẩm Khô,prestige_leader,145000.0,53600.0,91400.0,170.5223880597015
2026-01-10,Thực Phẩm Đông Lạnh,household_giant,74100.0,84000.0,-9900.0,-11.785714285714285
2026-01-10,Thực Phẩm Đông Lạnh,local_value,69000.0,84000.0,-15000.0,-17.857142857142858
2026-01-10,Thực Phẩm Đông Lạnh,niche_professional,102300.0,84000.0,18300.0,21.785714285714285
2026-01-10,Trứng - Đậu Hũ,household_giant,54250.0,21100.0,33150.0,157.10900473933648
2026-01-10,Trứng - Đậu Hũ,local_value,27250.0,21100.0,6150.0,29.14691943127962
2026-01-11,Chăm Sóc Bé,household_giant,33500.0,60900.0,-27400.0,-44.991789819376024
2026-01-11,Chăm Sóc Bé,local_value,57000.0,60900.0,-3900.0,-6.403940886699508
2026-01-11,Chăm Sóc Bé,niche_professional,169900.0,60900.0,109000.0,178.98193760262726
2026-01-11,Chăm Sóc Bé,prestige_leader,112550.0,60900.0,51650.0,84.8111658456486
2026-01-11,Gia Vị,household_giant,39850.0,78650.0,-38800.0,-49.332485696122056
2026-01-11,Gia Vị,local_value,28600.0,78650.0,-50050.0,-63.63636363636363
2026-01-11,Gia Vị,niche_professional,85700.0,78650.0,7050.0,8.963763509218055
2026-01-11,Mì - Thực Phẩm Ăn Liền,household_giant,27200.0,27200.0,0.0,0.0
2026-01-11,Mì - Thực Phẩm Ăn Liền,local_value,13700.0,27200.0,-13500.0,-49.63235294117647
2026-01-11,Rau - Củ - Trái Cây,local_value,50900.0,35000.0,15900.0,45.42857142857143
2026-01-11,Rau - Củ - Trái Cây,niche_professional,46900.0,35000.0,11900.0,34.0
2026-01-11,Sữa Tươi,household_giant,26800.0,51500.0,-24700.0,-47.96116504854369
2026-01-11,Sữa Tươi,local_value,33400.0,51500.0,-18100.0,-35.14563106796116
2026-01-11,Sữa Tươi,niche_professional,77900.0,51500.0,26400.0,51.262135922330096
2026-01-11,Sữa Tươi,prestige_leader,38900.0,51500.0,-12600.0,-24.466019417475728
2026-01-11,Thực Phẩm Chế Biến,household_giant,48100.0,44000.0,4100.0,9.318181818181818
2026-01-11,Thực Phẩm Chế Biến,local_value,29925.0,44000.0,-14075.0,-31.988636363636363
2026-01-11,Thực Phẩm Chế Biến,niche_professional,142600.0,44000.0,98600.0,224.09090909090907
2026-01-11,Thực Phẩm Khô,household_giant,32700.0,53600.0,-20900.0,-38.992537313432834
2026-01-11,Thực Phẩm Khô,local_value,56600.0,53600.0,3000.0,5.597014925373134
2026-01-11,Thực Phẩm Khô,niche_professional,99500.0,53600.0,45900.0,85.63432835820896
2026-01-11,Thực Phẩm Khô,prestige_leader,145000.0,53600.0,91400.0,170.5223880597015
2026-01-11,Thực Phẩm Đông Lạnh,household_giant,74100.0,83800.0,-9700.0,-11.575178997613365
2026-01-11,Thực Phẩm Đông Lạnh,local_value,67000.0,83800.0,-16800.0,-20.047732696897373
2026-01-11,Thực Phẩm Đông Lạnh,niche_professional,98100.0,83800.0,14300.0,17.064439140811455
2026-01-11,Trứng - Đậu Hũ,household_giant,54250.0,21100.0,33150.0,157.10900473933648
2026-01-11,Trứng - Đậu Hũ,local_value,27250.0,21100.0,6150.0,29.14691943127962
2026-01-12,Chăm Sóc Bé,household_giant,33500.0,60900.0,-27400.0,-44.991789819376024
2026-01-12,Chăm Sóc Bé,local_value,57000.0,60900.0,-3900.0,-6.403940886699508
2026-01-12,Chăm Sóc Bé,niche_professional,169900.0,60900.0,109000.0,178.98193760262726
2026-01-12,Chăm Sóc Bé,prestige_leader,112550.0,60900.0,51650.0,84.8111658456486
2026-01-12,Gia Vị,household_giant,40150.0,78650.0,-38500.0,-48.95104895104895
2026-01-12,Gia Vị,local_value,28800.0,78650.0,-49850.0,-63.38207247298156
2026-01-12,Gia Vị,niche_professional,88500.0,78650.0,9850.0,12.523839796567069
2026-01-12,Mì - Thực Phẩm Ăn Liền,household_giant,27200.0,27200.0,0.0,0.0
2026-01-12,Mì - Thực Phẩm Ăn Liền,local_value,13700.0,27200.0,-13500.0,-49.63235294117647
2026-01-12,Rau - Củ - Trái Cây,local_value,39900.0,43920.0,-4020.0,-9.153005464480875
2026-01-12,Rau - Củ - Trái Cây,niche_professional,46900.0,43920.0,2980.0,6.785063752276867
2026-01-12,Sữa Tươi,household_giant,25800.0,26000.0,-200.0,-0.7692307692307693
2026-01-12,Sữa Tươi,local_value,26100.0,26000.0,100.0,0.38461538461538464
2026-01-12,Sữa Tươi,niche_professional,63700.0,26000.0,37700.0,145.0
2026-01-12,Sữa Tươi,prestige_leader,18450.0,26000.0,-7550.0,-29.03846153846154
2026-01-12,Thực Phẩm Chế Biến,household_giant,48100.0,44500.0,3600.0,8.089887640449438
2026-01-12,Thực Phẩm Chế Biến,local_value,29925.0,44500.0,-14575.0,-32.752808988764045
2026-01-12,Thực Phẩm Chế Biến,niche_professional,142600.0,44500.0,98100.0,220.4494382022472
2026-01-12,Thực Phẩm Khô,household_giant,35900.0,62400.0,-26500.0,-42.467948717948715
2026-01-12,Thực Phẩm Khô,local_value,109900.0,62400.0,47500.0,76.12179487179486
2026-01-12,Thực Phẩm Đông Lạnh,household_giant,74100.0,82000.0,-7900.0,-9.634146341463415
2026-01-12,Thực Phẩm Đông Lạnh,local_value,69000.0,82000.0,-13000.0,-15.853658536585366
2026-01-12,Thực Phẩm Đông Lạnh,niche_professional,98100.0,82000.0,16100.0,19.634146341463417
2026-01-12,Trứng - Đậu Hũ,household_giant,54250.0,21100.0,33150.0,157.10900473933648
2026-01-12,Trứng - Đậu Hũ,local_value,27250.0,21100.0,6150.0,29.14691943127962
2026-01-13,Chăm Sóc Bé,household_giant,33500.0,60900.0,-27400.0,-44.991789819376024
2026-01-13,Chăm Sóc Bé,local_value,57000.0,60900.0,-3900.0,-6.403940886699508
2026-01-13,Chăm Sóc Bé,niche_professional,169900.0,60900.0,109000.0,178.98193760262726
2026-01-13,Chăm Sóc Bé,prestige_leader,112550.0,60900.0,51650.0,84.8111658456486
2026-01-13,Gia Vị,household_giant,40150.0,79300.0,-39150.0,-49.36948297604035
2026-01-13,Gia Vị,local_value,29500.0,79300.0,-49800.0,-62.79949558638083
2026-01-13,Gia Vị,niche_professional,88850.0,79300.0,9550.0,12.042875157629256
2026-01-13,Mì - Thực Phẩm Ăn Liền,household_giant,27200.0,27200.0,0.0,0.0
2026-01-13,Mì - Thực Phẩm Ăn Liền,local_value,13700.0,27200.0,-13500.0,-49.63235294117647
2026-01-13,Rau - Củ - Trái Cây,local_value,47900.0,36660.0,11240.0,30.660120021822152
2026-01-13,Rau - Củ - Trái Cây,niche_professional,46900.0,36660.0,10240.0,27.932351336606654
2026-01-13,Sữa Tươi,household_giant,27750.0,53500.0,-25750.0,-48.13084112149533
2026-01-13,Sữa Tươi,local_value,33450.0,53500.0,-20050.0,-37.47663551401869
2026-01-13,Sữa Tươi,niche_professional,77600.0,53500.0,24100.0,45.046728971962615
2026-01-13,Sữa Tươi,prestige_leader,38900.0,53500.0,-14600.0,-27.289719626168225
2026-01-13,Thực Phẩm Chế Biến,household_giant,48100.0,35000.0,13100.0,37.42857142857143
2026-01-13,Thực Phẩm Chế Biến,local_value,29950.0,35000.0,-5050.0,-14.428571428571429
2026-01-13,Thực Phẩm Chế Biến,niche_professional,131800.0,35000.0,96800.0,276.57142857142856
2026-01-13,Thực Phẩm Khô,household_giant,30850.0,53600.0,-22750.0,-42.44402985074627
2026-01-13,Thực Phẩm Khô,local_value,58100.0,53600.0,4500.0,8.395522388059701
2026-01-13,Thực Phẩm Khô,niche_professional,99500.0,53600.0,45900.0,85.63432835820896
2026-01-13,Thực Phẩm Khô,prestige_leader,145000.0,53600.0,91400.0,170.5223880597015
2026-01-13,Thực Phẩm Đông Lạnh,household_giant,73700.0,82900.0,-9200.0,-11.097708082026537
2026-01-13,Thực Phẩm Đông Lạnh,local_value,67000.0,82900.0,-15900.0,-19.179734620024124
2026-01-13,Thực Phẩm Đông Lạnh,niche_professional,98100.0,82900.0,15200.0,18.33534378769602
2026-01-13,Trứng - Đậu Hũ,household_giant,53250.0,21100.0,32150.0,152.36966824644549
2026-01-13,Trứng - Đậu Hũ,local_value,19250.0,21100.0,-1850.0,-8.767772511848342
2026-01-14,Chăm Sóc Bé,household_giant,33500.0,60900.0,-27400.0,-44.991789819376024
2026-01-14,Chăm Sóc Bé,local_value,57000.0,60900.0,-3900.0,-6.403940886699508
2026-01-14,Chăm Sóc Bé,niche_professional,169900.0,60900.0,109000.0,178.98193760262726
2026-01-14,Chăm Sóc Bé,prestige_leader,112550.0,60900.0,51650.0,84.8111658456486
2026-01-14,Gia Vị,household_giant,39850.0,78000.0,-38150.0,-48.91025641025641
2026-01-14,Gia Vị,local_value,29000.0,78000.0,-49000.0,-62.82051282051282
2026-01-14,Gia Vị,niche_professional,88850.0,78000.0,10850.0,13.91025641025641
2026-01-14,Mì - Thực Phẩm Ăn Liền,household_giant,27200.0,27200.0,0.0,0.0
2026-01-14,Mì - Thực Phẩm Ăn Liền,local_value,13700.0,27200.0,-13500.0,-49.63235294117647
2026-01-14,Rau - Củ - Trái Cây,local_value,47900.0,38320.0,9580.0,25.0
2026-01-14,Rau - Củ - Trái Cây,niche_professional,46900.0,38320.0,8580.0,22.390396659707722
2026-01-14,Sữa Tươi,household_giant,25900.0,37600.0,-11700.0,-31.117021276595747
2026-01-14,Sữa Tươi,local_value,33400.0,37600.0,-4200.0,-11.170212765957446
2026-01-14,Sữa Tươi,niche_professional,77300.0,37600.0,39700.0,105.58510638297874
2026-01-14,Sữa Tươi,prestige_leader,38900.0,37600.0,1300.0,3.4574468085106385
2026-01-14,Thực Phẩm Chế Biến,household_giant,48100.0,34950.0,13150.0,37.625178826895564
2026-01-14,Thực Phẩm Chế Biến,local_value,31900.0,34950.0,-3050.0,-8.726752503576538
2026-01-14,Thực Phẩm Chế Biến,niche_professional,131800.0,34950.0,96850.0,277.1101573676681
2026-01-14,Thực Phẩm Khô,household_giant,30850.0,53600.0,-22750.0,-42.44402985074627
2026-01-14,Thực Phẩm Khô,local_value,58100.0,53600.0,4500.0,8.395522388059701
2026-01-14,Thực Phẩm Khô,niche_professional,99500.0,53600.0,45900.0,85.63432835820896
2026-01-14,Thực Phẩm Khô,prestige_leader,145000.0,53600.0,91400.0,170.5223880597015
2026-01-14,Thực Phẩm Đông Lạnh,household_giant,73700.0,84000.0,-10300.0,-12.261904761904761
2026-01-14,Thực Phẩm Đông Lạnh,local_value,71700.0,84000.0,-12300.0,-14.642857142857144
2026-01-14,Thực Phẩm Đông Lạnh,niche_professional,104250.0,84000.0,20250.0,24.107142857142858
2026-01-14,Trứng - Đậu Hũ,household_giant,53500.0,14600.0,38900.0,266.4383561643836
2026-01-14,Trứng - Đậu Hũ,local_value,19250.0,14600.0,4650.0,31.84931506849315
2026-01-15,Chăm Sóc Bé,household_giant,45000.0,60900.0,-15900.0,-26.108374384236456
2026-01-15,Chăm Sóc Bé,local_value,54000.0,60900.0,-6900.0,-11.330049261083744
2026-01-15,Chăm Sóc Bé,niche_professional,169900.0,60900.0,109000.0,178.98193760262726
2026-01-15,Chăm Sóc Bé,prestige_leader,73450.0,60900.0,12550.0,20.607553366174056
2026-01-15,Gia Vị,household_giant,38100.0,108000.0,-69900.0,-64.72222222222223
2026-01-15,Gia Vị,local_value,31950.0,108000.0,-76050.0,-70.41666666666667
2026-01-15,Gia Vị,niche_professional,99000.0,108000.0,-9000.0,-8.333333333333332
2026-01-15,Mì - Thực Phẩm Ăn Liền,household_giant,27200.0,27200.0,0.0,0.0
2026-01-15,Mì - Thực Phẩm Ăn Liền,local_value,13700.0,27200.0,-13500.0,-49.63235294117647
2026-01-15,Rau - Củ - Trái Cây,local_value,47900.0,38660.0,9240.0,23.900672529746508
2026-01-15,Rau - Củ - Trái Cây,niche_professional,46900.0,38660.0,8240.0,21.31401965856182
2026-01-15,Sữa Tươi,household_giant,25800.0,23350.0,2450.0,10.492505353319057
2026-01-15,Sữa Tươi,local_value,26100.0,23350.0,2750.0,11.777301927194861
2026-01-15,Sữa Tươi,niche_professional,50500.0,23350.0,27150.0,116.27408993576016
2026-01-15,Sữa Tươi,prestige_leader,31050.0,23350.0,7700.0,32.97644539614561
2026-01-15,Thực Phẩm Chế Biến,household_giant,48100.0,34900.0,13200.0,37.82234957020057
2026-01-15,Thực Phẩm Chế Biến,local_value,31900.0,34900.0,-3000.0,-8.595988538681947
2026-01-15,Thực Phẩm Chế Biến,niche_professional,122700.0,34900.0,87800.0,251.57593123209168
2026-01-15,Thực Phẩm Khô,household_giant,32950.0,40800.0,-7850.0,-19.240196078431374
2026-01-15,Thực Phẩm Khô,local_value,59200.0,40800.0,18400.0,45.09803921568628
2026-01-15,Thực Phẩm Khô,niche_professional,77000.0,40800.0,36200.0,88.72549019607843
2026-01-15,Thực Phẩm Đông Lạnh,household_giant,74100.0,79850.0,-5750.0,-7.201001878522229
2026-01-15,Thực Phẩm Đông Lạnh,local_value,65000.0,79850.0,-14850.0,-18.597370068879147
2026-01-15,Thực Phẩm Đông Lạnh,niche_professional,98100.0,79850.0,18250.0,22.85535378835316
2026-01-15,Trứng - Đậu Hũ,household_giant,57500.0,14600.0,42900.0,293.83561643835617
2026-01-15,Trứng - Đậu Hũ,local_value,27250.0,14600.0,12650.0,86.64383561643835
2026-01-16,Chăm Sóc Bé,household_giant,33500.0,60900.0,-27400.0,-44.991789819376024
2026-01-16,Chăm Sóc Bé,local_value,57000.0,60900.0,-3900.0,-6.403940886699508
2026-01-16,Chăm Sóc Bé,niche_professional,169900.0,60900.0,109000.0,178.98193760262726
2026-01-16,Chăm Sóc Bé,prestige_leader,133800.0,60900.0,72900.0,119.70443349753694
2026-01-16,Gia Vị,household_giant,39900.0,91500.0,-51600.0,-56.393442622950815
2026-01-16,Gia Vị,local_value,30300.0,91500.0,-61200.0,-66.88524590163935
2026-01-16,Gia Vị,niche_professional,89400.0,91500.0,-2100.0,-2.2950819672131146
2026-01-16,Mì - Thực Phẩm Ăn Liền,household_giant,27200.0,27200.0,0.0,0.0
2026-01-16,Mì - Thực Phẩm Ăn Liền,local_value,13700.0,27200.0,-13500.0,-49.63235294117647
2026-01-16,Rau - Củ - Trái Cây,local_value,47900.0,39900.0,8000.0,20.050125313283207
2026-01-16,Rau - Củ - Trái Cây,niche_professional,46900.0,39900.0,7000.0,17.543859649122805
2026-01-16,Sữa Tươi,household_giant,26800.0,51500.0,-24700.0,-47.96116504854369
2026-01-16,Sữa Tươi,local_value,33400.0,51500.0,-18100.0,-35.14563106796116
2026-01-16,Sữa Tươi,niche_professional,78650.0,51500.0,27150.0,52.71844660194175
2026-01-16,Sữa Tươi,prestige_leader,38900.0,51500.0,-12600.0,-24.466019417475728
2026-01-16,Thực Phẩm Chế Biến,household_giant,49600.0,34900.0,14700.0,42.12034383954155
2026-01-16,Thực Phẩm Chế Biến,local_value,31900.0,34900.0,-3000.0,-8.595988538681947
2026-01-16,Thực Phẩm Chế Biến,niche_professional,127250.0,34900.0,92350.0,264.6131805157593
2026-01-16,Thực Phẩm Khô,household_giant,28400.0,53750.0,-25350.0,-47.16279069767442
2026-01-16,Thực Phẩm Khô,local_value,58100.0,53750.0,4350.0,8.093023255813954
2026-01-16,Thực Phẩm Khô,niche_professional,99500.0,53750.0,45750.0,85.11627906976744
2026-01-16,Thực Phẩm Khô,prestige_leader,145000.0,53750.0,91250.0,169.7674418604651
2026-01-16,Thực Phẩm Đông Lạnh,household_giant,74100.0,79850.0,-5750.0,-7.201001878522229
2026-01-16,Thực Phẩm Đông Lạnh,local_value,67000.0,79850.0,-12850.0,-16.0926737633062
2026-01-16,Thực Phẩm Đông Lạnh,niche_professional,98100.0,79850.0,18250.0,22.85535378835316
2026-01-16,Trứng - Đậu Hũ,household_giant,57500.0,14600.0,42900.0,293.83561643835617
2026-01-16,Trứng - Đậu Hũ,local_value,27250.0,14600.0,12650.0,86.64383561643835
2026-01-17,Chăm Sóc Bé,household_giant,32500.0,286950.0,-254450.0,-88.67398501481094
2026-01-17,Chăm Sóc Bé,local_value,85400.0,286950.0,-201550.0,-70.2387175466109
2026-01-17,Chăm Sóc Bé,niche_professional,169900.0,286950.0,-117050.0,-40.79107858511936
2026-01-17,Chăm Sóc Bé,prestige_leader,133800.0,286950.0,-153150.0,-53.371667537898595
2026-01-17,Gia Vị,household_giant,39850.0,78000.0,-38150.0,-48.91025641025641
2026-01-17,Gia Vị,local_value,30000.0,78000.0,-48000.0,-61.53846153846154
2026-01-17,Gia Vị,niche_professional,89200.0,78000.0,11200.0,14.358974358974358
2026-01-17,Mì - Thực Phẩm Ăn Liền,household_giant,27200.0,27200.0,0.0,0.0
2026-01-17,Mì - Thực Phẩm Ăn Liền,local_value,13700.0,27200.0,-13500.0,-49.63235294117647
2026-01-17,Rau - Củ - Trái Cây,local_value,47900.0,46500.0,1400.0,3.010752688172043
2026-01-17,Rau - Củ - Trái Cây,niche_professional,46900.0,46500.0,400.0,0.8602150537634409
2026-01-17,Sữa Tươi,household_giant,25800.0,36200.0,-10400.0,-28.7292817679558
2026-01-17,Sữa Tươi,local_value,34500.0,36200.0,-1700.0,-4.696132596685083
2026-01-17,Sữa Tươi,niche_professional,77600.0,36200.0,41400.0,114.36464088397791
2026-01-17,Sữa Tươi,prestige_leader,37800.0,36200.0,1600.0,4.41988950276243
2026-01-17,Thực Phẩm Chế Biến,household_giant,49600.0,34950.0,14650.0,41.9170243204578
2026-01-17,Thực Phẩm Chế Biến,local_value,30925.0,34950.0,-4025.0,-11.516452074391989
2026-01-17,Thực Phẩm Chế Biến,niche_professional,127250.0,34950.0,92300.0,264.09155937052935
2026-01-17,Thực Phẩm Khô,household_giant,28400.0,53750.0,-25350.0,-47.16279069767442
2026-01-17,Thực Phẩm Khô,local_value,56800.0,53750.0,3050.0,5.674418604651163
2026-01-17,Thực Phẩm Khô,niche_professional,99500.0,53750.0,45750.0,85.11627906976744
2026-01-17,Thực Phẩm Khô,prestige_leader,145000.0,53750.0,91250.0,169.7674418604651
2026-01-17,Thực Phẩm Đông Lạnh,household_giant,74500.0,79850.0,-5350.0,-6.70006261740764
2026-01-17,Thực Phẩm Đông Lạnh,local_value,69000.0,79850.0,-10850.0,-13.587977457733249
2026-01-17,Thực Phẩm Đông Lạnh,niche_professional,98100.0,79850.0,18250.0,22.85535378835316
2026-01-17,Trứng - Đậu Hũ,household_giant,57500.0,14600.0,42900.0,293.83561643835617
2026-01-17,Trứng - Đậu Hũ,local_value,27250.0,14600.0,12650.0,86.64383561643835
2026-01-18,Chăm Sóc Bé,local_value,72950.0,286950.0,-214000.0,-74.57745251786025
2026-01-18,Chăm Sóc Bé,niche_professional,169850.0,286950.0,-117100.0,-40.80850322355811
2026-01-18,Chăm Sóc Bé,prestige_leader,73450.0,286950.0,-213500.0,-74.40320613347274
2026-01-18,Mì - Thực Phẩm Ăn Liền,household_giant,27200.0,27200.0,0.0,0.0
2026-01-18,Mì - Thực Phẩm Ăn Liền,local_value,13700.0,27200.0,-13500.0,-49.63235294117647
2026-01-18,Rau - Củ - Trái Cây,local_value,53900.0,46500.0,7400.0,15.913978494623656
2026-01-18,Rau - Củ - Trái Cây,niche_professional,46900.0,46500.0,400.0,0.8602150537634409
2026-01-18,Sữa Tươi,household_giant,26350.0,37600.0,-11250.0,-29.920212765957448
2026-01-18,Sữa Tươi,local_value,33400.0,37600.0,-4200.0,-11.170212765957446
2026-01-18,Sữa Tươi,niche_professional,78650.0,37600.0,41050.0,109.17553191489363
2026-01-18,Sữa Tươi,prestige_leader,38900.0,37600.0,1300.0,3.4574468085106385
2026-01-18,Thực Phẩm Chế Biến,household_giant,44000.0,34900.0,9100.0,26.07449856733524
2026-01-18,Thực Phẩm Chế Biến,local_value,29850.0,34900.0,-5050.0,-14.469914040114611
2026-01-18,Thực Phẩm Chế Biến,niche_professional,131800.0,34900.0,96900.0,277.65042979942695
2026-01-18,Thực Phẩm Khô,household_giant,32700.0,43500.0,-10800.0,-24.82758620689655
2026-01-18,Thực Phẩm Khô,local_value,52600.0,43500.0,9100.0,20.919540229885058
2026-01-18,Thực Phẩm Khô,niche_professional,77000.0,43500.0,33500.0,77.01149425287356
2026-01-18,Thực Phẩm Đông Lạnh,household_giant,65700.0,54200.0,11500.0,21.217712177121772
2026-01-18,Thực Phẩm Đông Lạnh,local_value,84800.0,54200.0,30600.0,56.457564575645755
2026-01-18,Thực Phẩm Đông Lạnh,niche_professional,156900.0,54200.0,102700.0,189.48339483394832
2026-01-19,Chăm Sóc Bé,household_giant,33500.0,60900.0,-27400.0,-44.991789819376024
2026-01-19,Chăm Sóc Bé,local_value,57000.0,60900.0,-3900.0,-6.403940886699508
2026-01-19,Chăm Sóc Bé,niche_professional,169900.0,60900.0,109000.0,178.98193760262726
2026-01-19,Chăm Sóc Bé,prestige_leader,133800.0,60900.0,72900.0,119.70443349753694
2026-01-19,Mì - Thực Phẩm Ăn Liền,household_giant,27200.0,27200.0,0.0,0.0
2026-01-19,Mì - Thực Phẩm Ăn Liền,local_value,13700.0,27200.0,-13500.0,-49.63235294117647
2026-01-19,Thực Phẩm Khô,household_giant,27800.0,53750.0,-25950.0,-48.27906976744186
2026-01-19,Thực Phẩm Khô,local_value,58100.0,53750.0,4350.0,8.093023255813954
2026-01-19,Thực Phẩm Khô,niche_professional,89000.0,53750.0,35250.0,65.58139534883722
2026-01-19,Thực Phẩm Khô,prestige_leader,145000.0,53750.0,91250.0,169.7674418604651
2026-01-19,Thực Phẩm Đông Lạnh,household_giant,73700.0,83800.0,-10100.0,-12.052505966587113
2026-01-19,Thực Phẩm Đông Lạnh,local_value,69000.0,83800.0,-14800.0,-17.66109785202864
2026-01-19,Thực Phẩm Đông Lạnh,niche_professional,98100.0,83800.0,14300.0,17.064439140811455
2026-01-19,Trứng - Đậu Hũ,household_giant,57500.0,14600.0,42900.0,293.83561643835617
2026-01-19,Trứng - Đậu Hũ,local_value,19500.0,14600.0,4900.0,33.56164383561644
2026-01-20,Chăm Sóc Bé,local_value,72800.0,281950.0,-209150.0,-74.17981911686469
2026-01-20,Chăm Sóc Bé,niche_professional,169900.0,281950.0,-112050.0,-39.74108884553999
2026-01-20,Chăm Sóc Bé,prestige_leader,68350.0,281950.0,-213600.0,-75.75811314062777
2026-01-20,Gia Vị,household_giant,36300.0,81200.0,-44900.0,-55.29556650246305
2026-01-20,Gia Vị,local_value,26050.0,81200.0,-55150.0,-67.91871921182266
2026-01-20,Gia Vị,niche_professional,107000.0,81200.0,25800.0,31.773399014778324
2026-01-20,Rau - Củ - Trái Cây,local_value,53900.0,45000.0,8900.0,19.77777777777778
2026-01-20,Rau - Củ - Trái Cây,niche_professional,46900.0,45000.0,1900.0,4.222222222222222
2026-01-20,Sữa Tươi,household_giant,25900.0,28300.0,-2400.0,-8.480565371024735
2026-01-20,Sữa Tươi,local_value,28300.0,28300.0,0.0,0.0
2026-01-20,Sữa Tươi,niche_professional,52150.0,28300.0,23850.0,84.2756183745583
2026-01-20,Sữa Tươi,prestige_leader,31050.0,28300.0,2750.0,9.717314487632509
2026-01-20,Thực Phẩm Chế Biến,household_giant,47200.0,35000.0,12200.0,34.85714285714286
2026-01-20,Thực Phẩm Chế Biến,local_value,30900.0,35000.0,-4100.0,-11.714285714285715
2026-01-20,Thực Phẩm Chế Biến,niche_professional,127250.0,35000.0,92250.0,263.57142857142856
2026-01-20,Thực Phẩm Khô,household_giant,23050.0,85400.0,-62350.0,-73.00936768149883
2026-01-20,Thực Phẩm Khô,local_value,60500.0,85400.0,-24900.0,-29.156908665105384
2026-01-20,Thực Phẩm Khô,niche_professional,84700.0,85400.0,-700.0,-0.819672131147541
2026-01-20,Thực Phẩm Đông Lạnh,household_giant,74100.0,84200.0,-10100.0,-11.995249406175772
2026-01-20,Thực Phẩm Đông Lạnh,local_value,73000.0,84200.0,-11200.0,-13.30166270783848
2026-01-20,Thực Phẩm Đông Lạnh,niche_professional,106400.0,84200.0,22200.0,26.365795724465556
2026-01-20,Trứng - Đậu Hũ,household_giant,57500.0,14600.0,42900.0,293.83561643835617
2026-01-20,Trứng - Đậu Hũ,local_value,19500.0,14600.0,4900.0,33.56164383561644
2026-01-21,Chăm Sóc Bé,household_giant,73700.0,281950.0,-208250.0,-73.8606135839688
2026-01-21,Chăm Sóc Bé,local_value,53400.0,281950.0,-228550.0,-81.06047171484305
2026-01-21,Chăm Sóc Bé,niche_professional,120250.0,281950.0,-161700.0,-57.350594076964
2026-01-21,Chăm Sóc Bé,prestige_leader,68350.0,281950.0,-213600.0,-75.75811314062777
2026-01-21,Gia Vị,household_giant,35300.0,55200.0,-19900.0,-36.05072463768116
2026-01-21,Gia Vị,local_value,30600.0,55200.0,-24600.0,-44.565217391304344
2026-01-21,Gia Vị,niche_professional,98900.0,55200.0,43700.0,79.16666666666666
2026-01-21,Mì - Thực Phẩm Ăn Liền,household_giant,19500.0,27200.0,-7700.0,-28.308823529411764
2026-01-21,Mì - Thực Phẩm Ăn Liền,local_value,13850.0,27200.0,-13350.0,-49.080882352941174
2026-01-21,Rau - Củ - Trái Cây,local_value,39900.0,34320.0,5580.0,16.258741258741257
2026-01-21,Sữa Tươi,household_giant,25800.0,61800.0,-36000.0,-58.252427184466015
2026-01-21,Sữa Tươi,local_value,32700.0,61800.0,-29100.0,-47.0873786407767
2026-01-21,Sữa Tươi,niche_professional,54300.0,61800.0,-7500.0,-12.135922330097088
2026-01-21,Sữa Tươi,prestige_leader,31700.0,61800.0,-30100.0,-48.70550161812297
2026-01-21,Thực Phẩm Chế Biến,household_giant,53400.0,35900.0,17500.0,48.74651810584958
2026-01-21,Thực Phẩm Chế Biến,local_value,32450.0,35900.0,-3450.0,-9.610027855153204
2026-01-21,Thực Phẩm Chế Biến,niche_professional,127250.0,35900.0,91350.0,254.45682451253484
2026-01-21,Thực Phẩm Khô,household_giant,26800.0,43500.0,-16700.0,-38.39080459770115
2026-01-21,Thực Phẩm Khô,local_value,56550.0,43500.0,13050.0,30.0
2026-01-21,Thực Phẩm Khô,niche_professional,101350.0,43500.0,57850.0,132.98850574712645
2026-01-21,Thực Phẩm Đông Lạnh,household_giant,76900.0,82000.0,-5100.0,-6.219512195121951
2026-01-21,Thực Phẩm Đông Lạnh,local_value,70350.0,82000.0,-11650.0,-14.20731707317073
2026-01-21,Thực Phẩm Đông Lạnh,niche_professional,106200.0,82000.0,24200.0,29.51219512195122
2026-01-21,Trứng - Đậu Hũ,household_giant,57500.0,16050.0,41450.0,258.25545171339564
2026-01-21,Trứng - Đậu Hũ,local_value,19000.0,16050.0,2950.0,18.38006230529595
2026-01-22,Chăm Sóc Bé,household_giant,33500.0,49000.0,-15500.0,-31.63265306122449
2026-01-22,Chăm Sóc Bé,local_value,64900.0,49000.0,15900.0,32.44897959183673
2026-01-22,Chăm Sóc Bé,niche_professional,189500.0,49000.0,140500.0,286.734693877551
2026-01-22,Chăm Sóc Bé,prestige_leader,124700.0,49000.0,75700.0,154.48979591836735
2026-01-22,Mì - Thực Phẩm Ăn Liền,household_giant,19500.0,27200.0,-7700.0,-28.308823529411764
2026-01-22,Mì - Thực Phẩm Ăn Liền,local_value,13850.0,27200.0,-13350.0,-49.080882352941174
2026-01-22,Rau - Củ - Trái Cây,local_value,53900.0,46200.0,7700.0,16.666666666666664
2026-01-22,Rau - Củ - Trái Cây,niche_professional,46900.0,46200.0,700.0,1.5151515151515151
2026-01-22,Sữa Tươi,household_giant,31950.0,46900.0,-14950.0,-31.87633262260128
2026-01-22,Sữa Tươi,local_value,34550.0,46900.0,-12350.0,-26.332622601279315
2026-01-22,Sữa Tươi,niche_professional,61550.0,46900.0,14650.0,31.236673773987206
2026-01-22,Sữa Tươi,prestige_leader,31700.0,46900.0,-15200.0,-32.40938166311301
2026-01-22,Thực Phẩm Chế Biến,household_giant,88600.0,143900.0,-55300.0,-38.429464906184855
2026-01-22,Thực Phẩm Chế Biến,local_value,45900.0,143900.0,-98000.0,-68.10284920083392
2026-01-22,Thực Phẩm Chế Biến,niche_professional,112000.0,143900.0,-31900.0,-22.1681723419041
2026-01-22,Thực Phẩm Khô,household_giant,28400.0,53750.0,-25350.0,-47.16279069767442
2026-01-22,Thực Phẩm Khô,local_value,60500.0,53750.0,6750.0,12.558139534883722
2026-01-22,Thực Phẩm Khô,niche_professional,84700.0,53750.0,30950.0,57.581395348837205
2026-01-22,Thực Phẩm Khô,prestige_leader,145000.0,53750.0,91250.0,169.7674418604651
2026-01-22,Thực Phẩm Đông Lạnh,household_giant,76900.0,82000.0,-5100.0,-6.219512195121951
2026-01-22,Thực Phẩm Đông Lạnh,local_value,69000.0,82000.0,-13000.0,-15.853658536585366
2026-01-22,Thực Phẩm Đông Lạnh,niche_professional,106200.0,82000.0,24200.0,29.51219512195122
2026-01-22,Trứng - Đậu Hũ,household_giant,54250.0,16050.0,38200.0,238.006230529595
2026-01-22,Trứng - Đậu Hũ,local_value,19250.0,16050.0,3200.0,19.937694704049843
2026-01-23,Chăm Sóc Bé,household_giant,34400.0,49000.0,-14600.0,-29.795918367346943
2026-01-23,Chăm Sóc Bé,local_value,64900.0,49000.0,15900.0,32.44897959183673
2026-01-23,Chăm Sóc Bé,niche_professional,189500.0,49000.0,140500.0,286.734693877551
2026-01-23,Chăm Sóc Bé,prestige_leader,124700.0,49000.0,75700.0,154.48979591836735
2026-01-23,Gia Vị,household_giant,41600.0,79300.0,-37700.0,-47.540983606557376
2026-01-23,Gia Vị,local_value,29600.0,79300.0,-49700.0,-62.6733921815889
2026-01-23,Gia Vị,niche_professional,88950.0,79300.0,9650.0,12.168978562421186
2026-01-23,Mì - Thực Phẩm Ăn Liền,household_giant,19500.0,27200.0,-7700.0,-28.308823529411764
2026-01-23,Mì - Thực Phẩm Ăn Liền,local_value,13850.0,27200.0,-13350.0,-49.080882352941174
2026-01-23,Rau - Củ - Trái Cây,local_value,53900.0,45000.0,8900.0,19.77777777777778
2026-01-23,Rau - Củ - Trái Cây,niche_professional,46900.0,45000.0,1900.0,4.222222222222222
2026-01-23,Sữa Tươi,household_giant,29650.0,42950.0,-13300.0,-30.9662398137369
2026-01-23,Sữa Tươi,local_value,33400.0,42950.0,-9550.0,-22.235157159487777
2026-01-23,Sữa Tươi,niche_professional,76600.0,42950.0,33650.0,78.34691501746217
2026-01-23,Sữa Tươi,prestige_leader,42400.0,42950.0,-550.0,-1.2805587892898718
2026-01-23,Thực Phẩm Chế Biến,household_giant,50450.0,34950.0,15500.0,44.34907010014306
2026-01-23,Thực Phẩm Chế Biến,local_value,36200.0,34950.0,1250.0,3.5765379113018603
2026-01-23,Thực Phẩm Chế Biến,niche_professional,131800.0,34950.0,96850.0,277.1101573676681
2026-01-23,Thực Phẩm Khô,household_giant,29100.0,51600.0,-22500.0,-43.604651162790695
2026-01-23,Thực Phẩm Khô,local_value,61000.0,51600.0,9400.0,18.217054263565892
2026-01-23,Thực Phẩm Khô,niche_professional,84700.0,51600.0,33100.0,64.14728682170544
2026-01-23,Thực Phẩm Đông Lạnh,household_giant,76900.0,82000.0,-5100.0,-6.219512195121951
2026-01-23,Thực Phẩm Đông Lạnh,local_value,70350.0,82000.0,-11650.0,-14.20731707317073
2026-01-23,Thực Phẩm Đông Lạnh,niche_professional,106200.0,82000.0,24200.0,29.51219512195122
2026-01-23,Trứng - Đậu Hũ,household_giant,55000.0,16050.0,38950.0,242.6791277258567
2026-01-23,Trứng - Đậu Hũ,local_value,19000.0,16050.0,2950.0,18.38006230529595
2026-01-24,Chăm Sóc Bé,household_giant,34400.0,49000.0,-14600.0,-29.795918367346943
2026-01-24,Chăm Sóc Bé,local_value,55500.0,49000.0,6500.0,13.26530612244898
2026-01-24,Chăm Sóc Bé,niche_professional,189500.0,49000.0,140500.0,286.734693877551
2026-01-24,Chăm Sóc Bé,prestige_leader,91300.0,49000.0,42300.0,86.3265306122449
2026-01-24,Gia Vị,household_giant,39900.0,78650.0,-38750.0,-49.268912905276544
2026-01-24,Gia Vị,local_value,29800.0,78650.0,-48850.0,-62.1106166560712
2026-01-24,Gia Vị,niche_professional,91300.0,78650.0,12650.0,16.083916083916083
2026-01-24,Mì - Thực Phẩm Ăn Liền,household_giant,19500.0,27200.0,-7700.0,-28.308823529411764
2026-01-24,Mì - Thực Phẩm Ăn Liền,local_value,13850.0,27200.0,-13350.0,-49.080882352941174
2026-01-24,Rau - Củ - Trái Cây,local_value,53900.0,39900.0,14000.0,35.08771929824561
2026-01-24,Rau - Củ - Trái Cây,niche_professional,46900.0,39900.0,7000.0,17.543859649122805
2026-01-24,Sữa Tươi,household_giant,25800.0,61800.0,-36000.0,-58.252427184466015
2026-01-24,Sữa Tươi,local_value,32700.0,61800.0,-29100.0,-47.0873786407767
2026-01-24,Sữa Tươi,niche_professional,54300.0,61800.0,-7500.0,-12.135922330097088
2026-01-24,Sữa Tươi,prestige_leader,31700.0,61800.0,-30100.0,-48.70550161812297
2026-01-24,Thực Phẩm Chế Biến,household_giant,52800.0,35450.0,17350.0,48.94217207334274
2026-01-24,Thực Phẩm Chế Biến,local_value,33000.0,35450.0,-2450.0,-6.911142454160791
2026-01-24,Thực Phẩm Chế Biến,niche_professional,127250.0,35450.0,91800.0,258.95627644569817
2026-01-24,Thực Phẩm Khô,household_giant,29000.0,53750.0,-24750.0,-46.04651162790698
2026-01-24,Thực Phẩm Khô,local_value,60500.0,53750.0,6750.0,12.558139534883722
2026-01-24,Thực Phẩm Khô,niche_professional,84700.0,53750.0,30950.0,57.581395348837205
2026-01-24,Thực Phẩm Khô,prestige_leader,145000.0,53750.0,91250.0,169.7674418604651
2026-01-24,Thực Phẩm Đông Lạnh,household_giant,76900.0,82000.0,-5100.0,-6.219512195121951
2026-01-24,Thực Phẩm Đông Lạnh,local_value,69000.0,82000.0,-13000.0,-15.853658536585366
2026-01-24,Thực Phẩm Đông Lạnh,niche_professional,106200.0,82000.0,24200.0,29.51219512195122
2026-01-24,Trứng - Đậu Hũ,household_giant,55000.0,16050.0,38950.0,242.6791277258567
2026-01-24,Trứng - Đậu Hũ,local_value,17450.0,16050.0,1400.0,8.722741433021806
2026-01-25,Rau - Củ - Trái Cây,local_value,53900.0,39900.0,14000.0,35.08771929824561
2026-01-25,Rau - Củ - Trái Cây,niche_professional,46900.0,39900.0,7000.0,17.543859649122805
2026-01-25,Sữa Tươi,household_giant,29000.0,46900.0,-17900.0,-38.16631130063966
2026-01-25,Sữa Tươi,local_value,33450.0,46900.0,-13450.0,-28.678038379530918
2026-01-25,Sữa Tươi,niche_professional,77900.0,46900.0,31000.0,66.09808102345416
2026-01-25,Sữa Tươi,prestige_leader,38900.0,46900.0,-8000.0,-17.057569296375267
2026-01-25,Thực Phẩm Chế Biến,household_giant,52800.0,39950.0,12850.0,32.16520650813517
2026-01-25,Thực Phẩm Chế Biến,local_value,33450.0,39950.0,-6500.0,-16.270337922403
2026-01-25,Thực Phẩm Chế Biến,niche_professional,127250.0,39950.0,87300.0,218.52315394242802
2026-01-26,Chăm Sóc Bé,household_giant,34400.0,54950.0,-20550.0,-37.397634212920835
2026-01-26,Chăm Sóc Bé,local_value,72800.0,54950.0,17850.0,32.48407643312102
2026-01-26,Chăm Sóc Bé,niche_professional,189500.0,54950.0,134550.0,244.8589626933576
2026-01-26,Chăm Sóc Bé,prestige_leader,108000.0,54950.0,53050.0,96.54231119199272
2026-01-26,Gia Vị,household_giant,39900.0,75000.0,-35100.0,-46.800000000000004
2026-01-26,Gia Vị,local_value,30000.0,75000.0,-45000.0,-60.0
2026-01-26,Gia Vị,niche_professional,89400.0,75000.0,14400.0,19.2
2026-01-26,Mì - Thực Phẩm Ăn Liền,household_giant,19500.0,27200.0,-7700.0,-28.308823529411764
2026-01-26,Mì - Thực Phẩm Ăn Liền,local_value,13850.0,27200.0,-13350.0,-49.080882352941174
2026-01-26,Rau - Củ - Trái Cây,local_value,53900.0,39900.0,14000.0,35.08771929824561
2026-01-26,Rau - Củ - Trái Cây,niche_professional,46900.0,39900.0,7000.0,17.543859649122805
2026-01-26,Sữa Tươi,household_giant,29500.0,46900.0,-17400.0,-37.10021321961621
2026-01-26,Sữa Tươi,local_value,33400.0,46900.0,-13500.0,-28.78464818763326
2026-01-26,Sữa Tươi,niche_professional,77900.0,46900.0,31000.0,66.09808102345416
2026-01-26,Sữa Tươi,prestige_leader,38900.0,46900.0,-8000.0,-17.057569296375267
2026-01-26,Thực Phẩm Chế Biến,household_giant,59000.0,35900.0,23100.0,64.34540389972145
2026-01-26,Thực Phẩm Chế Biến,local_value,55000.0,35900.0,19100.0,53.2033426183844
2026-01-26,Thực Phẩm Chế Biến,niche_professional,122700.0,35900.0,86800.0,241.78272980501393
2026-01-26,Thực Phẩm Khô,household_giant,29050.0,53750.0,-24700.0,-45.95348837209302
2026-01-26,Thực Phẩm Khô,local_value,57000.0,53750.0,3250.0,6.046511627906977
2026-01-26,Thực Phẩm Khô,niche_professional,84700.0,53750.0,30950.0,57.581395348837205
2026-01-26,Thực Phẩm Khô,prestige_leader,145000.0,53750.0,91250.0,169.7674418604651
2026-01-26,Thực Phẩm Đông Lạnh,household_giant,75700.0,83800.0,-8100.0,-9.665871121718377
2026-01-26,Thực Phẩm Đông Lạnh,local_value,69000.0,83800.0,-14800.0,-17.66109785202864
2026-01-26,Thực Phẩm Đông Lạnh,niche_professional,106400.0,83800.0,22600.0,26.968973747016705
2026-01-26,Trứng - Đậu Hũ,household_giant,57500.0,16050.0,41450.0,258.25545171339564
2026-01-26,Trứng - Đậu Hũ,local_value,17450.0,16050.0,1400.0,8.722741433021806
2026-01-27,Chăm Sóc Bé,household_giant,34400.0,54950.0,-20550.0,-37.397634212920835
2026-01-27,Chăm Sóc Bé,local_value,72800.0,54950.0,17850.0,32.48407643312102
2026-01-27,Chăm Sóc Bé,niche_professional,189500.0,54950.0,134550.0,244.8589626933576
2026-01-27,Chăm Sóc Bé,prestige_leader,108000.0,54950.0,53050.0,96.54231119199272
2026-01-27,Mì - Thực Phẩm Ăn Liền,household_giant,19500.0,27200.0,-7700.0,-28.308823529411764
2026-01-27,Mì - Thực Phẩm Ăn Liền,local_value,13850.0,27200.0,-13350.0,-49.080882352941174
2026-01-27,Rau - Củ - Trái Cây,local_value,87200.0,26960.0,60240.0,223.44213649851633
2026-01-27,Sữa Tươi,household_giant,31950.0,46900.0,-14950.0,-31.87633262260128
2026-01-27,Sữa Tươi,local_value,34550.0,46900.0,-12350.0,-26.332622601279315
2026-01-27,Sữa Tươi,niche_professional,50550.0,46900.0,3650.0,7.782515991471215
2026-01-27,Sữa Tươi,prestige_leader,49800.0,46900.0,2900.0,6.183368869936034
2026-01-27,Thực Phẩm Chế Biến,household_giant,50450.0,34950.0,15500.0,44.34907010014306
2026-01-27,Thực Phẩm Chế Biến,local_value,33000.0,34950.0,-1950.0,-5.579399141630901
2026-01-27,Thực Phẩm Chế Biến,niche_professional,127250.0,34950.0,92300.0,264.09155937052935
2026-01-27,Thực Phẩm Khô,household_giant,29050.0,53750.0,-24700.0,-45.95348837209302
2026-01-27,Thực Phẩm Khô,local_value,57000.0,53750.0,3250.0,6.046511627906977
2026-01-27,Thực Phẩm Khô,niche_professional,84700.0,53750.0,30950.0,57.581395348837205
2026-01-27,Thực Phẩm Khô,prestige_leader,145000.0,53750.0,91250.0,169.7674418604651
2026-01-27,Thực Phẩm Đông Lạnh,household_giant,75700.0,84000.0,-8300.0,-9.880952380952381
2026-01-27,Thực Phẩm Đông Lạnh,local_value,62000.0,84000.0,-22000.0,-26.190476190476193
2026-01-27,Thực Phẩm Đông Lạnh,niche_professional,102300.0,84000.0,18300.0,21.785714285714285
2026-01-27,Trứng - Đậu Hũ,household_giant,57500.0,16050.0,41450.0,258.25545171339564
2026-01-27,Trứng - Đậu Hũ,local_value,19000.0,16050.0,2950.0,18.38006230529595
2026-01-28,Chăm Sóc Bé,household_giant,33450.0,49000.0,-15550.0,-31.734693877551017
2026-01-28,Chăm Sóc Bé,local_value,73100.0,49000.0,24100.0,49.183673469387756
2026-01-28,Chăm Sóc Bé,niche_professional,189500.0,49000.0,140500.0,286.734693877551
2026-01-28,Chăm Sóc Bé,prestige_leader,124700.0,49000.0,75700.0,154.48979591836735
2026-01-28,Mì - Thực Phẩm Ăn Liền,household_giant,19500.0,27200.0,-7700.0,-28.308823529411764
2026-01-28,Mì - Thực Phẩm Ăn Liền,local_value,13850.0,27200.0,-13350.0,-49.080882352941174
2026-01-28,Rau - Củ - Trái Cây,local_value,53900.0,42900.0,11000.0,25.64102564102564
2026-01-28,Rau - Củ - Trái Cây,niche_professional,46900.0,42900.0,4000.0,9.324009324009324
2026-01-28,Sữa Tươi,household_giant,30600.0,46900.0,-16300.0,-34.7547974413646
2026-01-28,Sữa Tươi,local_value,31500.0,46900.0,-15400.0,-32.83582089552239
2026-01-28,Sữa Tươi,niche_professional,69150.0,46900.0,22250.0,47.44136460554371
2026-01-28,Sữa Tươi,prestige_leader,30800.0,46900.0,-16100.0,-34.32835820895522
2026-01-28,Thực Phẩm Chế Biến,household_giant,59000.0,152900.0,-93900.0,-61.41268803139307
2026-01-28,Thực Phẩm Chế Biến,local_value,35400.0,152900.0,-117500.0,-76.84761281883584
2026-01-28,Thực Phẩm Chế Biến,niche_professional,122700.0,152900.0,-30200.0,-19.7514715500327
2026-01-28,Thực Phẩm Khô,household_giant,29050.0,53750.0,-24700.0,-45.95348837209302
2026-01-28,Thực Phẩm Khô,local_value,57000.0,53750.0,3250.0,6.046511627906977
2026-01-28,Thực Phẩm Khô,niche_professional,84700.0,53750.0,30950.0,57.581395348837205
2026-01-28,Thực Phẩm Khô,prestige_leader,145000.0,53750.0,91250.0,169.7674418604651
2026-01-28,Thực Phẩm Đông Lạnh,household_giant,78800.0,88250.0,-9450.0,-10.708215297450426
2026-01-28,Thực Phẩm Đông Lạnh,local_value,80700.0,88250.0,-7550.0,-8.555240793201133
2026-01-28,Thực Phẩm Đông Lạnh,niche_professional,106600.0,88250.0,18350.0,20.793201133144475
2026-01-28,Trứng - Đậu Hũ,household_giant,55000.0,16050.0,38950.0,242.6791277258567
2026-01-28,Trứng - Đậu Hũ,local_value,19500.0,16050.0,3450.0,21.49532710280374
2026-01-29,Chăm Sóc Bé,household_giant,41000.0,49000.0,-8000.0,-16.3265306122449
2026-01-29,Chăm Sóc Bé,local_value,63400.0,49000.0,14400.0,29.38775510204082
2026-01-29,Chăm Sóc Bé,niche_professional,189500.0,49000.0,140500.0,286.734693877551
2026-01-29,Chăm Sóc Bé,prestige_leader,68350.0,49000.0,19350.0,39.48979591836735
2026-01-29,Gia Vị,household_giant,35000.0,81200.0,-46200.0,-56.896551724137936
2026-01-29,Gia Vị,local_value,27250.0,81200.0,-53950.0,-66.44088669950739
2026-01-29,Gia Vị,niche_professional,98900.0,81200.0,17700.0,21.79802955665025
2026-01-29,Mì - Thực Phẩm Ăn Liền,household_giant,19500.0,27200.0,-7700.0,-28.308823529411764
2026-01-29,Mì - Thực Phẩm Ăn Liền,local_value,13850.0,27200.0,-13350.0,-49.080882352941174
2026-01-29,Rau - Củ - Trái Cây,local_value,53900.0,39900.0,14000.0,35.08771929824561
2026-01-29,Rau - Củ - Trái Cây,niche_professional,46900.0,39900.0,7000.0,17.543859649122805
2026-01-29,Sữa Tươi,household_giant,29000.0,46900.0,-17900.0,-38.16631130063966
2026-01-29,Sữa Tươi,local_value,33400.0,46900.0,-13500.0,-28.78464818763326
2026-01-29,Sữa Tươi,niche_professional,76600.0,46900.0,29700.0,63.32622601279317
2026-01-29,Sữa Tươi,prestige_leader,38900.0,46900.0,-8000.0,-17.057569296375267
2026-01-29,Thực Phẩm Chế Biến,household_giant,50450.0,34900.0,15550.0,44.55587392550143
2026-01-29,Thực Phẩm Chế Biến,local_value,35500.0,34900.0,600.0,1.7191977077363898
2026-01-29,Thực Phẩm Chế Biến,niche_professional,127250.0,34900.0,92350.0,264.6131805157593
2026-01-29,Thực Phẩm Khô,household_giant,29050.0,53750.0,-24700.0,-45.95348837209302
2026-01-29,Thực Phẩm Khô,local_value,57000.0,53750.0,3250.0,6.046511627906977
2026-01-29,Thực Phẩm Khô,niche_professional,84700.0,53750.0,30950.0,57.581395348837205
2026-01-29,Thực Phẩm Khô,prestige_leader,145000.0,53750.0,91250.0,169.7674418604651
2026-01-29,Thực Phẩm Đông Lạnh,household_giant,68600.0,82000.0,-13400.0,-16.34146341463415
2026-01-29,Thực Phẩm Đông Lạnh,local_value,88750.0,82000.0,6750.0,8.231707317073171
2026-01-29,Thực Phẩm Đông Lạnh,niche_professional,106600.0,82000.0,24600.0,30.0
2026-01-29,Trứng - Đậu Hũ,household_giant,53500.0,16050.0,37450.0,233.33333333333334
2026-01-29,Trứng - Đậu Hũ,local_value,35000.0,16050.0,18950.0,118.06853582554517
2026-01-30,Chăm Sóc Bé,local_value,72950.0,44550.0,28400.0,63.74859708193041
2026-01-30,Chăm Sóc Bé,niche_professional,129000.0,44550.0,84450.0,189.56228956228955
2026-01-30,Chăm Sóc Bé,prestige_leader,56800.0,44550.0,12250.0,27.497194163860833
2026-01-30,Gia Vị,household_giant,35000.0,55200.0,-20200.0,-36.594202898550726
2026-01-30,Gia Vị,local_value,32900.0,55200.0,-22300.0,-40.39855072463768
2026-01-30,Gia Vị,niche_professional,107000.0,55200.0,51800.0,93.84057971014492
2026-01-30,Mì - Thực Phẩm Ăn Liền,household_giant,19500.0,27200.0,-7700.0,-28.308823529411764
2026-01-30,Mì - Thực Phẩm Ăn Liền,local_value,13850.0,27200.0,-13350.0,-49.080882352941174
2026-01-30,Rau - Củ - Trái Cây,local_value,50900.0,44400.0,6500.0,14.63963963963964
2026-01-30,Rau - Củ - Trái Cây,niche_professional,46900.0,44400.0,2500.0,5.63063063063063
2026-01-30,Sữa Tươi,household_giant,30600.0,46900.0,-16300.0,-34.7547974413646
2026-01-30,Sữa Tươi,local_value,32000.0,46900.0,-14900.0,-31.769722814498934
2026-01-30,Sữa Tươi,niche_professional,50550.0,46900.0,3650.0,7.782515991471215
2026-01-30,Sữa Tươi,prestige_leader,60500.0,46900.0,13600.0,28.997867803837952
2026-01-30,Thực Phẩm Chế Biến,household_giant,59000.0,152900.0,-93900.0,-61.41268803139307
2026-01-30,Thực Phẩm Chế Biến,local_value,56750.0,152900.0,-96150.0,-62.88423806409418
2026-01-30,Thực Phẩm Chế Biến,niche_professional,112000.0,152900.0,-40900.0,-26.74950948332243
2026-01-30,Thực Phẩm Khô,household_giant,30900.0,79900.0,-49000.0,-61.326658322903626
2026-01-30,Thực Phẩm Khô,local_value,44150.0,79900.0,-35750.0,-44.74342928660826
2026-01-30,Thực Phẩm Khô,niche_professional,84700.0,79900.0,4800.0,6.007509386733417
2026-01-30,Thực Phẩm Đông Lạnh,household_giant,78800.0,88250.0,-9450.0,-10.708215297450426
2026-01-30,Thực Phẩm Đông Lạnh,local_value,80700.0,88250.0,-7550.0,-8.555240793201133
2026-01-30,Thực Phẩm Đông Lạnh,niche_professional,106600.0,88250.0,18350.0,20.793201133144475
2026-01-30,Trứng - Đậu Hũ,household_giant,53500.0,16600.0,36900.0,222.28915662650604
2026-01-30,Trứng - Đậu Hũ,local_value,27250.0,16600.0,10650.0,64.1566265060241
2026-01-31,Chăm Sóc Bé,household_giant,34400.0,49000.0,-14600.0,-29.795918367346943
2026-01-31,Chăm Sóc Bé,local_value,72800.0,49000.0,23800.0,48.57142857142857
2026-01-31,Chăm Sóc Bé,niche_professional,189500.0,49000.0,140500.0,286.734693877551
2026-01-31,Chăm Sóc Bé,prestige_leader,108000.0,49000.0,59000.0,120.40816326530613
2026-01-31,Mì - Thực Phẩm Ăn Liền,household_giant,19500.0,27200.0,-7700.0,-28.308823529411764
2026-01-31,Mì - Thực Phẩm Ăn Liền,local_value,13850.0,27200.0,-13350.0,-49.080882352941174
2026-01-31,Rau - Củ - Trái Cây,local_value,50900.0,43410.0,7490.0,17.254088919603777
2026-01-31,Rau - Củ - Trái Cây,niche_professional,46900.0,43410.0,3490.0,8.039622206864777
2026-01-31,Sữa Tươi,household_giant,28750.0,46900.0,-18150.0,-38.69936034115138
2026-01-31,Sữa Tươi,local_value,33400.0,46900.0,-13500.0,-28.78464818763326
2026-01-31,Sữa Tươi,niche_professional,78650.0,46900.0,31750.0,67.69722814498934
2026-01-31,Sữa Tươi,prestige_leader,38900.0,46900.0,-8000.0,-17.057569296375267
2026-01-31,Thực Phẩm Chế Biến,household_giant,50450.0,34900.0,15550.0,44.55587392550143
2026-01-31,Thực Phẩm Chế Biến,local_value,33050.0,34900.0,-1850.0,-5.300859598853868
2026-01-31,Thực Phẩm Chế Biến,niche_professional,137200.0,34900.0,102300.0,293.12320916905446
2026-01-31,Thực Phẩm Khô,household_giant,29050.0,53750.0,-24700.0,-45.95348837209302
2026-01-31,Thực Phẩm Khô,local_value,57000.0,53750.0,3250.0,6.046511627906977
2026-01-31,Thực Phẩm Khô,niche_professional,77000.0,53750.0,23250.0,43.25581395348837
2026-01-31,Thực Phẩm Khô,prestige_leader,145000.0,53750.0,91250.0,169.7674418604651
2026-01-31,Thực Phẩm Đông Lạnh,household_giant,74500.0,79850.0,-5350.0,-6.70006261740764
2026-01-31,Thực Phẩm Đông Lạnh,local_value,65000.0,79850.0,-14850.0,-18.597370068879147
2026-01-31,Thực Phẩm Đông Lạnh,niche_professional,106400.0,79850.0,26550.0,33.2498434564809
2026-01-31,Trứng - Đậu Hũ,household_giant,54250.0,16600.0,37650.0,226.80722891566262
2026-01-31,Trứng - Đậu Hũ,local_value,27250.0,16600.0,10650.0,64.1566265060241
2026-02-01,Chăm Sóc Bé,household_giant,34400.0,59000.0,-24600.0,-41.69491525423729
2026-02-01,Chăm Sóc Bé,local_value,72800.0,59000.0,13800.0,23.389830508474578
2026-02-01,Chăm Sóc Bé,niche_professional,189500.0,59000.0,130500.0,221.1864406779661
2026-02-01,Chăm Sóc Bé,prestige_leader,108000.0,59000.0,49000.0,83.05084745762711
2026-02-01,Rau - Củ - Trái Cây,local_value,50900.0,41400.0,9500.0,22.946859903381643
2026-02-01,Rau - Củ - Trái Cây,niche_professional,46900.0,41400.0,5500.0,13.285024154589372
2026-02-01,Sữa Tươi,household_giant,28500.0,46900.0,-18400.0,-39.23240938166311
2026-02-01,Sữa Tươi,local_value,33400.0,46900.0,-13500.0,-28.78464818763326
2026-02-01,Sữa Tươi,niche_professional,78650.0,46900.0,31750.0,67.69722814498934
2026-02-01,Sữa Tươi,prestige_leader,38900.0,46900.0,-8000.0,-17.057569296375267
2026-02-01,Thực Phẩm Chế Biến,household_giant,52800.0,34900.0,17900.0,51.28939828080229
2026-02-01,Thực Phẩm Chế Biến,local_value,33000.0,34900.0,-1900.0,-5.444126074498568
2026-02-01,Thực Phẩm Chế Biến,niche_professional,137200.0,34900.0,102300.0,293.12320916905446
2026-02-01,Thực Phẩm Khô,household_giant,29050.0,53750.0,-24700.0,-45.95348837209302
2026-02-01,Thực Phẩm Khô,local_value,56800.0,53750.0,3050.0,5.674418604651163
2026-02-01,Thực Phẩm Khô,niche_professional,77000.0,53750.0,23250.0,43.25581395348837
2026-02-01,Thực Phẩm Khô,prestige_leader,145000.0,53750.0,91250.0,169.7674418604651
2026-02-01,Thực Phẩm Đông Lạnh,household_giant,74700.0,79850.0,-5150.0,-6.4495929868503445
2026-02-01,Thực Phẩm Đông Lạnh,local_value,65000.0,79850.0,-14850.0,-18.597370068879147
2026-02-01,Thực Phẩm Đông Lạnh,niche_professional,106400.0,79850.0,26550.0,33.2498434564809
2026-02-01,Trứng - Đậu Hũ,household_giant,54250.0,16600.0,37650.0,226.80722891566262
2026-02-01,Trứng - Đậu Hũ,local_value,35000.0,16600.0,18400.0,110.8433734939759
2026-02-02,Bánh Kẹo,household_giant,21800.0,36250.0,-14450.0,-39.86206896551724
2026-02-02,Bánh Kẹo,local_value,37450.0,36250.0,1200.0,3.310344827586207
2026-02-02,Bánh Kẹo,niche_professional,64400.0,36250.0,28150.0,77.65517241379311
2026-02-02,Bánh Kẹo,prestige_leader,59250.0,36250.0,23000.0,63.44827586206897
2026-02-02,Chăm Sóc Bé,household_giant,34400.0,59000.0,-24600.0,-41.69491525423729
2026-02-02,Chăm Sóc Bé,local_value,64900.0,59000.0,5900.0,10.0
2026-02-02,Chăm Sóc Bé,niche_professional,189500.0,59000.0,130500.0,221.1864406779661
2026-02-02,Chăm Sóc Bé,prestige_leader,108000.0,59000.0,49000.0,83.05084745762711
2026-02-02,Rau - Củ - Trái Cây,local_value,53900.0,43410.0,10490.0,24.16493895415803
2026-02-02,Rau - Củ - Trái Cây,niche_professional,46900.0,43410.0,3490.0,8.039622206864777
2026-02-02,Sữa Tươi,household_giant,29250.0,46900.0,-17650.0,-37.63326226012793
2026-02-02,Sữa Tươi,local_value,33200.0,46900.0,-13700.0,-29.21108742004264
2026-02-02,Sữa Tươi,niche_professional,79400.0,46900.0,32500.0,69.29637526652452
2026-02-02,Sữa Tươi,prestige_leader,38900.0,46900.0,-8000.0,-17.057569296375267
2026-02-02,Thực Phẩm Chế Biến,household_giant,52800.0,35000.0,17800.0,50.857142857142854
2026-02-02,Thực Phẩm Chế Biến,local_value,31900.0,35000.0,-3100.0,-8.857142857142856
2026-02-02,Thực Phẩm Chế Biến,niche_professional,137200.0,35000.0,102200.0,292.0
2026-02-02,Thực Phẩm Khô,household_giant,26800.0,60900.0,-34100.0,-55.993431855500816
2026-02-02,Thực Phẩm Khô,local_value,45400.0,60900.0,-15500.0,-25.451559934318556
2026-02-02,Thực Phẩm Khô,niche_professional,80850.0,60900.0,19950.0,32.758620689655174
2026-02-02,Thực Phẩm Đông Lạnh,household_giant,74900.0,79850.0,-4950.0,-6.1991233562930494
2026-02-02,Thực Phẩm Đông Lạnh,local_value,56600.0,79850.0,-23250.0,-29.117094552285533
2026-02-02,Thực Phẩm Đông Lạnh,niche_professional,106400.0,79850.0,26550.0,33.2498434564809
2026-02-02,Trứng - Đậu Hũ,household_giant,54250.0,16600.0,37650.0,226.80722891566262
2026-02-02,Trứng - Đậu Hũ,local_value,35000.0,16600.0,18400.0,110.8433734939759
2026-02-03,Bánh Kẹo,household_giant,27950.0,39500.0,-11550.0,-29.240506329113924
2026-02-03,Bánh Kẹo,local_value,32500.0,39500.0,-7000.0,-17.72151898734177
2026-02-03,Bánh Kẹo,niche_professional,122900.0,39500.0,83400.0,211.13924050632912
2026-02-03,Chăm Sóc Bé,local_value,53400.0,59000.0,-5600.0,-9.491525423728813
2026-02-03,Chăm Sóc Bé,niche_professional,155200.0,59000.0,96200.0,163.05084745762713
2026-02-03,Chăm Sóc Bé,prestige_leader,56400.0,59000.0,-2600.0,-4.406779661016949
2026-02-03,Rau - Củ - Trái Cây,local_value,39900.0,39900.0,0.0,0.0
2026-02-03,Rau - Củ - Trái Cây,niche_professional,46900.0,39900.0,7000.0,17.543859649122805
2026-02-03,Sữa Tươi,household_giant,21300.0,199300.0,-178000.0,-89.31259407927747
2026-02-03,Sữa Tươi,local_value,25500.0,199300.0,-173800.0,-87.20521826392374
2026-02-03,Sữa Tươi,niche_professional,45400.0,199300.0,-153900.0,-77.22027094831911
2026-02-03,Sữa Tươi,prestige_leader,88100.0,199300.0,-111200.0,-55.79528349222278
2026-02-03,Thực Phẩm Chế Biến,household_giant,51100.0,35900.0,15200.0,42.33983286908078
2026-02-03,Thực Phẩm Chế Biến,local_value,22900.0,35900.0,-13000.0,-36.211699164345404
2026-02-03,Thực Phẩm Chế Biến,niche_professional,75250.0,35900.0,39350.0,109.61002785515322
2026-02-03,Thực Phẩm Khô,household_giant,29100.0,45000.0,-15900.0,-35.333333333333336
2026-02-03,Thực Phẩm Khô,local_value,60650.0,45000.0,15650.0,34.77777777777778
2026-02-03,Thực Phẩm Khô,niche_professional,74250.0,45000.0,29250.0,65.0
2026-02-03,Thực Phẩm Đông Lạnh,household_giant,67000.0,68800.0,-1800.0,-2.616279069767442
2026-02-03,Thực Phẩm Đông Lạnh,local_value,80700.0,68800.0,11900.0,17.296511627906977
2026-02-03,Thực Phẩm Đông Lạnh,niche_professional,150150.0,68800.0,81350.0,118.24127906976744
2026-02-03,Trứng - Đậu Hũ,household_giant,55000.0,11000.0,44000.0,400.0
2026-02-03,Trứng - Đậu Hũ,local_value,25150.0,11000.0,14150.0,128.63636363636363
2026-02-04,Bánh Kẹo,household_giant,31400.0,58450.0,-27050.0,-46.27887082976903
2026-02-04,Bánh Kẹo,local_value,23250.0,58450.0,-35200.0,-60.2224123182207
2026-02-04,Bánh Kẹo,niche_professional,119150.0,58450.0,60700.0,103.84944396920446
2026-02-04,Chăm Sóc Bé,household_giant,34400.0,60900.0,-26500.0,-43.51395730706076
2026-02-04,Chăm Sóc Bé,local_value,72800.0,60900.0,11900.0,19.54022988505747
2026-02-04,Chăm Sóc Bé,niche_professional,169800.0,60900.0,108900.0,178.8177339901478
2026-02-04,Chăm Sóc Bé,prestige_leader,133800.0,60900.0,72900.0,119.70443349753694
2026-02-04,Rau - Củ - Trái Cây,local_value,42900.0,49900.0,-7000.0,-14.02805611222445
2026-02-04,Rau - Củ - Trái Cây,niche_professional,46900.0,49900.0,-3000.0,-6.012024048096192
2026-02-04,Sữa Tươi,household_giant,21500.0,61800.0,-40300.0,-65.21035598705501
2026-02-04,Sữa Tươi,local_value,26100.0,61800.0,-35700.0,-57.76699029126213
2026-02-04,Sữa Tươi,niche_professional,45400.0,61800.0,-16400.0,-26.537216828478964
2026-02-04,Sữa Tươi,prestige_leader,30600.0,61800.0,-31200.0,-50.48543689320388
2026-02-04,Thực Phẩm Chế Biến,household_giant,51100.0,39500.0,11600.0,29.367088607594937
2026-02-04,Thực Phẩm Chế Biến,local_value,29800.0,39500.0,-9700.0,-24.556962025316455
2026-02-04,Thực Phẩm Chế Biến,niche_professional,127250.0,39500.0,87750.0,222.1518987341772
2026-02-04,Thực Phẩm Khô,household_giant,49200.0,87900.0,-38700.0,-44.027303754266214
2026-02-04,Thực Phẩm Khô,local_value,50800.0,87900.0,-37100.0,-42.207053469852106
2026-02-04,Thực Phẩm Đông Lạnh,household_giant,67450.0,79850.0,-12400.0,-15.529117094552285
2026-02-04,Thực Phẩm Đông Lạnh,local_value,73000.0,79850.0,-6850.0,-8.578584846587352
2026-02-04,Thực Phẩm Đông Lạnh,niche_professional,106200.0,79850.0,26350.0,32.999373825923605
2026-02-04,Trứng - Đậu Hũ,household_giant,53500.0,16600.0,36900.0,222.28915662650604
2026-02-04,Trứng - Đậu Hũ,local_value,19000.0,16600.0,2400.0,14.457831325301203
2026-02-05,Bánh Kẹo,household_giant,21600.0,35600.0,-14000.0,-39.325842696629216
2026-02-05,Bánh Kẹo,local_value,36550.0,35600.0,950.0,2.6685393258426964
2026-02-05,Bánh Kẹo,niche_professional,64400.0,35600.0,28800.0,80.89887640449437
2026-02-05,Bánh Kẹo,prestige_leader,59250.0,35600.0,23650.0,66.43258426966293
2026-02-05,Chăm Sóc Bé,household_giant,34400.0,60900.0,-26500.0,-43.51395730706076
2026-02-05,Chăm Sóc Bé,local_value,72800.0,60900.0,11900.0,19.54022988505747
2026-02-05,Chăm Sóc Bé,niche_professional,169800.0,60900.0,108900.0,178.8177339901478
2026-02-05,Chăm Sóc Bé,prestige_leader,133800.0,60900.0,72900.0,119.70443349753694
2026-02-05,Rau - Củ - Trái Cây,local_value,47900.0,45375.0,2525.0,5.564738292011019
2026-02-05,Rau - Củ - Trái Cây,niche_professional,46900.0,45375.0,1525.0,3.3608815426997243
2026-02-05,Sữa Tươi,household_giant,29000.0,51500.0,-22500.0,-43.689320388349515
2026-02-05,Sữa Tươi,local_value,33450.0,51500.0,-18050.0,-35.04854368932039
2026-02-05,Sữa Tươi,niche_professional,84000.0,51500.0,32500.0,63.10679611650486
2026-02-05,Sữa Tươi,prestige_leader,38750.0,51500.0,-12750.0,-24.75728155339806
2026-02-05,Thực Phẩm Chế Biến,household_giant,51350.0,34950.0,16400.0,46.924177396280406
2026-02-05,Thực Phẩm Chế Biến,local_value,31900.0,34950.0,-3050.0,-8.726752503576538
2026-02-05,Thực Phẩm Chế Biến,niche_professional,131800.0,34950.0,96850.0,277.1101573676681
2026-02-05,Thực Phẩm Khô,household_giant,32950.0,79900.0,-46950.0,-58.76095118898623
2026-02-05,Thực Phẩm Khô,local_value,59700.0,79900.0,-20200.0,-25.281602002503128
2026-02-05,Thực Phẩm Khô,niche_professional,77000.0,79900.0,-2900.0,-3.629536921151439
2026-02-05,Thực Phẩm Đông Lạnh,household_giant,67900.0,82000.0,-14100.0,-17.195121951219512
2026-02-05,Thực Phẩm Đông Lạnh,local_value,62300.0,82000.0,-19700.0,-24.024390243902438
2026-02-05,Thực Phẩm Đông Lạnh,niche_professional,104250.0,82000.0,22250.0,27.134146341463417
2026-02-05,Trứng - Đậu Hũ,household_giant,54250.0,16600.0,37650.0,226.80722891566262
2026-02-05,Trứng - Đậu Hũ,local_value,25150.0,16600.0,8550.0,51.50602409638554
2026-02-06,Bánh Kẹo,household_giant,21600.0,36250.0,-14650.0,-40.41379310344828
2026-02-06,Bánh Kẹo,local_value,36800.0,36250.0,550.0,1.5172413793103448
2026-02-06,Bánh Kẹo,niche_professional,64400.0,36250.0,28150.0,77.65517241379311
2026-02-06,Bánh Kẹo,prestige_leader,59250.0,36250.0,23000.0,63.44827586206897
2026-02-06,Chăm Sóc Bé,household_giant,34400.0,60900.0,-26500.0,-43.51395730706076
2026-02-06,Chăm Sóc Bé,local_value,72800.0,60900.0,11900.0,19.54022988505747
2026-02-06,Chăm Sóc Bé,niche_professional,169800.0,60900.0,108900.0,178.8177339901478
2026-02-06,Chăm Sóc Bé,prestige_leader,133800.0,60900.0,72900.0,119.70443349753694
2026-02-06,Rau - Củ - Trái Cây,local_value,47900.0,39900.0,8000.0,20.050125313283207
2026-02-06,Rau - Củ - Trái Cây,niche_professional,46900.0,39900.0,7000.0,17.543859649122805
2026-02-06,Sữa Tươi,household_giant,28500.0,51500.0,-23000.0,-44.66019417475729
2026-02-06,Sữa Tươi,local_value,33500.0,51500.0,-18000.0,-34.95145631067961
2026-02-06,Sữa Tươi,niche_professional,78650.0,51500.0,27150.0,52.71844660194175
2026-02-06,Sữa Tươi,prestige_leader,38900.0,51500.0,-12600.0,-24.466019417475728
2026-02-06,Thực Phẩm Chế Biến,household_giant,51350.0,34900.0,16450.0,47.134670487106014
2026-02-06,Thực Phẩm Chế Biến,local_value,30925.0,34900.0,-3975.0,-11.38968481375358
2026-02-06,Thực Phẩm Chế Biến,niche_professional,131800.0,34900.0,96900.0,277.65042979942695
2026-02-06,Thực Phẩm Khô,household_giant,29950.0,53750.0,-23800.0,-44.27906976744186
2026-02-06,Thực Phẩm Khô,local_value,56800.0,53750.0,3050.0,5.674418604651163
2026-02-06,Thực Phẩm Khô,niche_professional,78850.0,53750.0,25100.0,46.69767441860465
2026-02-06,Thực Phẩm Khô,prestige_leader,145000.0,53750.0,91250.0,169.7674418604651
2026-02-06,Thực Phẩm Đông Lạnh,household_giant,73700.0,79850.0,-6150.0,-7.701941139636818
2026-02-06,Thực Phẩm Đông Lạnh,local_value,63650.0,79850.0,-16200.0,-20.28804007514089
2026-02-06,Thực Phẩm Đông Lạnh,niche_professional,104250.0,79850.0,24400.0,30.557294927989982
2026-02-06,Trứng - Đậu Hũ,household_giant,53500.0,16600.0,36900.0,222.28915662650604
2026-02-06,Trứng - Đậu Hũ,local_value,19000.0,16600.0,2400.0,14.457831325301203
2026-02-07,Bánh Kẹo,household_giant,21600.0,35500.0,-13900.0,-39.154929577464785
2026-02-07,Bánh Kẹo,local_value,36550.0,35500.0,1050.0,2.9577464788732395
2026-02-07,Bánh Kẹo,niche_professional,60500.0,35500.0,25000.0,70.4225352112676
2026-02-07,Bánh Kẹo,prestige_leader,59250.0,35500.0,23750.0,66.90140845070422
2026-02-07,Chăm Sóc Bé,household_giant,34400.0,59950.0,-25550.0,-42.61884904086739
2026-02-07,Chăm Sóc Bé,local_value,73100.0,59950.0,13150.0,21.9349457881568
2026-02-07,Chăm Sóc Bé,niche_professional,169800.0,59950.0,109850.0,183.23603002502085
2026-02-07,Chăm Sóc Bé,prestige_leader,236550.0,59950.0,176600.0,294.5788156797331
2026-02-07,Rau - Củ - Trái Cây,local_value,47900.0,39900.0,8000.0,20.050125313283207
2026-02-07,Rau - Củ - Trái Cây,niche_professional,46900.0,39900.0,7000.0,17.543859649122805
2026-02-07,Sữa Tươi,household_giant,28500.0,51500.0,-23000.0,-44.66019417475729
2026-02-07,Sữa Tươi,local_value,33500.0,51500.0,-18000.0,-34.95145631067961
2026-02-07,Sữa Tươi,niche_professional,84250.0,51500.0,32750.0,63.59223300970874
2026-02-07,Sữa Tươi,prestige_leader,38350.0,51500.0,-13150.0,-25.533980582524272
2026-02-07,Thực Phẩm Chế Biến,household_giant,52200.0,45900.0,6300.0,13.725490196078432
2026-02-07,Thực Phẩm Chế Biến,local_value,33000.0,45900.0,-12900.0,-28.104575163398692
2026-02-07,Thực Phẩm Chế Biến,niche_professional,127250.0,45900.0,81350.0,177.23311546840958
2026-02-07,Thực Phẩm Khô,household_giant,30900.0,53600.0,-22700.0,-42.350746268656714
2026-02-07,Thực Phẩm Khô,local_value,56800.0,53600.0,3200.0,5.970149253731343
2026-02-07,Thực Phẩm Khô,niche_professional,78850.0,53600.0,25250.0,47.10820895522388
2026-02-07,Thực Phẩm Khô,prestige_leader,145000.0,53600.0,91400.0,170.5223880597015
2026-02-07,Thực Phẩm Đông Lạnh,household_giant,70800.0,82900.0,-12100.0,-14.595898673100121
2026-02-07,Thực Phẩm Đông Lạnh,local_value,63650.0,82900.0,-19250.0,-23.22074788902292
2026-02-07,Thực Phẩm Đông Lạnh,niche_professional,104250.0,82900.0,21350.0,25.75392038600724
2026-02-07,Trứng - Đậu Hũ,household_giant,54250.0,16600.0,37650.0,226.80722891566262
2026-02-07,Trứng - Đậu Hũ,local_value,25150.0,16600.0,8550.0,51.50602409638554
2026-02-08,Bánh Kẹo,household_giant,66900.0,69000.0,-2100.0,-3.0434782608695654
2026-02-08,Bánh Kẹo,local_value,72750.0,69000.0,3750.0,5.434782608695652
2026-02-08,Bánh Kẹo,niche_professional,172750.0,69000.0,103750.0,150.36231884057972
2026-02-08,Chăm Sóc Bé,household_giant,34400.0,60900.0,-26500.0,-43.51395730706076
2026-02-08,Chăm Sóc Bé,local_value,72800.0,60900.0,11900.0,19.54022988505747
2026-02-08,Chăm Sóc Bé,niche_professional,179650.0,60900.0,118750.0,194.991789819376
2026-02-08,Chăm Sóc Bé,prestige_leader,133800.0,60900.0,72900.0,119.70443349753694
2026-02-08,Gia Vị,household_giant,31300.0,184750.0,-153450.0,-83.05818673883627
2026-02-08,Gia Vị,local_value,30000.0,184750.0,-154750.0,-83.7618403247632
2026-02-08,Gia Vị,niche_professional,103950.0,184750.0,-80800.0,-43.734776725304464
2026-02-08,Rau - Củ - Trái Cây,local_value,47900.0,39900.0,8000.0,20.050125313283207
2026-02-08,Rau - Củ - Trái Cây,niche_professional,46900.0,39900.0,7000.0,17.543859649122805
2026-02-08,Sữa Tươi,household_giant,21700.0,61800.0,-40100.0,-64.88673139158576
2026-02-08,Sữa Tươi,local_value,26100.0,61800.0,-35700.0,-57.76699029126213
2026-02-08,Sữa Tươi,niche_professional,49850.0,61800.0,-11950.0,-19.336569579288028
2026-02-08,Sữa Tươi,prestige_leader,31150.0,61800.0,-30650.0,-49.59546925566343
2026-02-08,Thực Phẩm Chế Biến,household_giant,74950.0,152900.0,-77950.0,-50.98103335513407
2026-02-08,Thực Phẩm Chế Biến,local_value,25100.0,152900.0,-127800.0,-83.58404185742316
2026-02-08,Thực Phẩm Chế Biến,niche_professional,117350.0,152900.0,-35550.0,-23.250490516677566
2026-02-08,Thực Phẩm Khô,household_giant,29950.0,53600.0,-23650.0,-44.12313432835821
2026-02-08,Thực Phẩm Khô,local_value,56800.0,53600.0,3200.0,5.970149253731343
2026-02-08,Thực Phẩm Khô,niche_professional,78850.0,53600.0,25250.0,47.10820895522388
2026-02-08,Thực Phẩm Khô,prestige_leader,145000.0,53600.0,91400.0,170.5223880597015
2026-02-08,Thực Phẩm Đông Lạnh,household_giant,70800.0,84000.0,-13200.0,-15.714285714285714
2026-02-08,Thực Phẩm Đông Lạnh,local_value,69000.0,84000.0,-15000.0,-17.857142857142858
2026-02-08,Thực Phẩm Đông Lạnh,niche_professional,124000.0,84000.0,40000.0,47.61904761904761
2026-02-08,Trứng - Đậu Hũ,household_giant,54250.0,16600.0,37650.0,226.80722891566262
2026-02-08,Trứng - Đậu Hũ,local_value,25150.0,16600.0,8550.0,51.50602409638554
2026-02-09,Bánh Kẹo,local_value,113000.0,62950.0,50050.0,79.50754567116759
2026-02-09,Bánh Kẹo,niche_professional,175000.0,62950.0,112050.0,177.9984114376489
2026-02-09,Chăm Sóc Bé,household_giant,73700.0,286950.0,-213250.0,-74.31608294127898
2026-02-09,Chăm Sóc Bé,local_value,72950.0,286950.0,-214000.0,-74.57745251786025
2026-02-09,Chăm Sóc Bé,niche_professional,169000.0,286950.0,-117950.0,-41.1047220770169
2026-02-09,Chăm Sóc Bé,prestige_leader,82400.0,286950.0,-204550.0,-71.28419585293605
2026-02-09,Gia Vị,household_giant,39400.0,91250.0,-51850.0,-56.82191780821918
2026-02-09,Gia Vị,local_value,30600.0,91250.0,-60650.0,-66.46575342465754
2026-02-09,Gia Vị,niche_professional,93200.0,91250.0,1950.0,2.136986301369863
2026-02-09,Rau - Củ - Trái Cây,local_value,42900.0,49900.0,-7000.0,-14.02805611222445
2026-02-09,Rau - Củ - Trái Cây,niche_professional,46900.0,49900.0,-3000.0,-6.012024048096192
2026-02-09,Sữa Tươi,household_giant,21700.0,61800.0,-40100.0,-64.88673139158576
2026-02-09,Sữa Tươi,local_value,26100.0,61800.0,-35700.0,-57.76699029126213
2026-02-09,Sữa Tươi,niche_professional,49850.0,61800.0,-11950.0,-19.336569579288028
2026-02-09,Sữa Tươi,prestige_leader,31150.0,61800.0,-30650.0,-49.59546925566343
2026-02-09,Thực Phẩm Khô,household_giant,40050.0,87900.0,-47850.0,-54.436860068259385
2026-02-09,Thực Phẩm Khô,local_value,58600.0,87900.0,-29300.0,-33.33333333333333
2026-02-09,Thực Phẩm Khô,niche_professional,82700.0,87900.0,-5200.0,-5.915813424345847
2026-02-09,Thực Phẩm Đông Lạnh,household_giant,71400.0,88250.0,-16850.0,-19.093484419263458
2026-02-09,Thực Phẩm Đông Lạnh,local_value,76850.0,88250.0,-11400.0,-12.917847025495751
2026-02-09,Thực Phẩm Đông Lạnh,niche_professional,108450.0,88250.0,20200.0,22.889518413597735
2026-02-09,Trứng - Đậu Hũ,household_giant,55000.0,16600.0,38400.0,231.32530120481925
2026-02-09,Trứng - Đậu Hũ,local_value,19000.0,16600.0,2400.0,14.457831325301203
2026-02-10,Bánh Kẹo,household_giant,49500.0,38300.0,11200.0,29.242819843342037
2026-02-10,Bánh Kẹo,local_value,32750.0,38300.0,-5550.0,-14.490861618798956
2026-02-10,Bánh Kẹo,niche_professional,71300.0,38300.0,33000.0,86.16187989556136
2026-02-10,Bánh Kẹo,prestige_leader,129500.0,38300.0,91200.0,238.1201044386423
2026-02-10,Chăm Sóc Bé,household_giant,34400.0,60900.0,-26500.0,-43.51395730706076
2026-02-10,Chăm Sóc Bé,local_value,64900.0,60900.0,4000.0,6.568144499178982
2026-02-10,Chăm Sóc Bé,niche_professional,169800.0,60900.0,108900.0,178.8177339901478
2026-02-10,Chăm Sóc Bé,prestige_leader,133800.0,60900.0,72900.0,119.70443349753694
2026-02-10,Gia Vị,household_giant,31300.0,262000.0,-230700.0,-88.05343511450381
2026-02-10,Gia Vị,local_value,28600.0,262000.0,-233400.0,-89.08396946564886
2026-02-10,Gia Vị,niche_professional,75800.0,262000.0,-186200.0,-71.06870229007633
2026-02-10,Rau - Củ - Trái Cây,local_value,67050.0,28960.0,38090.0,131.52624309392266
2026-02-10,Sữa Tươi,household_giant,21700.0,61800.0,-40100.0,-64.88673139158576
2026-02-10,Sữa Tươi,local_value,26100.0,61800.0,-35700.0,-57.76699029126213
2026-02-10,Sữa Tươi,niche_professional,49850.0,61800.0,-11950.0,-19.336569579288028
2026-02-10,Sữa Tươi,prestige_leader,31150.0,61800.0,-30650.0,-49.59546925566343
2026-02-10,Thực Phẩm Chế Biến,household_giant,51600.0,152900.0,-101300.0,-66.25245258338784
2026-02-10,Thực Phẩm Chế Biến,local_value,17900.0,152900.0,-135000.0,-88.29300196206671
2026-02-10,Thực Phẩm Chế Biến,niche_professional,87000.0,152900.0,-65900.0,-43.10006540222368
2026-02-10,Thực Phẩm Khô,household_giant,30900.0,87900.0,-57000.0,-64.84641638225256
2026-02-10,Thực Phẩm Khô,local_value,52300.0,87900.0,-35600.0,-40.50056882821388
2026-02-10,Thực Phẩm Khô,niche_professional,82700.0,87900.0,-5200.0,-5.915813424345847
2026-02-10,Thực Phẩm Đông Lạnh,household_giant,67000.0,104000.0,-37000.0,-35.57692307692308
2026-02-10,Thực Phẩm Đông Lạnh,local_value,80700.0,104000.0,-23300.0,-22.403846153846153
2026-02-10,Thực Phẩm Đông Lạnh,niche_professional,108450.0,104000.0,4450.0,4.278846153846154
2026-02-10,Trứng - Đậu Hũ,household_giant,60000.0,16600.0,43400.0,261.44578313253015
2026-02-10,Trứng - Đậu Hũ,local_value,19250.0,16600.0,2650.0,15.963855421686745
2026-02-11,Bánh Kẹo,household_giant,51700.0,69000.0,-17300.0,-25.072463768115945
2026-02-11,Bánh Kẹo,local_value,40500.0,69000.0,-28500.0,-41.30434782608695
2026-02-11,Bánh Kẹo,niche_professional,71300.0,69000.0,2300.0,3.3333333333333335
2026-02-11,Bánh Kẹo,prestige_leader,159250.0,69000.0,90250.0,130.79710144927537
2026-02-11,Chăm Sóc Bé,household_giant,73700.0,286950.0,-213250.0,-74.31608294127898
2026-02-11,Chăm Sóc Bé,local_value,72950.0,286950.0,-214000.0,-74.57745251786025
2026-02-11,Chăm Sóc Bé,niche_professional,167000.0,286950.0,-119950.0,-41.80170761456699
2026-02-11,Chăm Sóc Bé,prestige_leader,79900.0,286950.0,-207050.0,-72.15542777487367
2026-02-11,Gia Vị,household_giant,35200.0,256500.0,-221300.0,-86.27680311890839
2026-02-11,Gia Vị,local_value,30550.0,256500.0,-225950.0,-88.08966861598441
2026-02-11,Gia Vị,niche_professional,125600.0,256500.0,-130900.0,-51.033138401559455
2026-02-11,Rau - Củ - Trái Cây,local_value,47900.0,39900.0,8000.0,20.050125313283207
2026-02-11,Rau - Củ - Trái Cây,niche_professional,46900.0,39900.0,7000.0,17.543859649122805
2026-02-11,Sữa Tươi,household_giant,28700.0,42850.0,-14150.0,-33.02217036172696
2026-02-11,Sữa Tươi,local_value,34000.0,42850.0,-8850.0,-20.653442240373394
2026-02-11,Sữa Tươi,niche_professional,82200.0,42850.0,39350.0,91.83197199533255
2026-02-11,Sữa Tươi,prestige_leader,40650.0,42850.0,-2200.0,-5.134189031505251
2026-02-11,Thực Phẩm Chế Biến,household_giant,51100.0,44000.0,7100.0,16.136363636363637
2026-02-11,Thực Phẩm Chế Biến,local_value,33900.0,44000.0,-10100.0,-22.954545454545457
2026-02-11,Thực Phẩm Chế Biến,niche_professional,131800.0,44000.0,87800.0,199.54545454545453
2026-02-11,Thực Phẩm Khô,household_giant,33200.0,44250.0,-11050.0,-24.97175141242938
2026-02-11,Thực Phẩm Khô,local_value,55600.0,44250.0,11350.0,25.649717514124294
2026-02-11,Thực Phẩm Khô,niche_professional,77000.0,44250.0,32750.0,74.01129943502825
2026-02-11,Thực Phẩm Đông Lạnh,household_giant,70800.0,77700.0,-6900.0,-8.880308880308881
2026-02-11,Thực Phẩm Đông Lạnh,local_value,60150.0,77700.0,-17550.0,-22.586872586872587
2026-02-11,Thực Phẩm Đông Lạnh,niche_professional,106200.0,77700.0,28500.0,36.67953667953668
2026-02-11,Trứng - Đậu Hũ,household_giant,57500.0,16600.0,40900.0,246.3855421686747
2026-02-11,Trứng - Đậu Hũ,local_value,30800.0,16600.0,14200.0,85.54216867469879
2026-02-12,Bánh Kẹo,household_giant,63400.0,43900.0,19500.0,44.41913439635535
2026-02-12,Bánh Kẹo,local_value,113000.0,43900.0,69100.0,157.40318906605924
2026-02-12,Bánh Kẹo,niche_professional,175000.0,43900.0,131100.0,298.633257403189
2026-02-12,Chăm Sóc Bé,local_value,72800.0,286950.0,-214150.0,-74.62972643317651
2026-02-12,Chăm Sóc Bé,niche_professional,165000.0,286950.0,-121950.0,-42.4986931521171
2026-02-12,Chăm Sóc Bé,prestige_leader,82400.0,286950.0,-204550.0,-71.28419585293605
2026-02-12,Rau - Củ - Trái Cây,local_value,47900.0,39900.0,8000.0,20.050125313283207
2026-02-12,Rau - Củ - Trái Cây,niche_professional,46900.0,39900.0,7000.0,17.543859649122805
2026-02-12,Thực Phẩm Chế Biến,household_giant,50150.0,34900.0,15250.0,43.69627507163324
2026-02-12,Thực Phẩm Chế Biến,local_value,33000.0,34900.0,-1900.0,-5.444126074498568
2026-02-12,Thực Phẩm Chế Biến,niche_professional,127250.0,34900.0,92350.0,264.6131805157593
2026-02-12,Thực Phẩm Khô,household_giant,32700.0,79900.0,-47200.0,-59.073842302878596
2026-02-12,Thực Phẩm Khô,local_value,60800.0,79900.0,-19100.0,-23.90488110137672
2026-02-12,Thực Phẩm Khô,niche_professional,77000.0,79900.0,-2900.0,-3.629536921151439
2026-02-12,Thực Phẩm Đông Lạnh,household_giant,60800.0,59900.0,900.0,1.5025041736227045
2026-02-12,Thực Phẩm Đông Lạnh,local_value,62300.0,59900.0,2400.0,4.006677796327212
2026-02-12,Thực Phẩm Đông Lạnh,niche_professional,143000.0,59900.0,83100.0,138.73121869782972
2026-02-12,Trứng - Đậu Hũ,household_giant,54250.0,16600.0,37650.0,226.80722891566262
2026-02-12,Trứng - Đậu Hũ,local_value,30800.0,16600.0,14200.0,85.54216867469879
2026-02-13,Bánh Kẹo,household_giant,48000.0,38500.0,9500.0,24.675324675324674
2026-02-13,Bánh Kẹo,local_value,35100.0,38500.0,-3400.0,-8.831168831168831
2026-02-13,Bánh Kẹo,niche_professional,71300.0,38500.0,32800.0,85.19480519480518
2026-02-13,Bánh Kẹo,prestige_leader,159250.0,38500.0,120750.0,313.6363636363636
2026-02-13,Chăm Sóc Bé,household_giant,73700.0,59000.0,14700.0,24.91525423728814
2026-02-13,Chăm Sóc Bé,local_value,56850.0,59000.0,-2150.0,-3.6440677966101696
2026-02-13,Chăm Sóc Bé,niche_professional,167000.0,59000.0,108000.0,183.05084745762713
2026-02-13,Chăm Sóc Bé,prestige_leader,48300.0,59000.0,-10700.0,-18.135593220338983
2026-02-13,Rau - Củ - Trái Cây,local_value,67050.0,18210.0,48840.0,268.2042833607908
2026-02-13,Thực Phẩm Khô,household_giant,30900.0,87900.0,-57000.0,-64.84641638225256
2026-02-13,Thực Phẩm Khô,local_value,52300.0,87900.0,-35600.0,-40.50056882821388
2026-02-13,Thực Phẩm Khô,niche_professional,82700.0,87900.0,-5200.0,-5.915813424345847
2026-02-13,Thực Phẩm Đông Lạnh,household_giant,59600.0,59900.0,-300.0,-0.5008347245409015
2026-02-13,Thực Phẩm Đông Lạnh,local_value,62300.0,59900.0,2400.0,4.006677796327212
2026-02-13,Thực Phẩm Đông Lạnh,niche_professional,150150.0,59900.0,90250.0,150.6677796327212
2026-02-13,Trứng - Đậu Hũ,household_giant,54250.0,16600.0,37650.0,226.80722891566262
2026-02-13,Trứng - Đậu Hũ,local_value,30800.0,16600.0,14200.0,85.54216867469879
2026-02-14,Bánh Kẹo,household_giant,98900.0,60450.0,38450.0,63.60628618693135
2026-02-14,Bánh Kẹo,local_value,23250.0,60450.0,-37200.0,-61.53846153846154
2026-02-14,Bánh Kẹo,niche_professional,142450.0,60450.0,82000.0,135.64929693961952
2026-02-14,Chăm Sóc Bé,household_giant,33500.0,59950.0,-26450.0,-44.12010008340283
2026-02-14,Chăm Sóc Bé,local_value,65050.0,59950.0,5100.0,8.507089241034196
2026-02-14,Chăm Sóc Bé,niche_professional,169800.0,59950.0,109850.0,183.23603002502085
2026-02-14,Chăm Sóc Bé,prestige_leader,289600.0,59950.0,229650.0,383.069224353628
2026-02-14,Gia Vị,household_giant,33450.0,256500.0,-223050.0,-86.95906432748538
2026-02-14,Gia Vị,local_value,31100.0,256500.0,-225400.0,-87.87524366471735
2026-02-14,Gia Vị,niche_professional,109000.0,256500.0,-147500.0,-57.50487329434698
2026-02-14,Rau - Củ - Trái Cây,local_value,47900.0,39900.0,8000.0,20.050125313283207
2026-02-14,Rau - Củ - Trái Cây,niche_professional,46900.0,39900.0,7000.0,17.543859649122805
2026-02-14,Sữa Tươi,household_giant,28500.0,36200.0,-7700.0,-21.2707182320442
2026-02-14,Sữa Tươi,local_value,33450.0,36200.0,-2750.0,-7.596685082872928
2026-02-14,Sữa Tươi,niche_professional,84250.0,36200.0,48050.0,132.73480662983425
2026-02-14,Sữa Tươi,prestige_leader,38900.0,36200.0,2700.0,7.458563535911603
2026-02-14,Thực Phẩm Chế Biến,household_giant,51350.0,152900.0,-101550.0,-66.41595814257684
2026-02-14,Thực Phẩm Chế Biến,local_value,31900.0,152900.0,-121000.0,-79.13669064748201
2026-02-14,Thực Phẩm Chế Biến,niche_professional,122700.0,152900.0,-30200.0,-19.7514715500327
2026-02-14,Thực Phẩm Khô,household_giant,31800.0,79900.0,-48100.0,-60.200250312891114
2026-02-14,Thực Phẩm Khô,local_value,64000.0,79900.0,-15900.0,-19.899874843554443
2026-02-14,Thực Phẩm Khô,niche_professional,82700.0,79900.0,2800.0,3.504380475594493
2026-02-14,Thực Phẩm Đông Lạnh,household_giant,67900.0,99300.0,-31400.0,-31.62134944612286
2026-02-14,Thực Phẩm Đông Lạnh,local_value,70350.0,99300.0,-28950.0,-29.154078549848943
2026-02-14,Thực Phẩm Đông Lạnh,niche_professional,106200.0,99300.0,6900.0,6.948640483383686
2026-02-14,Trứng - Đậu Hũ,household_giant,54250.0,16600.0,37650.0,226.80722891566262
2026-02-14,Trứng - Đậu Hũ,local_value,30800.0,16600.0,14200.0,85.54216867469879
2026-02-15,Bánh Kẹo,household_giant,46500.0,38500.0,8000.0,20.77922077922078
2026-02-15,Bánh Kẹo,local_value,35100.0,38500.0,-3400.0,-8.831168831168831
2026-02-15,Bánh Kẹo,niche_professional,71300.0,38500.0,32800.0,85.19480519480518
2026-02-15,Bánh Kẹo,prestige_leader,129500.0,38500.0,91000.0,236.36363636363637
2026-02-15,Chăm Sóc Bé,household_giant,33500.0,60900.0,-27400.0,-44.991789819376024
2026-02-15,Chăm Sóc Bé,local_value,64900.0,60900.0,4000.0,6.568144499178982
2026-02-15,Chăm Sóc Bé,niche_professional,169800.0,60900.0,108900.0,178.8177339901478
2026-02-15,Chăm Sóc Bé,prestige_leader,82400.0,60900.0,21500.0,35.30377668308703
2026-02-15,Rau - Củ - Trái Cây,local_value,39900.0,46460.0,-6560.0,-14.1196728368489
2026-02-15,Rau - Củ - Trái Cây,niche_professional,46900.0,46460.0,440.0,0.9470512268618166
2026-02-15,Sữa Tươi,household_giant,25500.0,26200.0,-700.0,-2.6717557251908395
2026-02-15,Sữa Tươi,local_value,27000.0,26200.0,800.0,3.0534351145038165
2026-02-15,Sữa Tươi,niche_professional,54300.0,26200.0,28100.0,107.25190839694656
2026-02-15,Sữa Tươi,prestige_leader,42400.0,26200.0,16200.0,61.832061068702295
2026-02-15,Thực Phẩm Chế Biến,household_giant,50150.0,34950.0,15200.0,43.490701001430615
2026-02-15,Thực Phẩm Chế Biến,local_value,32450.0,34950.0,-2500.0,-7.1530758226037205
2026-02-15,Thực Phẩm Chế Biến,niche_professional,142600.0,34950.0,107650.0,308.0114449213162
2026-02-15,Thực Phẩm Khô,household_giant,30700.0,51300.0,-20600.0,-40.15594541910331
2026-02-15,Thực Phẩm Khô,local_value,56600.0,51300.0,5300.0,10.33138401559454
2026-02-15,Thực Phẩm Khô,niche_professional,77000.0,51300.0,25700.0,50.097465886939574
2026-02-15,Thực Phẩm Khô,prestige_leader,145000.0,51300.0,93700.0,182.65107212475633
2026-02-15,Thực Phẩm Đông Lạnh,household_giant,70800.0,89550.0,-18750.0,-20.938023450586265
2026-02-15,Thực Phẩm Đông Lạnh,local_value,63650.0,89550.0,-25900.0,-28.922389726409826
2026-02-15,Thực Phẩm Đông Lạnh,niche_professional,106200.0,89550.0,16650.0,18.592964824120603
2026-02-15,Trứng - Đậu Hũ,household_giant,54250.0,16600.0,37650.0,226.80722891566262
2026-02-15,Trứng - Đậu Hũ,local_value,30800.0,16600.0,14200.0,85.54216867469879
2026-02-16,Bánh Kẹo,household_giant,21400.0,33500.0,-12100.0,-36.11940298507463
2026-02-16,Bánh Kẹo,local_value,36550.0,33500.0,3050.0,9.104477611940299
2026-02-16,Bánh Kẹo,niche_professional,60350.0,33500.0,26850.0,80.14925373134328
2026-02-16,Bánh Kẹo,prestige_leader,59900.0,33500.0,26400.0,78.80597014925374
2026-02-16,Chăm Sóc Bé,household_giant,33500.0,59950.0,-26450.0,-44.12010008340283
2026-02-16,Chăm Sóc Bé,local_value,65050.0,59950.0,5100.0,8.507089241034196
2026-02-16,Chăm Sóc Bé,niche_professional,169800.0,59950.0,109850.0,183.23603002502085
2026-02-16,Chăm Sóc Bé,prestige_leader,289600.0,59950.0,229650.0,383.069224353628
2026-02-16,Gia Vị,household_giant,39850.0,78000.0,-38150.0,-48.91025641025641
2026-02-16,Gia Vị,local_value,30600.0,78000.0,-47400.0,-60.76923076923077
2026-02-16,Gia Vị,niche_professional,93200.0,78000.0,15200.0,19.48717948717949
2026-02-16,Rau - Củ - Trái Cây,local_value,47900.0,39900.0,8000.0,20.050125313283207
2026-02-16,Rau - Củ - Trái Cây,niche_professional,46900.0,39900.0,7000.0,17.543859649122805
2026-02-16,Sữa Tươi,household_giant,28500.0,35350.0,-6850.0,-19.377652050919377
2026-02-16,Sữa Tươi,local_value,33150.0,35350.0,-2200.0,-6.223479490806223
2026-02-16,Sữa Tươi,niche_professional,84250.0,35350.0,48900.0,138.33097595473834
2026-02-16,Sữa Tươi,prestige_leader,38900.0,35350.0,3550.0,10.042432814710041
2026-02-16,Thực Phẩm Chế Biến,household_giant,51000.0,34300.0,16700.0,48.68804664723032
2026-02-16,Thực Phẩm Chế Biến,local_value,26200.0,34300.0,-8100.0,-23.61516034985423
2026-02-16,Thực Phẩm Chế Biến,niche_professional,143050.0,34300.0,108750.0,317.05539358600583
2026-02-16,Thực Phẩm Khô,household_giant,29000.0,53600.0,-24600.0,-45.8955223880597
2026-02-16,Thực Phẩm Khô,local_value,57000.0,53600.0,3400.0,6.343283582089552
2026-02-16,Thực Phẩm Khô,niche_professional,77000.0,53600.0,23400.0,43.656716417910445
2026-02-16,Thực Phẩm Khô,prestige_leader,145000.0,53600.0,91400.0,170.5223880597015
2026-02-16,Thực Phẩm Đông Lạnh,household_giant,70800.0,94500.0,-23700.0,-25.07936507936508
2026-02-16,Thực Phẩm Đông Lạnh,local_value,63650.0,94500.0,-30850.0,-32.645502645502646
2026-02-16,Thực Phẩm Đông Lạnh,niche_professional,106200.0,94500.0,11700.0,12.380952380952381
2026-02-16,Trứng - Đậu Hũ,household_giant,55000.0,16600.0,38400.0,231.32530120481925
2026-02-16,Trứng - Đậu Hũ,local_value,31150.0,16600.0,14550.0,87.65060240963855
2026-02-17,Bánh Kẹo,household_giant,21500.0,33500.0,-12000.0,-35.82089552238806
2026-02-17,Bánh Kẹo,local_value,36550.0,33500.0,3050.0,9.104477611940299
2026-02-17,Bánh Kẹo,niche_professional,60350.0,33500.0,26850.0,80.14925373134328
2026-02-17,Bánh Kẹo,prestige_leader,59900.0,33500.0,26400.0,78.80597014925374
2026-02-17,Chăm Sóc Bé,household_giant,33500.0,60900.0,-27400.0,-44.991789819376024
2026-02-17,Chăm Sóc Bé,local_value,64900.0,60900.0,4000.0,6.568144499178982
2026-02-17,Chăm Sóc Bé,niche_professional,169800.0,60900.0,108900.0,178.8177339901478
2026-02-17,Chăm Sóc Bé,prestige_leader,82400.0,60900.0,21500.0,35.30377668308703
2026-02-17,Gia Vị,household_giant,40050.0,78000.0,-37950.0,-48.65384615384615
2026-02-17,Gia Vị,local_value,30250.0,78000.0,-47750.0,-61.21794871794872
2026-02-17,Gia Vị,niche_professional,91300.0,78000.0,13300.0,17.05128205128205
2026-02-17,Rau - Củ - Trái Cây,local_value,46900.0,39900.0,7000.0,17.543859649122805
2026-02-17,Rau - Củ - Trái Cây,niche_professional,46900.0,39900.0,7000.0,17.543859649122805
2026-02-17,Sữa Tươi,household_giant,28500.0,35350.0,-6850.0,-19.377652050919377
2026-02-17,Sữa Tươi,local_value,33150.0,35350.0,-2200.0,-6.223479490806223
2026-02-17,Sữa Tươi,niche_professional,84250.0,35350.0,48900.0,138.33097595473834
2026-02-17,Sữa Tươi,prestige_leader,38900.0,35350.0,3550.0,10.042432814710041
2026-02-17,Thực Phẩm Chế Biến,household_giant,50150.0,34650.0,15500.0,44.733044733044736
2026-02-17,Thực Phẩm Chế Biến,local_value,32450.0,34650.0,-2200.0,-6.349206349206349
2026-02-17,Thực Phẩm Chế Biến,niche_professional,143050.0,34650.0,108400.0,312.84271284271284
2026-02-17,Thực Phẩm Khô,household_giant,30800.0,51300.0,-20500.0,-39.96101364522417
2026-02-17,Thực Phẩm Khô,local_value,56000.0,51300.0,4700.0,9.161793372319687
2026-02-17,Thực Phẩm Khô,niche_professional,77000.0,51300.0,25700.0,50.097465886939574
2026-02-17,Thực Phẩm Khô,prestige_leader,145000.0,51300.0,93700.0,182.65107212475633
2026-02-17,Thực Phẩm Đông Lạnh,household_giant,70800.0,99300.0,-28500.0,-28.700906344410875
2026-02-17,Thực Phẩm Đông Lạnh,local_value,67000.0,99300.0,-32300.0,-32.527693856998994
2026-02-17,Thực Phẩm Đông Lạnh,niche_professional,106200.0,99300.0,6900.0,6.948640483383686
2026-02-17,Trứng - Đậu Hũ,household_giant,55000.0,16600.0,38400.0,231.32530120481925
2026-02-17,Trứng - Đậu Hũ,local_value,31150.0,16600.0,14550.0,87.65060240963855
2026-02-18,Bánh Kẹo,household_giant,21300.0,33800.0,-12500.0,-36.98224852071006
2026-02-18,Bánh Kẹo,local_value,36550.0,33800.0,2750.0,8.136094674556213
2026-02-18,Bánh Kẹo,niche_professional,60350.0,33800.0,26550.0,78.55029585798816
2026-02-18,Bánh Kẹo,prestige_leader,59900.0,33800.0,26100.0,77.2189349112426
2026-02-18,Chăm Sóc Bé,household_giant,33500.0,60900.0,-27400.0,-44.991789819376024
2026-02-18,Chăm Sóc Bé,local_value,64900.0,60900.0,4000.0,6.568144499178982
2026-02-18,Chăm Sóc Bé,niche_professional,169800.0,60900.0,108900.0,178.8177339901478
2026-02-18,Chăm Sóc Bé,prestige_leader,82400.0,60900.0,21500.0,35.30377668308703
2026-02-18,Gia Vị,household_giant,40050.0,78000.0,-37950.0,-48.65384615384615
2026-02-18,Gia Vị,local_value,29900.0,78000.0,-48100.0,-61.66666666666667
2026-02-18,Gia Vị,niche_professional,91300.0,78000.0,13300.0,17.05128205128205
2026-02-18,Mì - Thực Phẩm Ăn Liền,household_giant,28700.0,23350.0,5350.0,22.91220556745182
2026-02-18,Mì - Thực Phẩm Ăn Liền,local_value,25300.0,23350.0,1950.0,8.35117773019272
2026-02-18,Mì - Thực Phẩm Ăn Liền,niche_professional,40900.0,23350.0,17550.0,75.16059957173448
2026-02-18,Mì - Thực Phẩm Ăn Liền,prestige_leader,105900.0,23350.0,82550.0,353.53319057815844
2026-02-18,Rau - Củ - Trái Cây,local_value,47900.0,39900.0,8000.0,20.050125313283207
2026-02-18,Rau - Củ - Trái Cây,niche_professional,46900.0,39900.0,7000.0,17.543859649122805
2026-02-18,Sữa Tươi,household_giant,28500.0,35350.0,-6850.0,-19.377652050919377
2026-02-18,Sữa Tươi,local_value,33400.0,35350.0,-1950.0,-5.516265912305516
2026-02-18,Sữa Tươi,niche_professional,87250.0,35350.0,51900.0,146.8175388967468
2026-02-18,Sữa Tươi,prestige_leader,38900.0,35350.0,3550.0,10.042432814710041
2026-02-18,Thực Phẩm Chế Biến,household_giant,50150.0,34650.0,15500.0,44.733044733044736
2026-02-18,Thực Phẩm Chế Biến,local_value,32450.0,34650.0,-2200.0,-6.349206349206349
2026-02-18,Thực Phẩm Chế Biến,niche_professional,143050.0,34650.0,108400.0,312.84271284271284
2026-02-18,Thực Phẩm Khô,household_giant,29000.0,53600.0,-24600.0,-45.8955223880597
2026-02-18,Thực Phẩm Khô,local_value,57000.0,53600.0,3400.0,6.343283582089552
2026-02-18,Thực Phẩm Khô,niche_professional,77000.0,53600.0,23400.0,43.656716417910445
2026-02-18,Thực Phẩm Khô,prestige_leader,145000.0,53600.0,91400.0,170.5223880597015
2026-02-18,Thực Phẩm Đông Lạnh,household_giant,70800.0,99300.0,-28500.0,-28.700906344410875
2026-02-18,Thực Phẩm Đông Lạnh,local_value,67000.0,99300.0,-32300.0,-32.527693856998994
2026-02-18,Thực Phẩm Đông Lạnh,niche_professional,106200.0,99300.0,6900.0,6.948640483383686
2026-02-18,Trứng - Đậu Hũ,household_giant,55000.0,16600.0,38400.0,231.32530120481925
2026-02-18,Trứng - Đậu Hũ,local_value,31150.0,16600.0,14550.0,87.65060240963855
2026-02-19,Bánh Kẹo,household_giant,46500.0,38500.0,8000.0,20.77922077922078
2026-02-19,Bánh Kẹo,local_value,37700.0,38500.0,-800.0,-2.0779220779220777
2026-02-19,Bánh Kẹo,niche_professional,71300.0,38500.0,32800.0,85.19480519480518
2026-02-19,Bánh Kẹo,prestige_leader,159250.0,38500.0,120750.0,313.6363636363636
2026-02-19,Chăm Sóc Bé,household_giant,33500.0,60900.0,-27400.0,-44.991789819376024
2026-02-19,Chăm Sóc Bé,local_value,64900.0,60900.0,4000.0,6.568144499178982
2026-02-19,Chăm Sóc Bé,niche_professional,169800.0,60900.0,108900.0,178.8177339901478
2026-02-19,Chăm Sóc Bé,prestige_leader,82400.0,60900.0,21500.0,35.30377668308703
2026-02-19,Mì - Thực Phẩm Ăn Liền,household_giant,16600.0,27200.0,-10600.0,-38.970588235294116
2026-02-19,Mì - Thực Phẩm Ăn Liền,local_value,28400.0,27200.0,1200.0,4.411764705882353
2026-02-19,Mì - Thực Phẩm Ăn Liền,niche_professional,56300.0,27200.0,29100.0,106.98529411764706
2026-02-19,Mì - Thực Phẩm Ăn Liền,prestige_leader,234000.0,27200.0,206800.0,760.2941176470588
2026-02-19,Rau - Củ - Trái Cây,local_value,47900.0,39900.0,8000.0,20.050125313283207
2026-02-19,Rau - Củ - Trái Cây,niche_professional,46900.0,39900.0,7000.0,17.543859649122805
2026-02-19,Sữa Tươi,household_giant,25800.0,32900.0,-7100.0,-21.580547112462007
2026-02-19,Sữa Tươi,local_value,33500.0,32900.0,600.0,1.82370820668693
2026-02-19,Sữa Tươi,niche_professional,70850.0,32900.0,37950.0,115.34954407294833
2026-02-19,Sữa Tươi,prestige_leader,37800.0,32900.0,4900.0,14.893617021276595
2026-02-19,Thực Phẩm Chế Biến,household_giant,50150.0,34650.0,15500.0,44.733044733044736
2026-02-19,Thực Phẩm Chế Biến,local_value,32450.0,34650.0,-2200.0,-6.349206349206349
2026-02-19,Thực Phẩm Chế Biến,niche_professional,143050.0,34650.0,108400.0,312.84271284271284
2026-02-19,Thực Phẩm Khô,household_giant,29000.0,53600.0,-24600.0,-45.8955223880597
2026-02-19,Thực Phẩm Khô,local_value,57000.0,53600.0,3400.0,6.343283582089552
2026-02-19,Thực Phẩm Khô,niche_professional,77000.0,53600.0,23400.0,43.656716417910445
2026-02-19,Thực Phẩm Khô,prestige_leader,145000.0,53600.0,91400.0,170.5223880597015
2026-02-19,Thực Phẩm Đông Lạnh,household_giant,70800.0,94500.0,-23700.0,-25.07936507936508
2026-02-19,Thực Phẩm Đông Lạnh,local_value,72350.0,94500.0,-22150.0,-23.43915343915344
2026-02-19,Thực Phẩm Đông Lạnh,niche_professional,104250.0,94500.0,9750.0,10.317460317460316
2026-02-19,Trứng - Đậu Hũ,household_giant,55000.0,16600.0,38400.0,231.32530120481925
2026-02-19,Trứng - Đậu Hũ,local_value,31150.0,16600.0,14550.0,87.65060240963855
2026-02-20,Bánh Kẹo,household_giant,33750.0,32500.0,1250.0,3.8461538461538463
2026-02-20,Bánh Kẹo,local_value,35100.0,32500.0,2600.0,8.0
2026-02-20,Bánh Kẹo,niche_professional,71300.0,32500.0,38800.0,119.38461538461537
2026-02-20,Bánh Kẹo,prestige_leader,129500.0,32500.0,97000.0,298.46153846153845
2026-02-20,Chăm Sóc Bé,household_giant,33500.0,60900.0,-27400.0,-44.991789819376024
2026-02-20,Chăm Sóc Bé,local_value,64900.0,60900.0,4000.0,6.568144499178982
2026-02-20,Chăm Sóc Bé,niche_professional,179650.0,60900.0,118750.0,194.991789819376
2026-02-20,Chăm Sóc Bé,prestige_leader,82400.0,60900.0,21500.0,35.30377668308703
2026-02-20,Gia Vị,household_giant,40200.0,76500.0,-36300.0,-47.45098039215686
2026-02-20,Gia Vị,local_value,29900.0,76500.0,-46600.0,-60.91503267973856
2026-02-20,Gia Vị,niche_professional,91300.0,76500.0,14800.0,19.346405228758172
2026-02-20,Mì - Thực Phẩm Ăn Liền,household_giant,27700.0,27200.0,500.0,1.8382352941176472
2026-02-20,Mì - Thực Phẩm Ăn Liền,local_value,25200.0,27200.0,-2000.0,-7.352941176470589
2026-02-20,Mì - Thực Phẩm Ăn Liền,niche_professional,40900.0,27200.0,13700.0,50.36764705882353
2026-02-20,Mì - Thực Phẩm Ăn Liền,prestige_leader,119000.0,27200.0,91800.0,337.5
2026-02-20,Rau - Củ - Trái Cây,local_value,67050.0,14800.0,52250.0,353.0405405405405
2026-02-20,Sữa Tươi,household_giant,28500.0,35350.0,-6850.0,-19.377652050919377
2026-02-20,Sữa Tươi,local_value,33150.0,35350.0,-2200.0,-6.223479490806223
2026-02-20,Sữa Tươi,niche_professional,84250.0,35350.0,48900.0,138.33097595473834
2026-02-20,Sữa Tươi,prestige_leader,38900.0,35350.0,3550.0,10.042432814710041
2026-02-20,Thực Phẩm Chế Biến,household_giant,51600.0,143900.0,-92300.0,-64.14176511466296
2026-02-20,Thực Phẩm Chế Biến,local_value,22900.0,143900.0,-121000.0,-84.08617095205003
2026-02-20,Thực Phẩm Chế Biến,niche_professional,142600.0,143900.0,-1300.0,-0.9034051424600417
2026-02-20,Thực Phẩm Khô,household_giant,29000.0,53600.0,-24600.0,-45.8955223880597
2026-02-20,Thực Phẩm Khô,local_value,57000.0,53600.0,3400.0,6.343283582089552
2026-02-20,Thực Phẩm Khô,niche_professional,77000.0,53600.0,23400.0,43.656716417910445
2026-02-20,Thực Phẩm Khô,prestige_leader,145000.0,53600.0,91400.0,170.5223880597015
2026-02-20,Thực Phẩm Đông Lạnh,household_giant,67900.0,77700.0,-9800.0,-12.612612612612612
2026-02-20,Thực Phẩm Đông Lạnh,local_value,72350.0,77700.0,-5350.0,-6.885456885456885
2026-02-20,Thực Phẩm Đông Lạnh,niche_professional,106200.0,77700.0,28500.0,36.67953667953668
2026-02-20,Trứng - Đậu Hũ,household_giant,55000.0,16600.0,38400.0,231.32530120481925
2026-02-20,Trứng - Đậu Hũ,local_value,31150.0,16600.0,14550.0,87.65060240963855
2026-02-21,Bánh Kẹo,household_giant,21300.0,33500.0,-12200.0,-36.417910447761194
2026-02-21,Bánh Kẹo,local_value,36550.0,33500.0,3050.0,9.104477611940299
2026-02-21,Bánh Kẹo,niche_professional,60350.0,33500.0,26850.0,80.14925373134328
2026-02-21,Bánh Kẹo,prestige_leader,59900.0,33500.0,26400.0,78.80597014925374
2026-02-21,Chăm Sóc Bé,household_giant,32500.0,60900.0,-28400.0,-46.63382594417077
2026-02-21,Chăm Sóc Bé,local_value,64900.0,60900.0,4000.0,6.568144499178982
2026-02-21,Chăm Sóc Bé,niche_professional,179650.0,60900.0,118750.0,194.991789819376
2026-02-21,Chăm Sóc Bé,prestige_leader,82400.0,60900.0,21500.0,35.30377668308703
2026-02-21,Gia Vị,household_giant,39900.0,76500.0,-36600.0,-47.84313725490196
2026-02-21,Gia Vị,local_value,30600.0,76500.0,-45900.0,-60.0
2026-02-21,Gia Vị,niche_professional,89400.0,76500.0,12900.0,16.862745098039216
2026-02-21,Mì - Thực Phẩm Ăn Liền,household_giant,27700.0,27200.0,500.0,1.8382352941176472
2026-02-21,Mì - Thực Phẩm Ăn Liền,local_value,25200.0,27200.0,-2000.0,-7.352941176470589
2026-02-21,Mì - Thực Phẩm Ăn Liền,niche_professional,43400.0,27200.0,16200.0,59.55882352941176
2026-02-21,Mì - Thực Phẩm Ăn Liền,prestige_leader,166050.0,27200.0,138850.0,510.47794117647055
2026-02-21,Rau - Củ - Trái Cây,local_value,42900.0,18210.0,24690.0,135.5848434925865
2026-02-21,Sữa Tươi,household_giant,28450.0,34500.0,-6050.0,-17.53623188405797
2026-02-21,Sữa Tươi,local_value,33400.0,34500.0,-1100.0,-3.1884057971014492
2026-02-21,Sữa Tươi,niche_professional,84250.0,34500.0,49750.0,144.20289855072463
2026-02-21,Sữa Tươi,prestige_leader,38900.0,34500.0,4400.0,12.753623188405797
2026-02-21,Thực Phẩm Chế Biến,household_giant,51100.0,35000.0,16100.0,46.0
2026-02-21,Thực Phẩm Chế Biến,local_value,29650.0,35000.0,-5350.0,-15.285714285714286
2026-02-21,Thực Phẩm Chế Biến,niche_professional,143050.0,35000.0,108050.0,308.7142857142857
2026-02-21,Thực Phẩm Khô,household_giant,29000.0,53600.0,-24600.0,-45.8955223880597
2026-02-21,Thực Phẩm Khô,local_value,57000.0,53600.0,3400.0,6.343283582089552
2026-02-21,Thực Phẩm Khô,niche_professional,77000.0,53600.0,23400.0,43.656716417910445
2026-02-21,Thực Phẩm Khô,prestige_leader,145000.0,53600.0,91400.0,170.5223880597015
2026-02-21,Thực Phẩm Đông Lạnh,household_giant,67900.0,69400.0,-1500.0,-2.161383285302594
2026-02-21,Thực Phẩm Đông Lạnh,local_value,65000.0,69400.0,-4400.0,-6.340057636887608
2026-02-21,Thực Phẩm Đông Lạnh,niche_professional,106200.0,69400.0,36800.0,53.02593659942363
2026-02-21,Trứng - Đậu Hũ,household_giant,55000.0,16600.0,38400.0,231.32530120481925
2026-02-21,Trứng - Đậu Hũ,local_value,31150.0,16600.0,14550.0,87.65060240963855
2026-02-22,Bánh Kẹo,household_giant,21300.0,33500.0,-12200.0,-36.417910447761194
2026-02-22,Bánh Kẹo,local_value,36300.0,33500.0,2800.0,8.358208955223882
2026-02-22,Bánh Kẹo,niche_professional,60350.0,33500.0,26850.0,80.14925373134328
2026-02-22,Bánh Kẹo,prestige_leader,59900.0,33500.0,26400.0,78.80597014925374
2026-02-22,Chăm Sóc Bé,household_giant,32500.0,60900.0,-28400.0,-46.63382594417077
2026-02-22,Chăm Sóc Bé,local_value,64900.0,60900.0,4000.0,6.568144499178982
2026-02-22,Chăm Sóc Bé,niche_professional,169800.0,60900.0,108900.0,178.8177339901478
2026-02-22,Chăm Sóc Bé,prestige_leader,82400.0,60900.0,21500.0,35.30377668308703
2026-02-22,Mì - Thực Phẩm Ăn Liền,household_giant,19900.0,27200.0,-7300.0,-26.838235294117645
2026-02-22,Mì - Thực Phẩm Ăn Liền,local_value,27350.0,27200.0,150.0,0.5514705882352942
2026-02-22,Mì - Thực Phẩm Ăn Liền,niche_professional,56300.0,27200.0,29100.0,106.98529411764706
2026-02-22,Mì - Thực Phẩm Ăn Liền,prestige_leader,234000.0,27200.0,206800.0,760.2941176470588
2026-02-22,Rau - Củ - Trái Cây,local_value,39900.0,35110.0,4790.0,13.642836798632867
2026-02-22,Rau - Củ - Trái Cây,niche_professional,46900.0,35110.0,11790.0,33.5801765878667
2026-02-22,Sữa Tươi,household_giant,25800.0,34500.0,-8700.0,-25.217391304347824
2026-02-22,Sữa Tươi,local_value,27000.0,34500.0,-7500.0,-21.73913043478261
2026-02-22,Sữa Tươi,niche_professional,54300.0,34500.0,19800.0,57.391304347826086
2026-02-22,Sữa Tươi,prestige_leader,61300.0,34500.0,26800.0,77.68115942028986
2026-02-22,Thực Phẩm Chế Biến,household_giant,51100.0,35000.0,16100.0,46.0
2026-02-22,Thực Phẩm Chế Biến,local_value,29800.0,35000.0,-5200.0,-14.857142857142858
2026-02-22,Thực Phẩm Chế Biến,niche_professional,143050.0,35000.0,108050.0,308.7142857142857
2026-02-22,Thực Phẩm Khô,household_giant,29000.0,53600.0,-24600.0,-45.8955223880597
2026-02-22,Thực Phẩm Khô,local_value,57000.0,53600.0,3400.0,6.343283582089552
2026-02-22,Thực Phẩm Khô,niche_professional,77000.0,53600.0,23400.0,43.656716417910445
2026-02-22,Thực Phẩm Khô,prestige_leader,145000.0,53600.0,91400.0,170.5223880597015
2026-02-22,Thực Phẩm Đông Lạnh,household_giant,70800.0,84250.0,-13450.0,-15.964391691394658
2026-02-22,Thực Phẩm Đông Lạnh,local_value,70350.0,84250.0,-13900.0,-16.498516320474778
2026-02-22,Thực Phẩm Đông Lạnh,niche_professional,117350.0,84250.0,33100.0,39.287833827893174
2026-02-22,Trứng - Đậu Hũ,household_giant,58000.0,16600.0,41400.0,249.39759036144576
2026-02-22,Trứng - Đậu Hũ,local_value,41700.0,16600.0,25100.0,151.2048192771084
2026-02-23,Bánh Kẹo,household_giant,21300.0,33125.0,-11825.0,-35.69811320754717
2026-02-23,Bánh Kẹo,local_value,36550.0,33125.0,3425.0,10.339622641509434
2026-02-23,Bánh Kẹo,niche_professional,60350.0,33125.0,27225.0,82.18867924528301
2026-02-23,Bánh Kẹo,prestige_leader,59900.0,33125.0,26775.0,80.83018867924528
2026-02-23,Chăm Sóc Bé,household_giant,32500.0,60900.0,-28400.0,-46.63382594417077
2026-02-23,Chăm Sóc Bé,local_value,64900.0,60900.0,4000.0,6.568144499178982
2026-02-23,Chăm Sóc Bé,niche_professional,179650.0,60900.0,118750.0,194.991789819376
2026-02-23,Chăm Sóc Bé,prestige_leader,82400.0,60900.0,21500.0,35.30377668308703
2026-02-23,Gia Vị,household_giant,39800.0,75000.0,-35200.0,-46.93333333333333
2026-02-23,Gia Vị,local_value,30850.0,75000.0,-44150.0,-58.86666666666667
2026-02-23,Gia Vị,niche_professional,91300.0,75000.0,16300.0,21.73333333333333
2026-02-23,Mì - Thực Phẩm Ăn Liền,household_giant,28200.0,19000.0,9200.0,48.421052631578945
2026-02-23,Mì - Thực Phẩm Ăn Liền,local_value,25300.0,19000.0,6300.0,33.1578947368421
2026-02-23,Mì - Thực Phẩm Ăn Liền,niche_professional,49700.0,19000.0,30700.0,161.57894736842104
2026-02-23,Mì - Thực Phẩm Ăn Liền,prestige_leader,119000.0,19000.0,100000.0,526.3157894736843
2026-02-23,Rau - Củ - Trái Cây,local_value,46900.0,39900.0,7000.0,17.543859649122805
2026-02-23,Rau - Củ - Trái Cây,niche_professional,46900.0,39900.0,7000.0,17.543859649122805
2026-02-23,Sữa Tươi,household_giant,25800.0,48150.0,-22350.0,-46.41744548286604
2026-02-23,Sữa Tươi,local_value,26100.0,48150.0,-22050.0,-45.794392523364486
2026-02-23,Sữa Tươi,niche_professional,54950.0,48150.0,6800.0,14.122533748701974
2026-02-23,Sữa Tươi,prestige_leader,61300.0,48150.0,13150.0,27.31048805815161
2026-02-23,Thực Phẩm Chế Biến,household_giant,51100.0,35000.0,16100.0,46.0
2026-02-23,Thực Phẩm Chế Biến,local_value,29500.0,35000.0,-5500.0,-15.714285714285714
2026-02-23,Thực Phẩm Chế Biến,niche_professional,143050.0,35000.0,108050.0,308.7142857142857
2026-02-23,Thực Phẩm Khô,household_giant,31800.0,41900.0,-10100.0,-24.105011933174225
2026-02-23,Thực Phẩm Khô,local_value,46000.0,41900.0,4100.0,9.785202863961814
2026-02-23,Thực Phẩm Khô,niche_professional,78850.0,41900.0,36950.0,88.18615751789977
2026-02-23,Thực Phẩm Đông Lạnh,household_giant,64350.0,84250.0,-19900.0,-23.620178041543028
2026-02-23,Thực Phẩm Đông Lạnh,local_value,70350.0,84250.0,-13900.0,-16.498516320474778
2026-02-23,Thực Phẩm Đông Lạnh,niche_professional,106200.0,84250.0,21950.0,26.05341246290801
2026-02-23,Trứng - Đậu Hũ,household_giant,57500.0,16600.0,40900.0,246.3855421686747
2026-02-23,Trứng - Đậu Hũ,local_value,41700.0,16600.0,25100.0,151.2048192771084
2026-02-24,Bánh Kẹo,household_giant,26900.0,34500.0,-7600.0,-22.028985507246375
2026-02-24,Bánh Kẹo,local_value,31000.0,34500.0,-3500.0,-10.144927536231885
2026-02-24,Bánh Kẹo,niche_professional,71300.0,34500.0,36800.0,106.66666666666667
2026-02-24,Bánh Kẹo,prestige_leader,94700.0,34500.0,60200.0,174.4927536231884
2026-02-24,Chăm Sóc Bé,household_giant,32500.0,60900.0,-28400.0,-46.63382594417077
2026-02-24,Chăm Sóc Bé,local_value,62450.0,60900.0,1550.0,2.5451559934318557
2026-02-24,Chăm Sóc Bé,niche_professional,179650.0,60900.0,118750.0,194.991789819376
2026-02-24,Chăm Sóc Bé,prestige_leader,82400.0,60900.0,21500.0,35.30377668308703
2026-02-24,Mì - Thực Phẩm Ăn Liền,household_giant,28200.0,18500.0,9700.0,52.43243243243243
2026-02-24,Mì - Thực Phẩm Ăn Liền,local_value,25200.0,18500.0,6700.0,36.21621621621622
2026-02-24,Mì - Thực Phẩm Ăn Liền,niche_professional,43400.0,18500.0,24900.0,134.59459459459458
2026-02-24,Mì - Thực Phẩm Ăn Liền,prestige_leader,176050.0,18500.0,157550.0,851.6216216216217
2026-02-24,Rau - Củ - Trái Cây,local_value,67050.0,16160.0,50890.0,314.91336633663366
2026-02-24,Sữa Tươi,household_giant,27900.0,34500.0,-6600.0,-19.130434782608695
2026-02-24,Sữa Tươi,local_value,32800.0,34500.0,-1700.0,-4.9275362318840585
2026-02-24,Sữa Tươi,niche_professional,77900.0,34500.0,43400.0,125.79710144927536
2026-02-24,Sữa Tươi,prestige_leader,37800.0,34500.0,3300.0,9.565217391304348
2026-02-24,Thực Phẩm Chế Biến,household_giant,50100.0,35000.0,15100.0,43.142857142857146
2026-02-24,Thực Phẩm Chế Biến,local_value,27000.0,35000.0,-8000.0,-22.857142857142858
2026-02-24,Thực Phẩm Chế Biến,niche_professional,142600.0,35000.0,107600.0,307.42857142857144
2026-02-24,Thực Phẩm Khô,household_giant,26050.0,44250.0,-18200.0,-41.12994350282486
2026-02-24,Thực Phẩm Khô,local_value,58600.0,44250.0,14350.0,32.429378531073446
2026-02-24,Thực Phẩm Khô,niche_professional,84700.0,44250.0,40450.0,91.41242937853107
2026-02-24,Thực Phẩm Đông Lạnh,household_giant,60800.0,74000.0,-13200.0,-17.83783783783784
2026-02-24,Thực Phẩm Đông Lạnh,local_value,69000.0,74000.0,-5000.0,-6.756756756756757
2026-02-24,Thực Phẩm Đông Lạnh,niche_professional,106200.0,74000.0,32200.0,43.513513513513516
2026-02-24,Trứng - Đậu Hũ,household_giant,57500.0,16600.0,40900.0,246.3855421686747
2026-02-24,Trứng - Đậu Hũ,local_value,30800.0,16600.0,14200.0,85.54216867469879
2026-02-25,Bánh Kẹo,household_giant,21600.0,32450.0,-10850.0,-33.43605546995377
2026-02-25,Bánh Kẹo,local_value,36300.0,32450.0,3850.0,11.864406779661017
2026-02-25,Bánh Kẹo,niche_professional,60500.0,32450.0,28050.0,86.4406779661017
2026-02-25,Bánh Kẹo,prestige_leader,61500.0,32450.0,29050.0,89.52234206471495
2026-02-25,Chăm Sóc Bé,household_giant,32500.0,60900.0,-28400.0,-46.63382594417077
2026-02-25,Chăm Sóc Bé,local_value,62450.0,60900.0,1550.0,2.5451559934318557
2026-02-25,Chăm Sóc Bé,niche_professional,179650.0,60900.0,118750.0,194.991789819376
2026-02-25,Chăm Sóc Bé,prestige_leader,85600.0,60900.0,24700.0,40.558292282430216
2026-02-25,Gia Vị,household_giant,39450.0,54900.0,-15450.0,-28.142076502732237
2026-02-25,Gia Vị,local_value,31200.0,54900.0,-23700.0,-43.169398907103826
2026-02-25,Gia Vị,niche_professional,89200.0,54900.0,34300.0,62.47723132969034
2026-02-25,Mì - Thực Phẩm Ăn Liền,household_giant,28200.0,18500.0,9700.0,52.43243243243243
2026-02-25,Mì - Thực Phẩm Ăn Liền,local_value,25200.0,18500.0,6700.0,36.21621621621622
2026-02-25,Mì - Thực Phẩm Ăn Liền,niche_professional,42200.0,18500.0,23700.0,128.1081081081081
2026-02-25,Mì - Thực Phẩm Ăn Liền,prestige_leader,105900.0,18500.0,87400.0,472.4324324324324
2026-02-25,Rau - Củ - Trái Cây,local_value,50900.0,39900.0,11000.0,27.56892230576441
2026-02-25,Rau - Củ - Trái Cây,niche_professional,46900.0,39900.0,7000.0,17.543859649122805
2026-02-25,Sữa Tươi,household_giant,27900.0,37600.0,-9700.0,-25.79787234042553
2026-02-25,Sữa Tươi,local_value,33000.0,37600.0,-4600.0,-12.23404255319149
2026-02-25,Sữa Tươi,niche_professional,84500.0,37600.0,46900.0,124.7340425531915
2026-02-25,Sữa Tươi,prestige_leader,38600.0,37600.0,1000.0,2.6595744680851063
2026-02-25,Thực Phẩm Chế Biến,household_giant,51000.0,39500.0,11500.0,29.11392405063291
2026-02-25,Thực Phẩm Chế Biến,local_value,29650.0,39500.0,-9850.0,-24.936708860759495
2026-02-25,Thực Phẩm Chế Biến,niche_professional,143050.0,39500.0,103550.0,262.1518987341772
2026-02-25,Thực Phẩm Khô,household_giant,27300.0,51300.0,-24000.0,-46.783625730994146
2026-02-25,Thực Phẩm Khô,local_value,57000.0,51300.0,5700.0,11.11111111111111
2026-02-25,Thực Phẩm Khô,niche_professional,77000.0,51300.0,25700.0,50.097465886939574
2026-02-25,Thực Phẩm Khô,prestige_leader,145000.0,51300.0,93700.0,182.65107212475633
2026-02-25,Thực Phẩm Đông Lạnh,household_giant,70100.0,74000.0,-3900.0,-5.27027027027027
2026-02-25,Thực Phẩm Đông Lạnh,local_value,72350.0,74000.0,-1650.0,-2.22972972972973
2026-02-25,Thực Phẩm Đông Lạnh,niche_professional,106600.0,74000.0,32600.0,44.054054054054056
2026-02-25,Trứng - Đậu Hũ,household_giant,57500.0,16600.0,40900.0,246.3855421686747
2026-02-25,Trứng - Đậu Hũ,local_value,31500.0,16600.0,14900.0,89.7590361445783
2026-02-26,Bánh Kẹo,household_giant,21400.0,32725.0,-11325.0,-34.60656990068755
2026-02-26,Bánh Kẹo,local_value,36300.0,32725.0,3575.0,10.92436974789916
2026-02-26,Bánh Kẹo,niche_professional,60500.0,32725.0,27775.0,84.87394957983193
2026-02-26,Bánh Kẹo,prestige_leader,61500.0,32725.0,28775.0,87.92971734148205
2026-02-26,Chăm Sóc Bé,household_giant,32500.0,60900.0,-28400.0,-46.63382594417077
2026-02-26,Chăm Sóc Bé,local_value,57000.0,60900.0,-3900.0,-6.403940886699508
2026-02-26,Chăm Sóc Bé,niche_professional,179650.0,60900.0,118750.0,194.991789819376
2026-02-26,Chăm Sóc Bé,prestige_leader,85600.0,60900.0,24700.0,40.558292282430216
2026-02-26,Gia Vị,household_giant,38900.0,69000.0,-30100.0,-43.6231884057971
2026-02-26,Gia Vị,local_value,31200.0,69000.0,-37800.0,-54.78260869565217
2026-02-26,Gia Vị,niche_professional,89200.0,69000.0,20200.0,29.275362318840582
2026-02-26,Mì - Thực Phẩm Ăn Liền,household_giant,16800.0,27200.0,-10400.0,-38.23529411764706
2026-02-26,Mì - Thực Phẩm Ăn Liền,local_value,16750.0,27200.0,-10450.0,-38.419117647058826
2026-02-26,Mì - Thực Phẩm Ăn Liền,niche_professional,54150.0,27200.0,26950.0,99.08088235294117
2026-02-26,Mì - Thực Phẩm Ăn Liền,prestige_leader,241000.0,27200.0,213800.0,786.0294117647059
2026-02-26,Rau - Củ - Trái Cây,local_value,50900.0,39900.0,11000.0,27.56892230576441
2026-02-26,Rau - Củ - Trái Cây,niche_professional,46900.0,39900.0,7000.0,17.543859649122805
2026-02-26,Sữa Tươi,household_giant,27900.0,37600.0,-9700.0,-25.79787234042553
2026-02-26,Sữa Tươi,local_value,33400.0,37600.0,-4200.0,-11.170212765957446
2026-02-26,Sữa Tươi,niche_professional,81200.0,37600.0,43600.0,115.95744680851064
2026-02-26,Sữa Tươi,prestige_leader,38900.0,37600.0,1300.0,3.4574468085106385
2026-02-26,Thực Phẩm Chế Biến,household_giant,50100.0,39450.0,10650.0,26.996197718631176
2026-02-26,Thực Phẩm Chế Biến,local_value,22400.0,39450.0,-17050.0,-43.2192648922687
2026-02-26,Thực Phẩm Chế Biến,niche_professional,143050.0,39450.0,103600.0,262.6108998732573
2026-02-26,Thực Phẩm Khô,household_giant,27300.0,51300.0,-24000.0,-46.783625730994146
2026-02-26,Thực Phẩm Khô,local_value,57000.0,51300.0,5700.0,11.11111111111111
2026-02-26,Thực Phẩm Khô,niche_professional,77000.0,51300.0,25700.0,50.097465886939574
2026-02-26,Thực Phẩm Khô,prestige_leader,145000.0,51300.0,93700.0,182.65107212475633
2026-02-26,Thực Phẩm Đông Lạnh,household_giant,65700.0,74000.0,-8300.0,-11.216216216216218
2026-02-26,Thực Phẩm Đông Lạnh,local_value,72350.0,74000.0,-1650.0,-2.22972972972973
2026-02-26,Thực Phẩm Đông Lạnh,niche_professional,106600.0,74000.0,32600.0,44.054054054054056
2026-02-26,Trứng - Đậu Hũ,household_giant,57500.0,16600.0,40900.0,246.3855421686747
2026-02-26,Trứng - Đậu Hũ,local_value,31500.0,16600.0,14900.0,89.7590361445783
2026-02-27,Bánh Kẹo,household_giant,21600.0,32725.0,-11125.0,-33.99541634835753
2026-02-27,Bánh Kẹo,local_value,35150.0,32725.0,2425.0,7.4102368220015284
2026-02-27,Bánh Kẹo,niche_professional,60500.0,32725.0,27775.0,84.87394957983193
2026-02-27,Bánh Kẹo,prestige_leader,61500.0,32725.0,28775.0,87.92971734148205
2026-02-27,Chăm Sóc Bé,household_giant,34400.0,60900.0,-26500.0,-43.51395730706076
2026-02-27,Chăm Sóc Bé,local_value,55500.0,60900.0,-5400.0,-8.866995073891626
2026-02-27,Chăm Sóc Bé,niche_professional,179650.0,60900.0,118750.0,194.991789819376
2026-02-27,Chăm Sóc Bé,prestige_leader,85600.0,60900.0,24700.0,40.558292282430216
2026-02-27,Gia Vị,household_giant,37500.0,69000.0,-31500.0,-45.65217391304348
2026-02-27,Gia Vị,local_value,30900.0,69000.0,-38100.0,-55.21739130434783
2026-02-27,Gia Vị,niche_professional,89200.0,69000.0,20200.0,29.275362318840582
2026-02-27,Mì - Thực Phẩm Ăn Liền,household_giant,28200.0,18500.0,9700.0,52.43243243243243
2026-02-27,Mì - Thực Phẩm Ăn Liền,local_value,25200.0,18500.0,6700.0,36.21621621621622
2026-02-27,Mì - Thực Phẩm Ăn Liền,niche_professional,42200.0,18500.0,23700.0,128.1081081081081
2026-02-27,Mì - Thực Phẩm Ăn Liền,prestige_leader,105900.0,18500.0,87400.0,472.4324324324324
2026-02-27,Rau - Củ - Trái Cây,local_value,46900.0,39110.0,7790.0,19.918179493735618
2026-02-27,Rau - Củ - Trái Cây,niche_professional,46900.0,39110.0,7790.0,19.918179493735618
2026-02-27,Sữa Tươi,household_giant,29000.0,36200.0,-7200.0,-19.88950276243094
2026-02-27,Sữa Tươi,local_value,33400.0,36200.0,-2800.0,-7.734806629834254
2026-02-27,Sữa Tươi,niche_professional,84500.0,36200.0,48300.0,133.4254143646409
2026-02-27,Sữa Tươi,prestige_leader,38900.0,36200.0,2700.0,7.458563535911603
2026-02-27,Thực Phẩm Chế Biến,household_giant,51900.0,34900.0,17000.0,48.71060171919771
2026-02-27,Thực Phẩm Chế Biến,local_value,29500.0,34900.0,-5400.0,-15.472779369627506
2026-02-27,Thực Phẩm Chế Biến,niche_professional,143050.0,34900.0,108150.0,309.8853868194842
2026-02-27,Thực Phẩm Khô,household_giant,27300.0,51300.0,-24000.0,-46.783625730994146
2026-02-27,Thực Phẩm Khô,local_value,57000.0,51300.0,5700.0,11.11111111111111
2026-02-27,Thực Phẩm Khô,niche_professional,77000.0,51300.0,25700.0,50.097465886939574
2026-02-27,Thực Phẩm Khô,prestige_leader,145000.0,51300.0,93700.0,182.65107212475633
2026-02-27,Thực Phẩm Đông Lạnh,household_giant,70100.0,72650.0,-2550.0,-3.509979353062629
2026-02-27,Thực Phẩm Đông Lạnh,local_value,67000.0,72650.0,-5650.0,-7.7770130763936685
2026-02-27,Thực Phẩm Đông Lạnh,niche_professional,106600.0,72650.0,33950.0,46.730901582931864
2026-02-27,Trứng - Đậu Hũ,household_giant,57500.0,16600.0,40900.0,246.3855421686747
2026-02-27,Trứng - Đậu Hũ,local_value,31500.0,16600.0,14900.0,89.7590361445783
2026-02-28,Bánh Kẹo,household_giant,21600.0,32725.0,-11125.0,-33.99541634835753
2026-02-28,Bánh Kẹo,local_value,35150.0,32725.0,2425.0,7.4102368220015284
2026-02-28,Bánh Kẹo,niche_professional,60200.0,32725.0,27475.0,83.9572192513369
2026-02-28,Bánh Kẹo,prestige_leader,61500.0,32725.0,28775.0,87.92971734148205
2026-02-28,Chăm Sóc Bé,household_giant,33450.0,60900.0,-27450.0,-45.073891625615765
2026-02-28,Chăm Sóc Bé,local_value,55500.0,60900.0,-5400.0,-8.866995073891626
2026-02-28,Chăm Sóc Bé,niche_professional,189500.0,60900.0,128600.0,211.16584564860426
2026-02-28,Chăm Sóc Bé,prestige_leader,85600.0,60900.0,24700.0,40.558292282430216
2026-02-28,Gia Vị,household_giant,36100.0,69000.0,-32900.0,-47.68115942028985
2026-02-28,Gia Vị,local_value,30900.0,69000.0,-38100.0,-55.21739130434783
2026-02-28,Gia Vị,niche_professional,89300.0,69000.0,20300.0,29.42028985507246
2026-02-28,Mì - Thực Phẩm Ăn Liền,household_giant,28200.0,18500.0,9700.0,52.43243243243243
2026-02-28,Mì - Thực Phẩm Ăn Liền,local_value,25200.0,18500.0,6700.0,36.21621621621622
2026-02-28,Mì - Thực Phẩm Ăn Liền,niche_professional,42200.0,18500.0,23700.0,128.1081081081081
2026-02-28,Mì - Thực Phẩm Ăn Liền,prestige_leader,105900.0,18500.0,87400.0,472.4324324324324
2026-02-28,Rau - Củ - Trái Cây,local_value,46900.0,39900.0,7000.0,17.543859649122805
2026-02-28,Rau - Củ - Trái Cây,niche_professional,46900.0,39900.0,7000.0,17.543859649122805
2026-02-28,Sữa Tươi,household_giant,25800.0,51450.0,-25650.0,-49.85422740524781
2026-02-28,Sữa Tươi,local_value,28500.0,51450.0,-22950.0,-44.606413994169095
2026-02-28,Sữa Tươi,niche_professional,55600.0,51450.0,4150.0,8.066083576287658
2026-02-28,Thực Phẩm Chế Biến,household_giant,51000.0,44500.0,6500.0,14.606741573033707
2026-02-28,Thực Phẩm Chế Biến,local_value,24950.0,44500.0,-19550.0,-43.932584269662925
2026-02-28,Thực Phẩm Chế Biến,niche_professional,142600.0,44500.0,98100.0,220.4494382022472
2026-02-28,Thực Phẩm Khô,household_giant,27300.0,51300.0,-24000.0,-46.783625730994146
2026-02-28,Thực Phẩm Khô,local_value,57000.0,51300.0,5700.0,11.11111111111111
2026-02-28,Thực Phẩm Khô,niche_professional,77000.0,51300.0,25700.0,50.097465886939574
2026-02-28,Thực Phẩm Khô,prestige_leader,145000.0,51300.0,93700.0,182.65107212475633
2026-02-28,Thực Phẩm Đông Lạnh,household_giant,74500.0,72650.0,1850.0,2.5464556090846524
2026-02-28,Thực Phẩm Đông Lạnh,local_value,67000.0,72650.0,-5650.0,-7.7770130763936685
2026-02-28,Thực Phẩm Đông Lạnh,niche_professional,106600.0,72650.0,33950.0,46.730901582931864
2026-02-28,Trứng - Đậu Hũ,household_giant,57500.0,16600.0,40900.0,246.3855421686747
2026-02-28,Trứng - Đậu Hũ,local_value,31500.0,16600.0,14900.0,89.7590361445783
2026-03-01,Bánh Kẹo,household_giant,21600.0,33025.0,-11425.0,-34.59500378501135
2026-03-01,Bánh Kẹo,local_value,34000.0,33025.0,975.0,2.9523088569265705
2026-03-01,Bánh Kẹo,niche_professional,60200.0,33025.0,27175.0,82.28614685844057
2026-03-01,Bánh Kẹo,prestige_leader,61500.0,33025.0,28475.0,86.22255866767601
2026-03-01,Chăm Sóc Bé,household_giant,34400.0,60900.0,-26500.0,-43.51395730706076
2026-03-01,Chăm Sóc Bé,local_value,54000.0,60900.0,-6900.0,-11.330049261083744
2026-03-01,Chăm Sóc Bé,niche_professional,189500.0,60900.0,128600.0,211.16584564860426
2026-03-01,Chăm Sóc Bé,prestige_leader,85600.0,60900.0,24700.0,40.558292282430216
2026-03-01,Gia Vị,household_giant,38900.0,72000.0,-33100.0,-45.97222222222222
2026-03-01,Gia Vị,local_value,30900.0,72000.0,-41100.0,-57.08333333333333
2026-03-01,Gia Vị,niche_professional,82900.0,72000.0,10900.0,15.138888888888888
2026-03-01,Mì - Thực Phẩm Ăn Liền,household_giant,28200.0,18500.0,9700.0,52.43243243243243
2026-03-01,Mì - Thực Phẩm Ăn Liền,local_value,25400.0,18500.0,6900.0,37.2972972972973
2026-03-01,Mì - Thực Phẩm Ăn Liền,niche_professional,41000.0,18500.0,22500.0,121.62162162162163
2026-03-01,Mì - Thực Phẩm Ăn Liền,prestige_leader,132100.0,18500.0,113600.0,614.0540540540541
2026-03-01,Rau - Củ - Trái Cây,local_value,46900.0,38320.0,8580.0,22.390396659707722
2026-03-01,Rau - Củ - Trái Cây,niche_professional,46900.0,38320.0,8580.0,22.390396659707722
2026-03-01,Sữa Tươi,household_giant,28200.0,36200.0,-8000.0,-22.099447513812155
2026-03-01,Sữa Tươi,local_value,33200.0,36200.0,-3000.0,-8.287292817679557
2026-03-01,Sữa Tươi,niche_professional,77900.0,36200.0,41700.0,115.19337016574585
2026-03-01,Sữa Tươi,prestige_leader,38900.0,36200.0,2700.0,7.458563535911603
2026-03-01,Thực Phẩm Chế Biến,household_giant,51000.0,34950.0,16050.0,45.92274678111588
2026-03-01,Thực Phẩm Chế Biến,local_value,27550.0,34950.0,-7400.0,-21.17310443490701
2026-03-01,Thực Phẩm Chế Biến,niche_professional,137200.0,34950.0,102250.0,292.56080114449213
2026-03-01,Thực Phẩm Khô,household_giant,27550.0,51300.0,-23750.0,-46.2962962962963
2026-03-01,Thực Phẩm Khô,local_value,58750.0,51300.0,7450.0,14.5224171539961
2026-03-01,Thực Phẩm Khô,niche_professional,88250.0,51300.0,36950.0,72.02729044834308
2026-03-01,Thực Phẩm Khô,prestige_leader,145000.0,51300.0,93700.0,182.65107212475633
2026-03-01,Thực Phẩm Đông Lạnh,household_giant,70100.0,74000.0,-3900.0,-5.27027027027027
2026-03-01,Thực Phẩm Đông Lạnh,local_value,69000.0,74000.0,-5000.0,-6.756756756756757
2026-03-01,Thực Phẩm Đông Lạnh,niche_professional,106600.0,74000.0,32600.0,44.054054054054056
2026-03-01,Trứng - Đậu Hũ,household_giant,57500.0,16600.0,40900.0,246.3855421686747
2026-03-01,Trứng - Đậu Hũ,local_value,34000.0,16600.0,17400.0,104.81927710843372
2026-03-02,Bánh Kẹo,household_giant,31500.0,26500.0,5000.0,18.867924528301888
2026-03-02,Bánh Kẹo,local_value,29150.0,26500.0,2650.0,10.0
2026-03-02,Bánh Kẹo,niche_professional,64950.0,26500.0,38450.0,145.0943396226415
2026-03-02,Bánh Kẹo,prestige_leader,44500.0,26500.0,18000.0,67.9245283018868
2026-03-02,Chăm Sóc Bé,household_giant,33450.0,60900.0,-27450.0,-45.073891625615765
2026-03-02,Chăm Sóc Bé,local_value,57000.0,60900.0,-3900.0,-6.403940886699508
2026-03-02,Chăm Sóc Bé,niche_professional,189500.0,60900.0,128600.0,211.16584564860426
2026-03-02,Chăm Sóc Bé,prestige_leader,124700.0,60900.0,63800.0,104.76190476190477
2026-03-02,Gia Vị,household_giant,38900.0,65100.0,-26200.0,-40.2457757296467
2026-03-02,Gia Vị,local_value,30900.0,65100.0,-34200.0,-52.53456221198156
2026-03-02,Gia Vị,niche_professional,82900.0,65100.0,17800.0,27.342549923195087
2026-03-02,Mì - Thực Phẩm Ăn Liền,household_giant,19000.0,27200.0,-8200.0,-30.14705882352941
2026-03-02,Mì - Thực Phẩm Ăn Liền,local_value,19100.0,27200.0,-8100.0,-29.77941176470588
2026-03-02,Mì - Thực Phẩm Ăn Liền,niche_professional,54150.0,27200.0,26950.0,99.08088235294117
2026-03-02,Mì - Thực Phẩm Ăn Liền,prestige_leader,241000.0,27200.0,213800.0,786.0294117647059
2026-03-02,Rau - Củ - Trái Cây,local_value,39900.0,35450.0,4450.0,12.552891396332862
2026-03-02,Rau - Củ - Trái Cây,niche_professional,46900.0,35450.0,11450.0,32.29901269393512
2026-03-02,Sữa Tươi,household_giant,28500.0,36200.0,-7700.0,-21.2707182320442
2026-03-02,Sữa Tươi,local_value,33400.0,36200.0,-2800.0,-7.734806629834254
2026-03-02,Sữa Tươi,niche_professional,70850.0,36200.0,34650.0,95.71823204419888
2026-03-02,Sữa Tươi,prestige_leader,38900.0,36200.0,2700.0,7.458563535911603
2026-03-02,Thực Phẩm Chế Biến,household_giant,49200.0,34950.0,14250.0,40.772532188841204
2026-03-02,Thực Phẩm Chế Biến,local_value,21400.0,34950.0,-13550.0,-38.76967095851216
2026-03-02,Thực Phẩm Chế Biến,niche_professional,142600.0,34950.0,107650.0,308.0114449213162
2026-03-02,Thực Phẩm Khô,household_giant,27550.0,51550.0,-24000.0,-46.55674102812803
2026-03-02,Thực Phẩm Khô,local_value,58750.0,51550.0,7200.0,13.967022308438409
2026-03-02,Thực Phẩm Khô,niche_professional,88250.0,51550.0,36700.0,71.19301648884579
2026-03-02,Thực Phẩm Khô,prestige_leader,145000.0,51550.0,93450.0,181.28031037827353
2026-03-02,Thực Phẩm Đông Lạnh,household_giant,70100.0,74000.0,-3900.0,-5.27027027027027
2026-03-02,Thực Phẩm Đông Lạnh,local_value,69000.0,74000.0,-5000.0,-6.756756756756757
2026-03-02,Thực Phẩm Đông Lạnh,niche_professional,106600.0,74000.0,32600.0,44.054054054054056
2026-03-02,Trứng - Đậu Hũ,household_giant,57500.0,16600.0,40900.0,246.3855421686747
2026-03-02,Trứng - Đậu Hũ,local_value,34000.0,16600.0,17400.0,104.81927710843372
2026-03-03,Bánh Kẹo,household_giant,21800.0,29900.0,-8100.0,-27.09030100334448
2026-03-03,Bánh Kẹo,local_value,36800.0,29900.0,6900.0,23.076923076923077
2026-03-03,Bánh Kẹo,niche_professional,60500.0,29900.0,30600.0,102.34113712374582
2026-03-03,Bánh Kẹo,prestige_leader,61500.0,29900.0,31600.0,105.68561872909699
2026-03-03,Chăm Sóc Bé,household_giant,34400.0,60900.0,-26500.0,-43.51395730706076
2026-03-03,Chăm Sóc Bé,local_value,54000.0,60900.0,-6900.0,-11.330049261083744
2026-03-03,Chăm Sóc Bé,niche_professional,189500.0,60900.0,128600.0,211.16584564860426
2026-03-03,Chăm Sóc Bé,prestige_leader,91300.0,60900.0,30400.0,49.917898193760266
2026-03-03,Gia Vị,household_giant,38900.0,65100.0,-26200.0,-40.2457757296467
2026-03-03,Gia Vị,local_value,30900.0,65100.0,-34200.0,-52.53456221198156
2026-03-03,Gia Vị,niche_professional,85700.0,65100.0,20600.0,31.643625192012287
2026-03-03,Mì - Thực Phẩm Ăn Liền,household_giant,19000.0,27200.0,-8200.0,-30.14705882352941
2026-03-03,Mì - Thực Phẩm Ăn Liền,local_value,16750.0,27200.0,-10450.0,-38.419117647058826
2026-03-03,Mì - Thực Phẩm Ăn Liền,niche_professional,47500.0,27200.0,20300.0,74.63235294117648
2026-03-03,Mì - Thực Phẩm Ăn Liền,prestige_leader,241000.0,27200.0,213800.0,786.0294117647059
2026-03-03,Rau - Củ - Trái Cây,local_value,46900.0,39110.0,7790.0,19.918179493735618
2026-03-03,Rau - Củ - Trái Cây,niche_professional,46900.0,39110.0,7790.0,19.918179493735618
2026-03-03,Sữa Tươi,household_giant,27700.0,51450.0,-23750.0,-46.16132167152575
2026-03-03,Sữa Tươi,local_value,32800.0,51450.0,-18650.0,-36.248785228377066
2026-03-03,Sữa Tươi,niche_professional,55600.0,51450.0,4150.0,8.066083576287658
2026-03-03,Sữa Tươi,prestige_leader,31700.0,51450.0,-19750.0,-38.38678328474247
2026-03-03,Thực Phẩm Chế Biến,household_giant,51000.0,34950.0,16050.0,45.92274678111588
2026-03-03,Thực Phẩm Chế Biến,local_value,22900.0,34950.0,-12050.0,-34.47782546494993
2026-03-03,Thực Phẩm Chế Biến,niche_professional,137200.0,34950.0,102250.0,292.56080114449213
2026-03-03,Thực Phẩm Khô,household_giant,27550.0,51550.0,-24000.0,-46.55674102812803
2026-03-03,Thực Phẩm Khô,local_value,58750.0,51550.0,7200.0,13.967022308438409
2026-03-03,Thực Phẩm Khô,niche_professional,88250.0,51550.0,36700.0,71.19301648884579
2026-03-03,Thực Phẩm Khô,prestige_leader,145000.0,51550.0,93450.0,181.28031037827353
2026-03-03,Thực Phẩm Đông Lạnh,household_giant,78800.0,111400.0,-32600.0,-29.263913824057454
2026-03-03,Thực Phẩm Đông Lạnh,local_value,73000.0,111400.0,-38400.0,-34.47037701974865
2026-03-03,Thực Phẩm Đông Lạnh,niche_professional,110700.0,111400.0,-700.0,-0.6283662477558348
2026-03-03,Trứng - Đậu Hũ,household_giant,57500.0,16600.0,40900.0,246.3855421686747
2026-03-03,Trứng - Đậu Hũ,local_value,34500.0,16600.0,17900.0,107.83132530120483
2026-03-04,Bánh Kẹo,household_giant,21600.0,32900.0,-11300.0,-34.34650455927052
2026-03-04,Bánh Kẹo,local_value,34000.0,32900.0,1100.0,3.343465045592705
2026-03-04,Bánh Kẹo,niche_professional,58900.0,32900.0,26000.0,79.0273556231003
2026-03-04,Bánh Kẹo,prestige_leader,60050.0,32900.0,27150.0,82.52279635258358
2026-03-04,Chăm Sóc Bé,household_giant,34400.0,60900.0,-26500.0,-43.51395730706076
2026-03-04,Chăm Sóc Bé,local_value,55500.0,60900.0,-5400.0,-8.866995073891626
2026-03-04,Chăm Sóc Bé,niche_professional,169000.0,60900.0,108100.0,177.50410509031198
2026-03-04,Chăm Sóc Bé,prestige_leader,91300.0,60900.0,30400.0,49.917898193760266
2026-03-04,Gia Vị,household_giant,36100.0,65100.0,-29000.0,-44.5468509984639
2026-03-04,Gia Vị,local_value,30500.0,65100.0,-34600.0,-53.149001536098304
2026-03-04,Gia Vị,niche_professional,82050.0,65100.0,16950.0,26.036866359447004
2026-03-04,Mì - Thực Phẩm Ăn Liền,household_giant,28600.0,25600.0,3000.0,11.71875
2026-03-04,Mì - Thực Phẩm Ăn Liền,local_value,25100.0,25600.0,-500.0,-1.953125
2026-03-04,Mì - Thực Phẩm Ăn Liền,niche_professional,40900.0,25600.0,15300.0,59.765625
2026-03-04,Mì - Thực Phẩm Ăn Liền,prestige_leader,40000.0,25600.0,14400.0,56.25
2026-03-04,Rau - Củ - Trái Cây,local_value,46900.0,39900.0,7000.0,17.543859649122805
2026-03-04,Rau - Củ - Trái Cây,niche_professional,46900.0,39900.0,7000.0,17.543859649122805
2026-03-04,Sữa Tươi,household_giant,27900.0,38650.0,-10750.0,-27.8137128072445
2026-03-04,Sữa Tươi,local_value,33400.0,38650.0,-5250.0,-13.583441138421733
2026-03-04,Sữa Tươi,niche_professional,76250.0,38650.0,37600.0,97.28331177231566
2026-03-04,Sữa Tươi,prestige_leader,38100.0,38650.0,-550.0,-1.423027166882277
2026-03-04,Thực Phẩm Chế Biến,household_giant,51000.0,34900.0,16100.0,46.13180515759313
2026-03-04,Thực Phẩm Chế Biến,local_value,21900.0,34900.0,-13000.0,-37.249283667621775
2026-03-04,Thực Phẩm Chế Biến,niche_professional,131800.0,34900.0,96900.0,277.65042979942695
2026-03-04,Thực Phẩm Khô,household_giant,26650.0,49000.0,-22350.0,-45.61224489795918
2026-03-04,Thực Phẩm Khô,local_value,58600.0,49000.0,9600.0,19.591836734693878
2026-03-04,Thực Phẩm Khô,niche_professional,88250.0,49000.0,39250.0,80.10204081632652
2026-03-04,Thực Phẩm Đông Lạnh,household_giant,74100.0,74000.0,100.0,0.13513513513513514
2026-03-04,Thực Phẩm Đông Lạnh,local_value,62000.0,74000.0,-12000.0,-16.216216216216218
2026-03-04,Thực Phẩm Đông Lạnh,niche_professional,104250.0,74000.0,30250.0,40.87837837837838
2026-03-04,Trứng - Đậu Hũ,household_giant,57500.0,16600.0,40900.0,246.3855421686747
2026-03-04,Trứng - Đậu Hũ,local_value,34000.0,16600.0,17400.0,104.81927710843372
2026-03-05,Bánh Kẹo,household_giant,21550.0,32850.0,-11300.0,-34.39878234398782
2026-03-05,Bánh Kẹo,local_value,36550.0,32850.0,3700.0,11.263318112633181
2026-03-05,Bánh Kẹo,niche_professional,59550.0,32850.0,26700.0,81.27853881278538
2026-03-05,Bánh Kẹo,prestige_leader,60050.0,32850.0,27200.0,82.80060882800609
2026-03-05,Chăm Sóc Bé,household_giant,33500.0,60900.0,-27400.0,-44.991789819376024
2026-03-05,Chăm Sóc Bé,local_value,55500.0,60900.0,-5400.0,-8.866995073891626
2026-03-05,Chăm Sóc Bé,niche_professional,169000.0,60900.0,108100.0,177.50410509031198
2026-03-05,Chăm Sóc Bé,prestige_leader,124700.0,60900.0,63800.0,104.76190476190477
2026-03-05,Gia Vị,household_giant,40400.0,72000.0,-31600.0,-43.888888888888886
2026-03-05,Gia Vị,local_value,29750.0,72000.0,-42250.0,-58.68055555555556
2026-03-05,Gia Vị,niche_professional,82050.0,72000.0,10050.0,13.958333333333334
2026-03-05,Mì - Thực Phẩm Ăn Liền,household_giant,20700.0,9300.0,11400.0,122.58064516129032
2026-03-05,Mì - Thực Phẩm Ăn Liền,local_value,19900.0,9300.0,10600.0,113.97849462365592
2026-03-05,Mì - Thực Phẩm Ăn Liền,niche_professional,61100.0,9300.0,51800.0,556.989247311828
2026-03-05,Mì - Thực Phẩm Ăn Liền,prestige_leader,225000.0,9300.0,215700.0,2319.3548387096776
2026-03-05,Rau - Củ - Trái Cây,local_value,39900.0,35000.0,4900.0,14.000000000000002
2026-03-05,Rau - Củ - Trái Cây,niche_professional,46900.0,35000.0,11900.0,34.0
2026-03-05,Sữa Tươi,household_giant,27900.0,23700.0,4200.0,17.72151898734177
2026-03-05,Sữa Tươi,local_value,28500.0,23700.0,4800.0,20.253164556962027
2026-03-05,Sữa Tươi,niche_professional,63700.0,23700.0,40000.0,168.77637130801688
2026-03-05,Sữa Tươi,prestige_leader,31050.0,23700.0,7350.0,31.0126582278481
2026-03-05,Thực Phẩm Chế Biến,household_giant,54000.0,19200.0,34800.0,181.25
2026-03-05,Thực Phẩm Chế Biến,local_value,33900.0,19200.0,14700.0,76.5625
2026-03-05,Thực Phẩm Chế Biến,niche_professional,127250.0,19200.0,108050.0,562.7604166666667
2026-03-05,Thực Phẩm Khô,household_giant,26900.0,39700.0,-12800.0,-32.241813602015114
2026-03-05,Thực Phẩm Khô,local_value,45700.0,39700.0,6000.0,15.113350125944585
2026-03-05,Thực Phẩm Khô,niche_professional,77000.0,39700.0,37300.0,93.95465994962217
2026-03-05,Thực Phẩm Đông Lạnh,household_giant,74900.0,126000.0,-51100.0,-40.55555555555556
2026-03-05,Thực Phẩm Đông Lạnh,local_value,71700.0,126000.0,-54300.0,-43.095238095238095
2026-03-05,Thực Phẩm Đông Lạnh,niche_professional,106600.0,126000.0,-19400.0,-15.396825396825397
2026-03-05,Trứng - Đậu Hũ,household_giant,54250.0,16600.0,37650.0,226.80722891566262
2026-03-05,Trứng - Đậu Hũ,local_value,34000.0,16600.0,17400.0,104.81927710843372
2026-03-06,Bánh Kẹo,household_giant,24950.0,26700.0,-1750.0,-6.5543071161048685
2026-03-06,Bánh Kẹo,local_value,30500.0,26700.0,3800.0,14.232209737827715
2026-03-06,Bánh Kẹo,niche_professional,52500.0,26700.0,25800.0,96.62921348314607
2026-03-06,Bánh Kẹo,prestige_leader,61550.0,26700.0,34850.0,130.5243445692884
2026-03-06,Chăm Sóc Bé,household_giant,33500.0,60900.0,-27400.0,-44.991789819376024
2026-03-06,Chăm Sóc Bé,local_value,55500.0,60900.0,-5400.0,-8.866995073891626
2026-03-06,Chăm Sóc Bé,niche_professional,169000.0,60900.0,108100.0,177.50410509031198
2026-03-06,Chăm Sóc Bé,prestige_leader,124700.0,60900.0,63800.0,104.76190476190477
2026-03-06,Mì - Thực Phẩm Ăn Liền,household_giant,28700.0,24000.0,4700.0,19.583333333333332
2026-03-06,Mì - Thực Phẩm Ăn Liền,local_value,19900.0,24000.0,-4100.0,-17.083333333333332
2026-03-06,Mì - Thực Phẩm Ăn Liền,niche_professional,61100.0,24000.0,37100.0,154.58333333333334
2026-03-06,Mì - Thực Phẩm Ăn Liền,prestige_leader,225000.0,24000.0,201000.0,837.5
2026-03-06,Rau - Củ - Trái Cây,local_value,46900.0,38900.0,8000.0,20.565552699228792
2026-03-06,Rau - Củ - Trái Cây,niche_professional,46900.0,38900.0,8000.0,20.565552699228792
2026-03-06,Sữa Tươi,household_giant,27900.0,46900.0,-19000.0,-40.511727078891255
2026-03-06,Sữa Tươi,local_value,32950.0,46900.0,-13950.0,-29.744136460554373
2026-03-06,Sữa Tươi,niche_professional,79400.0,46900.0,32500.0,69.29637526652452
2026-03-06,Sữa Tươi,prestige_leader,38900.0,46900.0,-8000.0,-17.057569296375267
2026-03-06,Thực Phẩm Chế Biến,household_giant,54000.0,19200.0,34800.0,181.25
2026-03-06,Thực Phẩm Chế Biến,local_value,35300.0,19200.0,16100.0,83.85416666666666
2026-03-06,Thực Phẩm Chế Biến,niche_professional,127250.0,19200.0,108050.0,562.7604166666667
2026-03-06,Thực Phẩm Khô,household_giant,26900.0,52600.0,-25700.0,-48.85931558935361
2026-03-06,Thực Phẩm Khô,local_value,57000.0,52600.0,4400.0,8.365019011406844
2026-03-06,Thực Phẩm Khô,niche_professional,88250.0,52600.0,35650.0,67.77566539923954
2026-03-06,Thực Phẩm Khô,prestige_leader,145000.0,52600.0,92400.0,175.66539923954372
2026-03-06,Thực Phẩm Đông Lạnh,household_giant,74900.0,104100.0,-29200.0,-28.049951969260327
2026-03-06,Thực Phẩm Đông Lạnh,local_value,65000.0,104100.0,-39100.0,-37.56003842459174
2026-03-06,Thực Phẩm Đông Lạnh,niche_professional,104250.0,104100.0,150.0,0.1440922190201729
2026-03-06,Trứng - Đậu Hũ,household_giant,54250.0,16600.0,37650.0,226.80722891566262
2026-03-06,Trứng - Đậu Hũ,local_value,34500.0,16600.0,17900.0,107.83132530120483
2026-03-07,Bánh Kẹo,household_giant,21600.0,32550.0,-10950.0,-33.6405529953917
2026-03-07,Bánh Kẹo,local_value,34000.0,32550.0,1450.0,4.45468509984639
2026-03-07,Bánh Kẹo,niche_professional,60500.0,32550.0,27950.0,85.8678955453149
2026-03-07,Bánh Kẹo,prestige_leader,60050.0,32550.0,27500.0,84.48540706605223
2026-03-07,Chăm Sóc Bé,household_giant,33500.0,60900.0,-27400.0,-44.991789819376024
2026-03-07,Chăm Sóc Bé,local_value,55500.0,60900.0,-5400.0,-8.866995073891626
2026-03-07,Chăm Sóc Bé,niche_professional,169000.0,60900.0,108100.0,177.50410509031198
2026-03-07,Chăm Sóc Bé,prestige_leader,129250.0,60900.0,68350.0,112.23316912972085
2026-03-07,Gia Vị,household_giant,39900.0,69000.0,-29100.0,-42.173913043478265
2026-03-07,Gia Vị,local_value,30350.0,69000.0,-38650.0,-56.01449275362319
2026-03-07,Gia Vị,niche_professional,74450.0,69000.0,5450.0,7.898550724637682
2026-03-07,Mì - Thực Phẩm Ăn Liền,household_giant,19000.0,9200.0,9800.0,106.5217391304348
2026-03-07,Mì - Thực Phẩm Ăn Liền,local_value,19850.0,9200.0,10650.0,115.76086956521738
2026-03-07,Mì - Thực Phẩm Ăn Liền,niche_professional,61100.0,9200.0,51900.0,564.1304347826087
2026-03-07,Mì - Thực Phẩm Ăn Liền,prestige_leader,225000.0,9200.0,215800.0,2345.6521739130435
2026-03-07,Rau - Củ - Trái Cây,local_value,46900.0,39900.0,7000.0,17.543859649122805
2026-03-07,Rau - Củ - Trái Cây,niche_professional,46900.0,39900.0,7000.0,17.543859649122805
2026-03-07,Sữa Tươi,household_giant,27900.0,23700.0,4200.0,17.72151898734177
2026-03-07,Sữa Tươi,local_value,30350.0,23700.0,6650.0,28.059071729957807
2026-03-07,Sữa Tươi,niche_professional,66250.0,23700.0,42550.0,179.53586497890294
2026-03-07,Sữa Tươi,prestige_leader,30400.0,23700.0,6700.0,28.270042194092827
2026-03-07,Thực Phẩm Chế Biến,household_giant,51500.0,34900.0,16600.0,47.56446991404012
2026-03-07,Thực Phẩm Chế Biến,local_value,30850.0,34900.0,-4050.0,-11.60458452722063
2026-03-07,Thực Phẩm Chế Biến,niche_professional,137200.0,34900.0,102300.0,293.12320916905446
2026-03-07,Thực Phẩm Khô,household_giant,26900.0,52600.0,-25700.0,-48.85931558935361
2026-03-07,Thực Phẩm Khô,local_value,57000.0,52600.0,4400.0,8.365019011406844
2026-03-07,Thực Phẩm Khô,niche_professional,88250.0,52600.0,35650.0,67.77566539923954
2026-03-07,Thực Phẩm Khô,prestige_leader,145000.0,52600.0,92400.0,175.66539923954372
2026-03-07,Thực Phẩm Đông Lạnh,household_giant,78800.0,93950.0,-15150.0,-16.125598722724853
2026-03-07,Thực Phẩm Đông Lạnh,local_value,86900.0,93950.0,-7050.0,-7.5039914848323575
2026-03-07,Thực Phẩm Đông Lạnh,niche_professional,160450.0,93950.0,66500.0,70.78233102714209
2026-03-07,Trứng - Đậu Hũ,household_giant,54250.0,16600.0,37650.0,226.80722891566262
2026-03-07,Trứng - Đậu Hũ,local_value,34000.0,16600.0,17400.0,104.81927710843372
2026-03-08,Bánh Kẹo,household_giant,23900.0,25200.0,-1300.0,-5.158730158730158
2026-03-08,Bánh Kẹo,local_value,30050.0,25200.0,4850.0,19.246031746031747
2026-03-08,Bánh Kẹo,niche_professional,60500.0,25200.0,35300.0,140.07936507936506
2026-03-08,Bánh Kẹo,prestige_leader,281000.0,25200.0,255800.0,1015.0793650793651
2026-03-08,Chăm Sóc Bé,household_giant,33500.0,60900.0,-27400.0,-44.991789819376024
2026-03-08,Chăm Sóc Bé,local_value,55500.0,60900.0,-5400.0,-8.866995073891626
2026-03-08,Chăm Sóc Bé,niche_professional,169000.0,60900.0,108100.0,177.50410509031198
2026-03-08,Chăm Sóc Bé,prestige_leader,129250.0,60900.0,68350.0,112.23316912972085
2026-03-08,Mì - Thực Phẩm Ăn Liền,household_giant,19850.0,9200.0,10650.0,115.76086956521738
2026-03-08,Mì - Thực Phẩm Ăn Liền,local_value,19850.0,9200.0,10650.0,115.76086956521738
2026-03-08,Mì - Thực Phẩm Ăn Liền,niche_professional,61100.0,9200.0,51900.0,564.1304347826087
2026-03-08,Mì - Thực Phẩm Ăn Liền,prestige_leader,225000.0,9200.0,215800.0,2345.6521739130435
2026-03-08,Rau - Củ - Trái Cây,local_value,34900.0,19600.0,15300.0,78.06122448979592
2026-03-08,Sữa Tươi,household_giant,25800.0,26100.0,-300.0,-1.1494252873563218
2026-03-08,Sữa Tươi,local_value,30350.0,26100.0,4250.0,16.28352490421456
2026-03-08,Sữa Tươi,niche_professional,59000.0,26100.0,32900.0,126.0536398467433
2026-03-08,Sữa Tươi,prestige_leader,36300.0,26100.0,10200.0,39.08045977011494
2026-03-08,Thực Phẩm Chế Biến,household_giant,63700.0,19200.0,44500.0,231.77083333333334
2026-03-08,Thực Phẩm Chế Biến,local_value,43450.0,19200.0,24250.0,126.30208333333333
2026-03-08,Thực Phẩm Chế Biến,niche_professional,122700.0,19200.0,103500.0,539.0625
2026-03-08,Thực Phẩm Khô,household_giant,31800.0,43500.0,-11700.0,-26.89655172413793
2026-03-08,Thực Phẩm Khô,local_value,55600.0,43500.0,12100.0,27.816091954022987
2026-03-08,Thực Phẩm Khô,niche_professional,108750.0,43500.0,65250.0,150.0
2026-03-08,Thực Phẩm Đông Lạnh,household_giant,74900.0,99300.0,-24400.0,-24.57200402819738
2026-03-08,Thực Phẩm Đông Lạnh,local_value,62000.0,99300.0,-37300.0,-37.56294058408862
2026-03-08,Thực Phẩm Đông Lạnh,niche_professional,104250.0,99300.0,4950.0,4.984894259818732
2026-03-08,Trứng - Đậu Hũ,household_giant,55000.0,11000.0,44000.0,400.0
2026-03-08,Trứng - Đậu Hũ,local_value,27250.0,11000.0,16250.0,147.72727272727272
2026-03-09,Bánh Kẹo,household_giant,16900.0,23000.0,-6100.0,-26.521739130434785
2026-03-09,Bánh Kẹo,local_value,15150.0,23000.0,-7850.0,-34.130434782608695
2026-03-09,Bánh Kẹo,niche_professional,34700.0,23000.0,11700.0,50.8695652173913
2026-03-09,Chăm Sóc Bé,household_giant,34400.0,60900.0,-26500.0,-43.51395730706076
2026-03-09,Chăm Sóc Bé,local_value,55500.0,60900.0,-5400.0,-8.866995073891626
2026-03-09,Chăm Sóc Bé,niche_professional,169000.0,60900.0,108100.0,177.50410509031198
2026-03-09,Chăm Sóc Bé,prestige_leader,129250.0,60900.0,68350.0,112.23316912972085
2026-03-09,Gia Vị,household_giant,41600.0,69000.0,-27400.0,-39.710144927536234
2026-03-09,Gia Vị,local_value,29600.0,69000.0,-39400.0,-57.10144927536231
2026-03-09,Gia Vị,niche_professional,75600.0,69000.0,6600.0,9.565217391304348
2026-03-09,Mì - Thực Phẩm Ăn Liền,household_giant,29400.0,24000.0,5400.0,22.5
2026-03-09,Mì - Thực Phẩm Ăn Liền,local_value,25100.0,24000.0,1100.0,4.583333333333333
2026-03-09,Mì - Thực Phẩm Ăn Liền,niche_professional,42150.0,24000.0,18150.0,75.625
2026-03-09,Mì - Thực Phẩm Ăn Liền,prestige_leader,39550.0,24000.0,15550.0,64.79166666666667
2026-03-09,Rau - Củ - Trái Cây,local_value,39900.0,38110.0,1790.0,4.696929939648387
2026-03-09,Rau - Củ - Trái Cây,niche_professional,46900.0,38110.0,8790.0,23.064812385200735
2026-03-09,Sữa Tươi,household_giant,27900.0,44000.0,-16100.0,-36.59090909090909
2026-03-09,Sữa Tươi,local_value,33400.0,44000.0,-10600.0,-24.09090909090909
2026-03-09,Sữa Tươi,niche_professional,81700.0,44000.0,37700.0,85.68181818181819
2026-03-09,Sữa Tươi,prestige_leader,42400.0,44000.0,-1600.0,-3.6363636363636362
2026-03-09,Thực Phẩm Chế Biến,household_giant,52500.0,29700.0,22800.0,76.76767676767676
2026-03-09,Thực Phẩm Chế Biến,local_value,32950.0,29700.0,3250.0,10.942760942760943
2026-03-09,Thực Phẩm Chế Biến,niche_professional,137200.0,29700.0,107500.0,361.95286195286195
2026-03-09,Thực Phẩm Khô,household_giant,25900.0,39700.0,-13800.0,-34.76070528967254
2026-03-09,Thực Phẩm Khô,local_value,64000.0,39700.0,24300.0,61.20906801007556
2026-03-09,Thực Phẩm Khô,niche_professional,42400.0,39700.0,2700.0,6.801007556675064
2026-03-09,Thực Phẩm Đông Lạnh,household_giant,74900.0,104100.0,-29200.0,-28.049951969260327
2026-03-09,Thực Phẩm Đông Lạnh,local_value,62000.0,104100.0,-42100.0,-40.4418828049952
2026-03-09,Thực Phẩm Đông Lạnh,niche_professional,104250.0,104100.0,150.0,0.1440922190201729
2026-03-09,Trứng - Đậu Hũ,household_giant,54000.0,22200.0,31800.0,143.24324324324326
2026-03-09,Trứng - Đậu Hũ,local_value,34500.0,22200.0,12300.0,55.4054054054054
2026-03-10,Bánh Kẹo,household_giant,21500.0,32600.0,-11100.0,-34.04907975460122
2026-03-10,Bánh Kẹo,local_value,34700.0,32600.0,2100.0,6.441717791411043
2026-03-10,Bánh Kẹo,niche_professional,60500.0,32600.0,27900.0,85.58282208588957
2026-03-10,Bánh Kẹo,prestige_leader,58600.0,32600.0,26000.0,79.75460122699386
2026-03-10,Chăm Sóc Bé,household_giant,34400.0,60900.0,-26500.0,-43.51395730706076
2026-03-10,Chăm Sóc Bé,local_value,55500.0,60900.0,-5400.0,-8.866995073891626
2026-03-10,Chăm Sóc Bé,niche_professional,169000.0,60900.0,108100.0,177.50410509031198
2026-03-10,Chăm Sóc Bé,prestige_leader,124700.0,60900.0,63800.0,104.76190476190477
2026-03-10,Gia Vị,household_giant,42150.0,69000.0,-26850.0,-38.91304347826087
2026-03-10,Gia Vị,local_value,29750.0,69000.0,-39250.0,-56.88405797101449
2026-03-10,Gia Vị,niche_professional,75600.0,69000.0,6600.0,9.565217391304348
2026-03-10,Mì - Thực Phẩm Ăn Liền,household_giant,29200.0,29800.0,-600.0,-2.013422818791946
2026-03-10,Mì - Thực Phẩm Ăn Liền,local_value,25000.0,29800.0,-4800.0,-16.10738255033557
2026-03-10,Mì - Thực Phẩm Ăn Liền,niche_professional,43400.0,29800.0,13600.0,45.63758389261745
2026-03-10,Mì - Thực Phẩm Ăn Liền,prestige_leader,39550.0,29800.0,9750.0,32.718120805369125
2026-03-10,Rau - Củ - Trái Cây,local_value,39900.0,39900.0,0.0,0.0
2026-03-10,Sữa Tươi,household_giant,27900.0,36200.0,-8300.0,-22.92817679558011
2026-03-10,Sữa Tươi,local_value,31600.0,36200.0,-4600.0,-12.70718232044199
2026-03-10,Sữa Tươi,niche_professional,69500.0,36200.0,33300.0,91.9889502762431
2026-03-10,Sữa Tươi,prestige_leader,31700.0,36200.0,-4500.0,-12.430939226519337
2026-03-10,Thực Phẩm Chế Biến,household_giant,58850.0,19200.0,39650.0,206.51041666666666
2026-03-10,Thực Phẩm Chế Biến,local_value,33400.0,19200.0,14200.0,73.95833333333334
2026-03-10,Thực Phẩm Chế Biến,niche_professional,117350.0,19200.0,98150.0,511.1979166666667
2026-03-10,Thực Phẩm Khô,household_giant,26700.0,53600.0,-26900.0,-50.18656716417911
2026-03-10,Thực Phẩm Khô,local_value,57600.0,53600.0,4000.0,7.462686567164178
2026-03-10,Thực Phẩm Khô,niche_professional,89000.0,53600.0,35400.0,66.04477611940298
2026-03-10,Thực Phẩm Khô,prestige_leader,145000.0,53600.0,91400.0,170.5223880597015
2026-03-10,Thực Phẩm Đông Lạnh,household_giant,75900.0,104100.0,-28200.0,-27.089337175792505
2026-03-10,Thực Phẩm Đông Lạnh,local_value,69000.0,104100.0,-35100.0,-33.71757925072046
2026-03-10,Thực Phẩm Đông Lạnh,niche_professional,115300.0,104100.0,11200.0,10.758885686839577
2026-03-10,Trứng - Đậu Hũ,household_giant,54000.0,22200.0,31800.0,143.24324324324326
2026-03-10,Trứng - Đậu Hũ,local_value,43450.0,22200.0,21250.0,95.72072072072072
2026-03-11,Bánh Kẹo,household_giant,14900.0,39500.0,-24600.0,-62.278481012658226
2026-03-11,Bánh Kẹo,local_value,41900.0,39500.0,2400.0,6.075949367088607
2026-03-11,Bánh Kẹo,niche_professional,33600.0,39500.0,-5900.0,-14.936708860759493
2026-03-11,Chăm Sóc Bé,household_giant,34500.0,60900.0,-26400.0,-43.34975369458128
2026-03-11,Chăm Sóc Bé,local_value,54000.0,60900.0,-6900.0,-11.330049261083744
2026-03-11,Chăm Sóc Bé,niche_professional,169000.0,60900.0,108100.0,177.50410509031198
2026-03-11,Chăm Sóc Bé,prestige_leader,79900.0,60900.0,19000.0,31.198686371100166
2026-03-11,Gia Vị,household_giant,42150.0,69000.0,-26850.0,-38.91304347826087
2026-03-11,Gia Vị,local_value,29750.0,69000.0,-39250.0,-56.88405797101449
2026-03-11,Gia Vị,niche_professional,75600.0,69000.0,6600.0,9.565217391304348
2026-03-11,Mì - Thực Phẩm Ăn Liền,household_giant,29300.0,24000.0,5300.0,22.083333333333332
2026-03-11,Mì - Thực Phẩm Ăn Liền,local_value,25100.0,24000.0,1100.0,4.583333333333333
2026-03-11,Mì - Thực Phẩm Ăn Liền,niche_professional,42150.0,24000.0,18150.0,75.625
2026-03-11,Mì - Thực Phẩm Ăn Liền,prestige_leader,40000.0,24000.0,16000.0,66.66666666666666
2026-03-11,Rau - Củ - Trái Cây,local_value,46900.0,39900.0,7000.0,17.543859649122805
2026-03-11,Sữa Tươi,household_giant,27900.0,44000.0,-16100.0,-36.59090909090909
2026-03-11,Sữa Tươi,local_value,33000.0,44000.0,-11000.0,-25.0
2026-03-11,Sữa Tươi,niche_professional,79400.0,44000.0,35400.0,80.45454545454545
2026-03-11,Sữa Tươi,prestige_leader,38900.0,44000.0,-5100.0,-11.59090909090909
2026-03-11,Thực Phẩm Chế Biến,household_giant,74600.0,19200.0,55400.0,288.54166666666663
2026-03-11,Thực Phẩm Chế Biến,local_value,31900.0,19200.0,12700.0,66.14583333333334
2026-03-11,Thực Phẩm Chế Biến,niche_professional,82200.0,19200.0,63000.0,328.125
2026-03-11,Thực Phẩm Khô,household_giant,26500.0,52600.0,-26100.0,-49.619771863117876
2026-03-11,Thực Phẩm Khô,local_value,57600.0,52600.0,5000.0,9.505703422053232
2026-03-11,Thực Phẩm Khô,niche_professional,89000.0,52600.0,36400.0,69.20152091254754
2026-03-11,Thực Phẩm Khô,prestige_leader,145000.0,52600.0,92400.0,175.66539923954372
2026-03-11,Thực Phẩm Đông Lạnh,household_giant,74900.0,104100.0,-29200.0,-28.049951969260327
2026-03-11,Thực Phẩm Đông Lạnh,local_value,69000.0,104100.0,-35100.0,-33.71757925072046
2026-03-11,Thực Phẩm Đông Lạnh,niche_professional,104250.0,104100.0,150.0,0.1440922190201729
2026-03-11,Trứng - Đậu Hũ,household_giant,54000.0,22200.0,31800.0,143.24324324324326
2026-03-11,Trứng - Đậu Hũ,local_value,43450.0,22200.0,21250.0,95.72072072072072
2026-03-12,Bánh Kẹo,household_giant,16900.0,31250.0,-14350.0,-45.92
2026-03-12,Bánh Kẹo,local_value,15150.0,31250.0,-16100.0,-51.519999999999996
2026-03-12,Bánh Kẹo,niche_professional,60200.0,31250.0,28950.0,92.64
2026-03-12,Chăm Sóc Bé,household_giant,34400.0,60900.0,-26500.0,-43.51395730706076
2026-03-12,Chăm Sóc Bé,local_value,57000.0,60900.0,-3900.0,-6.403940886699508
2026-03-12,Chăm Sóc Bé,niche_professional,169000.0,60900.0,108100.0,177.50410509031198
2026-03-12,Chăm Sóc Bé,prestige_leader,124700.0,60900.0,63800.0,104.76190476190477
2026-03-12,Mì - Thực Phẩm Ăn Liền,household_giant,24350.0,11900.0,12450.0,104.6218487394958
2026-03-12,Mì - Thực Phẩm Ăn Liền,local_value,19900.0,11900.0,8000.0,67.22689075630252
2026-03-12,Mì - Thực Phẩm Ăn Liền,niche_professional,61100.0,11900.0,49200.0,413.44537815126057
2026-03-12,Mì - Thực Phẩm Ăn Liền,prestige_leader,126450.0,11900.0,114550.0,962.6050420168067
2026-03-12,Rau - Củ - Trái Cây,local_value,37400.0,41400.0,-4000.0,-9.66183574879227
2026-03-12,Sữa Tươi,household_giant,25800.0,34800.0,-9000.0,-25.862068965517242
2026-03-12,Sữa Tươi,local_value,26950.0,34800.0,-7850.0,-22.557471264367816
2026-03-12,Sữa Tươi,niche_professional,59000.0,34800.0,24200.0,69.54022988505747
2026-03-12,Sữa Tươi,prestige_leader,36300.0,34800.0,1500.0,4.310344827586207
2026-03-12,Thực Phẩm Chế Biến,household_giant,52500.0,40400.0,12100.0,29.950495049504948
2026-03-12,Thực Phẩm Chế Biến,local_value,33000.0,40400.0,-7400.0,-18.316831683168317
2026-03-12,Thực Phẩm Chế Biến,niche_professional,127250.0,40400.0,86850.0,214.9752475247525
2026-03-12,Thực Phẩm Khô,household_giant,25900.0,44250.0,-18350.0,-41.46892655367231
2026-03-12,Thực Phẩm Khô,local_value,57600.0,44250.0,13350.0,30.16949152542373
2026-03-12,Thực Phẩm Khô,niche_professional,100250.0,44250.0,56000.0,126.5536723163842
2026-03-12,Thực Phẩm Đông Lạnh,household_giant,76900.0,99300.0,-22400.0,-22.557905337361532
2026-03-12,Thực Phẩm Đông Lạnh,local_value,77500.0,99300.0,-21800.0,-21.953675730110774
2026-03-12,Thực Phẩm Đông Lạnh,niche_professional,106400.0,99300.0,7100.0,7.150050352467272
2026-03-12,Trứng - Đậu Hũ,household_giant,54000.0,22200.0,31800.0,143.24324324324326
2026-03-12,Trứng - Đậu Hũ,local_value,32000.0,22200.0,9800.0,44.14414414414414
2026-03-13,Bánh Kẹo,household_giant,24950.0,27450.0,-2500.0,-9.107468123861565
2026-03-13,Bánh Kẹo,local_value,29600.0,27450.0,2150.0,7.832422586520947
2026-03-13,Bánh Kẹo,niche_professional,56350.0,27450.0,28900.0,105.2823315118397
2026-03-13,Bánh Kẹo,prestige_leader,61500.0,27450.0,34050.0,124.04371584699454
2026-03-13,Chăm Sóc Bé,household_giant,34400.0,60900.0,-26500.0,-43.51395730706076
2026-03-13,Chăm Sóc Bé,local_value,57000.0,60900.0,-3900.0,-6.403940886699508
2026-03-13,Chăm Sóc Bé,niche_professional,169000.0,60900.0,108100.0,177.50410509031198
2026-03-13,Chăm Sóc Bé,prestige_leader,124700.0,60900.0,63800.0,104.76190476190477
2026-03-13,Gia Vị,household_giant,42150.0,75000.0,-32850.0,-43.8
2026-03-13,Gia Vị,local_value,29750.0,75000.0,-45250.0,-60.333333333333336
2026-03-13,Gia Vị,niche_professional,88500.0,75000.0,13500.0,18.0
2026-03-13,Mì - Thực Phẩm Ăn Liền,household_giant,29400.0,18800.0,10600.0,56.38297872340425
2026-03-13,Mì - Thực Phẩm Ăn Liền,local_value,25100.0,18800.0,6300.0,33.51063829787234
2026-03-13,Mì - Thực Phẩm Ăn Liền,niche_professional,42150.0,18800.0,23350.0,124.20212765957446
2026-03-13,Mì - Thực Phẩm Ăn Liền,prestige_leader,40000.0,18800.0,21200.0,112.7659574468085
2026-03-13,Rau - Củ - Trái Cây,local_value,46900.0,39900.0,7000.0,17.543859649122805
2026-03-13,Sữa Tươi,household_giant,25800.0,34800.0,-9000.0,-25.862068965517242
2026-03-13,Sữa Tươi,local_value,28500.0,34800.0,-6300.0,-18.103448275862068
2026-03-13,Sữa Tươi,niche_professional,63700.0,34800.0,28900.0,83.04597701149426
2026-03-13,Sữa Tươi,prestige_leader,36300.0,34800.0,1500.0,4.310344827586207
2026-03-13,Thực Phẩm Chế Biến,household_giant,54000.0,19200.0,34800.0,181.25
2026-03-13,Thực Phẩm Chế Biến,local_value,33000.0,19200.0,13800.0,71.875
2026-03-13,Thực Phẩm Chế Biến,niche_professional,117350.0,19200.0,98150.0,511.1979166666667
2026-03-13,Thực Phẩm Khô,household_giant,26900.0,52600.0,-25700.0,-48.85931558935361
2026-03-13,Thực Phẩm Khô,local_value,57600.0,52600.0,5000.0,9.505703422053232
2026-03-13,Thực Phẩm Khô,niche_professional,77000.0,52600.0,24400.0,46.38783269961977
2026-03-13,Thực Phẩm Khô,prestige_leader,145000.0,52600.0,92400.0,175.66539923954372
2026-03-13,Thực Phẩm Đông Lạnh,household_giant,75900.0,94500.0,-18600.0,-19.682539682539684
2026-03-13,Thực Phẩm Đông Lạnh,local_value,59000.0,94500.0,-35500.0,-37.56613756613756
2026-03-13,Thực Phẩm Đông Lạnh,niche_professional,115300.0,94500.0,20800.0,22.01058201058201
2026-03-13,Trứng - Đậu Hũ,household_giant,55000.0,22200.0,32800.0,147.74774774774775
2026-03-13,Trứng - Đậu Hũ,local_value,19500.0,22200.0,-2700.0,-12.162162162162163
2026-03-14,Bánh Kẹo,household_giant,21200.0,32725.0,-11525.0,-35.21772345301757
2026-03-14,Bánh Kẹo,local_value,34000.0,32725.0,1275.0,3.896103896103896
2026-03-14,Bánh Kẹo,niche_professional,60350.0,32725.0,27625.0,84.4155844155844
2026-03-14,Bánh Kẹo,prestige_leader,58600.0,32725.0,25875.0,79.06799083269671
2026-03-14,Chăm Sóc Bé,household_giant,34400.0,60900.0,-26500.0,-43.51395730706076
2026-03-14,Chăm Sóc Bé,local_value,57000.0,60900.0,-3900.0,-6.403940886699508
2026-03-14,Chăm Sóc Bé,niche_professional,169000.0,60900.0,108100.0,177.50410509031198
2026-03-14,Chăm Sóc Bé,prestige_leader,124700.0,60900.0,63800.0,104.76190476190477
2026-03-14,Gia Vị,household_giant,39900.0,75000.0,-35100.0,-46.800000000000004
2026-03-14,Gia Vị,local_value,32050.0,75000.0,-42950.0,-57.266666666666666
2026-03-14,Gia Vị,niche_professional,88950.0,75000.0,13950.0,18.6
2026-03-14,Mì - Thực Phẩm Ăn Liền,household_giant,11700.0,9100.0,2600.0,28.57142857142857
2026-03-14,Mì - Thực Phẩm Ăn Liền,local_value,14150.0,9100.0,5050.0,55.494505494505496
2026-03-14,Mì - Thực Phẩm Ăn Liền,niche_professional,61100.0,9100.0,52000.0,571.4285714285714
2026-03-14,Mì - Thực Phẩm Ăn Liền,prestige_leader,29600.0,9100.0,20500.0,225.27472527472528
2026-03-14,Rau - Củ - Trái Cây,local_value,39900.0,39900.0,0.0,0.0
2026-03-14,Rau - Củ - Trái Cây,niche_professional,46900.0,39900.0,7000.0,17.543859649122805
2026-03-14,Sữa Tươi,household_giant,27900.0,36200.0,-8300.0,-22.92817679558011
2026-03-14,Sữa Tươi,local_value,31000.0,36200.0,-5200.0,-14.3646408839779
2026-03-14,Sữa Tươi,niche_professional,69500.0,36200.0,33300.0,91.9889502762431
2026-03-14,Sữa Tươi,prestige_leader,31700.0,36200.0,-4500.0,-12.430939226519337
2026-03-14,Thực Phẩm Chế Biến,household_giant,52800.0,97650.0,-44850.0,-45.92933947772657
2026-03-14,Thực Phẩm Chế Biến,local_value,32900.0,97650.0,-64750.0,-66.30824372759857
2026-03-14,Thực Phẩm Chế Biến,niche_professional,127250.0,97650.0,29600.0,30.312339989759344
2026-03-14,Thực Phẩm Khô,household_giant,26500.0,52600.0,-26100.0,-49.619771863117876
2026-03-14,Thực Phẩm Khô,local_value,56300.0,52600.0,3700.0,7.0342205323193925
2026-03-14,Thực Phẩm Khô,niche_professional,77000.0,52600.0,24400.0,46.38783269961977
2026-03-14,Thực Phẩm Khô,prestige_leader,145000.0,52600.0,92400.0,175.66539923954372
2026-03-14,Thực Phẩm Đông Lạnh,household_giant,75900.0,86000.0,-10100.0,-11.744186046511627
2026-03-14,Thực Phẩm Đông Lạnh,local_value,67000.0,86000.0,-19000.0,-22.093023255813954
2026-03-14,Thực Phẩm Đông Lạnh,niche_professional,104250.0,86000.0,18250.0,21.22093023255814
2026-03-14,Trứng - Đậu Hũ,household_giant,54250.0,22200.0,32050.0,144.36936936936937
2026-03-14,Trứng - Đậu Hũ,local_value,19500.0,22200.0,-2700.0,-12.162162162162163
2026-03-15,Bánh Kẹo,household_giant,23900.0,21250.0,2650.0,12.470588235294118
2026-03-15,Bánh Kẹo,local_value,30050.0,21250.0,8800.0,41.411764705882355
2026-03-15,Bánh Kẹo,niche_professional,60500.0,21250.0,39250.0,184.7058823529412
2026-03-15,Bánh Kẹo,prestige_leader,281000.0,21250.0,259750.0,1222.3529411764705
2026-03-15,Chăm Sóc Bé,household_giant,34400.0,286950.0,-252550.0,-88.01184875413836
2026-03-15,Chăm Sóc Bé,local_value,57000.0,286950.0,-229950.0,-80.13591217982227
2026-03-15,Chăm Sóc Bé,niche_professional,169000.0,286950.0,-117950.0,-41.1047220770169
2026-03-15,Chăm Sóc Bé,prestige_leader,124700.0,286950.0,-162250.0,-56.54295173375152
2026-03-15,Gia Vị,household_giant,43300.0,90500.0,-47200.0,-52.15469613259669
2026-03-15,Gia Vị,local_value,32700.0,90500.0,-57800.0,-63.86740331491713
2026-03-15,Gia Vị,niche_professional,89400.0,90500.0,-1100.0,-1.2154696132596685
2026-03-15,Mì - Thực Phẩm Ăn Liền,household_giant,11700.0,9100.0,2600.0,28.57142857142857
2026-03-15,Mì - Thực Phẩm Ăn Liền,local_value,19000.0,9100.0,9900.0,108.79120879120879
2026-03-15,Mì - Thực Phẩm Ăn Liền,niche_professional,61100.0,9100.0,52000.0,571.4285714285714
2026-03-15,Mì - Thực Phẩm Ăn Liền,prestige_leader,27050.0,9100.0,17950.0,197.25274725274727
2026-03-15,Rau - Củ - Trái Cây,local_value,47900.0,42900.0,5000.0,11.655011655011654
2026-03-15,Rau - Củ - Trái Cây,niche_professional,46900.0,42900.0,4000.0,9.324009324009324
2026-03-15,Sữa Tươi,household_giant,27900.0,23650.0,4250.0,17.970401691331926
2026-03-15,Sữa Tươi,local_value,28500.0,23650.0,4850.0,20.507399577167018
2026-03-15,Sữa Tươi,niche_professional,66250.0,23650.0,42600.0,180.12684989429175
2026-03-15,Sữa Tươi,prestige_leader,30400.0,23650.0,6750.0,28.541226215644823
2026-03-15,Thực Phẩm Chế Biến,household_giant,53250.0,31200.0,22050.0,70.67307692307693
2026-03-15,Thực Phẩm Chế Biến,local_value,32400.0,31200.0,1200.0,3.8461538461538463
2026-03-15,Thực Phẩm Chế Biến,niche_professional,127250.0,31200.0,96050.0,307.8525641025641
2026-03-15,Thực Phẩm Khô,household_giant,25900.0,45000.0,-19100.0,-42.44444444444444
2026-03-15,Thực Phẩm Khô,local_value,56600.0,45000.0,11600.0,25.77777777777778
2026-03-15,Thực Phẩm Khô,niche_professional,89000.0,45000.0,44000.0,97.77777777777777
2026-03-15,Thực Phẩm Đông Lạnh,household_giant,76900.0,94500.0,-17600.0,-18.624338624338623
2026-03-15,Thực Phẩm Đông Lạnh,local_value,67000.0,94500.0,-27500.0,-29.100529100529098
2026-03-15,Thực Phẩm Đông Lạnh,niche_professional,104250.0,94500.0,9750.0,10.317460317460316
2026-03-15,Trứng - Đậu Hũ,household_giant,54250.0,22200.0,32050.0,144.36936936936937
2026-03-15,Trứng - Đậu Hũ,local_value,25000.0,22200.0,2800.0,12.612612612612612
2026-03-16,Bánh Kẹo,household_giant,21650.0,19500.0,2150.0,11.025641025641026
2026-03-16,Bánh Kẹo,local_value,30050.0,19500.0,10550.0,54.1025641025641
2026-03-16,Bánh Kẹo,niche_professional,60500.0,19500.0,41000.0,210.25641025641028
2026-03-16,Bánh Kẹo,prestige_leader,281000.0,19500.0,261500.0,1341.025641025641
2026-03-16,Chăm Sóc Bé,household_giant,34400.0,286950.0,-252550.0,-88.01184875413836
2026-03-16,Chăm Sóc Bé,local_value,62450.0,286950.0,-224500.0,-78.23662658999825
2026-03-16,Chăm Sóc Bé,niche_professional,169000.0,286950.0,-117950.0,-41.1047220770169
2026-03-16,Chăm Sóc Bé,prestige_leader,124700.0,286950.0,-162250.0,-56.54295173375152
2026-03-16,Gia Vị,household_giant,36300.0,115100.0,-78800.0,-68.46220677671589
2026-03-16,Gia Vị,local_value,23650.0,115100.0,-91450.0,-79.45264986967854
2026-03-16,Gia Vị,niche_professional,99900.0,115100.0,-15200.0,-13.205907906168548
2026-03-16,Mì - Thực Phẩm Ăn Liền,household_giant,29300.0,21400.0,7900.0,36.915887850467286
2026-03-16,Mì - Thực Phẩm Ăn Liền,local_value,25100.0,21400.0,3700.0,17.289719626168225
2026-03-16,Mì - Thực Phẩm Ăn Liền,niche_professional,42150.0,21400.0,20750.0,96.96261682242991
2026-03-16,Mì - Thực Phẩm Ăn Liền,prestige_leader,38900.0,21400.0,17500.0,81.77570093457945
2026-03-16,Rau - Củ - Trái Cây,local_value,50900.0,41400.0,9500.0,22.946859903381643
2026-03-16,Rau - Củ - Trái Cây,niche_professional,46900.0,41400.0,5500.0,13.285024154589372
2026-03-16,Sữa Tươi,household_giant,27900.0,23650.0,4250.0,17.970401691331926
2026-03-16,Sữa Tươi,local_value,28200.0,23650.0,4550.0,19.23890063424947
2026-03-16,Sữa Tươi,niche_professional,66250.0,23650.0,42600.0,180.12684989429175
2026-03-16,Sữa Tươi,prestige_leader,30400.0,23650.0,6750.0,28.541226215644823
2026-03-16,Thực Phẩm Chế Biến,household_giant,51500.0,34900.0,16600.0,47.56446991404012
2026-03-16,Thực Phẩm Chế Biến,local_value,30850.0,34900.0,-4050.0,-11.60458452722063
2026-03-16,Thực Phẩm Chế Biến,niche_professional,127250.0,34900.0,92350.0,264.6131805157593
2026-03-16,Thực Phẩm Khô,household_giant,26500.0,53600.0,-27100.0,-50.559701492537314
2026-03-16,Thực Phẩm Khô,local_value,56600.0,53600.0,3000.0,5.597014925373134
2026-03-16,Thực Phẩm Khô,niche_professional,88250.0,53600.0,34650.0,64.6455223880597
2026-03-16,Thực Phẩm Khô,prestige_leader,145000.0,53600.0,91400.0,170.5223880597015
2026-03-16,Thực Phẩm Đông Lạnh,household_giant,76900.0,115050.0,-38150.0,-33.15949587136028
2026-03-16,Thực Phẩm Đông Lạnh,local_value,70350.0,115050.0,-44700.0,-38.85267275097783
2026-03-16,Thực Phẩm Đông Lạnh,niche_professional,106600.0,115050.0,-8450.0,-7.344632768361582
2026-03-16,Trứng - Đậu Hũ,household_giant,54250.0,22200.0,32050.0,144.36936936936937
2026-03-16,Trứng - Đậu Hũ,local_value,30500.0,22200.0,8300.0,37.38738738738739
2026-03-17,Bánh Kẹo,household_giant,21850.0,25600.0,-3750.0,-14.6484375
2026-03-17,Bánh Kẹo,local_value,30050.0,25600.0,4450.0,17.3828125
2026-03-17,Bánh Kẹo,niche_professional,63250.0,25600.0,37650.0,147.0703125
2026-03-17,Bánh Kẹo,prestige_leader,281000.0,25600.0,255400.0,997.65625
2026-03-17,Chăm Sóc Bé,household_giant,34400.0,286950.0,-252550.0,-88.01184875413836
2026-03-17,Chăm Sóc Bé,local_value,67900.0,286950.0,-219050.0,-76.33734100017423
2026-03-17,Chăm Sóc Bé,niche_professional,169000.0,286950.0,-117950.0,-41.1047220770169
2026-03-17,Chăm Sóc Bé,prestige_leader,124700.0,286950.0,-162250.0,-56.54295173375152
2026-03-17,Gia Vị,household_giant,43300.0,75000.0,-31700.0,-42.266666666666666
2026-03-17,Gia Vị,local_value,31600.0,75000.0,-43400.0,-57.86666666666667
2026-03-17,Gia Vị,niche_professional,88950.0,75000.0,13950.0,18.6
2026-03-17,Mì - Thực Phẩm Ăn Liền,household_giant,20700.0,11900.0,8800.0,73.94957983193278
2026-03-17,Mì - Thực Phẩm Ăn Liền,local_value,19900.0,11900.0,8000.0,67.22689075630252
2026-03-17,Mì - Thực Phẩm Ăn Liền,niche_professional,61100.0,11900.0,49200.0,413.44537815126057
2026-03-17,Mì - Thực Phẩm Ăn Liền,prestige_leader,225000.0,11900.0,213100.0,1790.7563025210084
2026-03-17,Rau - Củ - Trái Cây,local_value,50900.0,39900.0,11000.0,27.56892230576441
2026-03-17,Rau - Củ - Trái Cây,niche_professional,46900.0,39900.0,7000.0,17.543859649122805
2026-03-17,Sữa Tươi,household_giant,27900.0,42950.0,-15050.0,-35.0407450523865
2026-03-17,Sữa Tươi,local_value,33400.0,42950.0,-9550.0,-22.235157159487777
2026-03-17,Sữa Tươi,niche_professional,79400.0,42950.0,36450.0,84.86612339930151
2026-03-17,Sữa Tươi,prestige_leader,42400.0,42950.0,-550.0,-1.2805587892898718
2026-03-17,Thực Phẩm Chế Biến,household_giant,52000.0,35000.0,17000.0,48.57142857142857
2026-03-17,Thực Phẩm Chế Biến,local_value,29800.0,35000.0,-5200.0,-14.857142857142858
2026-03-17,Thực Phẩm Chế Biến,niche_professional,127250.0,35000.0,92250.0,263.57142857142856
2026-03-17,Thực Phẩm Khô,household_giant,26500.0,52600.0,-26100.0,-49.619771863117876
2026-03-17,Thực Phẩm Khô,local_value,57800.0,52600.0,5200.0,9.885931558935361
2026-03-17,Thực Phẩm Khô,niche_professional,88250.0,52600.0,35650.0,67.77566539923954
2026-03-17,Thực Phẩm Khô,prestige_leader,145000.0,52600.0,92400.0,175.66539923954372
2026-03-17,Thực Phẩm Đông Lạnh,household_giant,75900.0,128200.0,-52300.0,-40.79563182527301
2026-03-17,Thực Phẩm Đông Lạnh,local_value,65500.0,128200.0,-62700.0,-48.90795631825273
2026-03-17,Thực Phẩm Đông Lạnh,niche_professional,106600.0,128200.0,-21600.0,-16.848673946957877
2026-03-17,Trứng - Đậu Hũ,household_giant,54250.0,22200.0,32050.0,144.36936936936937
2026-03-17,Trứng - Đậu Hũ,local_value,25000.0,22200.0,2800.0,12.612612612612612
2026-03-18,Bánh Kẹo,household_giant,16900.0,18700.0,-1800.0,-9.62566844919786
2026-03-18,Bánh Kẹo,local_value,18000.0,18700.0,-700.0,-3.7433155080213902
2026-03-18,Bánh Kẹo,niche_professional,37700.0,18700.0,19000.0,101.60427807486631
2026-03-18,Chăm Sóc Bé,household_giant,34400.0,286950.0,-252550.0,-88.01184875413836
2026-03-18,Chăm Sóc Bé,local_value,67900.0,286950.0,-219050.0,-76.33734100017423
2026-03-18,Chăm Sóc Bé,niche_professional,175900.0,286950.0,-111050.0,-38.70012197246907
2026-03-18,Chăm Sóc Bé,prestige_leader,124700.0,286950.0,-162250.0,-56.54295173375152
2026-03-18,Mì - Thực Phẩm Ăn Liền,household_giant,20700.0,21400.0,-700.0,-3.2710280373831773
2026-03-18,Mì - Thực Phẩm Ăn Liền,local_value,18950.0,21400.0,-2450.0,-11.448598130841122
2026-03-18,Mì - Thực Phẩm Ăn Liền,niche_professional,62550.0,21400.0,41150.0,192.28971962616822
2026-03-18,Mì - Thực Phẩm Ăn Liền,prestige_leader,38700.0,21400.0,17300.0,80.8411214953271
2026-03-18,Rau - Củ - Trái Cây,local_value,39900.0,33830.0,6070.0,17.94265444871416
2026-03-18,Rau - Củ - Trái Cây,niche_professional,46900.0,33830.0,13070.0,38.63434821164647
2026-03-18,Sữa Tươi,household_giant,27750.0,26100.0,1650.0,6.321839080459771
2026-03-18,Sữa Tươi,local_value,27900.0,26100.0,1800.0,6.896551724137931
2026-03-18,Sữa Tươi,niche_professional,68800.0,26100.0,42700.0,163.60153256704982
2026-03-18,Sữa Tươi,prestige_leader,31100.0,26100.0,5000.0,19.157088122605366
2026-03-18,Thực Phẩm Chế Biến,household_giant,51500.0,19200.0,32300.0,168.22916666666669
2026-03-18,Thực Phẩm Chế Biến,local_value,32400.0,19200.0,13200.0,68.75
2026-03-18,Thực Phẩm Chế Biến,niche_professional,135000.0,19200.0,115800.0,603.125
2026-03-18,Thực Phẩm Khô,household_giant,25300.0,39700.0,-14400.0,-36.272040302267
2026-03-18,Thực Phẩm Khô,local_value,60500.0,39700.0,20800.0,52.39294710327456
2026-03-18,Thực Phẩm Khô,niche_professional,94900.0,39700.0,55200.0,139.04282115869017
2026-03-18,Thực Phẩm Đông Lạnh,household_giant,74100.0,89150.0,-15050.0,-16.881660123387547
2026-03-18,Thực Phẩm Đông Lạnh,local_value,62000.0,89150.0,-27150.0,-30.45429052159282
2026-03-18,Thực Phẩm Đông Lạnh,niche_professional,102300.0,89150.0,13150.0,14.750420639371844
2026-03-18,Trứng - Đậu Hũ,household_giant,54250.0,22200.0,32050.0,144.36936936936937
2026-03-18,Trứng - Đậu Hũ,local_value,30500.0,22200.0,8300.0,37.38738738738739
2026-03-19,Bánh Kẹo,household_giant,31500.0,25600.0,5900.0,23.046875
2026-03-19,Bánh Kẹo,local_value,30500.0,25600.0,4900.0,19.140625
2026-03-19,Bánh Kẹo,niche_professional,60500.0,25600.0,34900.0,136.328125
2026-03-19,Bánh Kẹo,prestige_leader,45200.0,25600.0,19600.0,76.5625
2026-03-19,Chăm Sóc Bé,household_giant,32500.0,286950.0,-254450.0,-88.67398501481094
2026-03-19,Chăm Sóc Bé,local_value,72800.0,286950.0,-214150.0,-74.62972643317651
2026-03-19,Chăm Sóc Bé,niche_professional,175900.0,286950.0,-111050.0,-38.70012197246907
2026-03-19,Chăm Sóc Bé,prestige_leader,133800.0,286950.0,-153150.0,-53.371667537898595
2026-03-19,Gia Vị,household_giant,43700.0,69450.0,-25750.0,-37.077033837293015
2026-03-19,Gia Vị,local_value,32050.0,69450.0,-37400.0,-53.85169186465083
2026-03-19,Gia Vị,niche_professional,88500.0,69450.0,19050.0,27.429805615550755
2026-03-19,Mì - Thực Phẩm Ăn Liền,household_giant,20350.0,11100.0,9250.0,83.33333333333334
2026-03-19,Mì - Thực Phẩm Ăn Liền,local_value,25200.0,11100.0,14100.0,127.02702702702702
2026-03-19,Mì - Thực Phẩm Ăn Liền,niche_professional,72300.0,11100.0,61200.0,551.3513513513514
2026-03-19,Mì - Thực Phẩm Ăn Liền,prestige_leader,32300.0,11100.0,21200.0,190.990990990991
2026-03-19,Rau - Củ - Trái Cây,local_value,79200.0,19900.0,59300.0,297.9899497487437
2026-03-19,Thực Phẩm Chế Biến,household_giant,63700.0,42700.0,21000.0,49.18032786885246
2026-03-19,Thực Phẩm Chế Biến,local_value,37800.0,42700.0,-4900.0,-11.475409836065573
2026-03-19,Thực Phẩm Chế Biến,niche_professional,133400.0,42700.0,90700.0,212.41217798594846
2026-03-19,Thực Phẩm Khô,household_giant,19300.0,85400.0,-66100.0,-77.40046838407494
2026-03-19,Thực Phẩm Khô,local_value,60500.0,85400.0,-24900.0,-29.156908665105384
2026-03-19,Thực Phẩm Khô,niche_professional,85950.0,85400.0,550.0,0.6440281030444965
2026-03-19,Thực Phẩm Đông Lạnh,household_giant,68500.0,126000.0,-57500.0,-45.63492063492063
2026-03-19,Thực Phẩm Đông Lạnh,local_value,86000.0,126000.0,-40000.0,-31.746031746031743
2026-03-19,Thực Phẩm Đông Lạnh,niche_professional,124000.0,126000.0,-2000.0,-1.5873015873015872
2026-03-19,Trứng - Đậu Hũ,household_giant,53250.0,22200.0,31050.0,139.86486486486487
2026-03-19,Trứng - Đậu Hũ,local_value,19000.0,22200.0,-3200.0,-14.414414414414415
2026-03-20,Bánh Kẹo,local_value,32000.0,36900.0,-4900.0,-13.279132791327914
2026-03-20,Bánh Kẹo,niche_professional,41900.0,36900.0,5000.0,13.550135501355012
2026-03-20,Chăm Sóc Bé,household_giant,32500.0,286950.0,-254450.0,-88.67398501481094
2026-03-20,Chăm Sóc Bé,local_value,72800.0,286950.0,-214150.0,-74.62972643317651
2026-03-20,Chăm Sóc Bé,niche_professional,175900.0,286950.0,-111050.0,-38.70012197246907
2026-03-20,Chăm Sóc Bé,prestige_leader,133800.0,286950.0,-153150.0,-53.371667537898595
2026-03-20,Gia Vị,household_giant,45200.0,61300.0,-16100.0,-26.26427406199021
2026-03-20,Gia Vị,local_value,27200.0,61300.0,-34100.0,-55.62805872756933
2026-03-20,Gia Vị,niche_professional,44100.0,61300.0,-17200.0,-28.05872756933116
2026-03-20,Mì - Thực Phẩm Ăn Liền,household_giant,27400.0,15750.0,11650.0,73.96825396825398
2026-03-20,Mì - Thực Phẩm Ăn Liền,local_value,25200.0,15750.0,9450.0,60.0
2026-03-20,Mì - Thực Phẩm Ăn Liền,niche_professional,41950.0,15750.0,26200.0,166.34920634920636
2026-03-20,Mì - Thực Phẩm Ăn Liền,prestige_leader,39100.0,15750.0,23350.0,148.25396825396825
2026-03-20,Rau - Củ - Trái Cây,local_value,50900.0,33365.0,17535.0,52.555072680953096
2026-03-20,Rau - Củ - Trái Cây,niche_professional,46900.0,33365.0,13535.0,40.56646186123183
2026-03-20,Sữa Tươi,household_giant,25300.0,46900.0,-21600.0,-46.05543710021322
2026-03-20,Sữa Tươi,local_value,37100.0,46900.0,-9800.0,-20.8955223880597
2026-03-20,Sữa Tươi,niche_professional,73900.0,46900.0,27000.0,57.56929637526652
2026-03-20,Sữa Tươi,prestige_leader,35200.0,46900.0,-11700.0,-24.946695095948826
2026-03-20,Thực Phẩm Chế Biến,household_giant,58250.0,34950.0,23300.0,66.66666666666666
2026-03-20,Thực Phẩm Chế Biến,local_value,32950.0,34950.0,-2000.0,-5.7224606580829755
2026-03-20,Thực Phẩm Chế Biến,niche_professional,133400.0,34950.0,98450.0,281.6881258941345
2026-03-20,Thực Phẩm Khô,household_giant,26800.0,42350.0,-15550.0,-36.717827626918535
2026-03-20,Thực Phẩm Khô,local_value,63850.0,42350.0,21500.0,50.76741440377804
2026-03-20,Thực Phẩm Khô,niche_professional,94900.0,42350.0,52550.0,124.08500590318772
2026-03-20,Thực Phẩm Đông Lạnh,household_giant,74500.0,82900.0,-8400.0,-10.132689987937274
2026-03-20,Thực Phẩm Đông Lạnh,local_value,62000.0,82900.0,-20900.0,-25.211097708082026
2026-03-20,Thực Phẩm Đông Lạnh,niche_professional,106200.0,82900.0,23300.0,28.10615199034982
2026-03-20,Trứng - Đậu Hũ,household_giant,54250.0,22200.0,32050.0,144.36936936936937
2026-03-20,Trứng - Đậu Hũ,local_value,30500.0,22200.0,8300.0,37.38738738738739
2026-03-21,Bánh Kẹo,household_giant,18900.0,25700.0,-6800.0,-26.459143968871597
2026-03-21,Bánh Kẹo,local_value,27250.0,25700.0,1550.0,6.031128404669261
2026-03-21,Bánh Kẹo,niche_professional,55350.0,25700.0,29650.0,115.36964980544747
2026-03-21,Chăm Sóc Bé,household_giant,32500.0,286950.0,-254450.0,-88.67398501481094
2026-03-21,Chăm Sóc Bé,local_value,83050.0,286950.0,-203900.0,-71.05767555323227
2026-03-21,Chăm Sóc Bé,niche_professional,175900.0,286950.0,-111050.0,-38.70012197246907
2026-03-21,Chăm Sóc Bé,prestige_leader,133800.0,286950.0,-153150.0,-53.371667537898595
2026-03-21,Gia Vị,household_giant,36850.0,69900.0,-33050.0,-47.28183118741059
2026-03-21,Gia Vị,local_value,31550.0,69900.0,-38350.0,-54.86409155937053
2026-03-21,Gia Vị,niche_professional,93200.0,69900.0,23300.0,33.33333333333333
2026-03-21,Mì - Thực Phẩm Ăn Liền,household_giant,20700.0,15750.0,4950.0,31.428571428571427
2026-03-21,Mì - Thực Phẩm Ăn Liền,local_value,25200.0,15750.0,9450.0,60.0
2026-03-21,Mì - Thực Phẩm Ăn Liền,niche_professional,41950.0,15750.0,26200.0,166.34920634920636
2026-03-21,Mì - Thực Phẩm Ăn Liền,prestige_leader,39100.0,15750.0,23350.0,148.25396825396825
2026-03-21,Rau - Củ - Trái Cây,local_value,50900.0,33915.0,16985.0,50.081085065605194
2026-03-21,Rau - Củ - Trái Cây,niche_professional,46900.0,33915.0,12985.0,38.286893704850364
2026-03-21,Sữa Tươi,household_giant,25100.0,46900.0,-21800.0,-46.481876332622605
2026-03-21,Sữa Tươi,local_value,27000.0,46900.0,-19900.0,-42.430703624733475
2026-03-21,Sữa Tươi,niche_professional,68800.0,46900.0,21900.0,46.695095948827294
2026-03-21,Sữa Tươi,prestige_leader,31700.0,46900.0,-15200.0,-32.40938166311301
2026-03-21,Thực Phẩm Chế Biến,household_giant,58250.0,39500.0,18750.0,47.46835443037975
2026-03-21,Thực Phẩm Chế Biến,local_value,32900.0,39500.0,-6600.0,-16.70886075949367
2026-03-21,Thực Phẩm Chế Biến,niche_professional,131800.0,39500.0,92300.0,233.67088607594937
2026-03-21,Thực Phẩm Khô,household_giant,18700.0,94900.0,-76200.0,-80.29504741833509
2026-03-21,Thực Phẩm Khô,local_value,91800.0,94900.0,-3100.0,-3.2665964172813484
2026-03-21,Thực Phẩm Khô,niche_professional,105800.0,94900.0,10900.0,11.485774499473129
2026-03-21,Thực Phẩm Đông Lạnh,household_giant,74500.0,104100.0,-29600.0,-28.434197886647457
2026-03-21,Thực Phẩm Đông Lạnh,local_value,71850.0,104100.0,-32250.0,-30.979827089337174
2026-03-21,Thực Phẩm Đông Lạnh,niche_professional,108650.0,104100.0,4550.0,4.370797310278578
2026-03-21,Trứng - Đậu Hũ,household_giant,54250.0,22200.0,32050.0,144.36936936936937
2026-03-21,Trứng - Đậu Hũ,local_value,31250.0,22200.0,9050.0,40.765765765765764
2026-03-22,Bánh Kẹo,household_giant,26300.0,25600.0,700.0,2.734375
2026-03-22,Bánh Kẹo,local_value,30500.0,25600.0,4900.0,19.140625
2026-03-22,Bánh Kẹo,niche_professional,65600.0,25600.0,40000.0,156.25
2026-03-22,Bánh Kẹo,prestige_leader,152750.0,25600.0,127150.0,496.6796875
2026-03-22,Chăm Sóc Bé,household_giant,32500.0,286950.0,-254450.0,-88.67398501481094
2026-03-22,Chăm Sóc Bé,local_value,83050.0,286950.0,-203900.0,-71.05767555323227
2026-03-22,Chăm Sóc Bé,niche_professional,169000.0,286950.0,-117950.0,-41.1047220770169
2026-03-22,Chăm Sóc Bé,prestige_leader,133800.0,286950.0,-153150.0,-53.371667537898595
2026-03-22,Gia Vị,household_giant,37900.0,69900.0,-32000.0,-45.779685264663804
2026-03-22,Gia Vị,local_value,30250.0,69900.0,-39650.0,-56.723891273247496
2026-03-22,Gia Vị,niche_professional,93200.0,69900.0,23300.0,33.33333333333333
2026-03-22,Mì - Thực Phẩm Ăn Liền,household_giant,24050.0,15750.0,8300.0,52.6984126984127
2026-03-22,Mì - Thực Phẩm Ăn Liền,local_value,25200.0,15750.0,9450.0,60.0
2026-03-22,Mì - Thực Phẩm Ăn Liền,niche_professional,41950.0,15750.0,26200.0,166.34920634920636
2026-03-22,Mì - Thực Phẩm Ăn Liền,prestige_leader,39100.0,15750.0,23350.0,148.25396825396825
2026-03-22,Rau - Củ - Trái Cây,local_value,79200.0,14800.0,64400.0,435.13513513513516
2026-03-22,Sữa Tươi,household_giant,28500.0,46900.0,-18400.0,-39.23240938166311
2026-03-22,Sữa Tươi,local_value,32200.0,46900.0,-14700.0,-31.343283582089555
2026-03-22,Sữa Tươi,niche_professional,84500.0,46900.0,37600.0,80.17057569296375
2026-03-22,Sữa Tươi,prestige_leader,40650.0,46900.0,-6250.0,-13.326226012793176
2026-03-22,Thực Phẩm Chế Biến,household_giant,63700.0,44500.0,19200.0,43.146067415730336
2026-03-22,Thực Phẩm Chế Biến,local_value,32900.0,44500.0,-11600.0,-26.06741573033708
2026-03-22,Thực Phẩm Chế Biến,niche_professional,131800.0,44500.0,87300.0,196.17977528089887
2026-03-22,Thực Phẩm Khô,household_giant,26650.0,49000.0,-22350.0,-45.61224489795918
2026-03-22,Thực Phẩm Khô,local_value,58750.0,49000.0,9750.0,19.897959183673468
2026-03-22,Thực Phẩm Khô,niche_professional,85950.0,49000.0,36950.0,75.40816326530613
2026-03-22,Thực Phẩm Khô,prestige_leader,145000.0,49000.0,96000.0,195.91836734693877
2026-03-22,Thực Phẩm Đông Lạnh,household_giant,74500.0,82900.0,-8400.0,-10.132689987937274
2026-03-22,Thực Phẩm Đông Lạnh,local_value,67000.0,82900.0,-15900.0,-19.179734620024124
2026-03-22,Thực Phẩm Đông Lạnh,niche_professional,106200.0,82900.0,23300.0,28.10615199034982
2026-03-22,Trứng - Đậu Hũ,household_giant,54250.0,22200.0,32050.0,144.36936936936937
2026-03-22,Trứng - Đậu Hũ,local_value,32000.0,22200.0,9800.0,44.14414414414414
