product_name,unit,subcategory,parent_category,avg_final_price,avg_marked_price,days_observed,promo_rate,avg_discount_depth,price_volatility,n_price_changes,max_daily_jump_pct,ever_promoted,always_promoted,marked_price_changes,promo_streak_max,promo_streak_avg,marked_price_increased,brand_name,brand_quadrant,is_premium,is_high_recognition,is_branded,is_house_brand,import_origin,is_import,has_health_claim,has_freshness_claim,name_length,unit_type,pack_count,uncertain_pack_count,size_ml,size_g,ln_pack_size,price_per_100ml,price_per_100g,ln_price_per_unit,marked_price_per_100ml,marked_price_per_100g,ln_marked_price_per_unit
Bơ lạt Anchor gói 227g,Miếng,Bơ Sữa - Phô Mai,Sữa Tươi,124590.625,137500.0,64,0.5625,0.1669090909090909,0.0972577046316398,3,0.256855575868373,1,0,1,18,18.0,0,Anchor,niche_professional,1,0,1,0,Úc,1,0,0,5,count,1,False,,227.0,5.424950017481403,,54885.73788546256,10.913008810240985,,60572.6872246696,11.011599364595451
Bơ lạt Paysan Breton hộp 250g,Hộp,Bơ Sữa - Phô Mai,Sữa Tươi,174000.0,174000.0,45,0.0,,0.0,1,0.0,0,0,1,0,0.0,0,Paysan Breton,niche_professional,1,0,1,0,domestic,0,0,0,6,count,1,False,,250.0,5.521460917862246,,69600.0,11.150519846322512,,69600.0,11.150519846322512
Bơ lạt Presiden hộp 250g,Hộp,Bơ Sữa - Phô Mai,Sữa Tươi,181000.0,181000.0,50,0.0,,0.0,1,0.0,0,0,1,0,0.0,0,Président,niche_professional,1,0,1,0,domestic,0,0,0,5,count,1,False,,250.0,5.521460917862246,,72400.0,11.189961578373808,,72400.0,11.189961578373808
Bơ lạt Westgold 250g,Gói,Bơ Sữa - Phô Mai,Sữa Tươi,122522.44897959183,123000.0,49,0.0204081632653061,0.1902439024390244,0.0272836298221067,2,0.1902439024390243,1,0,1,1,1.0,0,Westgold,niche_professional,1,0,1,0,domestic,0,0,0,4,count,1,False,,250.0,5.521460917862246,,49008.97959183673,10.799758817279516,,49200.0,10.803648902480399
Bơ lạt tự nhiên TH TRUE BUTTER 10g*10gói,Gói,Bơ Sữa - Phô Mai,Sữa Tươi,37563.82978723404,39000.0,47,0.3191489361702128,0.1153846153846153,0.056446292731622,2,0.1304347826086955,1,0,1,15,15.0,0,,,0,0,0,0,domestic,0,0,1,8,count,10,False,,10.0,2.302585092994046,,37563.82978723404,10.53379689264052,,39000.0,10.571316925111784
Bơ lạt tự nhiên TH True milk 200g,Gói,Bơ Sữa - Phô Mai,Sữa Tươi,73008.77192982456,77000.0,57,0.4385964912280701,0.1181818181818181,0.0623993263536456,2,0.134020618556701,1,0,1,13,12.5,0,TH True Milk,prestige_leader,1,1,1,0,domestic,0,0,1,8,count,1,False,,200.0,5.298317366548036,,36504.38596491228,10.505187695773792,,38500.0,10.558413520275876
Bơ mặn Paysan Breton hộp 250g,Hộp,Bơ Sữa - Phô Mai,Sữa Tươi,174000.0,174000.0,49,0.0,,0.0,1,0.0,0,0,1,0,0.0,0,Paysan Breton,niche_professional,1,0,1,0,domestic,0,0,0,6,count,1,False,,250.0,5.521460917862246,,69600.0,11.150519846322512,,69600.0,11.150519846322512
Bơ mặn President gói 125g,Miếng,Bơ Sữa - Phô Mai,Sữa Tươi,84500.0,84500.0,50,0.0,,0.0,1,0.0,0,0,1,0,0.0,0,Président,niche_professional,1,0,1,0,domestic,0,0,0,5,count,1,False,,125.0,4.8283137373023015,,67600.0,11.121363262031055,,67600.0,11.121363262031055
Bơ mặn Président gói 200g,Miếng,Bơ Sữa - Phô Mai,Sữa Tươi,135000.0,135000.0,49,0.0,,0.0,1,0.0,0,0,1,0,0.0,0,Président,niche_professional,1,0,1,0,domestic,0,0,0,5,count,1,False,,200.0,5.298317366548036,,67500.0,11.119882876860622,,67500.0,11.119882876860622
Bơ mặn Westgold 250g,Gói,Bơ Sữa - Phô Mai,Sữa Tươi,122522.44897959183,123000.0,49,0.0204081632653061,0.1902439024390244,0.0272836298221067,2,0.1902439024390243,1,0,1,1,1.0,0,Westgold,niche_professional,1,0,1,0,domestic,0,0,0,4,count,1,False,,250.0,5.521460917862246,,49008.97959183673,10.799758817279516,,49200.0,10.803648902480399
Bơ nhạt President gói 125g,Miếng,Bơ Sữa - Phô Mai,Sữa Tươi,83744.73684210527,84500.0,38,0.1842105263157894,0.0485207100591716,0.0192337311477375,2,0.0509950248756219,1,0,1,7,7.0,0,Président,niche_professional,1,0,1,0,domestic,0,0,0,5,count,1,False,,125.0,4.8283137373023015,,66995.78947368421,11.112385052722,,67600.0,11.121363262031055
Bơ nhạt President vỉ 10 viên x 10g,Hộp,Bơ Sữa - Phô Mai,Sữa Tươi,71447.16981132075,74900.0,53,0.5660377358490566,0.0814419225634179,0.0427198524199682,2,0.0814419225634178,1,0,1,30,30.0,0,Président,niche_professional,1,0,1,0,domestic,0,0,0,8,count,10,False,,10.0,2.302585092994046,,71447.16981132075,11.176713571815204,,74900.0,11.22390916950531
Bơ nhạt Président gói 200g,Miếng,Bơ Sữa - Phô Mai,Sữa Tươi,131750.0,135000.0,44,0.5,0.0481481481481481,0.0249531195641948,2,0.0481481481481481,1,0,1,22,22.0,0,Président,niche_professional,1,0,1,0,domestic,0,0,0,5,count,1,False,,200.0,5.298317366548036,,65875.0,11.095514285843663,,67500.0,11.119882876860622
Bơ nhạt Président vỉ 10 hộpx10g,Hộp,Bơ Sữa - Phô Mai,Sữa Tươi,77900.0,77900.0,50,0.0,,0.0,1,0.0,0,0,1,0,0.0,0,Président,niche_professional,1,0,1,0,domestic,0,0,0,6,count,10,False,,10.0,2.302585092994046,,77900.0,11.26318123185884,,77900.0,11.26318123185884
"Creamer đặc có đường Ngôi Sao Phương Nam Vinamilk hộp 1,284kg",Hộp,Sữa Đặc,Sữa Tươi,59200.0,59200.0,35,0.0,,0.0,1,0.0,0,0,1,0,0.0,0,Vinamilk,household_giant,0,1,1,0,domestic,0,0,0,11,count,1,False,,1284.0,7.157735484249907,,4610.591900311527,8.436111522610283,,4610.591900311527,8.436111522610283
Creamer đặc sữa pha chế Nutimilk hộp 1284g,Hộp,Sữa Đặc,Sữa Tươi,72300.0,72300.0,48,0.0,,0.0,1,0.0,0,0,1,0,0.0,0,Nutimilk,local_value,0,0,1,0,domestic,0,0,0,8,count,1,False,,1284.0,7.157735484249907,,5630.841121495328,8.636014109885041,,5630.841121495328,8.636014109885041
Creamer đặc sữa pha chế Nutimilk hộp 380g,Hộp,Sữa Đặc,Sữa Tươi,21400.0,21400.0,48,0.0,,0.0,1,0.0,0,0,1,0,0.0,0,Nutimilk,local_value,0,0,1,0,domestic,0,0,0,8,count,1,False,,380.0,5.940171252720432,,5631.578947368422,8.636145134277603,,5631.578947368422,8.636145134277603
Creamer đặc sữa pha chế Nutimilk lon 380g,Lon,Sữa Đặc,Sữa Tươi,21400.0,21400.0,48,0.0,,0.0,1,0.0,0,0,1,0,0.0,0,Nutimilk,local_value,0,0,1,0,domestic,0,0,0,8,count,1,False,,380.0,5.940171252720432,,5631.578947368422,8.636145134277603,,5631.578947368422,8.636145134277603
DUTCH LADY STT cao khỏe có đường 170ml,Thùng,Sữa tươi,Sữa Tươi,370800.0,370800.0,49,0.0,,0.0,1,0.0,0,0,1,0,0.0,0,Dutch Lady,household_giant,0,1,1,0,domestic,0,0,0,8,unknown,1,True,170.0,,5.135798437050262,218117.64705882352,,12.292789861611666,218117.64705882352,,12.292789861611666
Kem sữa Whipping cream AVonMorehộp 1L,Hộp,Bơ Sữa - Phô Mai,Sữa Tươi,172367.7966101695,188000.0,59,0.559322033898305,0.1486621534493875,0.0829689481814104,3,0.1997447351627312,1,0,1,19,16.5,0,Avonmore,niche_professional,1,0,1,0,domestic,0,0,0,6,count,1,False,1000.0,,6.907755278982137,17236.77966101695,,9.754800732164814,18800.0,,9.84161214881804
Kem sữa có đường tiệt trùng dạng xịt Paysan Breton chai 250g,Chai,Bơ Sữa - Phô Mai,Sữa Tươi,146500.0,146500.0,47,0.0,,0.0,1,0.0,0,0,1,0,0.0,0,Paysan Breton,niche_professional,1,0,1,0,domestic,0,0,0,12,count,1,False,,250.0,5.521460917862246,,58600.0,10.978489975565104,,58600.0,10.978489975565104
Kem sữa tươi Emborg whipped cream 250ml,Hộp,Bơ Sữa - Phô Mai,Sữa Tươi,129986.20689655172,138000.0,58,0.4137931034482758,0.1403381642512077,0.0753195107704655,3,0.1937716262975779,1,0,1,13,12.0,0,Emborg,niche_professional,1,0,1,0,domestic,0,0,1,7,count,1,False,250.0,,5.521460917862246,51994.48275862069,,10.858892891138721,55200.0,,10.918718232265187
Kem sữa tươi whipping cream Anchor hộp 1L,Hộp,Bơ Sữa - Phô Mai,Sữa Tươi,194857.14285714287,204500.0,56,0.4107142857142857,0.1148081216115658,0.0615635797975794,3,0.1320293398533008,1,0,1,14,11.5,0,Anchor,niche_professional,1,0,1,0,Úc,1,0,1,8,count,1,False,1000.0,,6.907755278982137,19485.714285714286,,9.877436875336185,20450.0,,9.925738161470948
Kem sữa tươi đánh tiệt trùng Anchor hộp 250ml,Hộp,Bơ Sữa - Phô Mai,Sữa Tươi,82561.53846153847,84000.0,52,0.2115384615384615,0.0809523809523809,0.0339650803814417,2,0.0880829015544042,1,0,1,7,5.5,0,Anchor,niche_professional,1,0,1,0,Úc,1,0,1,9,count,1,False,250.0,,5.521460917862246,33024.61538461539,,10.405008483133924,33600.0,,10.422281345951296
"Kem đặc có đường Vinamilk Ngôi Sao Phương Nam hộp 1,284kg",Hộp,Sữa Đặc,Sữa Tươi,68111.11111111111,70000.0,54,0.6296296296296297,0.0428571428571428,0.0214695494822497,2,0.0447761194029849,1,0,1,14,11.333333333333334,0,Vinamilk,household_giant,0,1,1,0,domestic,0,0,0,11,count,1,False,,1284.0,7.157735484249907,,5304.60366908965,8.576330339320315,,5451.71339563863,8.60368522276968
Lof Malto Malt Mint sữa lúa.m 180ml,Thùng,Sữa Hạt - Sữa Đậu,Sữa Tươi,358800.0,358800.0,54,0.0,,0.0,1,0.0,0,0,1,0,0.0,0,Lof,niche_professional,1,0,1,0,domestic,0,0,0,7,unknown,1,True,180.0,,5.19295685089021,199333.3333333333,,12.202733744264659,199333.3333333333,,12.202733744264659
Lof Malto Sữa lúa mach Socola 180ml,Thùng,Sữa Hạt - Sữa Đậu,Sữa Tươi,358800.0,358800.0,61,0.0,,0.0,1,0.0,0,0,1,0,0.0,0,Lof,niche_professional,1,0,1,0,domestic,0,0,0,7,unknown,1,True,180.0,,5.19295685089021,199333.3333333333,,12.202733744264659,199333.3333333333,,12.202733744264659
Lon Ensure Gold Green Health Đạm thực vật 850g,Lon,Sữa Bột,Sữa Tươi,982500.0,982500.0,48,0.0,,0.0,1,0.0,0,0,1,0,0.0,0,Ensure,prestige_leader,1,1,1,0,domestic,0,0,0,9,count,1,False,,850.0,6.745236349484363,,115588.23529411765,11.657789459229283,,115588.23529411765,11.657789459229283
Lốc 3 hộp sữa 9 loại hạt Vinamilk Super Nut 180ml,Gói 4,Sữa tươi,Sữa Tươi,49689.795918367345,52500.0,49,0.5510204081632653,0.0971428571428571,0.0515795473834698,2,0.1075949367088606,1,0,1,14,9.0,0,Vinamilk,household_giant,0,1,1,0,domestic,0,0,0,11,count,3,False,180.0,,5.19295685089021,9201.814058956916,,9.127155923921052,9722.22222222222,,9.182169495009486
Lốc 3 hộp sữa hạt hạnh nhân Degree 127 180ml,Gói 3,Sữa Hạt - Sữa Đậu,Sữa Tươi,90419.23076923077,95900.0,52,0.3653846153846153,0.1564129301355578,0.080663574186719,2,0.1854140914709519,1,0,1,19,19.0,0,,,0,0,0,0,domestic,0,0,0,10,count,3,False,180.0,,5.19295685089021,16744.301994301994,,9.725813299934403,17759.25925925926,,9.784662307301302
Lốc 3 hộp sữa óc chó Degrees 137 truyền thống 180ml,Gói 3,Sữa Hạt - Sữa Đậu,Sữa Tươi,98937.93103448275,109900.0,58,0.5689655172413793,0.1753108886866848,0.0987061306682314,3,0.1983621474067334,1,0,1,33,33.0,0,Degrees,prestige_leader,1,1,1,0,domestic,0,0,0,11,count,3,False,180.0,,5.19295685089021,18321.83908045977,,9.815849019677714,20351.85185185185,,9.920927186821483
Lốc 4 chai sữa chua uống Probi light ít đường 130ml,Gói 4,Sữa Chua - Váng Sữa,Sữa Tươi,34026.666666666664,36900.0,45,0.6,0.1297801866907557,0.0697645118651132,3,0.1531249999999999,1,0,1,12,9.0,0,Probi,local_value,0,0,1,0,domestic,0,1,0,11,count,4,False,130.0,,4.867534450455582,6543.589743589743,,8.786241184323126,7096.153846153846,,8.867308204441237
Lốc 4 chai sữa chua uống Topkid Phô mai tự nhiên 90ml,Gói 4,Sữa Chua - Váng Sữa,Sữa Tươi,22813.793103448275,23900.0,58,0.3620689655172414,0.1255230125523012,0.0637503892511685,2,0.1255230125523012,1,0,1,21,21.0,0,Topkid,local_value,0,0,1,0,domestic,0,0,1,12,count,4,False,90.0,,4.499809670330265,6337.164750957854,,8.75418674724308,6638.888888888889,,8.800699892457537
Lốc 4 chai sữa chua uống có đường Probi Vinamilk 130ml,Gói 4,Sữa Chua - Váng Sữa,Sữa Tươi,33398.03921568627,36900.0,51,0.7450980392156863,0.1273712737127371,0.061939867481284,2,0.1459627329192547,1,0,1,15,12.666666666666666,0,Vinamilk,household_giant,0,1,1,0,domestic,0,0,0,11,count,4,False,130.0,,4.867534450455582,6422.699849170437,,8.767593845536961,7096.153846153846,,8.867308204441237
Lốc 4 hộp Milo sữa lúa mạch ít đường 115ml,Gói 4,Sữa Hạt - Sữa Đậu,Sữa Tươi,20656.25,20900.0,48,0.2708333333333333,0.0430622009569378,0.0195671321881109,2,0.0449999999999999,1,0,1,13,13.0,0,Milo,household_giant,0,1,1,0,domestic,0,1,0,10,count,4,False,115.0,,4.74493212836325,4490.489130434783,,8.409716912539048,4543.478260869566,,8.421448134457853
Lốc 4 hộp sữa Nutimilk có đường 100% sữa Newzealand 180ml,Gói 4,Sữa tươi,Sữa Tươi,36100.0,36100.0,47,0.0,,0.0,1,0.0,0,0,1,0,0.0,0,Nutimilk,local_value,0,0,1,0,domestic,0,0,0,11,count,4,False,180.0,,5.19295685089021,5013.888888888889,,8.519967118298963,5013.888888888889,,8.519967118298963
Lốc 4 hộp sữa Ovaltine DHA Plus 180ml,Gói 4,Sữa Hạt - Sữa Đậu,Sữa Tươi,32950.0,34900.0,60,0.4333333333333333,0.1289398280802292,0.0682466905694715,2,0.1480263157894736,1,0,1,14,13.0,0,Ovaltine,prestige_leader,1,1,1,0,domestic,0,1,0,8,count,4,False,180.0,,5.19295685089021,4576.388888888889,,8.428665513908644,4847.222222222222,,8.48616108216851
Lốc 4 hộp sữa TH true vị tự nhiên Milk Gold 180ml,Gói 4,Sữa tươi,Sữa Tươi,72800.0,72800.0,47,0.0,,0.0,1,0.0,0,0,1,0,0.0,0,,,0,0,0,0,domestic,0,0,1,12,count,4,False,180.0,,5.19295685089021,10111.111111111111,,9.221390208162768,10111.111111111111,,9.221390208162768
Lốc 4 hộp sữa chua Fristi vị cam sữa 100ml,Gói 4,Sữa Chua - Váng Sữa,Sữa Tươi,18076.92307692308,19000.0,52,0.4807692307692308,0.1010526315789473,0.0537190359938598,3,0.1176470588235294,1,0,1,15,12.5,0,Fristi,local_value,0,0,1,0,domestic,0,0,0,10,count,4,False,100.0,,4.605170185988092,4519.23076923077,,8.416097074544869,4750.0,,8.465899897028686
Lốc 4 hộp sữa chua lên men tự nhiên vị việt quất sữa Fristi 100ml,Gói 4,Sữa Chua - Váng Sữa,Sữa Tươi,17960.0,19000.0,60,0.55,0.0995215311004784,0.0529829167305801,3,0.1176470588235294,1,0,1,18,16.5,0,Fristi,local_value,0,0,1,0,domestic,0,0,1,15,count,4,False,100.0,,4.605170185988092,4490.0,,8.4096079807363,4750.0,,8.465899897028686
Lốc 4 hộp sữa chua uống TH Milk Hương việt quất 100ml,Gói 4,Sữa Chua - Váng Sữa,Sữa Tươi,32300.0,32300.0,55,0.0,,0.0,1,0.0,0,0,1,0,0.0,0,,,0,0,0,0,domestic,0,0,0,12,count,4,False,100.0,,4.605170185988092,8075.0,,8.996528148090857,8075.0,,8.996528148090857
Lốc 4 hộp sữa chua uống TH Milk hương cam 180ml,Gói 4,Sữa Chua - Váng Sữa,Sữa Tươi,36200.0,36200.0,53,0.0,,0.0,1,0.0,0,0,1,0,0.0,0,,,0,0,0,0,domestic,0,0,0,11,count,4,False,180.0,,5.19295685089021,5027.777777777777,,8.522733371791853,5027.777777777777,,8.522733371791853
Lốc 4 hộp sữa chua uống Topkid hương cam 180ml,Gói 4,Sữa Chua - Váng Sữa,Sữa Tươi,32544.0,33400.0,50,0.2,0.1281437125748503,0.0536658690832195,3,0.1766467065868263,1,0,1,9,5.0,0,Topkid,local_value,0,0,1,0,domestic,0,0,0,10,count,4,False,180.0,,5.19295685089021,4520.0,,8.416267272826277,4638.888888888889,,8.442230152942782
Lốc 4 hộp sữa chua uống Topkid hương dâu 180ml,Gói 4,Sữa Chua - Váng Sữa,Sữa Tươi,32480.392156862745,33400.0,51,0.2156862745098039,0.1276537833424061,0.0550370915062327,3,0.1766467065868263,1,0,1,10,5.5,0,Topkid,local_value,0,0,1,0,domestic,0,0,0,10,count,4,False,180.0,,5.19295685089021,4511.165577342048,,8.414310841975752,4638.888888888889,,8.442230152942782
Lốc 4 hộp sữa chua uống Vinamilk Susu hương cam 110ml,Gói 4,Sữa Chua - Váng Sữa,Sữa Tươi,19000.0,19000.0,49,0.0,,0.0,1,0.0,0,0,1,0,0.0,0,Vinamilk,household_giant,0,1,1,0,domestic,0,0,0,11,count,4,False,110.0,,4.700480365792417,4318.181818181818,,8.370589717224362,4318.181818181818,,8.370589717224362
Lốc 4 hộp sữa chua uống Vinamilk Susu hương dâu 110ml,Gói 4,Sữa Chua - Váng Sữa,Sữa Tươi,19000.0,19000.0,49,0.0,,0.0,1,0.0,0,0,1,0,0.0,0,Vinamilk,household_giant,0,1,1,0,domestic,0,0,0,11,count,4,False,110.0,,4.700480365792417,4318.181818181818,,8.370589717224362,4318.181818181818,,8.370589717224362
Lốc 4 hộp sữa chua uống cam có thạch NUVI 170ml,Gói 4,Sữa Chua - Váng Sữa,Sữa Tươi,29628.571428571428,33500.0,70,0.7571428571428571,0.1526330611095466,0.0745945857383593,3,0.1837455830388692,1,0,1,30,26.5,0,Nuvi,local_value,0,0,1,0,domestic,0,0,0,11,count,4,False,170.0,,5.135798437050262,4357.142857142857,,8.37957181354019,4926.470588235295,,8.502378105631097
Lốc 4 hộp sữa chua uống dâu có thạch Nuvi,Gói 4,Sữa Chua - Váng Sữa,Sữa Tươi,29702.85714285714,33500.0,70,0.7428571428571429,0.1525832376578645,0.0758117344014763,3,0.1837455830388692,1,0,1,29,26.0,0,,,0,0,0,0,domestic,0,0,0,10,count,4,False,,,,,,,,,
Lốc 4 hộp sữa chua uống lên men Bentagen hương cam 85ml,Gói 4,Sữa Chua - Váng Sữa,Sữa Tươi,24755.555555555555,26200.0,63,0.5079365079365079,0.1085400763358778,0.0585188911647149,3,0.1391304347826087,1,0,1,19,16.0,0,,,0,0,0,0,domestic,0,0,0,12,count,4,False,85.0,,4.442651256490317,7281.045751633987,,8.893029778076931,7705.882352941177,,8.949739258127073
Lốc 4 hộp sữa chua uống lên men Bentagen hương dâu 85ml,Gói 4,Sữa Chua - Váng Sữa,Sữa Tươi,24755.555555555555,26200.0,63,0.5079365079365079,0.1085400763358778,0.0585188911647149,3,0.1391304347826087,1,0,1,19,16.0,0,,,0,0,0,0,domestic,0,0,0,12,count,4,False,85.0,,4.442651256490317,7281.045751633987,,8.893029778076931,7705.882352941177,,8.949739258127073
Lốc 4 hộp sữa chua uống vị cam YoMost 170ml,Gói 4,Sữa Chua - Váng Sữa,Sữa Tươi,27750.0,30600.0,68,0.5441176470588235,0.1711711711711711,0.0953759263213631,4,0.1814671814671815,1,0,1,23,18.5,0,Yomost,household_giant,0,1,1,0,domestic,0,0,0,10,count,4,False,170.0,,5.135798437050262,4080.8823529411766,,8.31406850699252,4500.0,,8.411832675758411
Lốc 4 hộp sữa chua ăn Ba Vì hộp 100g,Gói 4,Sữa Chua - Váng Sữa,Sữa Tươi,26695.454545454544,26800.0,44,0.0227272727272727,0.1716417910447761,0.0259773097831344,2,0.1716417910447761,1,0,1,1,1.0,0,Ba Vì,household_giant,0,1,1,0,domestic,0,0,0,10,count,4,False,,100.0,4.605170185988092,,6673.863636363636,8.805954227032405,,6700.0,8.809862805379057
Lốc 4 hộp sữa chua ăn Meiji dâu tây 90g,Gói 4,Sữa Chua - Váng Sữa,Sữa Tươi,40542.857142857145,43500.0,42,0.5476190476190477,0.1241379310344827,0.0670970696699728,2,0.1417322834645669,1,0,1,12,11.5,0,Meiji,prestige_leader,1,1,1,0,domestic,0,0,0,10,count,4,False,,90.0,4.499809670330265,,11261.904761904761,9.329181049190701,,12083.333333333334,9.399582371614711
Lốc 4 hộp sữa chua ăn Meiji nguyên chất 90g,Gói 4,Sữa Chua - Váng Sữa,Sữa Tươi,40933.333333333336,43500.0,42,0.5238095238095238,0.1126436781609195,0.0605102200983772,2,0.1269430051813471,1,0,1,12,11.0,0,Meiji,prestige_leader,1,1,1,0,domestic,0,0,1,10,count,4,False,,90.0,4.499809670330265,,11370.37037037037,9.338766160565005,,12083.333333333334,9.399582371614711
Lốc 4 hộp sữa chua ăn Meiji thạch dừa 90g,Gói 4,Sữa Chua - Váng Sữa,Sữa Tươi,40578.688524590165,43500.0,61,0.4590163934426229,0.1463054187192118,0.0802398021667189,3,0.1655172413793103,1,0,1,15,14.0,0,Meiji,prestige_leader,1,1,1,0,domestic,0,0,0,10,count,4,False,,90.0,4.499809670330265,,11271.857923497268,9.33006444912517,,12083.333333333334,9.399582371614711
Lốc 4 hộp sữa hạt hạnh nhân TH true NUT 180ml,Gói 4,Sữa Hạt - Sữa Đậu,Sữa Tươi,49846.42857142857,53500.0,56,0.5535714285714286,0.1233644859813084,0.0664179369218569,2,0.1407249466950959,1,0,1,19,15.5,0,,,0,0,0,0,domestic,0,0,0,11,count,4,False,180.0,,5.19295685089021,6923.1150793650795,,8.842621103299523,7430.555555555556,,8.913355906862089
Lốc 4 hộp sữa hạt và gạo lứt đỏ TH true NUT 180ml,Gói 4,Sữa Hạt - Sữa Đậu,Sữa Tươi,53500.0,53500.0,48,0.0,,0.0,1,0.0,0,0,1,0,0.0,0,,,0,0,0,0,domestic,0,0,0,13,count,4,False,180.0,,5.19295685089021,7430.555555555556,,8.913355906862089,7430.555555555556,,8.913355906862089
Lốc 4 hộp sữa lúa mạch cacao NUVI có thạch 170ml,Gói 4,Sữa Hạt - Sữa Đậu,Sữa Tươi,30900.0,33500.0,62,0.5,0.1552238805970149,0.0848292829114683,2,0.1837455830388692,1,0,1,16,10.333333333333334,0,Nuvi,local_value,0,0,1,0,domestic,0,0,0,11,count,4,False,170.0,,5.135798437050262,4544.117647058823,,8.421588850703776,4926.470588235295,,8.502378105631097
Lốc 4 hộp sữa tiệt trùng Ba Vì có đường 180ml,Gói 4,Sữa tươi,Sữa Tươi,30855.31914893617,36000.0,47,0.6595744680851063,0.2166666666666666,0.1210814333002019,2,0.2765957446808511,1,0,1,31,31.0,0,Ba Vì,household_giant,0,1,1,0,domestic,0,0,0,11,count,4,False,180.0,,5.19295685089021,4285.4609929078015,,8.362983408187562,5000.0,,8.517193191416238
Lốc 4 hộp sữa tiệt trùng THTRUE MILK topkid 180ml,Gói 4,Sữa tươi,Sữa Tươi,58000.0,58000.0,33,0.0,,0.0,1,0.0,0,0,1,0,0.0,0,TH True Milk,prestige_leader,1,1,1,0,domestic,0,0,0,10,count,4,False,180.0,,5.19295685089021,8055.555555555556,,8.994117263506547,8055.555555555556,,8.994117263506547
Lốc 4 hộp sữa tiệt trùng ít đường Nutimilk 100% Newzealand 180ml,Gói 4,Sữa tươi,Sữa Tươi,36100.0,36100.0,46,0.0,,0.0,1,0.0,0,0,1,0,0.0,0,Nutimilk,local_value,0,0,1,0,domestic,0,1,0,12,count,4,False,180.0,,5.19295685089021,5013.888888888889,,8.519967118298963,5013.888888888889,,8.519967118298963
Lốc 4 hộp sữa tươi tiệt trùng DALATMILK có đường 180ml,Gói 4,Sữa tươi,Sữa Tươi,37290.19607843137,37800.0,51,0.196078431372549,0.0687830687830687,0.0279576406959496,2,0.0738636363636364,1,0,1,9,5.0,0,Dalat Milk,prestige_leader,1,1,1,0,domestic,0,0,1,11,count,4,False,180.0,,5.19295685089021,5179.193899782134,,8.552404705341145,5250.0,,8.565983355585669
Lốc 4 hộp sữa tươi tiệt trùng Lothamilk ít đường 180ml,Gói 4,Sữa tươi,Sữa Tươi,35200.0,35200.0,45,0.0,,0.0,1,0.0,0,0,1,0,0.0,0,Lothamilk,local_value,0,0,1,0,domestic,0,1,1,11,count,4,False,180.0,,5.19295685089021,4888.888888888889,,8.494720335564178,4888.888888888889,,8.494720335564178
Lốc 4 hộp sữa tươi tiệt trùng Nutimilk100 có đường 180ml,Gói 4,Sữa tươi,Sữa Tươi,25997.727272727272,33900.0,88,1.0,0.2331053901850362,0.0087281452319069,2,0.0235294117647058,1,1,1,88,88.0,0,Nutimilk,local_value,0,0,1,0,domestic,0,0,1,11,count,4,False,180.0,,5.19295685089021,3610.7954545454545,,8.191683374573493,4708.333333333333,,8.457089267346532
Lốc 4 hộp sữa tươi tiệt trùng Nutimilk100 ít đường 180ml,Gói 4,Sữa tươi,Sữa Tươi,25997.727272727272,33900.0,88,1.0,0.2331053901850362,0.0087281452319069,2,0.0235294117647058,1,1,1,88,88.0,0,Nutimilk,local_value,0,0,1,0,domestic,0,1,1,11,count,4,False,180.0,,5.19295685089021,3610.7954545454545,,8.191683374573493,4708.333333333333,,8.457089267346532
Lốc 4 hộp sữa tươi tiệt trùng TH True Milk có đường 180ml,Gói 4,Sữa tươi,Sữa Tươi,38900.0,38900.0,36,0.0,,0.0,1,0.0,0,0,1,0,0.0,0,TH True Milk,prestige_leader,1,1,1,0,domestic,0,0,1,13,count,4,False,180.0,,5.19295685089021,5402.777777777777,,8.594668503584527,5402.777777777777,,8.594668503584527
Lốc 4 hộp sữa tươi tiệt trùng THTRUE Milk Hương Socola 110ml,Gói 4,Sữa tươi,Sữa Tươi,26100.0,26100.0,49,0.0,,0.0,1,0.0,0,0,1,0,0.0,0,TH True Milk,prestige_leader,1,1,1,0,domestic,0,0,1,12,count,4,False,110.0,,4.700480365792417,5931.818181818181,,8.68808605238657,5931.818181818181,,8.68808605238657
Lốc 4 hộp sữa tươi tiệt trùng Vinamilk có đường 180ml,Gói 4,Sữa tươi,Sữa Tươi,32971.153846153844,34200.0,52,0.4807692307692308,0.0747368421052631,0.0391245632434854,3,0.0822784810126582,1,0,1,14,12.5,0,Vinamilk,household_giant,0,1,1,0,domestic,0,0,1,11,count,4,False,180.0,,5.19295685089021,4579.326923076923,,8.429307306281675,4750.0,,8.465899897028686
Lốc 4 hộp sữa tươi tiệt trùng có đường Dalat Milk 110ml,Gói 4,Sữa tươi,Sữa Tươi,23829.090909090908,24200.0,55,0.2181818181818181,0.0702479338842975,0.0297363783192268,2,0.0702479338842975,1,0,1,12,12.0,0,Dalat Milk,prestige_leader,1,1,1,0,domestic,0,0,1,12,count,4,False,110.0,,4.700480365792417,5415.702479338843,,8.597057879430848,5500.0,,8.612503371220562
Lốc 4 hộp sữa tươi tiệt trùng có đường Vinamilk Green Farm 180ml,Gói 4,Sữa tươi,Sữa Tươi,39573.84615384616,42500.0,65,0.6923076923076923,0.0994509803921568,0.0517985705948648,4,0.1333333333333333,1,0,1,18,15.0,0,Vinamilk,household_giant,0,1,1,0,domestic,0,0,1,13,count,4,False,180.0,,5.19295685089021,5496.367521367522,,8.611842702366499,5902.777777777777,,8.683178328890499
Lốc 4 hộp sữa tươi tiệt trùng hương dâu Vinamilk 110ml,Gói 4,Sữa tươi,Sữa Tươi,20692.682926829268,21900.0,41,1.0,0.0551286334781156,0.0022641882027697,2,0.0147058823529411,1,1,1,41,41.0,0,Vinamilk,household_giant,0,1,1,0,domestic,0,0,1,11,count,4,False,110.0,,4.700480365792417,4702.882483370287,,8.45593089404414,4977.272727272727,,8.512637374880377
Lốc 4 hộp sữa tươi tiệt trùng không đường Vinamilk Green Farm 180ml,Gói 4,Sữa tươi,Sữa Tươi,39573.84615384616,42500.0,65,0.6923076923076923,0.0994509803921568,0.0517985705948648,4,0.1333333333333333,1,0,1,18,15.0,0,Vinamilk,household_giant,0,1,1,0,domestic,0,1,1,13,count,4,False,180.0,,5.19295685089021,5496.367521367522,,8.611842702366499,5902.777777777777,,8.683178328890499
Lốc 4 hộp sữa tươi tiệt trùng nguyên chất TH True Milk 180ml,Gói 4,Sữa tươi,Sữa Tươi,38900.0,38900.0,3,0.0,,0.0,1,0.0,0,0,1,0,0.0,0,TH True Milk,prestige_leader,1,1,1,0,domestic,0,0,1,13,count,4,False,180.0,,5.19295685089021,5402.777777777777,,8.594668503584527,5402.777777777777,,8.594668503584527
Lốc 4 hộp sữa tươi tiệt trùng nguyên chất THtrue Milk 110ml,Gói 4,Sữa tươi,Sữa Tươi,26100.0,26100.0,45,0.0,,0.0,1,0.0,0,0,1,0,0.0,0,TH True Milk,prestige_leader,1,1,1,0,domestic,0,0,1,12,count,4,False,110.0,,4.700480365792417,5931.818181818181,,8.68808605238657,5931.818181818181,,8.68808605238657
Lốc 4 hộp sữa tươi tiệt trùng sô cô la Vinamilk 110ml,Gói 4,Sữa tươi,Sữa Tươi,20659.322033898305,21900.0,59,1.0,0.0566519619224518,0.0050141262899105,2,0.0147058823529411,1,1,1,59,59.0,0,Vinamilk,household_giant,0,1,1,0,domestic,0,0,1,12,count,4,False,110.0,,4.700480365792417,4695.300462249615,,8.454317385813994,4977.272727272727,,8.512637374880377
Lốc 4 hộp sữa tươi tiệt trùng vị dâu Cô gái Hà Lan 180ml,Gói 4,Sữa tươi,Sữa Tươi,33227.77777777778,34900.0,54,0.3148148148148148,0.1521995617731333,0.0754557996658962,3,0.157593123209169,1,0,1,15,8.5,0,Dutch Lady,household_giant,0,1,1,0,domestic,0,0,1,14,count,4,False,180.0,,5.19295685089021,4614.969135802469,,8.437060459114473,4847.222222222222,,8.48616108216851
Lốc 4 hộp sữa tươi tiệt trùng ít đường Dalat Milk hộp 180ml,Gói 4,Sữa tươi,Sữa Tươi,37332.0,37800.0,50,0.18,0.0687830687830687,0.0270285178848754,2,0.0738636363636364,1,0,1,8,4.5,0,Dalat Milk,prestige_leader,1,1,1,0,domestic,0,1,1,13,count,4,False,180.0,,5.19295685089021,5185.0,,8.553525120663627,5250.0,,8.565983355585669
Lốc 4 hộp sữa tươi tiệt trùng ít đường Dalat milk 110ml,Gói 4,Sữa tươi,Sữa Tươi,23829.090909090908,24200.0,55,0.2181818181818181,0.0702479338842975,0.0297363783192268,2,0.0702479338842975,1,0,1,12,12.0,0,Dalat Milk,prestige_leader,1,1,1,0,domestic,0,1,1,12,count,4,False,110.0,,4.700480365792417,5415.702479338843,,8.597057879430848,5500.0,,8.612503371220562
Lốc 4 hộp sữa tươi tiệt trùng ít đường Vinamilk 180ml,Gói 4,Sữa tươi,Sữa Tươi,32970.37037037037,34200.0,54,0.4814814814814814,0.0746738641475483,0.0390806066193038,3,0.0822784810126582,1,0,1,14,13.0,0,Vinamilk,household_giant,0,1,1,0,domestic,0,1,1,11,count,4,False,180.0,,5.19295685089021,4579.218106995885,,8.429283543537553,4750.0,,8.465899897028686
Lốc 4 hộp sữa tươi tiệt trùng ít đường Vinamilk Green Farm 110ml,Gói 4,Sữa tươi,Sữa Tươi,29000.0,29000.0,48,0.0,,0.0,1,0.0,0,0,1,0,0.0,0,Vinamilk,household_giant,0,1,1,0,domestic,0,1,1,13,count,4,False,110.0,,4.700480365792417,6590.90909090909,,8.793446568044395,6590.90909090909,,8.793446568044395
Lốc 4 hộp sữa tươi tiệt trùng ít đường Vinamilk Green Farm 180ml,Gói 4,Sữa tươi,Sữa Tươi,39573.84615384616,42500.0,65,0.6923076923076923,0.0994509803921568,0.0517985705948648,4,0.1333333333333333,1,0,1,18,15.0,0,Vinamilk,household_giant,0,1,1,0,domestic,0,1,1,13,count,4,False,180.0,,5.19295685089021,5496.367521367522,,8.611842702366499,5902.777777777777,,8.683178328890499
Lốc 4 hộp sữa uống lên men tiệt trùng Lothamilk hương dâu 180ml,Gói 4,Sữa tươi,Sữa Tươi,29000.0,29000.0,47,0.0,,0.0,1,0.0,0,0,1,0,0.0,0,Lothamilk,local_value,0,0,1,0,domestic,0,0,0,13,count,4,False,180.0,,5.19295685089021,4027.777777777778,,8.300970082946602,4027.777777777778,,8.300970082946602
Lốc 4 hộp sữa uống lúa mạch Milo Nestlé 180ml,Gói 4,Sữa Hạt - Sữa Đậu,Sữa Tươi,29814.035087719298,30900.0,57,1.0,0.0351444955430647,0.0011754139317075,2,0.0033444816053511,1,1,1,57,57.0,0,Milo,household_giant,0,1,1,0,domestic,0,0,0,10,count,4,False,180.0,,5.19295685089021,4140.83820662768,,8.328653511695018,4291.666666666667,,8.364430436863827
Lốc 4 hộp sữa uống lúa mạch socola Ovaltine 110ml,Gói 4,Sữa Hạt - Sữa Đậu,Sữa Tươi,22143.396226415098,22800.0,53,0.2264150943396226,0.1271929824561403,0.0553345919147636,2,0.1457286432160804,1,0,1,12,12.0,0,Ovaltine,prestige_leader,1,1,1,0,domestic,0,0,0,10,count,4,False,110.0,,4.700480365792417,5032.590051457976,,8.523690051334572,5181.818181818181,,8.552911274018317
Lốc 4 hộp thức uống dinh dưỡng Kaka cacao lúa mạch 180ml,Gói 4,Sữa Hạt - Sữa Đậu,Sữa Tươi,28403.030303030304,33000.0,66,0.6212121212121212,0.2242424242424242,0.1273504046305693,2,0.2890625,1,0,1,22,13.666666666666666,0,Kaka,local_value,0,0,1,0,domestic,0,1,0,12,count,4,False,180.0,,5.19295685089021,3944.86531986532,,8.280170093246088,4583.333333333333,,8.430181814426607
Lốc 4 hộp thức uống trái cây tươi vị nho 180ml,Gói 4,Sữa tươi,Sữa Tươi,23850.0,28000.0,80,1.0,0.1482142857142857,0.0167449302764237,2,0.0481927710843373,1,1,1,80,80.0,0,,,0,0,0,0,domestic,0,0,1,11,count,4,False,180.0,,5.19295685089021,3312.5,,8.105458470294478,3888.8888888888887,,8.265878763135332
Lốc 4 hộp váng sữa Gotz Hoff 55g,Gói 4,Sữa Chua - Váng Sữa,Sữa Tươi,34500.0,34500.0,52,0.0,,0.0,1,0.0,0,0,1,0,0.0,0,Hoff,local_value,0,0,1,0,domestic,0,0,0,8,count,4,False,,55.0,4.007333185232471,,15681.81818181818,9.660257242655181,,15681.81818181818,9.660257242655181
Lốc 4 hộp váng sữa vị hạt dẻ Hoff 55g,Gói 4,Sữa Chua - Váng Sữa,Sữa Tươi,54936.90476190476,64900.0,84,1.0,0.1535145645315137,0.0112591834622971,2,0.0317757009345793,1,1,1,84,84.0,0,Hoff,local_value,0,0,1,0,domestic,0,0,0,10,count,4,False,,55.0,4.007333185232471,,24971.320346320346,10.125483259181443,,29499.999999999996,10.29214554232791
Lốc 4 sữa tươi tiệt trùng Dalat Milk không đường vị tự nhiên hộp 180ml,Gói 4,Sữa tươi,Sữa Tươi,37332.0,37800.0,50,0.18,0.0687830687830687,0.0270285178848754,2,0.0738636363636364,1,0,1,8,4.5,0,Dalat Milk,prestige_leader,1,1,1,0,domestic,0,1,1,15,count,4,False,180.0,,5.19295685089021,5185.0,,8.553525120663627,5250.0,,8.565983355585669
Lốc 4 sữa tươi tiệt trùng vị tự nhiên TH true MILK Hilo 180ml,Gói 4,Sữa tươi,Sữa Tươi,44400.0,44400.0,48,0.0,,0.0,1,0.0,0,0,1,0,0.0,0,TH True Milk,prestige_leader,1,1,1,0,domestic,0,0,1,14,count,4,False,180.0,,5.19295685089021,6166.666666666666,,8.726913722398306,6166.666666666666,,8.726913722398306
Lốc 4 váng sữa hạt óc chó Hoff 55g,Gói 4,Sữa Chua - Váng Sữa,Sữa Tươi,72504.6875,78800.0,64,0.484375,0.1649336826592435,0.093570902445969,3,0.2409448818897637,1,0,1,17,15.5,0,Hoff,local_value,0,0,1,0,domestic,0,0,0,9,count,4,False,,55.0,4.007333185232471,,32956.67613636363,10.402949133560854,,35818.181818181816,10.486210915481701
Lốc 4 váng sữa non Hoff 55g,Gói 4,Sữa Chua - Váng Sữa,Sữa Tươi,78800.0,78800.0,48,0.0,,0.0,1,0.0,0,0,1,0,0.0,0,Hoff,local_value,0,0,1,0,domestic,0,0,0,7,count,4,False,,55.0,4.007333185232471,,35818.181818181816,10.486210915481701,,35818.181818181816,10.486210915481701
Lốc 5 chai sữa chua uống Probi Pedia+ hương cam 65ml,Gói 5,Sữa Chua - Váng Sữa,Sữa Tươi,27263.333333333332,29700.0,60,0.5666666666666667,0.1447811447811448,0.0788159298474595,2,0.1692913385826771,1,0,1,19,11.333333333333334,0,Probi,local_value,0,0,1,0,domestic,0,0,0,11,count,5,False,65.0,,4.174387269895637,8388.71794871795,,9.034642980719264,9138.461538461539,,9.120247328449144
Lốc 6 chai Nuvi sữa chua uống lên men chai 100ml,Gói 6,Sữa Chua - Váng Sữa,Sữa Tươi,27900.0,31100.0,66,1.0,0.1028938906752411,0.0,1,0.0,1,1,1,66,66.0,0,Nuvi,local_value,0,0,1,0,domestic,0,0,0,11,count,6,False,100.0,,4.605170185988092,4650.0,,8.444622498581403,5183.333333333333,,8.55320362893927
Lốc 6 chai sữa chua uống Fristi vị cam 80ml,Gói 6,Sữa Chua - Váng Sữa,Sữa Tươi,23949.15254237288,25500.0,59,0.4067796610169492,0.1495098039215686,0.0834647971513364,3,0.1803921568627451,1,0,1,15,12.0,0,Fristi,local_value,0,0,1,0,domestic,0,0,0,10,count,6,False,80.0,,4.382026634673881,4989.406779661017,,8.5150722998471,5312.5,,8.577817813232672
Lốc 6 chai sữa chua uống Vinamilk Susu hương cam 80ml,Gói 6,Sữa Chua - Váng Sữa,Sữa Tươi,23638.59649122807,26000.0,57,0.5964912280701754,0.152262443438914,0.0892496075361601,3,0.2206572769953052,1,0,1,21,11.333333333333334,0,Vinamilk,household_giant,0,1,1,0,domestic,0,0,0,11,count,6,False,80.0,,4.382026634673881,4924.707602339181,,8.502020181760301,5416.666666666667,,8.597235899089775
Lốc 6 chai sữa chua uống Vinamilk Susu hương dâu 80ml,Gói 6,Sữa Chua - Váng Sữa,Sữa Tươi,23647.272727272728,26000.0,55,0.5818181818181818,0.1555288461538461,0.0908324972610075,3,0.2206572769953052,1,0,1,21,10.666666666666666,0,Vinamilk,household_giant,0,1,1,0,domestic,0,0,0,11,count,6,False,80.0,,4.382026634673881,4926.515151515152,,8.502387151270872,5416.666666666667,,8.597235899089775
Lốc 6 chai sữa chua uống lên Fristi vị dâu 80ml,Gói 6,Sữa Chua - Váng Sữa,Sữa Tươi,24165.384615384617,25500.0,52,0.3076923076923077,0.1700980392156862,0.0851856341859619,3,0.1803921568627451,1,0,1,14,8.0,0,Fristi,local_value,0,0,1,0,domestic,0,0,0,11,count,6,False,80.0,,4.382026634673881,5034.455128205129,,8.52406058245571,5312.5,,8.577817813232672
Lốc 6 chai sữa chua uống đào tiên Fristi 80ml,Gói 6,Sữa Chua - Váng Sữa,Sữa Tươi,24632.65306122449,25500.0,49,0.3469387755102041,0.0980392156862745,0.0488100901467374,2,0.108695652173913,1,0,1,9,8.5,0,Fristi,local_value,0,0,1,0,domestic,0,0,0,10,count,6,False,80.0,,4.382026634673881,5131.802721088436,,8.543212284055198,5312.5,,8.577817813232672
Lốc 6 hộp sữa tiệt trùng Binggrae hương dâu 200ml,Gói 6,Sữa tươi,Sữa Tươi,99574.13793103448,111000.0,58,0.5517241379310345,0.1865709459459459,0.1057710956103076,3,0.2685714285714284,1,0,1,19,16.0,0,Binggrae,niche_professional,1,0,1,0,domestic,0,0,0,10,count,6,False,200.0,,5.298317366548036,8297.844827586207,,9.023751100740407,9250.0,,9.132378830506472
Lốc 6 hộp sữa tiệt trùng Bringrae Hương dưa lưới 200ml,Gói 6,Sữa tươi,Sữa Tươi,103800.0,111000.0,47,0.3829787234042553,0.1693693693693693,0.0889954702997057,2,0.2039045553145335,1,0,1,9,9.0,0,Binggrae,niche_professional,1,0,1,0,domestic,0,0,0,11,count,6,False,200.0,,5.298317366548036,8650.0,,9.065314599925925,9250.0,,9.132378830506472
Lốc 6 hộp sữa đậu nành Fami canxi cà phê 200ml,Gói 6,Sữa Hạt - Sữa Đậu,Sữa Tươi,25800.0,31200.0,163,1.0,0.173076923076923,0.0,1,0.0,1,1,1,163,163.0,0,Fami,household_giant,0,1,1,0,domestic,0,1,0,11,count,6,False,200.0,,5.298317366548036,2150.0,,7.673223121121708,2600.0,,7.8632667240095735
Lốc 6 hộp sữa đậu nành Vinasoy Fami nguyên chất ít đường 200ml,Gói 6,Sữa Hạt - Sữa Đậu,Sữa Tươi,29608.0,31500.0,25,0.6,0.1001058201058201,0.0535172889474679,3,0.1238095238095238,1,0,1,14,7.5,0,Fami,household_giant,0,1,1,0,domestic,0,1,1,13,count,6,False,200.0,,5.298317366548036,2467.3333333333335,,7.810893224277992,2625.0,,7.872836175025724
Lốc 6 hộp sữa đậu nành canxi plus Fami 200ml,Gói 6,Sữa Hạt - Sữa Đậu,Sữa Tươi,31900.0,38700.0,84,1.0,0.1757105943152454,0.0,1,0.0,1,1,1,84,84.0,0,Fami,household_giant,0,1,1,0,domestic,0,1,0,10,count,6,False,200.0,,5.298317366548036,2658.3333333333335,,7.885454638984935,3225.0,,8.078688229229872
Lốc 6 sữa đậu nành canxi vị socola Fami 200ml,Gói 6,Sữa Hạt - Sữa Đậu,Sữa Tươi,25800.0,31200.0,81,1.0,0.173076923076923,0.0,1,0.0,1,1,1,81,81.0,0,Fami,household_giant,0,1,1,0,domestic,0,1,0,10,count,6,False,200.0,,5.298317366548036,2150.0,,7.673223121121708,2600.0,,7.8632667240095735
Lốc 8 hộp sữa lúa mạch Nestle Milo 180ml,Gói 8,Sữa Hạt - Sữa Đậu,Sữa Tươi,58512.28070175439,60800.0,57,1.0,0.0376269621421976,0.0080360734724187,3,0.0173913043478259,1,1,1,57,57.0,0,Milo,household_giant,0,1,1,0,domestic,0,0,0,9,count,8,False,180.0,,5.19295685089021,4063.3528265107216,,8.30976373113222,4222.222222222222,,8.348116861372302
MEADOW FRESH Sữa tươi tách béo 1L,Hộp,Sữa tươi,Sữa Tươi,48523.68421052631,57426.31578947369,38,0.7631578947368421,0.2025423386350894,0.108354466885778,3,0.2131715771230502,1,0,2,27,14.5,1,Meadow Fresh,niche_professional,1,0,1,0,Úc,1,1,1,7,count,1,False,1000.0,,6.907755278982137,4852.368421052632,,8.487222198972825,5742.631578947368,,8.655672847482704
MILO Sữa uống lúa mạch 115ml/110ml,Thùng,Sữa Hạt - Sữa Đậu,Sữa Tươi,252000.0,252000.0,52,0.0,,0.0,1,0.0,0,0,1,0,0.0,0,Milo,household_giant,0,1,1,0,domestic,0,0,0,6,unknown,1,True,110.0,,4.700480365792417,229090.90909090906,,12.341874186689235,229090.90909090906,,12.341874186689235
"Nước đậu đen, óc chó, hạnh nhân Sahmyook hộp 950ml",Hộp,Sữa Hạt - Sữa Đậu,Sữa Tươi,93000.0,93000.0,37,0.0,,0.0,1,0.0,0,0,1,0,0.0,0,Sahmyook,niche_professional,1,0,1,0,domestic,0,0,0,10,count,1,False,950.0,,6.856461984594587,9789.473684210527,,9.189062973528898,9789.473684210527,,9.189062973528898
Phô Mai Con Bò Cười 16 miếng 224g,Hộp,Bơ Sữa - Phô Mai,Sữa Tươi,65026.41509433962,67600.0,53,0.5094339622641509,0.0747315362699978,0.0392132682612482,3,0.0815999999999999,1,0,1,14,9.0,0,Con Bò Cười,local_value,0,0,1,0,domestic,0,0,0,8,count,1,False,,224.0,5.4116460518550396,,29029.64959568733,10.276072986525136,,30178.571428571424,10.314887396164107
Phô mai Bega Strong & Bitey Vintage 250g,Gói,Bơ Sữa - Phô Mai,Sữa Tươi,133829.3103448276,139000.0,58,0.293103448275862,0.1269149386373254,0.0607815614482115,3,0.1661870503597122,1,0,1,16,8.5,0,Bega,niche_professional,1,0,1,0,domestic,0,0,0,8,count,1,False,,250.0,5.521460917862246,,53531.724137931036,10.88802973168493,,55600.0,10.925938480238674
Phô mai BegaTasty Grated Cheese 250g,Gói,Bơ Sữa - Phô Mai,Sữa Tươi,136644.64285714287,142000.0,56,0.3035714285714285,0.1242336371168185,0.0601553589097011,3,0.1626760563380281,1,0,1,16,8.5,0,Bega,niche_professional,1,0,1,0,domestic,0,0,0,6,count,1,False,,250.0,5.521460917862246,,54657.857142857145,10.908848255326413,,56800.0,10.947291604709243
Phô mai Belcube ngọt vị Dâu 78g x15C,Gói,Bơ Sữa - Phô Mai,Sữa Tươi,49129.62962962963,51500.0,54,0.2962962962962963,0.1553398058252427,0.0750522076983114,2,0.1839080459770115,1,0,1,16,16.0,0,Belcube,niche_professional,1,0,1,0,domestic,0,0,0,8,count,1,False,,78.0,4.356708826689592,,62986.704653371315,11.050678945854102,,66025.64102564102,11.097798445950326
Phô mai Belcube ngọt vị Socola 78gx15C,Gói,Bơ Sữa - Phô Mai,Sữa Tươi,48410.71428571428,51500.0,56,0.5535714285714286,0.1083620419668023,0.069608457934296,3,0.1839080459770115,1,0,1,16,10.333333333333334,0,Belcube,niche_professional,1,0,1,0,domestic,0,0,0,7,count,1,False,,,,,,,,,
Phô mai Con Bò Cười 8M 112g,Hộp,Bơ Sữa - Phô Mai,Sữa Tươi,36588.0,37800.0,50,0.38,0.0843776106934001,0.0428129121928744,3,0.0956521739130433,1,0,1,12,9.5,0,Con Bò Cười,local_value,0,0,1,0,domestic,0,0,0,7,count,1,False,,112.0,4.718498871295094,,32667.85714285714,10.394146911469251,,33750.0,10.426735696300677
Phô mai Con Bò Cười Light hộp 120g,Hộp,Bơ Sữa - Phô Mai,Sữa Tươi,37300.0,38500.0,35,0.3428571428571428,0.0909090909090909,0.0451897847700475,2,0.1,1,0,1,9,6.0,0,Con Bò Cười,local_value,0,0,1,0,domestic,0,0,0,8,count,1,False,,120.0,4.787491742782046,,31083.333333333336,10.344427048837952,,32083.333333333336,10.37609196348192
Phô mai Emmental gói 220g,Gói,Bơ Sữa - Phô Mai,Sữa Tươi,151000.0,151000.0,45,0.0,,0.0,1,0.0,0,0,1,0,0.0,0,,,0,0,0,0,domestic,0,0,0,5,count,1,False,,220.0,5.393627546352362,,68636.36363636363,11.136577755432791,,68636.36363636363,11.136577755432791
Phô mai Emmental sợi gói 70g,Gói,Bơ Sữa - Phô Mai,Sữa Tươi,55000.0,55000.0,50,0.0,,0.0,1,0.0,0,0,1,0,0.0,0,,,0,0,0,0,domestic,0,0,0,6,count,1,False,,70.0,4.248495242049359,,78571.42857142858,11.27176340815334,,78571.42857142858,11.27176340815334
Phô mai Kiwifood Gouda gói 200g,Gói,Bơ Sữa - Phô Mai,Sữa Tươi,118144.44444444444,118144.44444444444,36,0.0,,0.0232026659045197,2,0.1102803738317756,0,0,2,0,0.0,1,Kiwifood,local_value,0,0,1,0,domestic,0,0,0,6,count,1,False,,200.0,5.298317366548036,,59072.22222222222,10.986516079743012,,59072.22222222222,10.986516079743012
Phô mai Mozzarella gói 200g,Gói,Bơ Sữa - Phô Mai,Sữa Tươi,71814.28571428571,73700.0,42,0.2619047619047619,0.0976933514246947,0.0446151407229247,2,0.0976933514246947,1,0,1,11,11.0,0,,,0,0,0,0,domestic,0,0,0,5,count,1,False,,200.0,5.298317366548036,,35907.142857142855,10.488691520065409,,36850.0,10.514610897617482
Phô mai Mozzarella hộp 200g,Gói,Bơ Sữa - Phô Mai,Sữa Tươi,114000.0,114000.0,48,0.0,,0.0,1,0.0,0,0,1,0,0.0,0,,,0,0,0,0,domestic,0,0,0,5,count,1,False,,200.0,5.298317366548036,,57000.0,10.950806546816688,,57000.0,10.950806546816688
Phô mai Mozzarella lát Lactima 200g,Gói,Bơ Sữa - Phô Mai,Sữa Tươi,73195.55555555556,75000.0,45,0.3111111111111111,0.0773333333333333,0.0370984317960084,2,0.0773333333333333,1,0,1,14,14.0,0,Lactima,local_value,0,0,1,0,domestic,0,0,0,6,count,1,False,,200.0,5.298317366548036,,36597.77777777778,10.50774280109198,,37500.0,10.532096211958502
Phô mai Paysan Brie Breton hộp 125g,Hộp,Bơ Sữa - Phô Mai,Sữa Tươi,104982.85714285714,106000.0,35,0.0571428571428571,0.1679245283018867,0.0399300727382832,2,0.2018140589569161,1,0,1,2,2.0,0,,,0,0,0,0,domestic,0,0,0,7,count,1,False,,125.0,4.8283137373023015,,83986.28571428571,11.338408799190097,,84800.0,11.348050821779994
Phô mai Paysan camembert breton hộp 125g,Hộp,Bơ Sữa - Phô Mai,Sữa Tươi,107000.0,107000.0,36,0.0,,0.0,1,0.0,0,0,1,0,0.0,0,,,0,0,0,0,domestic,0,0,0,7,count,1,False,,125.0,4.8283137373023015,,85600.0,11.357440562129833,,85600.0,11.357440562129833
Phô mai Prestige Camebert hộp 125g,Gói,Bơ Sữa - Phô Mai,Sữa Tươi,95000.0,95000.0,49,0.0,,0.0,1,0.0,0,0,1,0,0.0,0,,,0,0,0,0,domestic,0,0,0,6,count,1,False,,125.0,4.8283137373023015,,76000.0,11.238488619268468,,76000.0,11.238488619268468
Phô mai Vinamilk hộp 120g (8 miếng),Hộp,Bơ Sữa - Phô Mai,Sữa Tươi,30751.612903225807,33900.0,62,0.7096774193548387,0.1308661839635291,0.0661780252065954,4,0.1609589041095891,1,0,1,20,14.666666666666666,0,Vinamilk,household_giant,0,1,1,0,domestic,0,0,0,7,count,1,False,,120.0,4.787491742782046,,25626.344086021505,10.151376167202569,,28250.0,10.248848736574587
Phô mai Zelachi cheddar gói 100g,Gói,Bơ Sữa - Phô Mai,Sữa Tươi,59500.0,59500.0,44,0.0,,0.0,1,0.0,0,0,1,0,0.0,0,,,0,0,0,0,domestic,0,0,0,6,count,1,False,,100.0,4.605170185988092,,59500.0,10.993731591533722,,59500.0,10.993731591533722
Phô mai cheddar Kiwifood gói 200g,Gói,Bơ Sữa - Phô Mai,Sữa Tươi,107388.88888888888,107388.88888888888,36,0.0,,0.0237959210868355,2,0.1134020618556701,0,0,2,0,0.0,1,Kiwifood,local_value,0,0,1,0,domestic,0,0,0,6,count,1,False,,200.0,5.298317366548036,,53694.44444444444,10.891064819734359,,53694.44444444444,10.891064819734359
Phô mai các loại hạt dinh dưỡng QBB 90g,Hộp,Bơ Sữa - Phô Mai,Sữa Tươi,72847.27272727272,79400.0,55,0.6181818181818182,0.1335012594458438,0.0713449847231792,2,0.1540697674418605,1,0,1,16,11.333333333333334,0,Qbb,niche_professional,1,0,1,0,domestic,0,1,0,9,count,1,False,,90.0,4.499809670330265,,80941.41414141413,11.301480889755045,,88222.22222222222,11.387614162893053
Phô mai cắt Emmetal 200g,Gói,Bơ Sữa - Phô Mai,Sữa Tươi,116881.81818181818,116881.81818181818,33,0.0,,0.0058084556587846,2,0.0344827586206897,0,0,2,0,0.0,1,,,0,0,0,0,domestic,0,0,0,5,count,1,False,,200.0,5.298317366548036,,58440.90909090909,10.975771421714024,,58440.90909090909,10.975771421714024
Phô mai dây hun khói Solse gói 200g,Gói,Bơ Sữa - Phô Mai,Sữa Tươi,118567.44186046511,118800.0,43,0.0232558139534883,0.0841750841750841,0.0128617576578965,2,0.0841750841750841,1,0,1,1,1.0,0,Solse,local_value,0,0,1,0,domestic,0,0,0,8,count,1,False,,200.0,5.298317366548036,,59283.72093023256,10.990090026728714,,59400.0,10.992049505350737
Phô mai gói Edam 200g,Gói,Bơ Sữa - Phô Mai,Sữa Tươi,110400.0,110400.0,30,0.0,,0.0206827281279181,2,0.0882352941176469,0,0,2,0,0.0,1,,,0,0,0,0,domestic,0,0,0,5,count,1,False,,200.0,5.298317366548036,,55200.0,10.918718232265187,,55200.0,10.918718232265187
Phô mai hun khói Solse sợi dê gói 100g,Gói,Bơ Sữa - Phô Mai,Sữa Tươi,77000.0,77000.0,35,0.0,,0.0,1,0.0,0,0,1,0,0.0,0,Solse,local_value,0,0,1,0,domestic,0,0,0,9,count,1,False,,100.0,4.605170185988092,,77000.0,11.251560700835821,,77000.0,11.251560700835821
Phô mai lát Cheddar Anchor gói 200g,Gói,Bơ Sữa - Phô Mai,Sữa Tươi,67542.5925925926,74000.0,54,0.5925925925925926,0.1472550675675675,0.0820902923502638,4,0.2012987012987013,1,0,1,16,10.666666666666666,0,Anchor,niche_professional,1,0,1,0,Úc,1,0,0,7,count,1,False,,200.0,5.298317366548036,,33771.2962962963,10.42736649867476,,37000.0,10.51867319162636
Phô mai lát Hamburger Zott gói 200g,Gói,Bơ Sữa - Phô Mai,Sữa Tươi,60609.09090909091,67000.0,66,0.5606060606060606,0.1701492537313433,0.0940672171615232,2,0.2050359712230216,1,0,1,20,18.5,0,Zott,niche_professional,1,0,1,0,domestic,0,0,0,7,count,1,False,,200.0,5.298317366548036,,30304.545454545456,10.319052995247835,,33500.0,10.419300717813158
Phô mai lát Lactima Cheddar 200g,Gói,Bơ Sữa - Phô Mai,Sữa Tươi,72963.63636363637,75000.0,44,0.3636363636363636,0.0746666666666666,0.0373473677212169,2,0.0746666666666666,1,0,1,16,16.0,0,Lactima,local_value,0,0,1,0,domestic,0,0,0,6,count,1,False,,200.0,5.298317366548036,,36481.818181818184,10.504569283456638,,37500.0,10.532096211958502
Phô mai lát Sandwich Zott gói 200g,Gói,Bơ Sữa - Phô Mai,Sữa Tươi,62737.93103448276,67000.0,58,0.3620689655172414,0.1756929637526652,0.0910052649446765,3,0.2181818181818182,1,0,1,13,10.5,0,Zott,niche_professional,1,0,1,0,domestic,0,0,0,7,count,1,False,,200.0,5.298317366548036,,31368.96551724138,10.353574323823679,,33500.0,10.419300717813158
Phô mai sữa chua Kids Mix Premium hoa quả vỉ 6 hộp 50g,Gói 6,Sữa Chua - Váng Sữa,Sữa Tươi,88000.0,88000.0,53,0.0,,0.0,1,0.0,0,0,1,0,0.0,0,,,0,0,0,0,domestic,0,0,0,13,count,6,False,,50.0,3.912023005428146,,29333.333333333332,10.286479804792235,,29333.333333333332,10.286479804792235
Phô mai vuông Belcube vị sữa Con Bò Cười gói 125g,Hộp,Bơ Sữa - Phô Mai,Sữa Tươi,70833.33333333333,71500.0,51,0.3333333333333333,0.0279720279720279,0.0134426888066688,2,0.0287769784172662,1,0,1,9,8.5,0,Belcube,niche_professional,1,0,1,0,domestic,0,0,0,11,count,1,False,,125.0,4.8283137373023015,,56666.666666666664,10.94494142736429,,57200.0,10.95430917736789
Phô mai vuông vị sữa Belcube gói 78g,Hộp,Bơ Sữa - Phô Mai,Sữa Tươi,51153.84615384616,51500.0,52,0.3461538461538461,0.0194174757281553,0.0093909744336818,2,0.0198019801980198,1,0,1,11,9.0,0,Belcube,niche_professional,1,0,1,0,domestic,0,0,0,8,count,1,False,,78.0,4.356708826689592,,65581.85404339251,11.091054321474955,,66025.64102564102,11.097798445950326
Phô mai vị vanilla QBB 90g,Hộp,Bơ Sữa - Phô Mai,Sữa Tươi,71612.24489795919,79400.0,49,0.7346938775510204,0.1335012594458438,0.0660271945684185,2,0.1540697674418605,1,0,1,21,12.0,0,Qbb,niche_professional,1,0,1,0,domestic,0,0,0,6,count,1,False,,90.0,4.499809670330265,,79569.16099773243,11.284381872112553,,88222.22222222222,11.387614162893053
Phô mai ăn vị dâu chuối Kidsmix vỉ 4 hộp x 50g,Gói 4,Bơ Sữa - Phô Mai,Sữa Tươi,55108.771929824565,57000.0,57,0.2456140350877192,0.1350877192982456,0.0606787738555625,2,0.1561866125760649,1,0,1,14,14.0,0,Kidsmix,local_value,0,0,1,0,domestic,0,0,0,12,count,4,False,,50.0,3.912023005428146,,27554.385964912282,10.223917002088362,,28500.0,10.257659366256743
Phô mai ăn vị dâu lê Kidsmix vỉ 4 hộp x 50g,Gói 4,Bơ Sữa - Phô Mai,Sữa Tươi,55108.771929824565,57000.0,57,0.2456140350877192,0.1350877192982456,0.0606787738555625,2,0.1561866125760649,1,0,1,14,14.0,0,Kidsmix,local_value,0,0,1,0,domestic,0,0,0,12,count,4,False,,50.0,3.912023005428146,,27554.385964912282,10.223917002088362,,28500.0,10.257659366256743
Phô mai ăn vị dâu mâm xôi Kidsmix vỉ 4 hộp x 50g,Gói 4,Bơ Sữa - Phô Mai,Sữa Tươi,55108.771929824565,57000.0,57,0.2456140350877192,0.1350877192982456,0.0606787738555625,2,0.1561866125760649,1,0,1,14,14.0,0,Kidsmix,local_value,0,0,1,0,domestic,0,0,0,13,count,4,False,,50.0,3.912023005428146,,27554.385964912282,10.223917002088362,,28500.0,10.257659366256743
Solse Phomai dây hun khói 100g,Gói,Bơ Sữa - Phô Mai,Sữa Tươi,68000.0,68000.0,47,0.0,,0.0,1,0.0,0,0,1,0,0.0,0,Solse,local_value,0,0,1,0,domestic,0,0,0,6,count,1,False,,100.0,4.605170185988092,,68000.0,11.127262984158243,,68000.0,11.127262984158243
Sữa chua Vinamilk nha đam ít đường hộp 100g,Hộp,Sữa Chua - Váng Sữa,Sữa Tươi,8150.0,8900.0,36,0.5,0.1685393258426966,0.0933299177000815,2,0.2027027027027026,1,0,1,14,9.0,0,Vinamilk,household_giant,0,1,1,0,domestic,0,1,0,9,count,1,False,,100.0,4.605170185988092,,8150.0,9.005773206234908,,8900.0,9.093806555720231
Sữa tiệt trùng canxi MeaDow Fresh hộp 200g,Gói 3,Sữa tươi,Sữa Tươi,49229.50819672131,54600.0,61,0.6885245901639344,0.1428571428571428,0.0739826713173688,2,0.1666666666666667,1,0,1,42,42.0,0,Meadow Fresh,niche_professional,1,0,1,0,Úc,1,1,0,8,count,3,False,,200.0,5.298317366548036,,8204.918032786885,9.012489013564101,,9100.0,9.116029692504942
Sữa tươi tiệt trùng Devondale nguyên chất 1L,Gói,Sữa tươi,Sữa Tươi,61933.333333333336,67900.0,42,0.3333333333333333,0.2636229749631811,0.1378970692037437,2,0.3580000000000001,1,0,1,14,14.0,0,Devondale,niche_professional,1,0,1,0,Úc,1,0,1,8,count,1,False,1000.0,,6.907755278982137,6193.333333333334,,8.73122872369972,6790.0,,8.823206220552741
Sữa tươi tiệt trùng Devondale nguyên chất 6 hộp x 200ml,Gói 6,Sữa tươi,Sữa Tươi,91449.09090909093,105000.0,55,0.4909090909090909,0.2628924162257495,0.1522916975900338,3,0.3583441138421732,1,0,1,14,13.5,0,Devondale,niche_professional,1,0,1,0,Úc,1,0,1,11,count,6,False,200.0,,5.298317366548036,7620.757575757577,,8.93863106312967,8750.0,,9.07680897935166
Sữa Bột Nutifood Growplus lon 1.5 kg,Lon,Sữa Bột,Sữa Tươi,698655.1724137932,717689.6551724138,29,0.2758620689655172,0.0973201692524682,0.0567758123435518,3,0.1078125,1,0,2,8,8.0,1,Nutifood,prestige_leader,1,1,1,0,domestic,0,0,0,7,count,1,False,,1500.0,7.313220387090301,,46577.011494252874,10.748862382819604,,47845.97701149425,10.775742318351705
Sữa Chua Uống Susu Hương Cam gói 110ml,Gói,Sữa Chua - Váng Sữa,Sữa Tươi,5400.0,5400.0,48,0.0,,0.0,1,0.0,0,0,1,0,0.0,0,Susu,local_value,0,0,1,0,domestic,0,0,0,8,count,1,False,110.0,,4.700480365792417,4909.090909090909,,8.49884405274804,4909.090909090909,,8.49884405274804
Sữa Ensure hương vani chai 237ml,Chai,Sữa Bột,Sữa Tươi,42800.0,42800.0,26,0.0,,0.0,1,0.0,0,0,1,0,0.0,0,Ensure,prestige_leader,1,1,1,0,domestic,0,0,0,6,count,1,False,237.0,,5.4680601411351315,18059.071729957806,,9.801403426422848,18059.071729957806,,9.801403426422848
Sữa Glucerna Hương Lúa Mạch hộp 850g,Lon,Sữa Hạt - Sữa Đậu,Sữa Tươi,957000.0,957000.0,42,0.0,,0.0,1,0.0,0,0,1,0,0.0,0,Glucerna,prestige_leader,1,1,1,0,domestic,0,0,0,7,count,1,False,,850.0,6.745236349484363,,112588.23529411765,11.631492506938821,,112588.23529411765,11.631492506938821
Sữa KUN vị cacao lúa mạch hộp 110ml,Gói 4,Sữa Chua - Váng Sữa,Sữa Tươi,20063.157894736843,20800.0,57,0.2631578947368421,0.1346153846153846,0.062000840038268,2,0.1555555555555554,1,0,1,14,7.5,0,Kun,local_value,0,0,1,0,domestic,0,0,0,8,count,4,False,110.0,,4.700480365792417,4559.808612440192,,8.425035930671529,4727.272727272727,,8.461103724765193
Sữa bắp non dinh dưỡng LOF lốc 4 hộp x 180ml,Gói 4,Sữa Hạt - Sữa Đậu,Sữa Tươi,30701.694915254237,32600.0,59,0.3389830508474576,0.1717791411042944,0.087082918181334,2,0.2074074074074074,1,0,1,20,20.0,0,Lof,niche_professional,1,0,1,0,domestic,0,1,0,11,count,4,False,180.0,,5.19295685089021,4264.12429378531,,8.357992114995255,4527.777777777777,,8.41798654133279
Sữa bột Abbott Glucerna hương vani hộp 850g,Lon,Sữa Bột,Sữa Tươi,939360.0,957000.0,50,0.18,0.1024033437826541,0.0404877976283609,2,0.1140861466821885,1,0,1,9,9.0,0,Glucerna,prestige_leader,1,1,1,0,domestic,0,0,0,8,count,1,False,,850.0,6.745236349484363,,110512.94117647059,11.612887907801742,,112588.23529411765,11.631492506938821
"Sữa bột Abbott PediaSure BA hương vani 1,6kg",Lon,Sữa Bột,Sữa Tươi,1226000.0,1226000.0,50,0.0,,0.0,1,0.0,0,0,1,0,0.0,0,Pediasure,prestige_leader,1,1,1,0,domestic,0,0,0,8,count,1,False,,1600.0,7.3777589082278725,,76625.0,11.246678673238513,,76625.0,11.246678673238513
Sữa bột Glucerna SR Abbott 400g,Lon,Sữa Bột,Sữa Tươi,436000.0,436000.0,24,0.0,,0.0,1,0.0,0,0,1,0,0.0,0,Glucerna,prestige_leader,1,1,1,0,domestic,0,0,0,6,count,1,False,,400.0,5.991464547107982,,109000.0,11.59910316121128,,109000.0,11.59910316121128
Sữa bột NutiFood Grow Plus+ cho trẻ thấp còi 900g,Lon,Sữa Bột,Sữa Tươi,464326.5306122449,464326.5306122449,49,0.0,,0.024893095244316,2,0.0506607929515419,0,0,2,0,0.0,1,Nutifood,prestige_leader,1,1,1,0,domestic,0,0,0,10,count,1,False,,900.0,6.802394763324311,,51591.836734693876,10.85111873613826,,51591.836734693876,10.85111873613826
Sữa bột NutiFood Grow Plus+ trên 1 tuổi lon 1.5kg (xanh),Lon,Sữa Bột,Sữa Tươi,481540.54054054053,489000.0,37,0.1621621621621621,0.0940695296523517,0.0356968040631599,2,0.1038374717832957,1,0,1,6,6.0,0,Nutifood,prestige_leader,1,1,1,0,domestic,0,0,0,11,count,1,False,,1500.0,7.313220387090301,,32102.702702702703,10.376695501919672,,32600.0,10.392067567354799
Sữa bột Pediasure hương vani 400g,Lon,Sữa Bột,Sữa Tươi,339500.0,339500.0,49,0.0,,0.0,1,0.0,0,0,1,0,0.0,0,Pediasure,prestige_leader,1,1,1,0,domestic,0,0,0,6,count,1,False,,400.0,5.991464547107982,,84875.0,11.348934864860997,,84875.0,11.348934864860997
Sữa bột hương vani PediaSure lon 850g,Lon,Sữa Bột,Sữa Tươi,678226.4150943396,692000.0,53,0.1886792452830188,0.1054913294797687,0.0425150584925999,2,0.1179321486268174,1,0,1,10,10.0,0,Pediasure,prestige_leader,1,1,1,0,domestic,0,0,0,7,count,1,False,,850.0,6.745236349484363,,79791.34295227526,11.287170293245724,,81411.76470588235,11.307275071103536
Sữa chua Hoff vị nguyên bản vỉ 4 hộp 55g,Gói 4,Sữa Chua - Váng Sữa,Sữa Tươi,43957.8125,47600.0,64,0.578125,0.1323529411764706,0.0713389905280757,2,0.1525423728813559,1,0,1,21,18.5,0,Hoff,local_value,0,0,1,0,domestic,0,0,0,10,count,4,False,,55.0,4.007333185232471,,19980.82386363636,9.902528285768664,,21636.363636363636,9.982130679855242
Sữa chua Hy Lạp Famers UnionVị tự nhiên hộp 1kg,Hộp,Sữa Chua - Váng Sữa,Sữa Tươi,223841.81818181815,239000.0,55,0.3818181818181818,0.1661087866108786,0.0869601265759836,2,0.1991971901655795,1,0,1,13,10.5,0,,,0,0,0,0,domestic,0,0,1,10,count,1,False,,1000.0,6.907755278982137,,22384.181818181816,10.016109819557308,,23900.0,10.081633737919603
Sữa chua Hy Lạp Farmers Union không lactose 500g,Hộp,Sữa Chua - Váng Sữa,Sữa Tươi,154500.0,154500.0,46,0.0,,0.0,1,0.0,0,0,1,0,0.0,0,Farmers Union,niche_professional,1,0,1,0,domestic,0,0,0,9,count,1,False,,500.0,6.214608098422191,,30900.0,10.338511462885837,,30900.0,10.338511462885837
Sữa chua Hy Lạp Farmers Union tăng cường protein hộp 500g,Hộp,Sữa Chua - Váng Sữa,Sữa Tươi,144370.37037037036,154000.0,54,0.3703703703703703,0.1688311688311688,0.0877839096070026,2,0.203125,1,0,1,13,10.0,0,Farmers Union,niche_professional,1,0,1,0,domestic,0,1,0,11,count,1,False,,500.0,6.214608098422191,,28874.074074074073,10.270699380611214,,30800.0,10.335269968961667
Sữa chua Nuti nha đam hộp 100g,Hộp,Sữa Chua - Váng Sữa,Sữa Tươi,7568.0,8000.0,50,0.24,0.225,0.1026102535751083,2,0.2903225806451612,1,0,1,12,12.0,0,,,0,0,0,0,domestic,0,0,0,7,count,1,False,,100.0,4.605170185988092,,7568.0,8.931684110731714,,8000.0,8.987196820661973
Sữa chua Vinamilk Susu hương dâu túi 110ml,Gói,Sữa Chua - Váng Sữa,Sữa Tươi,5400.0,5400.0,48,0.0,,0.0,1,0.0,0,0,1,0,0.0,0,Vinamilk,household_giant,0,1,1,0,domestic,0,0,0,8,count,1,False,110.0,,4.700480365792417,4909.090909090909,,8.49884405274804,4909.090909090909,,8.49884405274804
Sữa chua có đường NutiFood Hộp 100g,Hộp,Sữa Chua - Váng Sữa,Sữa Tươi,6366.666666666667,6700.0,54,0.2222222222222222,0.2238805970149253,0.0988688767219931,2,0.2884615384615385,1,0,1,12,12.0,0,Nutifood,prestige_leader,1,1,1,0,domestic,0,0,0,7,count,1,False,,100.0,4.605170185988092,,6366.666666666667,8.75883132536661,,6700.0,8.809862805379057
Sữa chua hoa quả Hoff vị chuối vỉ 4 hộp 55g,Gói 4,Sữa Chua - Váng Sữa,Sữa Tươi,46052.63157894737,47600.0,57,0.2456140350877192,0.1323529411764706,0.0594090902135355,2,0.1323529411764705,1,0,1,14,14.0,0,Hoff,local_value,0,0,1,0,domestic,0,0,0,11,count,4,False,,55.0,4.007333185232471,,20933.01435406698,9.949082825809041,,21636.363636363636,9.982130679855242
Sữa chua hoa quả Hoff vị dâu tây vỉ 4 hộp 55g,Gói 4,Sữa Chua - Váng Sữa,Sữa Tươi,37881.395348837206,47600.0,86,1.0,0.204172366621067,0.0433983927223836,2,0.1016949152542372,1,1,1,86,86.0,0,Hoff,local_value,0,0,1,0,domestic,0,0,0,12,count,4,False,,55.0,4.007333185232471,,17218.816067653275,9.753758022287863,,21636.363636363636,9.982130679855242
Sữa chua hoa quả Hoff vị táo vỉ 4 hộp 55g,Gói 4,Sữa Chua - Váng Sữa,Sữa Tươi,46173.58490566038,47600.0,53,0.2264150943396226,0.1323529411764706,0.0576487506549849,2,0.1525423728813559,1,0,1,12,12.0,0,Hoff,local_value,0,0,1,0,domestic,0,0,0,11,count,4,False,,55.0,4.007333185232471,,20987.993138936534,9.951705797902438,,21636.363636363636,9.982130679855242
Sữa chua men sống Nuti Food 5 chai x 65ml,Gói 5,Sữa Chua - Váng Sữa,Sữa Tươi,22087.5,24200.0,48,0.4166666666666667,0.2095041322314049,0.115328023323875,3,0.2872340425531914,1,0,1,10,10.0,0,Nuti Food,local_value,0,0,1,0,domestic,0,0,0,10,count,5,False,65.0,,4.174387269895637,6796.153846153846,,8.824112120286305,7446.153846153846,,8.915452915803131
Sữa chua nếp cẩm Ba Vì lốc 4 hộp x 100g,Gói 4,Sữa Chua - Váng Sữa,Sữa Tươi,34344.444444444445,35900.0,45,0.3555555555555555,0.1218662952646239,0.0616897389145417,3,0.1396825396825396,1,0,1,15,8.0,0,Ba Vì,household_giant,0,1,1,0,domestic,0,0,0,11,count,4,False,,100.0,4.605170185988092,,8586.111111111111,9.057901189664097,,8975.0,9.10219821335648
Sữa chua nếp cẩm Mộc Châu hũ 160g,Hộp,Sữa Chua - Váng Sữa,Sữa Tươi,13500.0,13500.0,40,0.0,,0.0,1,0.0,0,0,1,0,0.0,0,Mộc Châu,household_giant,0,1,1,0,domestic,0,0,0,8,count,1,False,,160.0,5.075173815233827,,8437.5,9.040441335180786,,8437.5,9.040441335180786
Sữa chua tươi nguyên chất Farmers Union Greek Style Lốc 2 hộp x 140g,Gói 2,Sữa Chua - Váng Sữa,Sữa Tươi,82903.44827586207,90000.0,58,0.4827586206896552,0.1633333333333333,0.0893784786854447,2,0.1952191235059761,1,0,1,15,14.0,0,Farmers Union,niche_professional,1,0,1,0,domestic,0,0,1,14,count,2,False,,140.0,4.941642422609304,,29608.374384236457,10.29581251868466,,32142.857142857145,10.377945532131244
Sữa chua uống DALATMILK hương dâu 500ml,Chai,Sữa Chua - Váng Sữa,Sữa Tươi,32918.8679245283,33900.0,53,0.2452830188679245,0.1179941002949852,0.0527809454151262,2,0.1179941002949852,1,0,1,13,13.0,0,Dalat Milk,prestige_leader,1,1,1,0,domestic,0,0,0,7,count,1,False,500.0,,6.214608098422191,6583.77358490566,,8.792363353081772,6780.0,,8.821732380934442
Sữa chua uống KUN vị kem dâu thùng 24 túi x 110ml,Thùng,Sữa Chua - Váng Sữa,Sữa Tươi,129086.95652173914,139000.0,46,0.4130434782608695,0.1726618705035971,0.0925555338161579,2,0.2086956521739129,1,0,1,19,19.0,0,Kun,local_value,0,0,1,0,domestic,0,0,0,12,unknown,24,False,110.0,,4.700480365792417,4889.657444005271,,8.494877527664476,5265.151515151515,,8.56886520196056
Sữa chua uống KUN vị kem dâu túi 110ml,Gói,Sữa Chua - Váng Sữa,Sữa Tươi,5355.555555555556,5900.0,9,0.7777777777777778,0.1186440677966101,0.0576356613406186,2,0.1346153846153845,1,0,1,7,7.0,0,Kun,local_value,0,0,1,0,domestic,0,0,0,9,count,1,False,110.0,,4.700480365792417,4868.686868686868,,8.490579542898148,5363.636363636363,,8.587397450089485
Sữa chua uống Kun hương cam gói 110ml,Gói,Sữa Chua - Váng Sữa,Sữa Tươi,5433.333333333333,5900.0,21,0.6666666666666666,0.1186440677966101,0.0622329062719791,2,0.1346153846153845,1,0,1,14,14.0,0,Kun,local_value,0,0,1,0,domestic,0,0,0,8,count,1,False,110.0,,4.700480365792417,4939.393939393939,,8.504997918322418,5363.636363636363,,8.587397450089485
Sữa chua uống Kun hương cam thùng 24 túi x 110ml,Thùng,Sữa Chua - Váng Sữa,Sữa Tươi,125971.42857142857,139000.0,35,0.5428571428571428,0.1726618705035971,0.0962947252453068,2,0.2086956521739129,1,0,1,19,19.0,0,Kun,local_value,0,0,1,0,domestic,0,0,0,11,unknown,24,False,110.0,,4.700480365792417,4771.645021645022,,8.47044639269839,5265.151515151515,,8.56886520196056
Sữa chua uống Meiji dâu tây vỉ 4 hộp x 100ml,Gói 4,Sữa Chua - Váng Sữa,Sữa Tươi,35632.35294117647,36500.0,34,0.1470588235294117,0.1616438356164383,0.0595244077321389,2,0.1928104575163398,1,0,1,5,5.0,0,Meiji,prestige_leader,1,1,1,0,domestic,0,0,0,11,count,4,False,100.0,,4.605170185988092,8908.088235294117,,9.094714933502665,9125.0,,9.118773178450692
Sữa chua uống Meiji nguyên chất vỉ 4 hộp x 100ml,Gói 4,Sữa Chua - Váng Sữa,Sữa Tươi,35102.63157894737,36500.0,38,0.2368421052631578,0.1616438356164383,0.0724168998828785,2,0.1928104575163398,1,0,1,9,9.0,0,Meiji,prestige_leader,1,1,1,0,domestic,0,0,1,11,count,4,False,100.0,,4.605170185988092,8775.657894736842,,9.07973701928286,9125.0,,9.118773178450692
Sữa chua uống Meiji việt quất vỉ 4 hộp x 100ml,Gói 4,Sữa Chua - Váng Sữa,Sữa Tươi,35102.63157894737,36500.0,38,0.2368421052631578,0.1616438356164383,0.0724168998828785,2,0.1928104575163398,1,0,1,9,9.0,0,Meiji,prestige_leader,1,1,1,0,domestic,0,0,0,11,count,4,False,100.0,,4.605170185988092,8775.657894736842,,9.07973701928286,9125.0,,9.118773178450692
Sữa chua uống Nestle Yogu tổ yến gói 85ml,Gói,Sữa Chua - Váng Sữa,Sữa Tươi,7300.0,7300.0,30,0.0,,0.0,1,0.0,0,0,1,0,0.0,0,Nestlé,household_giant,0,1,1,0,domestic,0,0,0,9,count,1,False,85.0,,4.442651256490317,8588.235294117647,,9.058148556634258,8588.235294117647,,9.058148556634258
Sữa chua uống Vinamilk Probi hương việt quất lốc 5 chai x 65ml,Gói 5,Sữa Chua - Váng Sữa,Sữa Tươi,23100.0,25500.0,48,0.6458333333333334,0.1457305502846299,0.0778299169461008,3,0.1751152073732718,1,0,1,17,10.333333333333334,0,Vinamilk,household_giant,0,1,1,0,domestic,0,0,0,13,count,5,False,65.0,,4.174387269895637,7107.692307692308,,8.86893290016824,7846.153846153846,,8.967778734804872
Sữa chua uống Vinamilk Probi đường 400ml,Chai,Sữa Chua - Váng Sữa,Sữa Tươi,26504.347826086956,28500.0,46,0.5869565217391305,0.119298245614035,0.0638609396640275,2,0.1354581673306774,1,0,1,15,9.0,0,Vinamilk,household_giant,0,1,1,0,domestic,0,0,0,7,count,1,False,400.0,,5.991464547107982,6626.086956521739,,8.798769706305533,7125.0,,8.871365005136852
Sữa chua uống Vinamilk Probi đường 700ml,Chai,Sữa Chua - Váng Sữa,Sữa Tươi,42410.0,46400.0,60,0.7,0.1228448275862068,0.0621106179224695,2,0.1400491400491401,1,0,1,16,14.0,0,Vinamilk,household_giant,0,1,1,0,domestic,0,0,0,7,count,1,False,700.0,,6.551080335043404,6058.571428571428,,8.709229313413323,6628.571428571428,,8.799144589159033
Sữa chua uống YoMost hương bạc hà và việt quất lốc 4 hộp x 170ml,Gói 4,Sữa Chua - Váng Sữa,Sữa Tươi,28557.14285714286,30600.0,56,0.5714285714285714,0.1168300653594771,0.0678977161355399,3,0.1814671814671815,1,0,1,18,16.0,0,Yomost,household_giant,0,1,1,0,domestic,0,0,0,15,count,4,False,170.0,,5.135798437050262,4199.579831932773,,8.342739759251117,4500.0,,8.411832675758411
Sữa chua uống hương cam Kun lốc 4 hộp x 180ml,Gói 4,Sữa Chua - Váng Sữa,Sữa Tươi,27910.44776119403,31000.0,67,0.582089552238806,0.1712158808933002,0.0967201409599124,3,0.24,1,0,1,21,13.0,0,Kun,local_value,0,0,1,0,domestic,0,0,0,11,count,4,False,180.0,,5.19295685089021,3876.4510779436155,,8.262675343417794,4305.555555555556,,8.367661457445275
Sữa chua uống hương cam Yogu 85ml,Gói,Sữa Chua - Váng Sữa,Sữa Tươi,7300.0,7300.0,30,0.0,,0.0,1,0.0,0,0,1,0,0.0,0,,,0,0,0,0,domestic,0,0,0,7,count,1,False,85.0,,4.442651256490317,8588.235294117647,,9.058148556634258,8588.235294117647,,9.058148556634258
Sữa chua uống hương dâu Yogu 85ml,Gói,Sữa Chua - Váng Sữa,Sữa Tươi,7300.0,7300.0,47,0.0,,0.0,1,0.0,0,0,1,0,0.0,0,,,0,0,0,0,domestic,0,0,0,7,count,1,False,85.0,,4.442651256490317,8588.235294117647,,9.058148556634258,8588.235294117647,,9.058148556634258
Sữa chua uống lên men Bentagen hương dâu 300ml,Chai,Sữa Chua - Váng Sữa,Sữa Tươi,19908.196721311477,21800.0,61,0.8524590163934426,0.1017995765702187,0.0399040156830599,3,0.1009174311926605,1,0,1,52,52.0,0,,,0,0,0,0,domestic,0,0,0,9,count,1,False,300.0,,5.703782474656201,6636.065573770492,,8.800274532782081,7266.666666666667,,8.891052960109072
Sữa chua uống lên men Bentagen hương dứa lốc 4 85ml,Gói 4,Sữa Chua - Váng Sữa,Sữa Tươi,25390.16393442623,26200.0,61,0.3114754098360656,0.099236641221374,0.0478155048997199,2,0.0992366412213741,1,0,1,19,19.0,0,,,0,0,0,0,domestic,0,0,0,11,count,4,False,85.0,,4.442651256490317,7467.695274831244,,8.918341699709023,7705.882352941177,,8.949739258127073
Sữa chua uống lên men Bentagen không béo 300ml,Chai,Sữa Chua - Váng Sữa,Sữa Tươi,21758.490566037737,21800.0,53,0.0188679245283018,0.1009174311926605,0.0138885204270006,2,0.1009174311926605,1,0,1,1,1.0,0,,,0,0,0,0,domestic,0,0,0,9,count,1,False,300.0,,5.703782474656201,7252.830188679246,,8.889147042526153,7266.666666666667,,8.891052960109072
Sữa chua uống lên men Bentagen không béo lốc 4 85ml,Gói 4,Sữa Chua - Váng Sữa,Sữa Tươi,25390.16393442623,26200.0,61,0.3114754098360656,0.099236641221374,0.0478155048997199,2,0.0992366412213741,1,0,1,19,19.0,0,,,0,0,0,0,domestic,0,0,0,11,count,4,False,85.0,,4.442651256490317,7467.695274831244,,8.918341699709023,7705.882352941177,,8.949739258127073
Sữa chua uống lên men vị men hương cam Betagen chai 700ml,Chai,Sữa Chua - Váng Sữa,Sữa Tươi,40140.0,42900.0,60,0.5333333333333333,0.1206293706293706,0.0657744118926601,3,0.153225806451613,1,0,1,18,16.0,0,Betagen,niche_professional,1,0,1,0,domestic,0,0,0,12,count,1,False,700.0,,6.551080335043404,5734.285714285715,,8.654218473295016,6128.571428571428,,8.720716955860794
Sữa chua uống lên men vị tự nhiên Betagen chai 700ml,Chai,Sữa Chua - Váng Sữa,Sữa Tươi,40091.80327868852,42900.0,61,0.5409836065573771,0.1210002119093028,0.0659739311144546,3,0.153225806451613,1,0,1,19,16.5,0,Betagen,niche_professional,1,0,1,0,domestic,0,0,1,11,count,1,False,700.0,,6.551080335043404,5727.400468384075,,8.653017036330137,6128.571428571428,,8.720716955860794
Sữa chua uống lên vị vị dâu Kun lốc 4 hộp x 180ml,Gói 4,Sữa Chua - Váng Sữa,Sữa Tươi,27910.44776119403,31000.0,67,0.582089552238806,0.1712158808933002,0.0967201409599124,3,0.24,1,0,1,21,13.0,0,Kun,local_value,0,0,1,0,domestic,0,0,0,13,count,4,False,180.0,,5.19295685089021,3876.4510779436155,,8.262675343417794,4305.555555555556,,8.367661457445275
Sữa chua uống men sống Probi Vinamilk lốc 5 chai x 65ml,Gói 5,Sữa Chua - Váng Sữa,Sữa Tươi,24555.0,25500.0,60,0.45,0.0823529411764705,0.0429058566340233,2,0.0897435897435896,1,0,1,14,9.0,0,Vinamilk,household_giant,0,1,1,0,domestic,0,0,0,12,count,5,False,65.0,,4.174387269895637,7555.384615384615,,8.930015782131699,7846.153846153846,,8.967778734804872
Sữa chua uống men sống Vinamilk Probi hương dứa Lốc 5 chai x 65ml,Gói 5,Sữa Chua - Váng Sữa,Sữa Tươi,23258.97435897436,25500.0,39,0.5897435897435898,0.1490196078431372,0.0814128286228019,2,0.1751152073732718,1,0,1,14,7.666666666666667,0,Vinamilk,household_giant,0,1,1,0,domestic,0,0,0,14,count,5,False,65.0,,4.174387269895637,7156.607495069034,,8.875791334131742,7846.153846153846,,8.967778734804872
Sữa chua uống men sống Vinamilk Probi hương việt quất lốc 4 chai x 130ml,Gói 4,Sữa Chua - Váng Sữa,Sữa Tươi,33635.18518518518,36900.0,54,0.6851851851851852,0.1291291291291291,0.0664528195939618,3,0.1531249999999999,1,0,1,13,12.333333333333334,0,Vinamilk,household_giant,0,1,1,0,domestic,0,0,0,15,count,4,False,130.0,,4.867534450455582,6468.3048433048425,,8.774669350585878,7096.153846153846,,8.867308204441237
Sữa chua uống men sống hương dâu Probi Vinamilk lốc 5 chai x 65ml,Gói 5,Sữa Chua - Váng Sữa,Sữa Tươi,23493.650793650795,25500.0,63,0.5396825396825397,0.1457900807381776,0.0795646989621075,3,0.1751152073732718,1,0,1,19,11.333333333333334,0,Vinamilk,household_giant,0,1,1,0,domestic,0,0,0,14,count,5,False,65.0,,4.174387269895637,7228.81562881563,,8.885830488292102,7846.153846153846,,8.967778734804872
Sữa chua uống men sống hương dưa gang Probi lốc 5 chai x 65ml,Gói 5,Sữa Chua - Váng Sữa,Sữa Tươi,23600.0,25500.0,58,0.5,0.1490196078431372,0.0812116187088421,2,0.1751152073732718,1,0,1,19,9.666666666666666,0,Probi,local_value,0,0,1,0,domestic,0,0,0,14,count,5,False,65.0,,4.174387269895637,7261.538461538462,,8.890346994672056,7846.153846153846,,8.967778734804872
Sữa chua uống men sống hương vanilla tự nhiên TH True Yogurt lốc 4 hộp x 100ml,Gói 4,Sữa Chua - Váng Sữa,Sữa Tươi,32300.0,32300.0,55,0.0,,0.0,1,0.0,0,0,1,0,0.0,0,,,0,0,0,0,domestic,0,0,1,17,count,4,False,100.0,,4.605170185988092,8075.0,,8.996528148090857,8075.0,,8.996528148090857
Sữa chua uống men sống ít đường Probi Vinamilk lốc 5 chai x 65ml,Gói 5,Sữa Chua - Váng Sữa,Sữa Tươi,23576.666666666668,25500.0,60,0.5166666666666667,0.1459835547122074,0.0796246218299715,3,0.1751152073732718,1,0,1,18,10.333333333333334,0,Vinamilk,household_giant,0,1,1,0,domestic,0,1,0,14,count,5,False,65.0,,4.174387269895637,7254.358974358975,,8.88935780502028,7846.153846153846,,8.967778734804872
Sữa chua uống thanh trùng Lothamilk có đường chai 490ml,Hộp,Sữa Chua - Váng Sữa,Sữa Tươi,32900.0,32900.0,23,0.0,,0.0,1,0.0,0,0,1,0,0.0,0,Lothamilk,local_value,0,0,1,0,domestic,0,0,0,10,count,1,False,490.0,,6.194405391104672,6714.285714285714,,8.811992731636883,6714.285714285714,,8.811992731636883
Sữa chua uống thanh trùng Lothamilk có đường chai 880ml,Hộp,Sữa Chua - Váng Sữa,Sữa Tươi,55100.0,55100.0,10,0.0,,0.0,1,0.0,0,0,1,0,0.0,0,Lothamilk,local_value,0,0,1,0,domestic,0,0,0,10,count,1,False,880.0,,6.779921907472252,6261.363636363636,,8.742153273656845,6261.363636363636,,8.742153273656845
Sữa chua uống thanh trùng Topkid TH MILK hương vani 60g,Gói,Sữa Chua - Váng Sữa,Sữa Tươi,6500.0,6500.0,46,0.0,,0.0,1,0.0,0,0,1,0,0.0,0,Topkid,local_value,0,0,1,0,domestic,0,0,0,11,count,1,False,,60.0,4.0943445622221,,10833.333333333334,9.29038307964972,,10833.333333333334,9.29038307964972
Sữa chua uống tiệt trùng hương việt quất tự nhiên TH True Yogurt lốc 4 hộp x 180ml,Gói 4,Sữa Chua - Váng Sữa,Sữa Tươi,35527.27272727273,36200.0,55,0.1818181818181818,0.1022099447513812,0.040538519738196,2,0.1138461538461539,1,0,1,10,10.0,0,,,0,0,0,0,domestic,0,0,1,18,count,4,False,180.0,,5.19295685089021,4934.343434343435,,8.503974900330384,5027.777777777777,,8.522733371791853
Sữa chua uống vị dâu YoMost lốc 4 hộp x 170ml,Gói 4,Sữa Chua - Váng Sữa,Sữa Tươi,28784.126984126982,30600.0,63,0.5079365079365079,0.1168300653594771,0.0673116844511679,3,0.1814671814671815,1,0,1,18,16.0,0,Yomost,household_giant,0,1,1,0,domestic,0,0,0,11,count,4,False,170.0,,5.135798437050262,4232.95985060691,,8.350656755620498,4500.0,,8.411832675758411
Sữa chua uống Đà Lạt Milk có đường 500ml,Chai,Sữa Chua - Váng Sữa,Sữa Tươi,33633.333333333336,33900.0,45,0.0666666666666666,0.1179941002949852,0.0300014853781672,2,0.1179941002949852,1,0,1,3,3.0,0,Dalat Milk,prestige_leader,1,1,1,0,domestic,0,0,0,9,count,1,False,500.0,,6.214608098422191,6726.666666666667,,8.81383500523949,6780.0,,8.821732380934442
Sữa chua ăn Dalat Milk có đường 500g,Hộp,Sữa Chua - Váng Sữa,Sữa Tươi,44400.0,44400.0,35,0.0,,0.0,1,0.0,0,0,1,0,0.0,0,Dalat Milk,prestige_leader,1,1,1,0,domestic,0,0,0,8,count,1,False,,500.0,6.214608098422191,,8880.0,9.091556835986216,,8880.0,9.091556835986216
Sữa chua ăn LoveYogurt Trân Châu Đường Đen hộp 100g,Hộp,Sữa Chua - Váng Sữa,Sữa Tươi,9063.829787234044,9600.0,47,0.4468085106382978,0.125,0.0665331340516878,2,0.1428571428571428,1,0,1,12,10.5,0,,,0,0,0,0,domestic,0,0,0,10,count,1,False,,100.0,4.605170185988092,,9063.829787234044,9.112047023541448,,9600.0,9.169518377455928
Sữa chua ăn TH Milk topkid chuối lúa mạch 60g,Gói,Sữa Chua - Váng Sữa,Sữa Tươi,6500.0,6500.0,46,0.0,,0.0,1,0.0,0,0,1,0,0.0,0,Topkid,local_value,0,0,1,0,domestic,0,0,0,10,count,1,False,,60.0,4.0943445622221,,10833.333333333334,9.29038307964972,,10833.333333333334,9.29038307964972
Sữa chua ăn Vinamilk Love Yogurt Green Farm ít đường hộp 100g,Hộp,Sữa Chua - Váng Sữa,Sữa Tươi,7312.5,7500.0,48,0.1875,0.1333333333333333,0.0539408929375156,2,0.1538461538461537,1,0,1,9,9.0,0,Vinamilk,household_giant,0,1,1,0,domestic,0,1,0,12,count,1,False,,100.0,4.605170185988092,,7312.5,8.897340491540112,,7500.0,8.922658299524402
Sữa chua ăn Vinamilk lựu Đỏ Ít Đường 100g,Hộp,Sữa Chua - Váng Sữa,Sữa Tươi,7988.235294117647,8900.0,51,0.6078431372549019,0.1685393258426966,0.0925904436465384,2,0.2027027027027026,1,0,1,17,15.5,0,Vinamilk,household_giant,0,1,1,0,domestic,0,1,0,9,count,1,False,,100.0,4.605170185988092,,7988.235294117647,8.985725150050516,,8900.0,9.093806555720231
Sữa chua ăn tự nhiên Farmers Union Greek Style 500g,Hộp,Sữa Chua - Váng Sữa,Sữa Tươi,143000.0,154000.0,52,0.4230769230769231,0.1688311688311688,0.0907031810390157,2,0.203125,1,0,1,13,11.0,0,Farmers Union,niche_professional,1,0,1,0,domestic,0,0,1,10,count,1,False,,500.0,6.214608098422191,,28600.0,10.261161996807944,,30800.0,10.335269968961667
Sữa chua ăn vị mật ong Farmers Union Greek Style Lốc 2 hộp x 140g,Gói 2,Sữa Chua - Váng Sữa,Sữa Tươi,82903.44827586207,90000.0,58,0.4827586206896552,0.1633333333333333,0.0893784786854447,2,0.1952191235059761,1,0,1,15,14.0,0,Farmers Union,niche_professional,1,0,1,0,domestic,0,0,0,15,count,2,False,,140.0,4.941642422609304,,29608.374384236457,10.29581251868466,,32142.857142857145,10.377945532131244
Sữa chua ăn vị vani Farmers Union Greek Style Yoghurt With A Hint Of Vanilla Bean 950g,Hộp,Sữa Chua - Váng Sữa,Sữa Tươi,231800.0,231800.0,30,0.0,,0.0,1,0.0,0,0,1,0,0.0,0,Farmers Union,niche_professional,1,0,1,0,domestic,0,0,0,17,count,1,False,,950.0,6.856461984594587,,24400.0,10.102338411281293,,24400.0,10.102338411281293
Sữa dinh dưỡng Có Đường Vinamilk ADM - Lốc 4 Hộp 110ml,Gói 4,Sữa tươi,Sữa Tươi,18960.65573770492,20200.0,61,0.8852459016393442,0.0693069306930693,0.0237290329798924,2,0.0693069306930692,1,0,1,54,54.0,0,Vinamilk,household_giant,0,1,1,0,domestic,0,1,0,12,count,4,False,110.0,,4.700480365792417,4309.2399403874815,,8.368516819608729,4590.909090909091,,8.431833342465081
Sữa dinh dưỡng Nutifood Varna Comlete 237ml,Chai,Sữa tươi,Sữa Tươi,31700.0,37200.0,83,1.0,0.1478494623655914,0.0,1,0.0,1,1,1,83,83.0,0,Nutifood,prestige_leader,1,1,1,0,domestic,0,1,0,7,count,1,False,237.0,,5.4680601411351315,13375.527426160337,,9.501182004718332,15696.20253164557,,9.661174085114197
Sữa dinh dưỡng Vinamilk Sure Prevent 200ml,Chai,Sữa tươi,Sữa Tươi,30300.0,30300.0,40,0.0,,0.0,1,0.0,0,0,1,0,0.0,0,Vinamilk,household_giant,0,1,1,0,domestic,0,1,0,7,count,1,False,200.0,,5.298317366548036,15150.0,,9.625755810937516,15150.0,,9.625755810937516
Sữa hạt Macca TH True NUT lốc 4 hộp x 180ml,Gói 4,Sữa Hạt - Sữa Đậu,Sữa Tươi,51593.333333333336,53500.0,45,0.2888888888888888,0.1233644859813084,0.0586360110645479,2,0.1407249466950959,1,0,1,12,6.5,0,,,0,0,0,0,domestic,0,0,0,11,count,4,False,180.0,,5.19295685089021,7165.740740740741,,8.877066718134332,7430.555555555556,,8.913355906862089
Sữa hạt dẻ cười Degrees 137 truyền thống 180ml lốc 3,Gói 3,Sữa Hạt - Sữa Đậu,Sữa Tươi,109900.0,109900.0,43,0.0,,0.0,1,0.0,0,0,1,0,0.0,0,Degrees,prestige_leader,1,1,1,0,domestic,0,0,0,11,count,3,False,180.0,,5.19295685089021,20351.85185185185,,9.920927186821483,20351.85185185185,,9.920927186821483
Sữa hạt hạnh nhân 137 Degrees không đường lốc 3 hộp x 180ml,Gói 3,Sữa Hạt - Sữa Đậu,Sữa Tươi,95900.0,95900.0,22,0.0,,0.0,1,0.0,0,0,1,0,0.0,0,Degrees,prestige_leader,1,1,1,0,domestic,0,1,0,13,count,3,False,180.0,,5.19295685089021,17759.25925925926,,9.784662307301302,17759.25925925926,,9.784662307301302
Sữa hạt hạnh nhân 137 Degrees vị truyền thống hộp 1L,Hộp,Sữa Hạt - Sữa Đậu,Sữa Tươi,135900.0,135900.0,43,0.0,,0.0,1,0.0,0,0,1,0,0.0,0,Degrees,prestige_leader,1,1,1,0,domestic,0,0,0,11,count,1,False,1000.0,,6.907755278982137,13590.0,,9.51708950714519,13590.0,,9.51708950714519
Sữa hạt hạnh nhân Celano không đường hộp 1L,Hộp,Sữa Hạt - Sữa Đậu,Sữa Tươi,126933.33333333331,135900.0,51,0.3333333333333333,0.1979396615158204,0.1008951810545182,2,0.2467889908256881,1,0,1,17,17.0,0,Celano,niche_professional,1,0,1,0,domestic,0,1,0,9,count,1,False,1000.0,,6.907755278982137,12693.333333333332,,9.448832200237192,13590.0,,9.51708950714519
Sữa hạt óc chó TH True NUT lốc 4 hộp x 180ml,Gói 4,Sữa Hạt - Sữa Đậu,Sữa Tươi,51593.333333333336,53500.0,45,0.2888888888888888,0.1233644859813084,0.0586360110645479,2,0.1407249466950959,1,0,1,12,6.5,0,,,0,0,0,0,domestic,0,0,0,12,count,4,False,180.0,,5.19295685089021,7165.740740740741,,8.877066718134332,7430.555555555556,,8.913355906862089
Sữa lúa mạch Milo protein canxi hộp 210ml,Hộp,Sữa Hạt - Sữa Đậu,Sữa Tươi,11500.0,11500.0,48,0.0,,0.0,1,0.0,0,0,1,0,0.0,0,Milo,household_giant,0,1,1,0,domestic,0,1,0,8,count,1,False,210.0,,5.3471075307174685,5476.190476190476,,8.608164969621964,5476.190476190476,,8.608164969621964
Sữa lúa mạch socola KUN túi 110ml,Gói,Sữa Chua - Váng Sữa,Sữa Tươi,5614.285714285715,5900.0,49,0.4081632653061224,0.1186440677966101,0.061915426336853,2,0.1346153846153845,1,0,1,13,10.0,0,Kun,local_value,0,0,1,0,domestic,0,0,0,7,count,1,False,110.0,,4.700480365792417,5103.896103896104,,8.537759468997715,5363.636363636363,,8.587397450089485
Sữa thanh trùng Ba Vì không đường 890ml,Chai,Sữa tươi,Sữa Tươi,36530.15873015873,38900.0,63,0.5873015873015873,0.1037309803376641,0.0576392603188796,3,0.1474926253687316,1,0,1,16,12.333333333333334,0,Ba Vì,household_giant,0,1,1,0,domestic,0,1,0,8,count,1,False,890.0,,6.7912214627261855,4104.512216871767,,8.319842188241868,4370.786516853932,,8.382698252868444
Sữa thanh trùng Dalat Milk không đường 950ml,Hộp,Sữa tươi,Sữa Tươi,47200.0,48000.0,60,0.2,0.0833333333333333,0.0341843718026854,2,0.0833333333333333,1,0,1,12,12.0,0,Dalat Milk,prestige_leader,1,1,1,0,domestic,0,1,0,8,count,1,False,950.0,,6.856461984594587,4968.421052631579,,8.510857372967152,5052.631578947368,,8.527664491283533
Sữa thanh trùng Dalat Milk không đường hộp 180ml,Hộp,Sữa tươi,Sữa Tươi,12200.0,12500.0,60,0.3,0.08,0.0378790811920036,2,0.0799999999999999,1,0,1,18,18.0,0,Dalat Milk,prestige_leader,1,1,1,0,domestic,0,1,0,9,count,1,False,180.0,,5.19295685089021,6777.777777777777,,8.821404565819229,6944.444444444444,,8.845697258388274
Sữa thanh trùng Mộc Châu có đường hộp 900ml,Hộp,Sữa tươi,Sữa Tươi,44800.0,44800.0,13,0.0,,0.0,1,0.0,0,0,1,0,0.0,0,Mộc Châu,household_giant,0,1,1,0,domestic,0,0,0,9,count,1,False,900.0,,6.802394763324311,4977.777777777777,,8.512738841066858,4977.777777777777,,8.512738841066858
Sữa thanh trùng Mộc Châu không đường hộp 900ml,Hộp,Sữa tươi,Sữa Tươi,44800.0,44800.0,22,0.0,,0.0,1,0.0,0,0,1,0,0.0,0,Mộc Châu,household_giant,0,1,1,0,domestic,0,1,0,9,count,1,False,900.0,,6.802394763324311,4977.777777777777,,8.512738841066858,4977.777777777777,,8.512738841066858
Sữa thanh trùng dâu tây tươi Dalat Milk hộp 180ml,Hộp,Sữa tươi,Sữa Tươi,12300.0,12500.0,55,0.2,0.08,0.0328200580389972,2,0.0799999999999999,1,0,1,11,11.0,0,Dalat Milk,prestige_leader,1,1,1,0,domestic,0,0,1,10,count,1,False,180.0,,5.19295685089021,6833.333333333333,,8.82956787645839,6944.444444444444,,8.845697258388274
Sữa thanh trùng nguyên chất TH Milk 950ml,Hộp,Sữa tươi,Sữa Tươi,46535.294117647056,49500.0,51,0.3529411764705882,0.1696969696969697,0.0871204189472049,2,0.1696969696969696,1,0,1,18,18.0,0,,,0,0,0,0,domestic,0,0,1,8,count,1,False,950.0,,6.856461984594587,4898.4520123839,,8.496674518346776,5210.526315789473,,8.558436149950287
Sữa tiệt trùng Active 20+ hương dâu Cô gái Hà Lan gói 220ml,Gói,Sữa tươi,Sữa Tươi,6564.912280701755,7200.0,57,0.7192982456140351,0.1226287262872628,0.0685759185077175,3,0.1666666666666666,1,0,1,15,13.666666666666666,0,Dutch Lady,household_giant,0,1,1,0,domestic,0,0,0,13,count,1,False,220.0,,5.393627546352362,2984.0510366826156,,8.001037064623306,3272.7272727272725,,8.093378944639877
Sữa tiệt trùng Binggrae vị chuối lốc 6 hộp x 200ml,Gói 6,Sữa tươi,Sữa Tươi,98727.77777777778,111000.0,54,0.5925925925925926,0.1865709459459459,0.1056092861571254,3,0.2685714285714284,1,0,1,19,16.0,0,Binggrae,niche_professional,1,0,1,0,domestic,0,0,0,11,count,6,False,200.0,,5.298317366548036,8227.314814814816,,9.015214972489412,9250.0,,9.132378830506472
Sữa tiệt trùng Cô gái Hà Lan có đường hộp 1L,Hộp,Sữa tươi,Sữa Tươi,35848.97959183674,37900.0,49,0.4285714285714285,0.1262721447418017,0.0699739796509155,3,0.1609498680738786,1,0,1,12,10.5,0,Dutch Lady,household_giant,0,1,1,0,domestic,0,0,0,11,count,1,False,1000.0,,6.907755278982137,3584.8979591836737,,8.184485289360483,3790.0,,8.240121298076472
Sữa tiệt trùng Cô gái Hà Lan có đường lốc 4 hộp x 180ml,Gói 4,Sữa tươi,Sữa Tươi,31615.384615384617,34900.0,65,0.5692307692307692,0.1653372570278014,0.0912785810170073,3,0.2076124567474049,1,0,1,20,12.333333333333334,0,Dutch Lady,household_giant,0,1,1,0,domestic,0,0,0,14,count,4,False,180.0,,5.19295685089021,4391.025641025642,,8.387318109994826,4847.222222222222,,8.48616108216851
Sữa tiệt trùng Cô gái Hà Lan không đường hộp 1lít,Hộp,Sữa tươi,Sữa Tươi,35863.04347826087,37900.0,46,0.391304347826087,0.1373497508062152,0.074301999251655,3,0.1609498680738786,1,0,1,11,9.0,0,Dutch Lady,household_giant,0,1,1,0,domestic,0,1,0,11,count,1,False,1000.0,,6.907755278982137,3586.304347826087,,8.184877521680875,3790.0,,8.240121298076472
Sữa tiệt trùng Cô gái Hà Lan không đường lốc 4 hộp x 180ml,Gói 4,Sữa tươi,Sữa Tươi,31300.0,34900.0,20,0.8,0.1289398280802292,0.0632215777370498,3,0.157593123209169,1,0,1,10,8.0,0,Dutch Lady,household_giant,0,1,1,0,domestic,0,1,0,14,count,4,False,180.0,,5.19295685089021,4347.222222222222,,8.377292350506234,4847.222222222222,,8.48616108216851
Sữa tiệt trùng Fristi Dutch Lady hương nho 6 hộp x 80ml,Gói 6,Sữa tươi,Sữa Tươi,24607.14285714286,25500.0,56,0.3571428571428571,0.0980392156862745,0.0491212837286879,2,0.108695652173913,1,0,1,12,10.0,0,Dutch Lady,household_giant,0,1,1,0,domestic,0,0,0,12,count,6,False,80.0,,4.382026634673881,5126.488095238095,,8.542176121906747,5312.5,,8.577817813232672
Sữa tiệt trùng Fristi Dutch Lady hương táo lốc 6 hộp x 80ml,Gói 6,Sữa tươi,Sữa Tươi,24911.764705882353,25500.0,51,0.2352941176470588,0.0980392156862745,0.0429920695537972,2,0.108695652173913,1,0,1,9,6.0,0,Dutch Lady,household_giant,0,1,1,0,domestic,0,0,0,13,count,6,False,80.0,,4.382026634673881,5189.950980392157,,8.554479531104185,5312.5,,8.577817813232672
Sữa tiệt trùng TH True Milk có đường lốc 4 hộp x 110ml,Gói 4,Sữa tươi,Sữa Tươi,26100.0,26100.0,47,0.0,,0.0,1,0.0,0,0,1,0,0.0,0,TH True Milk,prestige_leader,1,1,1,0,domestic,0,0,0,13,count,4,False,110.0,,4.700480365792417,5931.818181818181,,8.68808605238657,5931.818181818181,,8.68808605238657
Sữa tiệt trùng Vinamilk có đường túi 220ml,Gói,Sữa tươi,Sữa Tươi,7778.9473684210525,8200.0,57,1.0,0.0513478818998716,0.0079604649495004,2,0.0263157894736842,1,1,1,57,57.0,0,Vinamilk,household_giant,0,1,1,0,domestic,0,0,0,8,count,1,False,220.0,,5.393627546352362,3535.8851674641146,,8.170718947965527,3727.272727272727,,8.223432072888075
Sữa tiệt trùng Vinamilk hương dâu gói 220ml,Gói,Sữa tươi,Sữa Tươi,7770.491803278688,8200.0,61,1.0,0.0523790483806477,0.0092037300654961,2,0.0263157894736842,1,1,1,61,61.0,0,Vinamilk,household_giant,0,1,1,0,domestic,0,0,0,8,count,1,False,220.0,,5.393627546352362,3532.04172876304,,8.169631376139632,3727.272727272727,,8.223432072888075
Sữa tiệt trùng Vinamilk không đường túi 220ml,Gói,Sữa tươi,Sữa Tươi,7779.310344827586,8200.0,58,1.0,0.0513036164844407,0.0078979571041861,2,0.0263157894736842,1,1,1,58,58.0,0,Vinamilk,household_giant,0,1,1,0,domestic,0,1,0,8,count,1,False,220.0,,5.393627546352362,3536.0501567398114,,8.170765608255296,3727.272727272727,,8.223432072888075
Sữa tiệt trùng sô cô la Vinamilk gói 220ml,Gói,Sữa tươi,Sữa Tươi,7776.271186440678,8200.0,59,1.0,0.0516742455560148,0.00838820985991,2,0.0263157894736842,1,1,1,59,59.0,0,Vinamilk,household_giant,0,1,1,0,domestic,0,0,0,9,count,1,False,220.0,,5.393627546352362,3534.668721109399,,8.170374859967364,3727.272727272727,,8.223432072888075
Sữa tiệt trùng tự nhiên Dalatmilk 220ml,Gói,Sữa tươi,Sữa Tươi,9500.0,9500.0,48,0.0,,0.0,1,0.0,0,0,1,0,0.0,0,Dalat Milk,prestige_leader,1,1,1,0,domestic,0,0,1,7,count,1,False,220.0,,5.393627546352362,4318.181818181818,,8.370589717224362,4318.181818181818,,8.370589717224362
Sữa tiệt trùng vị sô cô la Active 20+ Cô Gái Hà Lan lốc 4 hộp x 180ml,Gói 4,Sữa tươi,Sữa Tươi,33250.87719298246,34900.0,57,0.3508771929824561,0.1346704871060172,0.0695602394113618,3,0.157593123209169,1,0,1,10,10.0,0,Dutch Lady,household_giant,0,1,1,0,domestic,0,0,0,18,count,4,False,180.0,,5.19295685089021,4618.17738791423,,8.437755401457832,4847.222222222222,,8.48616108216851
Sữa tiệt trùng vị sô cô la Active 20+ Dutch Lady gói 220ml,Gói,Sữa tươi,Sữa Tươi,6572.131147540984,7200.0,61,0.7213114754098361,0.1208964646464646,0.067370573067933,3,0.1666666666666666,1,0,1,15,14.666666666666666,0,Dutch Lady,household_giant,0,1,1,0,domestic,0,0,0,13,count,1,False,220.0,,5.393627546352362,2987.332339791356,,8.002136074093016,3272.7272727272725,,8.093378944639877
Sữa tiệt trùng ít đường Vinamilk gói 220ml,Gói,Sữa tươi,Sữa Tươi,7778.9473684210525,8200.0,57,1.0,0.0513478818998716,0.0079604649495004,2,0.0263157894736842,1,1,1,57,57.0,0,Vinamilk,household_giant,0,1,1,0,domestic,0,1,0,8,count,1,False,220.0,,5.393627546352362,3535.8851674641146,,8.170718947965527,3727.272727272727,,8.223432072888075
Sữa trái cây KUN vị cam lốc 4 hộp x 180ml,Gói 4,Sữa tươi,Sữa Tươi,28320.408163265307,29900.0,49,0.4081632653061224,0.1294314381270903,0.067893721128146,3,0.1544401544401543,1,0,1,13,10.0,0,Kun,local_value,0,0,1,0,domestic,0,0,0,11,count,4,False,180.0,,5.19295685089021,3933.390022675737,,8.277256934226466,4152.777777777777,,8.331532733356768
Sữa trái cây KUN vị nho thùng 24 túi x 110ml,Thùng,Sữa tươi,Sữa Tươi,139000.0,139000.0,39,0.0,,0.0,1,0.0,0,0,1,0,0.0,0,Kun,local_value,0,0,1,0,domestic,0,0,0,11,unknown,24,False,110.0,,4.700480365792417,5265.151515151515,,8.56886520196056,5265.151515151515,,8.56886520196056
Sữa trái cây KUN vị nho túi 110ml,Gói,Sữa tươi,Sữa Tươi,5900.0,5900.0,12,0.0,,0.0,1,0.0,0,0,1,0,0.0,0,Kun,local_value,0,0,1,0,domestic,0,0,0,8,count,1,False,110.0,,4.700480365792417,5363.636363636363,,8.587397450089485,5363.636363636363,,8.587397450089485
Sữa trái cây Lof Kun hương nho 180ml,Gói 4,Sữa tươi,Sữa Tươi,28287.5,29900.0,48,0.4166666666666667,0.1294314381270903,0.0681972602399933,3,0.1544401544401543,1,0,1,13,10.0,0,Kun,local_value,0,0,1,0,domestic,0,0,0,8,count,4,False,180.0,,5.19295685089021,3928.8194444444443,,8.276094263919783,4152.777777777777,,8.331532733356768
Sữa tươi thanh trùng Dalat Milk không đường hộp 450ml,Hộp,Sữa tươi,Sữa Tươi,25804.918032786885,26700.0,61,0.4262295081967213,0.0786516853932584,0.0405785911146196,2,0.0853658536585366,1,0,1,25,13.0,0,Dalat Milk,prestige_leader,1,1,1,0,domestic,0,1,1,10,count,1,False,450.0,,6.1092475827643655,5734.426229508197,,8.654242977393327,5933.333333333333,,8.688341447612066
Sữa tươi thanh trùng Meiji 4.3% hộp 946ml,Hộp,Sữa tươi,Sữa Tươi,71073.33333333333,75000.0,45,0.4222222222222222,0.124,0.0653592625789829,2,0.1415525114155251,1,0,1,19,19.0,0,Meiji,prestige_leader,1,1,1,0,domestic,0,0,1,8,count,1,False,946.0,,6.852242569051878,7513.037350246651,,8.92439510377257,7928.118393234671,,8.97817100945466
Sữa tươi thanh trùng Meiji hộp 946ml,Hộp,Sữa tươi,Sữa Tươi,64150.84745762712,70000.0,59,0.5932203389830508,0.1408571428571428,0.0780698561866595,3,0.1242857142857143,1,0,1,35,35.0,0,Meiji,prestige_leader,1,1,1,0,domestic,0,0,1,7,count,1,False,946.0,,6.852242569051878,6781.273515605403,,8.821920197455903,7399.577167019027,,8.909178137967709
Sữa tươi thanh trùng Mộc Châu có đường chai 880ml,Chai,Sữa tươi,Sữa Tươi,41500.0,41500.0,19,0.0,,0.0,1,0.0,0,0,1,0,0.0,0,Mộc Châu,household_giant,0,1,1,0,domestic,0,0,1,10,count,1,False,880.0,,6.779921907472252,4715.90909090909,,8.458696984734628,4715.90909090909,,8.458696984734628
Sữa tươi thanh trùng Mộc Châu không đường chai 900g,Chai,Sữa tươi,Sữa Tươi,41500.0,41500.0,39,0.0,,0.0,1,0.0,0,0,1,0,0.0,0,Mộc Châu,household_giant,0,1,1,0,domestic,0,1,1,10,count,1,False,,900.0,6.802394763324311,,4611.111111111111,8.43622412888257,,4611.111111111111,8.43622412888257
Sữa tươi thanh trùng sô cô la Dalat Milk có đường hộp 180ml,Hộp,Sữa tươi,Sữa Tươi,12184.21052631579,12500.0,57,0.3157894736842105,0.08,0.0384892740875503,2,0.0799999999999999,1,0,1,18,18.0,0,Dalat Milk,prestige_leader,1,1,1,0,domestic,0,0,1,13,count,1,False,180.0,,5.19295685089021,6769.005847953216,,8.820109508439867,6944.444444444444,,8.845697258388274
Sữa tươi tiệt trùng Cô gái Hà Lan có đường túi 180ml,Gói,Sữa tươi,Sữa Tươi,6850.0,7200.0,56,0.5,0.0972222222222222,0.0515572971352787,2,0.1076923076923077,1,0,1,14,14.0,0,Dutch Lady,household_giant,0,1,1,0,domestic,0,0,1,12,count,1,False,180.0,,5.19295685089021,3805.5555555555557,,8.244217266354152,4000.0,,8.294049640102028
Sữa tươi tiệt trùng Cô gái Hà Lan không đường túi 180ml,Gói,Sữa tươi,Sữa Tươi,6162.1621621621625,7200.0,74,1.0,0.1441441441441441,0.03824284686902,2,0.0833333333333332,1,1,1,74,74.0,0,Dutch Lady,household_giant,0,1,1,0,domestic,0,1,1,12,count,1,False,180.0,,5.19295685089021,3423.4234234234236,,8.138396330390234,4000.0,,8.294049640102028
Sữa tươi tiệt trùng DALATMILK ít đường 220ml,Gói,Sữa tươi,Sữa Tươi,9500.0,9500.0,48,0.0,,0.0,1,0.0,0,0,1,0,0.0,0,Dalat Milk,prestige_leader,1,1,1,0,domestic,0,1,1,8,count,1,False,220.0,,5.393627546352362,4318.181818181818,,8.370589717224362,4318.181818181818,,8.370589717224362
Sữa tươi tiệt trùng Meadow Fresh giàu canxi hộp 1L,Hộp,Sữa tươi,Sữa Tươi,56478.205128205125,68353.84615384616,78,0.8846153846153846,0.1951846592479365,0.0844448149664082,3,0.2130434782608695,1,0,2,61,34.5,1,Meadow Fresh,niche_professional,1,0,1,0,Úc,1,1,1,10,count,1,False,1000.0,,6.907755278982137,5647.820512820513,,8.639024999776566,6835.384615384615,,8.829868019028362
Sữa tươi tiệt trùng Meiji không Lactose 946ml,Gói,Sữa tươi,Sữa Tươi,81871.9298245614,84500.0,57,0.2456140350877192,0.1266272189349112,0.056756493282622,2,0.1266272189349112,1,0,1,14,14.0,0,Meiji,prestige_leader,1,1,1,0,domestic,0,0,1,8,count,1,False,946.0,,6.852242569051878,8654.53803642298,,9.065839090844719,8932.346723044397,,9.097434430281478
Sữa tươi tiệt trùng TH True Milk có đường gói 220ml,Gói,Sữa tươi,Sữa Tươi,9500.0,9500.0,50,0.0,,0.0,1,0.0,0,0,1,0,0.0,0,TH True Milk,prestige_leader,1,1,1,0,domestic,0,0,1,11,count,1,False,220.0,,5.393627546352362,4318.181818181818,,8.370589717224362,4318.181818181818,,8.370589717224362
Sữa tươi tiệt trùng TH True Milk có đường hộp 1L,Hộp,Sữa tươi,Sữa Tươi,42400.0,42400.0,55,0.0,,0.0,1,0.0,0,0,1,0,0.0,0,TH True Milk,prestige_leader,1,1,1,0,domestic,0,0,1,11,count,1,False,1000.0,,6.907755278982137,4240.0,,8.352318548226004,4240.0,,8.352318548226004
Sữa tươi tiệt trùng TH True Milk ít đường 110ml,Gói 4,Sữa tươi,Sữa Tươi,26100.0,26100.0,49,0.0,,0.0,1,0.0,0,0,1,0,0.0,0,TH True Milk,prestige_leader,1,1,1,0,domestic,0,1,1,10,count,4,False,110.0,,4.700480365792417,5931.818181818181,,8.68808605238657,5931.818181818181,,8.68808605238657
Sữa tươi tiệt trùng TH True Milk ít đường gói 220ml,Gói,Sữa tươi,Sữa Tươi,9500.0,9500.0,51,0.0,,0.0,1,0.0,0,0,1,0,0.0,0,TH True Milk,prestige_leader,1,1,1,0,domestic,0,1,1,11,count,1,False,220.0,,5.393627546352362,4318.181818181818,,8.370589717224362,4318.181818181818,,8.370589717224362
Sữa tươi tiệt trùng TH True Milk ít đường hộp 1 lít,Hộp,Sữa tươi,Sữa Tươi,42400.0,42400.0,55,0.0,,0.0,1,0.0,0,0,1,0,0.0,0,TH True Milk,prestige_leader,1,1,1,0,domestic,0,1,1,12,count,1,False,1000.0,,6.907755278982137,4240.0,,8.352318548226004,4240.0,,8.352318548226004
Sữa tươi tiệt trùng THTRUE Milk Hương Dâu 110ml*4,Gói 4,Sữa tươi,Sữa Tươi,26100.0,26100.0,49,0.0,,0.0,1,0.0,0,0,1,0,0.0,0,TH True Milk,prestige_leader,1,1,1,0,domestic,0,0,1,9,count,4,False,110.0,,4.700480365792417,5931.818181818181,,8.68808605238657,5931.818181818181,,8.68808605238657
Sữa tươi tiệt trùng Vinamilk có đường hộp 1 lít,Hộp,Sữa tươi,Sữa Tươi,36733.96226415094,38300.0,53,0.490566037735849,0.08335007029524,0.0439016978060003,3,0.0942857142857143,1,0,1,14,13.0,0,Vinamilk,household_giant,0,1,1,0,domestic,0,0,1,10,count,1,False,1000.0,,6.907755278982137,3673.396226415094,,8.208871915420834,3830.0,,8.250620082174692
Sữa tươi tiệt trùng Vinamilk có đường lốc 4 hộp x 110ml,Gói 4,Sữa tươi,Sữa Tươi,20691.428571428572,21900.0,35,1.0,0.0551859099804305,0.0024507372755176,2,0.0147058823529411,1,1,1,35,35.0,0,Vinamilk,household_giant,0,1,1,0,domestic,0,0,1,12,count,4,False,110.0,,4.700480365792417,4702.597402597403,,8.455870273900048,4977.272727272727,,8.512637374880377
Sữa tươi tiệt trùng Vinamilk không đường hộp 1 lít,Hộp,Sữa tươi,Sữa Tươi,36733.96226415094,38300.0,53,0.490566037735849,0.08335007029524,0.0439016978060003,3,0.0942857142857143,1,0,1,14,13.0,0,Vinamilk,household_giant,0,1,1,0,domestic,0,1,1,10,count,1,False,1000.0,,6.907755278982137,3673.396226415094,,8.208871915420834,3830.0,,8.250620082174692
Sữa tươi tiệt trùng Vinamilk không đường lốc 4 hộp x 180ml,Gói 4,Sữa tươi,Sữa Tươi,33122.5,34200.0,40,0.425,0.0741314069487444,0.0383323508405831,3,0.0822784810126582,1,0,1,11,8.5,0,Vinamilk,household_giant,0,1,1,0,domestic,0,1,1,12,count,4,False,180.0,,5.19295685089021,4600.347222222222,,8.433887062720268,4750.0,,8.465899897028686
Sữa tươi tiệt trùng Vinamilk ít đường hộp 1 lít,Hộp,Sữa tươi,Sữa Tươi,35922.64150943396,38300.0,53,0.6792452830188679,0.0913838120104438,0.0473699984686379,4,0.1264705882352941,1,0,1,14,12.0,0,Vinamilk,household_giant,0,1,1,0,domestic,0,1,1,10,count,1,False,1000.0,,6.907755278982137,3592.264150943396,,8.1865379653996,3830.0,,8.250620082174692
Sữa tươi tiệt trùng Vinamilk ít đường lốc 4 hộp x 110ml,Gói 4,Sữa tươi,Sữa Tươi,20670.0,21900.0,50,1.0,0.0561643835616438,0.0043983419936961,2,0.0147058823529411,1,1,1,50,50.0,0,Vinamilk,household_giant,0,1,1,0,domestic,0,1,1,12,count,4,False,110.0,,4.700480365792417,4697.727272727272,,8.454834111751598,4977.272727272727,,8.512637374880377
Sữa tươi tiệt trùng hương dâu TH True Milk lốc 4 hộp x 180ml,Gói 4,Sữa tươi,Sữa Tươi,38900.0,38900.0,48,0.0,,0.0,1,0.0,0,0,1,0,0.0,0,TH True Milk,prestige_leader,1,1,1,0,domestic,0,0,1,14,count,4,False,180.0,,5.19295685089021,5402.777777777777,,8.594668503584527,5402.777777777777,,8.594668503584527
Sữa tươi tiệt trùng hương dâu Vinamilk lốc 4 hộp x 180ml,Gói 4,Sữa tươi,Sữa Tươi,32922.0,34200.0,50,0.5,0.0747368421052631,0.0392279253035326,3,0.0822784810126582,1,0,1,14,12.5,0,Vinamilk,household_giant,0,1,1,0,domestic,0,0,1,12,count,4,False,180.0,,5.19295685089021,4572.5,,8.42781538026502,4750.0,,8.465899897028686
Sữa tươi tiệt trùng nguyên Chất TH True Milk gói 220ml,Gói,Sữa tươi,Sữa Tươi,9500.0,9500.0,46,0.0,,0.0,1,0.0,0,0,1,0,0.0,0,TH True Milk,prestige_leader,1,1,1,0,domestic,0,0,1,11,count,1,False,220.0,,5.393627546352362,4318.181818181818,,8.370589717224362,4318.181818181818,,8.370589717224362
Sữa tươi tiệt trùng nguyên chất TH True Milk hộp 1 lít,Hộp,Sữa tươi,Sữa Tươi,42400.0,42400.0,53,0.0,,0.0,1,0.0,0,0,1,0,0.0,0,TH True Milk,prestige_leader,1,1,1,0,domestic,0,0,1,12,count,1,False,1000.0,,6.907755278982137,4240.0,,8.352318548226004,4240.0,,8.352318548226004
Sữa tươi tiệt trùng nguyên chất TH True Milk thùng 48 gói x 220ml,Thùng,Sữa tươi,Sữa Tươi,455800.0,455800.0,4,0.0,,0.0,1,0.0,0,0,1,0,0.0,0,TH True Milk,prestige_leader,1,1,1,0,domestic,0,0,1,14,unknown,48,False,220.0,,5.393627546352362,4316.287878787879,,8.37015102452156,4316.287878787879,,8.37015102452156
Sữa tươi tiệt trùng nguyên kem Meadow Fresh hộp 1L,Hộp,Sữa tươi,Sữa Tươi,47172.36842105263,57289.47368421053,76,0.881578947368421,0.1993694316237579,0.0854595756729189,3,0.2131715771230502,1,0,2,61,33.5,1,Meadow Fresh,niche_professional,1,0,1,0,Úc,1,0,1,10,count,1,False,1000.0,,6.907755278982137,4717.236842105263,,8.45897849234924,5728.9473684210525,,8.653287087496253
Sữa tươi tiệt trùng nguyên kem Meadow Fresh lốc 3 hộp x 200ml,Gói 3,Sữa tươi,Sữa Tươi,41723.40425531915,47800.0,47,0.8936170212765957,0.1422594142259414,0.0507938321547762,2,0.1658536585365853,1,0,1,42,42.0,0,Meadow Fresh,niche_professional,1,0,1,0,Úc,1,0,1,13,count,3,False,200.0,,5.298317366548036,6953.900709219858,,8.84705803424037,7966.666666666667,,8.983021449251492
Sữa tươi tiệt trùng sô cô la Vinamilk lốc 4 hộp x 180ml,Gói 4,Sữa tươi,Sữa Tươi,32895.91836734694,34200.0,49,0.5102040816326531,0.0747368421052631,0.0392593355272448,3,0.0822784810126582,1,0,1,14,12.5,0,Vinamilk,household_giant,0,1,1,0,domestic,0,0,1,13,count,4,False,180.0,,5.19295685089021,4568.877551020408,,8.427022841252386,4750.0,,8.465899897028686
Sữa tươi tiệt trùng sô cô la nguyên chất TH True Milk lốc 4 hộp x 180ml,Gói 4,Sữa tươi,Sữa Tươi,38900.0,38900.0,47,0.0,,0.0,1,0.0,0,0,1,0,0.0,0,TH True Milk,prestige_leader,1,1,1,0,domestic,0,0,1,17,count,4,False,180.0,,5.19295685089021,5402.777777777777,,8.594668503584527,5402.777777777777,,8.594668503584527
Sữa tươi tiệt trùng ít béo Meadow Fresh hộp 1L,Hộp,Sữa tươi,Sữa Tươi,47302.666666666664,57145.333333333336,75,0.88,0.1944898852351192,0.0857708851656286,3,0.2131715771230502,1,0,2,58,33.0,1,Meadow Fresh,niche_professional,1,0,1,0,Úc,1,1,1,10,count,1,False,1000.0,,6.907755278982137,4730.266666666666,,8.46173685762761,5714.533333333334,,8.650767916435232
Sữa tươi trân châu đường đen Lothamilk 250ml,Chai,Sữa tươi,Sữa Tươi,18400.0,18400.0,1,0.0,,,1,0.0,0,0,1,0,0.0,0,Lothamilk,local_value,0,0,1,0,domestic,0,0,1,8,count,1,False,250.0,,5.521460917862246,7360.0,,8.903815211722922,7360.0,,8.903815211722922
Sữa uống dinh dưỡng Abbott Glucerna hương vani chai 220ml,Chai,Sữa Bột,Sữa Tươi,54453.44827586207,58100.0,58,0.7241379310344828,0.0866732235062699,0.0417003944563733,3,0.0962264150943397,1,0,1,18,14.0,0,Glucerna,prestige_leader,1,1,1,0,domestic,0,1,0,10,count,1,False,220.0,,5.393627546352362,24751.56739811912,,10.11664409520856,26409.090909090908,,10.181463582475732
Sữa uống lên men Betagen hương dứa chai 300ml,Chai,Sữa Chua - Váng Sữa,Sữa Tươi,21240.0,21800.0,45,0.2444444444444444,0.1050875729774812,0.0468815326922913,3,0.1179487179487179,1,0,1,10,5.5,0,Betagen,niche_professional,1,0,1,0,domestic,0,0,0,9,count,1,False,300.0,,5.703782474656201,7080.0,,8.865029186687766,7266.666666666667,,8.891052960109072
Sữa uống lên men Betagen hương tự nhiên chai 400ml,Chai,Sữa Chua - Váng Sữa,Sữa Tươi,27600.0,27600.0,55,0.0,,0.0,1,0.0,0,0,1,0,0.0,0,Betagen,niche_professional,1,0,1,0,domestic,0,0,1,10,count,1,False,400.0,,5.991464547107982,6900.0,,8.83927669058535,6900.0,,8.83927669058535
Sữa uống lên men Yakult lốc 5 chai x 65ml,Gói 5,Sữa Chua - Váng Sữa,Sữa Tươi,26000.0,26000.0,49,0.0,,0.0,1,0.0,0,0,1,0,0.0,0,Yakult,niche_professional,1,0,1,0,domestic,0,0,0,10,count,5,False,65.0,,4.174387269895637,8000.0,,8.987196820661973,8000.0,,8.987196820661973
Sữa uống lên men hương cam Betagen chai 300ml,Chai,Sữa Chua - Váng Sữa,Sữa Tươi,19990.76923076923,21800.0,65,0.8153846153846154,0.101782932317812,0.0434359419569953,3,0.1009174311926605,1,0,1,53,53.0,0,Betagen,niche_professional,1,0,1,0,domestic,0,0,0,9,count,1,False,300.0,,5.703782474656201,6663.589743589743,,8.804413618864821,7266.666666666667,,8.891052960109072
Sữa uống lên men hương dâu Betagen chai 700ml,Chai,Sữa Chua - Váng Sữa,Sữa Tươi,40167.857142857145,42900.0,56,0.5357142857142857,0.1188811188811188,0.0648398830307847,3,0.153225806451613,1,0,1,15,15.0,0,Betagen,niche_professional,1,0,1,0,domestic,0,0,0,9,count,1,False,700.0,,6.551080335043404,5738.265306122449,,8.654912232161596,6128.571428571428,,8.720716955860794
Sữa uống lên men hương tự nhiên Betagen lốc 4 chai x 85ml,Gói 4,Sữa Chua - Váng Sữa,Sữa Tươi,24755.555555555555,26200.0,63,0.5079365079365079,0.1085400763358778,0.0585188911647149,3,0.1391304347826087,1,0,1,19,16.0,0,Betagen,niche_professional,1,0,1,0,domestic,0,0,1,13,count,4,False,85.0,,4.442651256490317,7281.045751633987,,8.893029778076931,7705.882352941177,,8.949739258127073
Sữa óc chó Degrees truyền thống hộp 1L,Hộp,Sữa Hạt - Sữa Đậu,Sữa Tươi,145733.33333333334,155900.0,51,0.3333333333333333,0.195638229634381,0.0996402411118741,2,0.2432216905901116,1,0,1,17,17.0,0,Degrees,prestige_leader,1,1,1,0,domestic,0,0,0,8,count,1,False,1000.0,,6.907755278982137,14573.333333333334,,9.586948653622365,15590.0,,9.654384962051822
Sữa Đặc Có Đường Ông Thọ Đỏ Tuýp 165g,Hộp,Sữa Đặc,Sữa Tươi,20491.071428571428,21600.0,56,0.4464285714285714,0.115,0.0615421222055617,3,0.1428571428571428,1,0,1,16,12.5,0,Ông Thọ,household_giant,0,1,1,0,domestic,0,0,0,9,count,1,False,,165.0,5.10594547390058,,12418.83116883117,9.426969242269198,,13090.909090909092,9.479673305759768
Sữa đậu nành Fami Canxi Vinasoy túi 200ml,Gói,Sữa Hạt - Sữa Đậu,Sữa Tươi,4068.852459016394,4300.0,61,0.6721311475409836,0.0799773114010209,0.0412573261851201,3,0.0930232558139535,1,0,1,18,13.666666666666666,0,Fami,household_giant,0,1,1,0,domestic,0,1,0,8,count,1,False,200.0,,5.298317366548036,2034.426229508197,,7.617969107019388,2150.0,,7.673223121121708
Sữa đậu nành Fami Canxi ít đường 200ml,Gói 6,Sữa Hạt - Sữa Đậu,Sữa Tươi,30057.14285714286,31200.0,7,0.2857142857142857,0.1282051282051282,0.064936316641062,2,0.1470588235294117,1,0,1,2,2.0,0,Fami,household_giant,0,1,1,0,domestic,0,1,0,8,count,6,False,200.0,,5.298317366548036,2504.761904761905,,7.8259489610023785,2600.0,,7.8632667240095735
Sữa đậu nành Fami canxi Vinasoy lốc 6 hộp x 200ml,Gói 6,Sữa Hạt - Sữa Đậu,Sữa Tươi,29280.0,31200.0,10,0.6,0.1025641025641025,0.0564369157917292,2,0.1142857142857143,1,0,1,6,6.0,0,Fami,household_giant,0,1,1,0,domestic,0,1,0,11,count,6,False,200.0,,5.298317366548036,2440.0,,7.799753318287247,2600.0,,7.8632667240095735
Sữa đậu nành Fami canxi ít đường bịch 200ml,Gói,Sữa Hạt - Sữa Đậu,Sữa Tươi,3981.6666666666665,4300.0,60,0.7166666666666667,0.1032990805840995,0.0518002118931243,3,0.1162790697674418,1,0,1,19,14.333333333333334,0,Fami,household_giant,0,1,1,0,domestic,0,1,0,9,count,1,False,200.0,,5.298317366548036,1990.8333333333333,,7.596308590531855,2150.0,,7.673223121121708
Sữa đậu nành Fami nguyên chất Vinasoy gói 200ml,Gói,Sữa Hạt - Sữa Đậu,Sữa Tươi,4022.0,4200.0,50,0.5,0.0847619047619047,0.0455667886765607,3,0.1052631578947369,1,0,1,14,12.5,0,Fami,household_giant,0,1,1,0,domestic,0,0,1,9,count,1,False,200.0,,5.298317366548036,2011.0,,7.606387389772652,2100.0,,7.649692623711514
Sữa đậu nành Fami nguyên chất hộp 1L,Hộp,Sữa Hạt - Sữa Đậu,Sữa Tươi,19434.21052631579,21900.0,38,0.6052631578947368,0.1860234266428429,0.1041504385357176,3,0.2443181818181818,1,0,1,13,11.5,0,Fami,household_giant,0,1,1,0,domestic,0,0,1,8,count,1,False,1000.0,,6.907755278982137,1943.421052631579,,7.57220512823314,2190.0,,7.691656822810547
Sữa đậu nành Fami nguyên chất ít đường gói 200ml,Gói,Sữa Hạt - Sữa Đậu,Sữa Tươi,3870.3703703703704,4200.0,54,0.7037037037037037,0.1115288220551378,0.0567022498382387,3,0.1351351351351351,1,0,1,15,12.666666666666666,0,Fami,household_giant,0,1,1,0,domestic,0,1,1,10,count,1,False,200.0,,5.298317366548036,1935.1851851851852,,7.567958303822729,2100.0,,7.649692623711514
Sữa đậu nành canxi Fami hộp 1L,Hộp,Sữa Hạt - Sữa Đậu,Sữa Tươi,19426.315789473683,21900.0,57,0.5964912280701754,0.1893634165995165,0.1059499676493359,3,0.2443181818181818,1,0,1,21,17.0,0,Fami,household_giant,0,1,1,0,domestic,0,1,0,7,count,1,False,1000.0,,6.907755278982137,1942.6315789473683,,7.571798816857604,2190.0,,7.691656822810547
Sữa đậu nành hạnh nhân Vinamilk 4 hộp x 180ml,Gói 4,Sữa Hạt - Sữa Đậu,Sữa Tươi,31280.0,32800.0,55,0.6909090909090909,0.0670731707317073,0.03280152012735,2,0.0718954248366012,1,0,1,17,12.666666666666666,0,Vinamilk,household_giant,0,1,1,0,domestic,0,0,0,10,count,4,False,180.0,,5.19295685089021,4344.444444444444,,8.376653168637239,4555.555555555556,,8.424102768350226
Sữa đậu nành hạt óc chó Vinamilk lốc 4 hộp x 180ml,Gói 4,Sữa Hạt - Sữa Đậu,Sữa Tươi,31267.85714285714,32800.0,56,0.6964285714285714,0.0670731707317073,0.0326441953193586,2,0.0718954248366012,1,0,1,18,13.0,0,Vinamilk,household_giant,0,1,1,0,domestic,0,0,0,12,count,4,False,180.0,,5.19295685089021,4342.757936507936,,8.37626489451083,4555.555555555556,,8.424102768350226
Sữa đậu nành nguyên chất Fami 6 hộp x 200ml,Gói 6,Sữa Hạt - Sữa Đậu,Sữa Tươi,30200.0,31500.0,2,0.5,0.0825396825396825,0.0608767427511597,2,0.0825396825396825,1,0,1,1,1.0,0,Fami,household_giant,0,1,1,0,domestic,0,0,1,10,count,6,False,200.0,,5.298317366548036,2516.6666666666665,,7.830690553574961,2625.0,,7.872836175025724
Sữa đậu nành đậu đỏ Vinamilk 4 hộp x 180ml,Gói 4,Sữa Hạt - Sữa Đậu,Sữa Tươi,31267.85714285714,32800.0,56,0.6964285714285714,0.0670731707317073,0.0326441953193586,2,0.0718954248366012,1,0,1,18,13.0,0,Vinamilk,household_giant,0,1,1,0,domestic,0,0,0,10,count,4,False,180.0,,5.19295685089021,4342.757936507936,,8.37626489451083,4555.555555555556,,8.424102768350226
"Sữa đậu đen, óc chó, hạnh nhân Sahmyook hộp 190ml",Gói 3,Sữa Hạt - Sữa Đậu,Sữa Tươi,58000.0,58000.0,14,0.0,,0.0,1,0.0,0,0,1,0,0.0,0,Sahmyook,niche_professional,1,0,1,0,domestic,0,0,0,10,count,3,False,190.0,,5.247024072160486,10175.438596491227,,9.227732114688052,10175.438596491227,,9.227732114688052
"Sữa đậu đen, óc chó, hạnh nhân Sahmyook túi 195ml",Gói,Sữa Hạt - Sữa Đậu,Sữa Tươi,18132.0,21300.0,25,0.72,0.2065727699530516,0.1112030281149663,2,0.2603550295857988,1,0,1,18,18.0,0,Sahmyook,niche_professional,1,0,1,0,domestic,0,0,0,10,count,1,False,195.0,,5.272999558563747,9298.461538461539,,9.137604239485084,10923.076923076924,,9.29863297912186
Sữa đặc Tài Lộc Vinamilk 380g,Hộp,Sữa Đặc,Sữa Tươi,16200.0,16200.0,48,0.0,,0.0,1,0.0,0,0,1,0,0.0,0,Vinamilk,household_giant,0,1,1,0,domestic,0,0,0,6,count,1,False,,380.0,5.940171252720432,,4263.1578947368425,8.357765454488135,,4263.1578947368425,8.357765454488135
Sữa đặc có đường Hoàn Hảo 380g,Hộp,Sữa Đặc,Sữa Tươi,22334.0,22600.0,50,0.14,0.084070796460177,0.029818603126728,2,0.0917874396135265,1,0,1,7,7.0,0,,,0,0,0,0,domestic,0,0,0,7,count,1,False,,380.0,5.940171252720432,,5877.368421052632,8.678864393273397,,5947.368421052632,8.690704118528037
Sữa đặc có đường Ngôi Sao Phương Nam hộp giấy 380g (Xanh lá),Hộp,Sữa Đặc,Sữa Tươi,20931.91489361702,21400.0,47,0.425531914893617,0.0514018691588784,0.0262635095668104,2,0.0541871921182266,1,0,1,12,10.0,0,Ngôi Sao Phương Nam,local_value,0,0,1,0,domestic,0,0,0,13,count,1,False,,380.0,5.940171252720432,,5508.398656215006,8.614029234900977,,5631.578947368422,8.636145134277603
Sữa đặc có đường nguyên kem Dutch Lady hộp 380g,Hộp,Sữa Đặc,Sữa Tươi,36300.0,36300.0,43,0.0,,0.0,1,0.0,0,0,1,0,0.0,0,Dutch Lady,household_giant,0,1,1,0,domestic,0,0,1,10,count,1,False,,380.0,5.940171252720432,,9552.631578947368,9.164571953520602,,9552.631578947368,9.164571953520602
Sữa đặc có đường Ông Thọ Vinamilk lon 380g,Hộp,Sữa Đặc,Sữa Tươi,28500.0,28500.0,51,0.0,,0.0,1,0.0,0,0,1,0,0.0,0,Vinamilk,household_giant,0,1,1,0,domestic,0,0,0,9,count,1,False,,380.0,5.940171252720432,,7500.0,8.922658299524402,,7500.0,8.922658299524402
Sữa đặc có đường Ông Thọ chữ xanh - Hộp giấy 380g,Hộp,Sữa Đặc,Sữa Tươi,28500.0,28500.0,39,0.0,,0.0,1,0.0,0,0,1,0,0.0,0,Ông Thọ,household_giant,0,1,1,0,domestic,0,0,0,12,count,1,False,,380.0,5.940171252720432,,7500.0,8.922658299524402,,7500.0,8.922658299524402
"Sữa đặc có đường Ông Thọ hộp 1,284kg",Hộp,Sữa Đặc,Sữa Tươi,83000.0,83000.0,48,0.0,,0.0,1,0.0,0,0,1,0,0.0,0,Ông Thọ,household_giant,0,1,1,0,domestic,0,0,0,8,count,1,False,,1284.0,7.157735484249907,,6464.174454828661,8.77403058851692,,6464.174454828661,8.77403058851692
Sữa đặc có đường Ông Thọ trắng lon 380g,Hộp,Sữa Đặc,Sữa Tươi,34700.0,34700.0,48,0.0,,0.0,1,0.0,0,0,1,0,0.0,0,Ông Thọ,household_giant,0,1,1,0,domestic,0,0,0,9,count,1,False,,380.0,5.940171252720432,,9131.578947368422,9.119493899202611,,9131.578947368422,9.119493899202611
Sữa đặc có đường Ông Thọ đỏ hộp giấy 380g,Hộp,Sữa Đặc,Sữa Tươi,27300.0,27300.0,41,0.0,,0.0,1,0.0,0,0,1,0,0.0,0,Ông Thọ,household_giant,0,1,1,0,domestic,0,0,0,10,count,1,False,,380.0,5.940171252720432,,7184.21052631579,8.879640914440712,,7184.21052631579,8.879640914440712
Sữa đặc có đường Ông Thọ đỏ lon 380g,Hộp,Sữa Đặc,Sữa Tươi,26218.867924528306,26700.0,53,0.4528301886792453,0.0397940074906367,0.0207298425725386,3,0.0470588235294118,1,0,1,13,12.0,0,Ông Thọ,household_giant,0,1,1,0,domestic,0,0,0,9,count,1,False,,380.0,5.940171252720432,,6899.702085402186,8.83923351362457,,7026.315789473684,8.857417777656002
Thùng 36 hộp sữa đậu nành Fami canxi 200ml,Thùng,Sữa Hạt - Sữa Đậu,Sữa Tươi,181800.0,181800.0,52,0.0,,0.0,1,0.0,0,0,1,0,0.0,0,Fami,household_giant,0,1,1,0,domestic,0,1,0,9,unknown,36,False,200.0,,5.298317366548036,2525.0,,7.83399634170946,2525.0,,7.83399634170946
Thùng 36 hộp sữa đậu nành Fami canxi ít đường 200ml,Thùng,Sữa Hạt - Sữa Đậu,Sữa Tươi,181800.0,181800.0,54,0.0,,0.0,1,0.0,0,0,1,0,0.0,0,Fami,household_giant,0,1,1,0,domestic,0,1,0,11,unknown,36,False,200.0,,5.298317366548036,2525.0,,7.83399634170946,2525.0,,7.83399634170946
Thùng 36 hộp sữa đậu nành Vinasoy Fami nguyên chất ít đường 200ml,Thùng,Sữa Hạt - Sữa Đậu,Sữa Tươi,179400.0,179400.0,24,0.0,,0.0,1,0.0,0,0,1,0,0.0,0,Fami,household_giant,0,1,1,0,domestic,0,1,1,13,unknown,36,False,200.0,,5.298317366548036,2491.6666666666665,,7.820707109590778,2491.6666666666665,,7.820707109590778
Thùng 36 hộp sữa đậu nành nguyên chất Fami 200ml,Thùng,Sữa Hạt - Sữa Đậu,Sữa Tươi,176100.0,176100.0,50,0.0,,0.0,1,0.0,0,0,1,0,0.0,0,Fami,household_giant,0,1,1,0,domestic,0,0,1,10,unknown,36,False,200.0,,5.298317366548036,2445.8333333333335,,7.802141175468242,2445.8333333333335,,7.802141175468242
Thùng 48 gói sữa tiệt trùng DUTCH LADY hương dâu 220ml/210ml,Thùng,Sữa tươi,Sữa Tươi,373300.0,373300.0,7,0.0,,0.0,1,0.0,0,0,1,0,0.0,0,Dutch Lady,household_giant,0,1,1,0,domestic,0,0,0,11,unknown,48,False,210.0,,5.3471075307174685,3703.373015873016,,8.216999309265407,3703.373015873016,,8.216999309265407
Thùng 48 hộp Sữa uống ít đường Nestle 180ml,Thùng,Sữa tươi,Sữa Tươi,398400.0,398400.0,71,0.0,,0.0,1,0.0,0,0,1,0,0.0,0,Nestlé,household_giant,0,1,1,0,domestic,0,1,0,9,unknown,48,False,180.0,,5.19295685089021,4611.11111111111,,8.43622412888257,4611.11111111111,,8.43622412888257
Thùng 48 hộp sữa tươi tiệt trùng Dutch Lady không đường 180ml,Thùng,Sữa tươi,Sữa Tươi,405600.0,405600.0,19,0.0,,0.0,1,0.0,0,0,1,0,0.0,0,Dutch Lady,household_giant,0,1,1,0,domestic,0,1,1,12,unknown,48,False,180.0,,5.19295685089021,4694.444444444444,,8.4541350554491,4694.444444444444,,8.4541350554491
Thùng 48 hộp sữa tươi tiệt trùng TH True Milk có đường 180ml,Thùng,Sữa tươi,Sữa Tươi,466700.0,466700.0,6,0.0,,0.0,1,0.0,0,0,1,0,0.0,0,TH True Milk,prestige_leader,1,1,1,0,domestic,0,0,1,13,unknown,48,False,180.0,,5.19295685089021,5401.62037037037,,8.594454256127896,5401.62037037037,,8.594454256127896
Thùng 48 hộp sữa tươi tiệt trùng TH True Milk ít đường 180ml,Thùng,Sữa tươi,Sữa Tươi,466700.0,466700.0,48,0.0,,0.0,1,0.0,0,0,1,0,0.0,0,TH True Milk,prestige_leader,1,1,1,0,domestic,0,1,1,13,unknown,48,False,180.0,,5.19295685089021,5401.62037037037,,8.594454256127896,5401.62037037037,,8.594454256127896
Thùng 48 hộp sữa tươi tiệt trùng nguyên chất TH True Milk 180ml,Thùng,Sữa tươi,Sữa Tươi,466700.0,466700.0,42,0.0,,0.0,1,0.0,0,0,1,0,0.0,0,TH True Milk,prestige_leader,1,1,1,0,domestic,0,0,1,13,unknown,48,False,180.0,,5.19295685089021,5401.62037037037,,8.594454256127896,5401.62037037037,,8.594454256127896
Thùng 48 hộp thức uống dinh dưỡng Kun cacao lúa mạch 180ml,Gói 4,Sữa Chua - Váng Sữa,Sữa Tươi,30293.333333333332,32200.0,60,0.4333333333333333,0.1366459627329192,0.0725821977608713,2,0.1582733812949639,1,0,1,13,13.0,0,Kun,local_value,0,0,1,0,domestic,0,1,0,12,count,4,False,180.0,,5.19295685089021,4207.407407407407,,8.344601919264859,4472.222222222222,,8.40564070551049
Thức uống Susu socola lúa mạch túi 110ml,Gói,Sữa Chua - Váng Sữa,Sữa Tươi,5400.0,5400.0,47,0.0,,0.0,1,0.0,0,0,1,0,0.0,0,Susu,local_value,0,0,1,0,domestic,0,0,0,8,count,1,False,110.0,,4.700480365792417,4909.090909090909,,8.49884405274804,4909.090909090909,,8.49884405274804
Thức uống lúa mạch vị sô cô la Ovaltine lốc 4 hộp x 180ml,Gói 4,Sữa Hạt - Sữa Đậu,Sữa Tươi,33644.642857142855,35000.0,56,0.2678571428571428,0.1445714285714285,0.0672443995476975,3,0.1705685618729098,1,0,1,14,7.5,0,Ovaltine,prestige_leader,1,1,1,0,domestic,0,0,0,14,count,4,False,180.0,,5.19295685089021,4672.867063492063,,8.449528094508933,4861.111111111111,,8.48902231444954
Thức uống từ sữa chua vị lựu YoMost lốc 4 hộp x 170ml,Gói 4,Sữa Chua - Váng Sữa,Sữa Tươi,28724.590163934427,30600.0,61,0.5245901639344263,0.1168300653594771,0.0675554635928688,3,0.1814671814671815,1,0,1,18,16.0,0,Yomost,household_giant,0,1,1,0,domestic,0,0,0,13,count,4,False,170.0,,5.135798437050262,4224.20443587271,,8.348586222859028,4500.0,,8.411832675758411
Trà sữa trân châu Lothamilk 250ml,Chai,Sữa tươi,Sữa Tươi,18200.0,18200.0,1,0.0,,,1,0.0,0,0,1,0,0.0,0,Lothamilk,local_value,0,0,1,0,domestic,0,0,0,6,count,1,False,250.0,,5.521460917862246,7280.0,,8.892886141190731,7280.0,,8.892886141190731
Váng sữa hương vani Hoff vỉ 4 hộp x 55g,Gói 4,Sữa Chua - Váng Sữa,Sữa Tươi,60213.84615384616,64900.0,65,0.5230769230769231,0.1380404241819994,0.0752226983189839,3,0.1757246376811594,1,0,1,21,17.0,0,Hoff,local_value,0,0,1,0,domestic,0,0,0,10,count,4,False,,55.0,4.007333185232471,,27369.930069930073,10.217200247041694,,29499.999999999996,10.29214554232791
Váng sữa uống hương vani Zott Monte lốc 4 chai x 95ml,Gói 4,Sữa Chua - Váng Sữa,Sữa Tươi,49802.89855072464,55200.0,69,0.5507246376811594,0.1775362318840579,0.0985973175349975,2,0.2158590308370043,1,0,1,21,19.0,0,Zott,niche_professional,1,0,1,0,domestic,0,0,0,12,count,4,False,95.0,,4.553876891600541,13106.025934401221,,9.480827398416439,14526.315789473685,,9.583717165532846
Vỉ 4 hộp váng sữa Mixxi hương vani 75g,Gói 4,Sữa Chua - Váng Sữa,Sữa Tươi,54238.09523809524,56500.0,63,0.3015873015873015,0.1327433628318584,0.063972578117324,2,0.1530612244897959,1,0,1,19,19.0,0,Mixxi,local_value,0,0,1,0,domestic,0,0,0,9,count,4,False,,75.0,4.31748811353631,,18079.365079365078,9.802526516037787,,18833.333333333332,9.843383628466423
Vỉ 4 hộp váng sữa Monte sô cô la 55g,Gói 4,Sữa Chua - Váng Sữa,Sữa Tươi,63260.759493670885,72900.0,79,0.8987341772151899,0.1471241716416468,0.0527217928904366,3,0.1522633744855966,1,0,1,71,71.0,0,,,0,0,0,0,domestic,0,0,0,10,count,4,False,,55.0,4.007333185232471,,28754.89067894131,10.266563142330206,,33136.36363636363,10.408386557632479
Vỉ 4 hộp váng sữa hương vani Zott Monte 55g,Gói 4,Sữa Chua - Váng Sữa,Sữa Tươi,68857.57575757576,72900.0,66,0.4393939393939394,0.1262002743484225,0.0668201296009614,2,0.1444270015698587,1,0,1,15,14.5,0,Zott,niche_professional,1,0,1,0,domestic,0,0,0,10,count,4,False,,55.0,4.007333185232471,,31298.898071625343,10.35133817052914,,33136.36363636363,10.408386557632479
BOBBY Miếng lót newborn1 108 miếng,Gói,Tã - Bỉm,Chăm Sóc Bé,169000.0,169000.0,51,0.0,,0.0,1,0.0,0,0,1,0,0.0,0,Bobby,local_value,0,0,1,0,domestic,0,0,0,6,count,1,False,,,,,,,,,
Bàn chải cho bé 1 - 5 tuổi Lipzo Kids 1 lông mềm (giao màu ngẫu nhiên),Cái,Chăm Sóc Cá Nhân Cho Bé,Chăm Sóc Bé,45000.0,45000.0,82,0.0,,0.0,1,0.0,0,0,1,0,0.0,0,Lipzo,local_value,0,0,1,0,domestic,0,0,0,17,count,1,False,,,,,,,,,
Bàn chải cho bé 2 - 6 tuổi P/S lông chải siêu mềm,Cái,Chăm Sóc Cá Nhân Cho Bé,Chăm Sóc Bé,18000.0,18000.0,77,0.0,,0.0,1,0.0,0,0,1,0,0.0,0,P/S,household_giant,0,1,1,0,domestic,0,0,0,13,count,1,False,,,,,,,,,
Bàn chải đánh răng Jordan Step 2 cho trẻ 3 - 5 tuổi (Giao màu ngẫu nhiên),Cái,Chăm Sóc Cá Nhân Cho Bé,Chăm Sóc Bé,37880.0,40600.0,75,0.2,0.334975369458128,0.1445784955265691,2,0.3349753694581281,1,0,1,15,15.0,0,Jordan,local_value,0,0,1,0,domestic,0,0,0,17,count,1,False,,,,,,,,,
Bàn chải đánh răng Oral Clean Royal Kid Soft màu xanh,Cái,Chăm Sóc Cá Nhân Cho Bé,Chăm Sóc Bé,54000.0,54000.0,78,0.0,,0.0,1,0.0,0,0,1,0,0.0,0,Oral Clean,local_value,0,0,1,0,domestic,0,0,0,11,count,1,False,,,,,,,,,
Bàn chải đánh răng P/S trẻ em 2-6 tuổi cao cấp,Cái,Chăm Sóc Cá Nhân Cho Bé,Chăm Sóc Bé,32500.0,32500.0,75,0.0,,0.0,1,0.0,0,0,1,0,0.0,0,P/S,household_giant,0,1,1,0,domestic,0,0,0,11,count,1,False,,,,,,,,,
Bàn chải đánh răng trẻ em Colgate Ultra Soft siêu mềm Barbie/Spiderman,Cái,Chăm Sóc Cá Nhân Cho Bé,Chăm Sóc Bé,37000.0,37000.0,66,0.0,,0.0,1,0.0,0,0,1,0,0.0,0,Colgate,household_giant,0,1,1,0,domestic,0,0,0,12,count,1,False,,,,,,,,,
Bộ 2 bàn chải đánh răng P/S lông tơ mềm mại,Bộ,Chăm Sóc Cá Nhân Cho Bé,Chăm Sóc Bé,34500.0,34500.0,75,0.0,,0.0,1,0.0,0,0,1,0,0.0,0,P/S,household_giant,0,1,1,0,domestic,0,0,0,11,bundle,1,False,,,,,,,,,
Dép lê Xuyên Á H21 108 size 36,Đôi,Chăm Sóc Cá Nhân Cho Bé,Chăm Sóc Bé,55741.573033707864,129000.0,89,1.0,0.5678947826844352,0.0845588493021924,2,0.2040816326530612,1,1,1,89,89.0,0,,,0,0,0,0,domestic,0,0,0,8,unknown,1,False,,,,,,,,,
Kem đánh răng Oral Clean Tom&Jerry Tutti Frutti 75ml,Hộp,Chăm Sóc Cá Nhân Cho Bé,Chăm Sóc Bé,57000.0,57000.0,71,0.0,,0.0,1,0.0,0,0,1,0,0.0,0,Oral Clean,local_value,0,0,1,0,domestic,0,0,0,9,count,1,False,75.0,,4.31748811353631,76000.0,,11.238488619268468,76000.0,,11.238488619268468
Kem đánh răng trẻ em Aquafresh big teeth 6+,Tuýp,Chăm Sóc Cá Nhân Cho Bé,Chăm Sóc Bé,40300.0,40300.0,64,0.0,,0.0,1,0.0,0,0,1,0,0.0,0,Aquafresh,local_value,0,0,1,0,domestic,0,0,0,9,unknown,1,False,,,,,,,,,
Kem đánh răng trẻ em Colgate Minions 80g,Tuýp,Chăm Sóc Cá Nhân Cho Bé,Chăm Sóc Bé,34400.0,34400.0,44,0.0,,0.0,1,0.0,0,0,1,0,0.0,0,Colgate,household_giant,0,1,1,0,domestic,0,0,0,8,unknown,1,False,,80.0,4.382026634673881,,43000.0,10.668955394675699,,43000.0,10.668955394675699
Kem đánh răng trẻ em Lipzo vị chuối 75g,Tuýp,Chăm Sóc Cá Nhân Cho Bé,Chăm Sóc Bé,44200.0,44200.0,78,0.0,,0.0,1,0.0,0,0,1,0,0.0,0,Lipzo,local_value,0,0,1,0,domestic,0,0,0,9,unknown,1,False,,75.0,4.31748811353631,,58933.333333333336,10.98416214051757,,58933.333333333336,10.98416214051757
Kem đánh răng trẻ em P/S hương cam 2-6 tuổi 45g,Hộp,Chăm Sóc Cá Nhân Cho Bé,Chăm Sóc Bé,19700.0,19700.0,76,0.0,,0.0,1,0.0,0,0,1,0,0.0,0,P/S,household_giant,0,1,1,0,domestic,0,0,0,11,count,1,False,,45.0,3.8066624897703196,,43777.777777777774,10.686881610943852,,43777.777777777774,10.686881610943852
Kem đánh răng trẻ em P/S hương dâu và trái cây hộp 35g,Hộp,Chăm Sóc Cá Nhân Cho Bé,Chăm Sóc Bé,19700.0,19700.0,76,0.0,,0.0,1,0.0,0,0,1,0,0.0,0,P/S,household_giant,0,1,1,0,domestic,0,0,0,13,count,1,False,,35.0,3.5553480614894135,,56285.71428571429,10.938196039224758,,56285.71428571429,10.938196039224758
Lốc 4 hộp Sữa GrowPLUS+ Ít đường hộp 110ml,Gói 4,Sữa Bột - Sữa Dinh Dưỡng,Chăm Sóc Bé,40100.0,47000.0,9,1.0,0.1468085106382978,0.0,1,0.0,1,1,1,9,9.0,0,,,0,0,0,0,domestic,0,1,0,9,count,4,False,110.0,,4.700480365792417,9113.636363636362,,9.117527072370445,10681.81818181818,,9.27629833976798
Lốc 4 hộp sữa dinh dưỡng pha sẵn NutiFood Grow Plus+ vani hộp 110ml,Gói 4,Sữa Bột - Sữa Dinh Dưỡng,Chăm Sóc Bé,36273.5632183908,40200.0,87,0.6436781609195402,0.1517412935323383,0.0810038431927153,2,0.1788856304985338,1,0,1,33,28.0,0,Nutifood,prestige_leader,1,1,1,0,domestic,0,1,0,14,count,4,False,110.0,,4.700480365792417,8243.991640543363,,9.017239928004907,9136.363636363636,,9.120017733682896
Lốc 4 hộp sữa dinh dưỡng Abbott Grow 180ml,Gói 4,Sữa Bột - Sữa Dinh Dưỡng,Chăm Sóc Bé,70560.71428571429,78500.0,84,1.0,0.1011373976342129,0.0370853372874689,3,0.0865671641791043,1,1,1,84,84.0,0,Grow,local_value,0,0,1,0,domestic,0,1,0,9,count,4,False,180.0,,5.19295685089021,9800.099206349207,,9.190147787704284,10902.777777777777,,9.29677287774849
Lốc 4 hộp sữa dinh dưỡng Abbott Grow hương vani 110ml,Gói 4,Sữa Bột - Sữa Dinh Dưỡng,Chăm Sóc Bé,53400.0,57500.0,82,1.0,0.0713043478260869,0.0,1,0.0,1,1,1,82,82.0,0,Grow,local_value,0,0,1,0,domestic,0,1,0,11,count,4,False,110.0,,4.700480365792417,12136.363636363636,,9.403961484024071,13068.181818181818,,9.477935685861226
Lốc 4 hộp sữa dinh dưỡng Pediasure vani 10+ 180ml,Gói 4,Sữa Bột - Sữa Dinh Dưỡng,Chăm Sóc Bé,133800.0,144300.0,45,1.0,0.0727650727650727,0.0,1,0.0,1,1,1,45,45.0,0,Pediasure,prestige_leader,1,1,1,0,domestic,0,1,0,10,count,4,False,180.0,,5.19295685089021,18583.333333333332,,9.830020400654256,20041.666666666668,,9.905568718739953
Lốc 4 hộp sữa dinh dưỡng Similac Eye-Q hương vani 180ml,Gói 4,Sữa Bột - Sữa Dinh Dưỡng,Chăm Sóc Bé,79900.0,86200.0,83,1.0,0.0730858468677494,0.0,1,0.0,1,1,1,83,83.0,0,Similac,prestige_leader,1,1,1,0,domestic,0,1,0,11,count,4,False,180.0,,5.19295685089021,11097.222222222223,,9.314450105732357,11972.222222222223,,9.390344430629774
Lốc 4 hộp sữa dinh dưỡng pha sẵn Vinamilk Yoko Gold 110mll,Gói 4,Sữa Bột - Sữa Dinh Dưỡng,Chăm Sóc Bé,45000.0,45000.0,79,0.0,,0.0,1,0.0,0,0,1,0,0.0,0,Vinamilk,household_giant,0,1,1,0,domestic,0,1,0,12,count,4,False,110.0,,4.700480365792417,10227.272727272726,,9.232813227828242,10227.272727272726,,9.232813227828242
Miếng lót Under Pad,Gói,Tã - Bỉm,Chăm Sóc Bé,60900.0,60900.0,74,0.0,,0.0,1,0.0,0,0,1,0,0.0,0,,,0,0,0,0,domestic,0,0,0,4,count,1,False,,,,,,,,,
Miếng lót sơ sinh Bobby fresh newborn 1 - 64 miếng,Gói,Tã - Bỉm,Chăm Sóc Bé,103000.0,103000.0,57,0.0,,0.0,1,0.0,0,0,1,0,0.0,0,Bobby,local_value,0,0,1,0,domestic,0,0,0,11,count,1,False,,,,,,,,,
Nước súc miệng Listerine Trẻ em hương dâu 250ml,Chai,Chăm Sóc Cá Nhân Cho Bé,Chăm Sóc Bé,52581.08108108108,54000.0,74,0.0945945945945946,0.2777777777777778,0.084056418092587,2,0.3846153846153846,1,0,1,7,7.0,0,Listerine,local_value,0,0,1,0,domestic,0,0,0,9,count,1,False,250.0,,5.521460917862246,21032.432432432433,,9.953820926888366,21600.0,,9.980448593672257
Nước súc miệng P/S Expert Protection Pro Complete chai 500ml,Chai,Chăm Sóc Cá Nhân Cho Bé,Chăm Sóc Bé,73700.0,73700.0,81,0.0,,0.0,1,0.0,0,0,1,0,0.0,0,P/S,household_giant,0,1,1,0,domestic,0,0,0,10,count,1,False,500.0,,6.214608098422191,14740.0,,9.598320165743328,14740.0,,9.598320165743328
PEDIASURE TPDD hương vani 110ml,Gói 4,Sữa Bột - Sữa Dinh Dưỡng,Chăm Sóc Bé,89989.15662650602,98500.0,83,1.0,0.0864045012537459,0.0288762137824589,2,0.0753828032979977,1,1,1,83,83.0,0,Pediasure,prestige_leader,1,1,1,0,domestic,0,0,0,5,count,4,False,110.0,,4.700480365792417,20452.08105147864,,9.925839919201945,22386.363636363636,,10.016207286235964
PEDIASURE TPDD hương vani 180ml,Gói 4,Sữa Bột - Sữa Dinh Dưỡng,Chăm Sóc Bé,128228.57142857143,144300.0,84,1.0,0.1113751113751113,0.0372145661814219,3,0.0878048780487805,1,1,1,84,84.0,0,Pediasure,prestige_leader,1,1,1,0,domestic,0,0,0,5,count,4,False,180.0,,5.19295685089021,17809.52380952381,,9.787488638673246,20041.666666666668,,9.905568718739953
SPDDDPS GrowPLUS+ Ít đường hộp 110ml,Thùng,Sữa Bột - Sữa Dinh Dưỡng,Chăm Sóc Bé,514900.0,514900.0,73,0.0,,0.0,1,0.0,0,0,1,0,0.0,0,,,0,0,0,0,domestic,0,1,0,6,unknown,1,True,110.0,,4.700480365792417,468090.90909090906,,13.056417806229907,468090.90909090906,,13.056417806229907
Sữa Sôcôla Lúa Mạch SuSu - Lốc 6 Chai 80ml,Gói 6,Sữa Bột - Sữa Dinh Dưỡng,Chăm Sóc Bé,24309.19540229885,26000.0,87,0.4367816091954023,0.1488866396761133,0.084252917981371,3,0.2206572769953052,1,0,1,22,12.666666666666666,0,Susu,local_value,0,0,1,0,domestic,0,0,0,10,count,6,False,80.0,,4.382026634673881,5064.415708812261,,8.529994051452412,5416.666666666667,,8.597235899089775
Sữa bột Nutifood GrowPlus trên 1 tuổi lon 850g,Lon,Sữa Bột - Sữa Dinh Dưỡng,Chăm Sóc Bé,628647.7272727273,632500.0,44,0.0681818181818181,0.0893280632411067,0.0229156978702615,2,0.0980902777777776,1,0,1,3,3.0,0,Nutifood,prestige_leader,1,1,1,0,domestic,0,0,0,9,count,1,False,,850.0,6.745236349484363,,73958.55614973263,11.211260163267948,,74411.76470588235,11.217369336087541
Sữa bột Nutifood Nuvi Grow 4 900g,Lon,Sữa Bột - Sữa Dinh Dưỡng,Chăm Sóc Bé,355550.0,359000.0,80,0.15,0.064066852367688,0.0232441512789642,2,0.0684523809523809,1,0,1,12,12.0,0,Nutifood,prestige_leader,1,1,1,0,domestic,0,0,0,7,count,1,False,,900.0,6.802394763324311,,39505.555555555555,10.584196587975445,,39888.88888888889,10.593853090134196
Sữa bột Nutifood nutri nguyên kem 900g,Lon,Sữa Bột - Sữa Dinh Dưỡng,Chăm Sóc Bé,183500.0,183500.0,66,0.0,,0.0,1,0.0,0,0,1,0,0.0,0,Nutifood,prestige_leader,1,1,1,0,domestic,0,0,1,7,count,1,False,,900.0,6.802394763324311,,20388.88888888889,9.922745369140543,,20388.88888888889,9.922745369140543
Sữa bột hương vani Abbott Grow G-Power 3 - 6 tuổi 900g,Lon,Sữa Bột - Sữa Dinh Dưỡng,Chăm Sóc Bé,469000.0,469000.0,84,0.0,,0.0,1,0.0,0,0,1,0,0.0,0,Grow,local_value,0,0,1,0,domestic,0,0,0,12,count,1,False,,900.0,6.802394763324311,,52111.11111111111,10.861133470092197,,52111.11111111111,10.861133470092197
Sữa bột pha sẵn hương vani Grow Plus+ NutiFood lốc 4 hộp x 180ml,Gói 4,Sữa Bột - Sữa Dinh Dưỡng,Chăm Sóc Bé,50734.88372093023,56400.0,86,0.6511627906976745,0.1542553191489361,0.0822069500218061,2,0.1823899371069182,1,0,1,33,28.0,0,Nutifood,prestige_leader,1,1,1,0,domestic,0,0,0,14,count,4,False,180.0,,5.19295685089021,7046.511627906976,,8.860287968797945,7833.333333333333,,8.96614341146414
Sữa dinh dưỡng Abbott Similac HMO hương vani 110ml - Lốc 4 hộp,Gói 4,Sữa Bột - Sữa Dinh Dưỡng,Chăm Sóc Bé,55100.0,59500.0,82,1.0,0.0739495798319327,0.0,1,0.0,1,1,1,82,82.0,0,Similac,prestige_leader,1,1,1,0,domestic,0,1,0,13,count,4,False,110.0,,4.700480365792417,12522.727272727272,,9.43530045421679,13522.727272727272,,9.512127050609505
Sữa dinh dưỡng NutiFood Grow Plus+ lốc 4 hộp x 110ml,Gói 4,Sữa Bột - Sữa Dinh Dưỡng,Chăm Sóc Bé,39100.0,46000.0,76,1.0,0.15,0.0,1,0.0,1,1,1,76,76.0,0,Nutifood,prestige_leader,1,1,1,0,domestic,0,1,0,11,count,4,False,110.0,,4.700480365792417,8886.363636363636,,9.092273205049242,10454.545454545454,,9.254792134547017
Sữa dinh dưỡng hương vani Grow Plus+ NutiFood lốc 4 hộp x 180ml,Gói 4,Sữa Bột - Sữa Dinh Dưỡng,Chăm Sóc Bé,63040.0,67000.0,85,0.388235294117647,0.1522388059701492,0.079321972112327,2,0.1795774647887325,1,0,1,19,11.0,0,Nutifood,prestige_leader,1,1,1,0,domestic,0,1,0,13,count,4,False,180.0,,5.19295685089021,8755.555555555555,,9.07744369850975,9305.555555555555,,9.138366872351094
Sữa nước Abbott Pediasure BA 3+ hương vani 237ml,Chai,Sữa Bột - Sữa Dinh Dưỡng,Chăm Sóc Bé,47300.0,47300.0,78,0.0,,0.0,1,0.0,0,0,1,0,0.0,0,Pediasure,prestige_leader,1,1,1,0,domestic,0,0,0,9,count,1,False,237.0,,5.4680601411351315,19957.805907172995,,9.901375619332985,19957.805907172995,,9.901375619332985
Sữa tắm gội toàn thân Carrie Junior hương chery chai 700g,Chai,Sữa Tắm - Gội Cho Bé,Chăm Sóc Bé,182067.5,189500.0,80,0.375,0.1045910290237467,0.0531994264462633,4,0.1153619776339023,1,0,1,15,15.0,0,Carrie Junior,niche_professional,1,0,1,0,domestic,0,0,0,11,count,1,False,,700.0,6.551080335043404,,26009.64285714286,10.166222627365837,,27071.428571428572,10.206234154449305
Sữa tắm gội toàn thân Carrie Junior hương nho chai 700g,Chai,Sữa Tắm - Gội Cho Bé,Chăm Sóc Bé,182067.5,189500.0,80,0.375,0.1045910290237467,0.0531994264462633,4,0.1153619776339023,1,0,1,15,15.0,0,Carrie Junior,niche_professional,1,0,1,0,domestic,0,0,0,11,count,1,False,,700.0,6.551080335043404,,26009.64285714286,10.166222627365837,,27071.428571428572,10.206234154449305
Sữa tắm gội toàn thân Carrie Junior tinh chất sữa chai 700g,Chai,Sữa Tắm - Gội Cho Bé,Chăm Sóc Bé,182067.5,189500.0,80,0.375,0.1045910290237467,0.0531994264462633,4,0.1153619776339023,1,0,1,15,15.0,0,Carrie Junior,niche_professional,1,0,1,0,domestic,0,0,0,12,count,1,False,,700.0,6.551080335043404,,26009.64285714286,10.166222627365837,,27071.428571428572,10.206234154449305
Sữa tắm gội toàn thân Johnson's mềm mịn như bông 500ml,Chai,Sữa Tắm - Gội Cho Bé,Chăm Sóc Bé,176256.4516129032,192500.0,62,0.4354838709677419,0.1937662337662337,0.1057837481917186,2,0.1937662337662338,1,0,1,27,27.0,0,Johnson,niche_professional,1,0,1,0,domestic,0,0,0,11,count,1,False,500.0,,6.214608098422191,35251.290322580644,,10.470257412466376,38500.0,,10.558413520275876
Sữa tắm gội toàn thân không cay mắt Johnson's Baby 500ml,Chai,Sữa Tắm - Gội Cho Bé,Chăm Sóc Bé,157088.37209302327,169800.0,86,0.3372093023255814,0.2220056049713659,0.1146563268638158,3,0.3162790697674418,1,0,1,15,14.5,0,Johnson,niche_professional,1,0,1,0,domestic,0,0,0,11,count,1,False,500.0,,6.214608098422191,31417.674418604653,,10.355125893112456,33960.0,,10.432938640425284
Sữa tắm gội trẻ em Lactacyd Milky chai 500ml,Chai,Sữa Tắm - Gội Cho Bé,Chăm Sóc Bé,189872.7272727273,201000.0,55,0.3090909090909091,0.1791044776119403,0.0884255860026007,2,0.1791044776119402,1,0,1,17,17.0,0,Lactacyd,niche_professional,1,0,1,0,domestic,0,0,0,9,count,1,False,500.0,,6.214608098422191,37974.545454545456,,10.544671357795114,40200.0,,10.601622274607113
Sữa tắm gội trẻ em hằng ngày Milky Lactacyd 250ml,Chai,Sữa Tắm - Gội Cho Bé,Chăm Sóc Bé,107336.14457831324,111500.0,83,0.1927710843373494,0.1937219730941704,0.0798654935239833,2,0.2402669632925473,1,0,1,15,8.0,0,Lactacyd,niche_professional,1,0,1,0,domestic,0,0,0,10,count,1,False,250.0,,5.521460917862246,42934.45783132529,,10.6674299953647,44600.0,,10.705489138008156
Sữa tắm tinh chất sữa và gạo Johnson & Johnson 500ml,Chai,Sữa Tắm - Gội Cho Bé,Chăm Sóc Bé,150300.0,150300.0,16,0.0,,0.0,1,0.0,0,0,1,0,0.0,0,Johnson,niche_professional,1,0,1,0,domestic,0,0,0,11,count,1,False,500.0,,6.214608098422191,30060.0,,10.310950663306965,30060.0,,10.310950663306965
Tã dán người lớn Sunmate ADP M/L18,Gói,Tã - Bỉm,Chăm Sóc Bé,146556.71641791044,165900.0,67,0.5373134328358209,0.2169981916817359,0.1234012340564967,2,0.2771362586605082,1,0,1,36,36.0,0,Sunmate,local_value,0,0,1,0,domestic,0,0,0,7,count,1,False,,,,,,,,,
Tã dán người lớn Sunmate M10,Gói,Tã - Bỉm,Chăm Sóc Bé,85400.0,85400.0,63,0.0,,0.0,1,0.0,0,0,1,0,0.0,0,Sunmate,local_value,0,0,1,0,domestic,0,0,0,6,count,1,False,,,,,,,,,
Tã quần Bobby XL48 48 miếng,Gói,Tã - Bỉm,Chăm Sóc Bé,349000.0,349000.0,80,0.0,,0.0,1,0.0,0,0,1,0,0.0,0,Bobby,local_value,0,0,1,0,domestic,0,0,0,6,count,1,False,,,,,,,,,
Tã quần Bobby XXL44,Gói,Tã - Bỉm,Chăm Sóc Bé,347000.0,347000.0,81,0.0,,0.0,1,0.0,0,0,1,0,0.0,0,Bobby,local_value,0,0,1,0,domestic,0,0,0,4,count,1,False,,,,,,,,,
Tã quần Huggies Dry L68,Gói,Tã - Bỉm,Chăm Sóc Bé,440800.0,440800.0,61,0.0,,0.0,1,0.0,0,0,1,0,0.0,0,Huggies,niche_professional,1,0,1,0,domestic,0,0,0,5,count,1,False,,,,,,,,,
Tã quần Huggies dry pants big jumbo L38,Gói,Tã - Bỉm,Chăm Sóc Bé,197200.0,263000.0,40,0.7,0.3574144486692015,0.2212219837924552,2,0.3574144486692014,1,0,1,28,28.0,0,Huggies,niche_professional,1,0,1,0,domestic,0,0,0,8,count,1,False,,,,,,,,,
Tã quần Unidry L54,Gói,Tã - Bỉm,Chăm Sóc Bé,289600.0,289600.0,75,0.0,,0.0,1,0.0,0,0,1,0,0.0,0,Unidry,prestige_leader,1,1,1,0,domestic,0,0,0,4,count,1,False,,,,,,,,,
Tã quần Unidry M60,Gói,Tã - Bỉm,Chăm Sóc Bé,289600.0,289600.0,75,0.0,,0.0,1,0.0,0,0,1,0,0.0,0,Unidry,prestige_leader,1,1,1,0,domestic,0,0,0,4,count,1,False,,,,,,,,,
Tã quần Unidry XL48,Gói,Tã - Bỉm,Chăm Sóc Bé,289600.0,289600.0,75,0.0,,0.0,1,0.0,0,0,1,0,0.0,0,Unidry,prestige_leader,1,1,1,0,domestic,0,0,0,4,count,1,False,,,,,,,,,
Tã quần Unidry XXL44,Gói,Tã - Bỉm,Chăm Sóc Bé,289600.0,289600.0,75,0.0,,0.0,1,0.0,0,0,1,0,0.0,0,Unidry,prestige_leader,1,1,1,0,domestic,0,0,0,4,count,1,False,,,,,,,,,
Tã quần người lớn Sunmate L8,Gói,Tã - Bỉm,Chăm Sóc Bé,83556.4705882353,93300.0,85,0.4823529411764706,0.2165058949624866,0.1215179524056891,2,0.2763337893296853,1,0,1,41,41.0,0,Sunmate,local_value,0,0,1,0,domestic,0,0,0,6,count,1,False,,,,,,,,,
Bí nụ 200g,Khay,"Củ, Quả",Rau - Củ - Trái Cây,28900.0,28900.0,58,0.0,,0.0,1,0.0,0,0,1,0,0.0,0,,,0,0,0,0,domestic,0,0,0,3,unknown,1,False,,200.0,5.298317366548036,,14450.0,9.578449693540579,,14450.0,9.578449693540579
Bí xanh,1KG,"Củ, Quả",Rau - Củ - Trái Cây,28466.265060240963,28466.265060240963,83,0.0,,0.3272135527390919,6,0.334448160535117,0,0,6,0,0.0,1,,,0,0,0,0,domestic,0,0,0,2,weight,1,False,,,,,,,,,
Bí xanh (bí đao) WinEco,1KG,"Củ, Quả",Rau - Củ - Trái Cây,33360.0,41700.0,5,1.0,0.2,0.042898186618701,2,0.0890868596881959,1,1,2,5,5.0,0,,,0,0,0,1,domestic,0,0,0,5,weight,1,False,,,,,,,,,
Bí đỏ hồ lô,1KG,"Củ, Quả",Rau - Củ - Trái Cây,24232.727272727272,24232.727272727272,55,0.0,,0.1406093475823846,6,0.2008032128514056,0,0,6,0,0.0,1,,,0,0,0,0,domestic,0,0,0,4,weight,1,False,,,,,,,,,
Bí đỏ tròn,1kg,"Củ, Quả",Rau - Củ - Trái Cây,23719.277108433736,23719.277108433736,83,0.0,,0.0417176727402888,2,0.0873362445414847,0,0,2,0,0.0,1,,,0,0,0,0,domestic,0,0,0,3,weight,1,False,,,,,,,,,
Búp măng tươi Kim Bôi gói 500g,Gói,"Củ, Quả",Rau - Củ - Trái Cây,34900.0,34900.0,83,0.0,,0.0,1,0.0,0,0,1,0,0.0,0,Kim Bôi,local_value,0,0,1,0,domestic,0,0,1,7,count,1,False,,500.0,6.214608098422191,,6980.0,8.850804195756417,,6980.0,8.850804195756417
Bưởi 5 roi túi lưới loại 1,1.2KG,Trái cây tươi,Rau - Củ - Trái Cây,55760.0,55760.0,69,0.0,,0.1249361044736409,5,0.2004008016032064,0,0,5,0,0.0,1,,,0,0,0,0,domestic,0,0,0,7,weight,1,False,,,,,,,,,
Bưởi Diễn (Quả ),Qủa,Trái cây tươi,Rau - Củ - Trái Cây,28691.780821917808,28691.780821917808,73,0.0,,0.0741188196428363,2,0.1638795986622073,0,0,2,0,0.0,0,,,0,0,0,0,domestic,0,0,0,4,unknown,1,False,,,,,,,,,
Bưởi hồng da xanh miền Tây,Qủa,Trái cây tươi,Rau - Củ - Trái Cây,38659.09090909091,38659.09090909091,66,0.0,,0.08221828792663,3,0.1399999999999999,0,0,3,0,0.0,1,,,0,0,0,0,domestic,0,0,0,6,unknown,1,False,,,,,,,,,
Bưởi hồng da xanh túi lưới,1.5KG,Trái cây tươi,Rau - Củ - Trái Cây,77257.4074074074,79850.0,81,0.1728395061728395,0.1836728548917534,0.1083488252687065,3,0.2506265664160401,1,0,2,7,7.0,1,,,0,0,0,0,domestic,0,0,0,6,weight,1,False,,,,,,,,,
Bưởi đỏ Tân Lạc,Qủa,Trái cây tươi,Rau - Củ - Trái Cây,160000.0,160000.0,2,0.0,,0.0,1,0.0,0,0,1,0,0.0,0,,,0,0,0,0,domestic,0,0,0,4,unknown,1,False,,,,,,,,,
Bắp cải trái tim WinEco,1KG,Rau Lá,Rau - Củ - Trái Cây,23466.666666666668,29333.333333333332,6,1.0,0.2,0.1530931089239486,2,0.2857142857142857,1,1,2,6,6.0,0,,,0,0,0,1,domestic,0,0,0,5,weight,1,False,,,,,,,,,
Bắp cải trắng,1KG,Rau Lá,Rau - Củ - Trái Cây,13566.037735849057,13566.037735849057,53,0.0,,0.2565795773394849,5,0.2512562814070351,0,0,5,0,0.0,0,,,0,0,0,0,domestic,0,0,0,3,weight,1,False,,,,,,,,,
Bắp cải tím,1KG,Rau Lá,Rau - Củ - Trái Cây,45900.0,45900.0,13,0.0,,0.0,1,0.0,0,0,1,0,0.0,0,,,0,0,0,0,domestic,0,0,0,3,weight,1,False,,,,,,,,,
Bắp cải tím WinEco,1KG,Rau Lá,Rau - Củ - Trái Cây,43920.0,54900.0,56,1.0,0.2,0.0,1,0.0,1,1,1,56,56.0,0,,,0,0,0,1,domestic,0,0,0,4,weight,1,False,,,,,,,,,
Cam Sành loại nhỏ,1 KG,Trái cây tươi,Rau - Củ - Trái Cây,22900.0,22900.0,69,0.0,,0.0,1,0.0,0,0,1,0,0.0,0,,,0,0,0,0,domestic,0,0,0,4,weight,1,False,,,,,,,,,
Cam canh,1KG,Trái cây tươi,Rau - Củ - Trái Cây,54166.15384615384,57473.84615384616,65,0.2307692307692307,0.243350311262026,0.200426343363962,8,0.4761904761904763,1,0,7,7,5.0,1,,,0,0,0,0,domestic,0,0,0,2,weight,1,False,,,,,,,,,
Cam cara Úc ( 3 trái/hộp),Hộp,Trái cây tươi,Rau - Củ - Trái Cây,125000.0,125000.0,5,0.0,,0.0,1,0.0,0,0,1,0,0.0,0,,,0,0,0,0,Úc,1,0,0,6,count,1,False,,,,,,,,,
Cam lòng vàng,1KG,Trái cây tươi,Rau - Củ - Trái Cây,29284.615384615383,29284.615384615383,78,0.0,,0.041633689825718,3,0.1544401544401543,0,0,3,0,0.0,1,,,0,0,0,0,domestic,0,0,0,3,weight,1,False,,,,,,,,,
Cam ruột vàng úc,1KG,Trái cây tươi,Rau - Củ - Trái Cây,64898.360655737706,70411.47540983607,61,0.2131147540983606,0.2877556259091298,0.250579842036054,4,0.8346938775510204,1,0,3,13,13.0,1,,,0,0,0,0,Úc,1,0,0,4,weight,1,False,,,,,,,,,
Cam sành loại 1,1 KG,Trái cây tươi,Rau - Củ - Trái Cây,27900.0,27900.0,65,0.0,,0.0,1,0.0,0,0,1,0,0.0,0,,,0,0,0,0,domestic,0,0,0,4,weight,1,False,,,,,,,,,
Cam vàng Mỹ (3 Trái/hộp),Hộp,Trái cây tươi,Rau - Củ - Trái Cây,145000.0,145000.0,14,0.0,,0.0,1,0.0,0,0,1,0,0.0,0,,,0,0,0,0,Mỹ,1,0,0,5,count,1,False,,,,,,,,,
Cam vàng Úc ( 3 trái/hộp),Hộp,Trái cây tươi,Rau - Củ - Trái Cây,82574.41860465116,89000.0,43,0.3488372093023256,0.2069662921348314,0.1083038768011208,3,0.2732474964234621,1,0,1,13,7.5,0,,,0,0,0,0,Úc,1,0,0,6,count,1,False,,,,,,,,,
Canh bí đỏ 350g,Khay,"Củ, Quả",Rau - Củ - Trái Cây,21900.0,21900.0,7,0.0,,0.0,1,0.0,0,0,1,0,0.0,0,,,0,0,0,0,domestic,0,0,0,4,unknown,1,False,,350.0,5.857933154483459,,6257.142857142857,8.741478947309224,,6257.142857142857,8.741478947309224
Chanh có hạt 250g,Gói,Trái cây tươi,Rau - Củ - Trái Cây,11995.16129032258,11995.16129032258,62,0.0,,0.1225557594323285,7,0.1550387596899225,0,0,7,0,0.0,1,,,0,0,0,0,domestic,0,0,0,4,count,1,False,,250.0,5.521460917862246,,4798.064516129032,8.475967889772145,,4798.064516129032,8.475967889772145
Chanh không hạt,1KG,Trái cây tươi,Rau - Củ - Trái Cây,51600.0,51600.0,10,0.0,,0.0,1,0.0,0,0,1,0,0.0,0,,,0,0,0,0,domestic,0,0,0,3,weight,1,False,,,,,,,,,
Chanh không hạt 500g,Gói,Trái cây tươi,Rau - Củ - Trái Cây,19900.0,19900.0,14,0.0,,0.0,1,0.0,0,0,1,0,0.0,0,,,0,0,0,0,domestic,0,0,0,4,count,1,False,,500.0,6.214608098422191,,3980.0,8.289037098278483,,3980.0,8.289037098278483
Chanh leo (chanh dây),1KG,Trái cây tươi,Rau - Củ - Trái Cây,52819.444444444445,52819.444444444445,36,0.0,,0.0858202665768534,3,0.1022044088176352,0,0,3,0,0.0,1,,,0,0,0,0,domestic,0,0,0,4,weight,1,False,,,,,,,,,
Chanh tươi không hạt 250g,Gói,Trái cây tươi,Rau - Củ - Trái Cây,10271.42857142857,10271.42857142857,14,0.0,,0.0919205098295316,2,0.2626262626262625,0,0,2,0,0.0,1,,,0,0,0,0,domestic,0,0,1,5,count,1,False,,250.0,5.521460917862246,,4108.571428571428,8.32083066277967,,4108.571428571428,8.32083066277967
Cherry New Zealand,1KG,Trái cây tươi,Rau - Củ - Trái Cây,669000.0,669000.0,8,0.0,,0.0,1,0.0,0,0,1,0,0.0,0,,,0,0,0,0,domestic,0,0,0,3,weight,1,False,,,,,,,,,
Chuối dole,1KG,Trái cây tươi,Rau - Củ - Trái Cây,46900.0,46900.0,73,0.0,,0.0,1,0.0,0,0,1,0,0.0,0,Dole,niche_professional,1,0,1,0,domestic,0,0,0,2,weight,1,False,,,,,,,,,
Chuối vàng,1 KG,Trái cây tươi,Rau - Củ - Trái Cây,34000.0,34000.0,73,0.0,,0.0,1,0.0,0,0,1,0,0.0,0,,,0,0,0,0,domestic,0,0,0,2,weight,1,False,,,,,,,,,
Chuối xanh chưng tết,1.2KG,Trái cây tươi,Rau - Củ - Trái Cây,49251.42857142857,50794.28571428572,14,0.2142857142857142,0.130718954248366,0.0733171076400216,3,0.2506265664160401,1,0,3,3,3.0,1,,,0,0,0,0,domestic,0,0,0,4,weight,1,False,,,,,,,,,
Chà là nguyên cành Devie hộp 500g,Hộp,Trái cây tươi,Rau - Củ - Trái Cây,175586.2068965517,185000.0,58,0.3620689655172414,0.1405405405405405,0.0717863770452279,2,0.1635220125786163,1,0,1,14,10.5,0,,,0,0,0,0,domestic,0,0,0,7,count,1,False,,500.0,6.214608098422191,,35117.24137931034,10.46644749623886,,37000.0,10.51867319162636
Chôm chôm,1KG,Trái cây tươi,Rau - Củ - Trái Cây,71156.75675675676,72381.08108108108,74,0.081081081081081,0.2013333333333333,0.0584650838919749,3,0.2520868113522538,1,0,2,6,6.0,0,,,0,0,0,0,domestic,0,0,0,2,weight,1,False,,,,,,,,,
Combo Hành lá + Ngò rí 50g,Gói,Rau Lá,Rau - Củ - Trái Cây,7500.0,7500.0,50,0.0,,0.0,1,0.0,0,0,1,0,0.0,0,,,0,0,0,0,domestic,0,0,0,7,count,1,False,,50.0,3.912023005428146,,15000.0,9.615805480084347,,15000.0,9.615805480084347
Combo Nấm thủy tiên Biovegi 200g,Hộp,"Củ, Quả",Rau - Củ - Trái Cây,54900.0,54900.0,65,0.0,,0.0,1,0.0,0,0,1,0,0.0,0,Biovegi,local_value,0,0,1,0,domestic,0,0,0,6,count,1,False,,200.0,5.298317366548036,,27450.0,10.220121446937677,,27450.0,10.220121446937677
Cà chua beef Globalgap khay 500g,Khay,"Củ, Quả",Rau - Củ - Trái Cây,39900.0,39900.0,33,0.0,,0.0,1,0.0,0,0,1,0,0.0,0,,,0,0,0,0,domestic,0,0,0,6,unknown,1,False,,500.0,6.214608098422191,,7980.0,8.984693690443855,,7980.0,8.984693690443855
Cà chua cherry mix 300g,Gói,Trái cây tươi,Rau - Củ - Trái Cây,29900.0,29900.0,48,0.0,,0.0,1,0.0,0,0,1,0,0.0,0,,,0,0,0,0,domestic,0,0,0,5,count,1,False,,300.0,5.703782474656201,,9966.666666666666,9.207001470710669,,9966.666666666666,9.207001470710669
Cà chua cherry đỏ 300g,Hộp,Trái cây tươi,Rau - Củ - Trái Cây,27000.0,27000.0,17,0.0,,0.0,1,0.0,0,0,1,0,0.0,0,,,0,0,0,0,domestic,0,0,0,5,count,1,False,,300.0,5.703782474656201,,9000.0,9.104979856318357,,9000.0,9.104979856318357
Cà chua chocolate 300g,Hộp,"Củ, Quả",Rau - Củ - Trái Cây,29900.0,29900.0,11,0.0,,0.0,1,0.0,0,0,1,0,0.0,0,,,0,0,0,0,domestic,0,0,0,4,count,1,False,,300.0,5.703782474656201,,9966.666666666666,9.207001470710669,,9966.666666666666,9.207001470710669
Cà pháo 500g,Khay,"Củ, Quả",Rau - Củ - Trái Cây,18375.0,18375.0,32,0.0,,0.3011891271295898,4,0.930232558139535,0,0,4,0,0.0,1,,,0,0,0,0,domestic,0,0,0,3,unknown,1,False,,500.0,6.214608098422191,,3675.0,8.209308411646937,,3675.0,8.209308411646937
Cà rốt,1 KG,"Củ, Quả",Rau - Củ - Trái Cây,33958.82352941176,34288.23529411765,17,0.0588235294117647,0.2285714285714285,0.2175103174997592,5,0.2702702702702703,1,0,5,1,1.0,0,,,0,0,0,0,domestic,0,0,0,2,weight,1,False,,,,,,,,,
Cà rốt baby 200g,Khay,"Củ, Quả",Rau - Củ - Trái Cây,23614.285714285714,23614.285714285714,63,0.0,,0.0746873767471053,2,0.1792114695340502,0,0,2,0,0.0,0,,,0,0,0,0,domestic,0,0,0,4,unknown,1,False,,200.0,5.298317366548036,,11807.142857142857,9.376459954193857,,11807.142857142857,9.376459954193857
Cà tím dài,1KG,"Củ, Quả",Rau - Củ - Trái Cây,30340.0,30340.0,75,0.0,,0.0164709840686947,2,0.0334448160535116,0,0,2,0,0.0,1,,,0,0,0,0,domestic,0,0,0,3,weight,1,False,,,,,,,,,
Cà tím tròn,Kg,"Củ, Quả",Rau - Củ - Trái Cây,24900.0,24900.0,14,0.0,,0.0,1,0.0,0,0,1,0,0.0,0,,,0,0,0,0,domestic,0,0,0,3,weight,1,False,,,,,,,,,
Cải bó xôi WinEco gói 300g,Gói,Rau Lá,Rau - Củ - Trái Cây,8222.727272727272,10278.40909090909,88,1.0,0.2,0.1182077597383481,4,0.3333333333333333,1,1,4,88,88.0,1,,,0,0,0,1,domestic,0,0,0,6,count,1,False,,300.0,5.703782474656201,,2740.9090909090905,7.916044929356961,,3426.1363636363635,8.139188480671171
Cải chíp 500g,Gói,Rau Lá,Rau - Củ - Trái Cây,8500.0,8500.0,5,0.0,,0.0,1,0.0,0,0,1,0,0.0,0,,,0,0,0,0,domestic,0,0,0,3,count,1,False,,500.0,6.214608098422191,,1700.0,7.438383530044307,,1700.0,7.438383530044307
Cải cúc 300g,Gói,Rau Lá,Rau - Củ - Trái Cây,6900.0,6900.0,5,0.0,,0.0,1,0.0,0,0,1,0,0.0,0,,,0,0,0,0,domestic,0,0,0,3,count,1,False,,300.0,5.703782474656201,,2300.0,7.7406644019172415,,2300.0,7.7406644019172415
Cải cúc WinEco gói 300g,Gói,Rau Lá,Rau - Củ - Trái Cây,8022.727272727273,10028.40909090909,88,1.0,0.2,0.026574593540076,2,0.1999999999999999,1,1,2,88,88.0,0,,,0,0,0,1,domestic,0,0,0,5,count,1,False,,300.0,5.703782474656201,,2674.2424242424245,7.891421413329063,,3342.80303030303,8.114564964643273
Cải làn 500g,Gói,Rau Lá,Rau - Củ - Trái Cây,14440.0,14440.0,60,0.0,,0.0856951924652514,3,0.3565891472868217,0,0,3,0,0.0,1,,,0,0,0,0,domestic,0,0,0,3,count,1,False,,500.0,6.214608098422191,,2888.0,7.968319500012717,,2888.0,7.968319500012717
Cải ngồng 500g,Gói,Rau Lá,Rau - Củ - Trái Cây,8500.0,8500.0,5,0.0,,0.0,1,0.0,0,0,1,0,0.0,0,,,0,0,0,0,domestic,0,0,0,3,count,1,False,,500.0,6.214608098422191,,1700.0,7.438383530044307,,1700.0,7.438383530044307
Cải thảo,1KG,Rau Lá,Rau - Củ - Trái Cây,15839.473684210529,15839.473684210529,76,0.0,,0.2093849597755703,6,0.3493449781659389,0,0,6,0,0.0,1,,,0,0,0,0,domestic,0,0,0,2,weight,1,False,,,,,,,,,
Cải xanh baby WinEco 300g,Gói,Rau Lá,Rau - Củ - Trái Cây,13520.0,16900.0,3,1.0,0.2,0.0,1,0.0,1,1,1,3,3.0,0,,,0,0,0,1,domestic,0,0,0,5,count,1,False,,300.0,5.703782474656201,,4506.666666666667,8.413313060928845,,5633.333333333333,8.636456612243055
Cải xoong 300g,Gói,Rau Lá,Rau - Củ - Trái Cây,10384.848484848484,10384.848484848484,66,0.0,,0.227398756892375,3,0.3597122302158273,0,0,3,0,0.0,0,,,0,0,0,0,domestic,0,0,0,3,count,1,False,,300.0,5.703782474656201,,3461.616161616161,8.14949085772811,,3461.616161616161,8.14949085772811
Cải xoăn 300g,Gói,Rau Lá,Rau - Củ - Trái Cây,17500.0,17500.0,37,0.0,,0.0,1,0.0,0,0,1,0,0.0,0,,,0,0,0,0,domestic,0,0,0,3,count,1,False,,300.0,5.703782474656201,,5833.333333333333,8.671343871243495,,5833.333333333333,8.671343871243495
Cần nước dài 500g,Gói,Rau Lá,Rau - Củ - Trái Cây,17300.0,17300.0,5,0.0,,0.1809534779479598,2,0.3056768558951965,0,0,2,0,0.0,0,,,0,0,0,0,domestic,0,0,0,4,count,1,False,,500.0,6.214608098422191,,3460.0,8.14902386805177,,3460.0,8.14902386805177
Cần tây lớn WinEco,1KG,Rau Lá,Rau - Củ - Trái Cây,42808.31168831169,53510.38961038961,77,1.0,0.2,0.1568287890009054,2,0.2731411229135053,1,1,2,77,77.0,0,,,0,0,0,1,domestic,0,0,0,4,weight,1,False,,,,,,,,,
Cần tây nhỏ 100g,Gói,Rau Lá,Rau - Củ - Trái Cây,6357.142857142857,6357.142857142857,7,0.0,,0.1486377141047522,2,0.2941176470588235,0,0,2,0,0.0,0,,,0,0,0,0,domestic,0,0,0,4,count,1,False,,100.0,4.605170185988092,,6357.142857142857,8.757334319099018,,6357.142857142857,8.757334319099018
Cần tây nhỏ WinEco 100g,Gói,Rau Lá,Rau - Củ - Trái Cây,5520.0,6900.0,69,1.0,0.2,0.0,1,0.0,1,1,1,69,69.0,0,,,0,0,0,1,domestic,0,0,0,5,count,1,False,,100.0,4.605170185988092,,5520.0,8.616133139271142,,6900.0,8.83927669058535
Củ cải trắng,1KG,Rau Lá,Rau - Củ - Trái Cây,16779.518072289156,16779.518072289156,83,0.0,,0.0699589932551117,3,0.1005291005291005,0,0,3,0,0.0,0,,,0,0,0,0,domestic,0,0,0,3,weight,1,False,,,,,,,,,
Củ gừng 100g,Gói,"Củ, Quả",Rau - Củ - Trái Cây,5367.605633802817,5367.605633802817,71,0.0,,0.1275197526291529,2,0.2372881355932203,0,0,2,0,0.0,0,,,0,0,0,0,domestic,0,0,0,3,count,1,False,,100.0,4.605170185988092,,5367.605633802817,8.588137209820635,,5367.605633802817,8.588137209820635
Củ nghệ 100g,Gói,"Củ, Quả",Rau - Củ - Trái Cây,5500.0,5500.0,55,0.0,,0.0,1,0.0,0,0,1,0,0.0,0,,,0,0,0,0,domestic,0,0,0,3,count,1,False,,100.0,4.605170185988092,,5500.0,8.612503371220562,,5500.0,8.612503371220562
Củ riềng 100g,Gói,"Củ, Quả",Rau - Củ - Trái Cây,4500.0,4500.0,71,0.0,,0.0,1,0.0,0,0,1,0,0.0,0,,,0,0,0,0,domestic,0,0,0,3,count,1,False,,100.0,4.605170185988092,,4500.0,8.411832675758411,,4500.0,8.411832675758411
Củ sả 100g,Gói,"Củ, Quả",Rau - Củ - Trái Cây,4000.0,4000.0,67,0.0,,0.0,1,0.0,0,0,1,0,0.0,0,,,0,0,0,0,domestic,0,0,0,3,count,1,False,,100.0,4.605170185988092,,4000.0,8.294049640102028,,4000.0,8.294049640102028
Củ đậu,1KG,"Củ, Quả",Rau - Củ - Trái Cây,19900.0,19900.0,16,0.0,,0.0,1,0.0,0,0,1,0,0.0,0,,,0,0,0,0,domestic,0,0,0,2,weight,1,False,,,,,,,,,
Dâu Hàn Quốc 330g,Hộp,Trái cây tươi,Rau - Củ - Trái Cây,247518.5185185185,247518.5185185185,27,0.0,,0.1599263736034173,2,0.303951367781155,0,0,2,0,0.0,0,,,0,0,0,0,Hàn,1,0,0,4,count,1,False,,330.0,5.799092654460526,,75005.61167227833,11.225318212016443,,75005.61167227833,11.225318212016443
Dâu Hàn Quốc hộp 250g,Hộp,Trái cây tươi,Rau - Củ - Trái Cây,235666.66666666663,235666.66666666663,12,0.0,,0.0873994880697771,2,0.1544401544401544,0,0,2,0,0.0,0,,,0,0,0,0,Hàn,1,0,0,5,count,1,False,,250.0,5.521460917862246,,94266.66666666666,11.453882924336446,,94266.66666666666,11.453882924336446
Dâu Hàn Quốc hộp 330g,Hộp,Trái cây tươi,Rau - Củ - Trái Cây,359000.0,359000.0,8,0.0,,0.0,1,0.0,0,0,1,0,0.0,0,,,0,0,0,0,Hàn,1,0,0,5,count,1,False,,330.0,5.799092654460526,,108787.8787878788,11.597155198997982,,108787.8787878788,11.597155198997982
Dâu tây Sơn La 500g,Hộp,Trái cây tươi,Rau - Củ - Trái Cây,152734.61538461538,154413.46153846153,52,0.0576923076923076,0.172189349112426,0.4493847903929056,11,0.8648310387984981,1,0,10,3,3.0,1,,,0,0,0,0,domestic,0,0,0,5,count,1,False,,500.0,6.214608098422191,,30546.923076923074,10.327019241914389,,30882.692307692305,10.337951186468155
Dâu tây Sơn La hộp 250g,Hộp,Trái cây tươi,Rau - Củ - Trái Cây,87541.07142857143,91291.07142857143,56,0.1071428571428571,0.27901994012736,0.3819577392449617,9,0.505050505050505,1,0,8,3,3.0,1,,,0,0,0,0,domestic,0,0,0,6,count,1,False,,250.0,5.521460917862246,,35016.42857142857,10.46357261809868,,36516.42857142857,10.50551753615429
Dưa Hấu khắc chữ chưng Tết,2.2KG,Trái cây tươi,Rau - Củ - Trái Cây,94381.0,94381.0,3,0.0,,0.0,1,0.0,0,0,1,0,0.0,0,,,0,0,0,0,domestic,0,0,0,6,weight,1,False,,,,,,,,,
Dưa chuột baby (dưa leo) 500g,Khay,"Củ, Quả",Rau - Củ - Trái Cây,15321.052631578948,15321.052631578948,38,0.0,,0.1247958934612856,4,0.2512562814070351,0,0,4,0,0.0,1,,,0,0,0,0,domestic,0,0,0,6,unknown,1,False,,500.0,6.214608098422191,,3064.2105263157896,8.027545238133174,,3064.2105263157896,8.027545238133174
Dưa hấu Hắc Mỹ Nhân (Long An),2.5 KG,Trái cây tươi,Rau - Củ - Trái Cây,71948.7951807229,76436.7469879518,83,0.3253012048192771,0.1845658367397497,0.1207818005013586,4,0.2811244979919678,1,0,3,14,9.0,1,,,0,0,0,0,domestic,0,0,0,7,weight,1,False,,,,,,,,,
Dưa hấu Hắc Mỹ Nhân loại 1,2,Trái cây tươi,Rau - Củ - Trái Cây,66347.05882352941,66347.05882352941,68,0.0,,0.0496244583848653,3,0.060790273556231,0,0,3,0,0.0,0,,,0,0,0,0,domestic,0,0,0,7,unknown,1,False,,,,,,,,,
Dưa hấu giống nhật,1.7kg,Trái cây tươi,Rau - Củ - Trái Cây,42330.0,42330.0,2,0.0,,0.2839786269825492,2,0.334448160535117,0,0,2,0,0.0,0,,,0,0,0,0,domestic,0,0,0,4,weight,1,False,,,,,,,,,
Dưa hấu không hạt,2.5KG,Trái cây tươi,Rau - Củ - Trái Cây,77355.6338028169,78341.54929577465,71,0.0985915492957746,0.1337792642140468,0.0687609426307496,4,0.1544401544401543,1,0,3,7,7.0,0,,,0,0,0,0,domestic,0,0,0,4,weight,1,False,,,,,,,,,
Dưa hấu ruột vàng,2.3Kg,Trái cây tươi,Rau - Củ - Trái Cây,68770.0,68770.0,60,0.0,,0.0,1,0.0,0,0,1,0,0.0,0,,,0,0,0,0,domestic,0,0,0,4,weight,1,False,,,,,,,,,
Dưa hấu ruột đỏ,2.5KG,Trái cây tươi,Rau - Củ - Trái Cây,24750.0,24750.0,8,0.0,,0.0,1,0.0,0,0,1,0,0.0,0,,,0,0,0,0,domestic,0,0,0,4,weight,1,False,,,,,,,,,
Dưa leo cocktail Globalgap 500g,Khay,"Củ, Quả",Rau - Củ - Trái Cây,26500.0,26500.0,57,0.0,,0.0,1,0.0,0,0,1,0,0.0,0,,,0,0,0,0,domestic,0,0,0,5,unknown,1,False,,500.0,6.214608098422191,,5300.0,8.575462099540212,,5300.0,8.575462099540212
Dưa lê kim cô nương,1.2KG,Trái cây tươi,Rau - Củ - Trái Cây,78000.0,78000.0,18,0.0,,0.0,1,0.0,0,0,1,0,0.0,0,,,0,0,0,0,domestic,0,0,0,5,weight,1,False,,,,,,,,,
Dưa lê kim hoàng hậu WinEco,1.2KG,Trái cây tươi,Rau - Củ - Trái Cây,66144.0,82680.0,68,1.0,0.2,0.0,1,0.0,1,1,1,68,68.0,0,,,0,0,0,1,domestic,0,0,0,6,weight,1,False,,,,,,,,,
Dưa lê trắng,1KG,Trái cây tươi,Rau - Củ - Trái Cây,49900.0,49900.0,66,0.0,,0.0,1,0.0,0,0,1,0,0.0,0,,,0,0,0,0,domestic,0,0,0,3,weight,1,False,,,,,,,,,
Dưa lưới ruột cam WinEco,1.2KG,Trái cây tươi,Rau - Củ - Trái Cây,53664.0,67080.0,31,1.0,0.2,0.0,1,0.0,1,1,1,31,31.0,0,,,0,0,0,1,domestic,0,0,0,5,weight,1,False,,,,,,,,,
Dưa lưới sạch Đế Vương King size ruột cam,Qủa,Trái cây tươi,Rau - Củ - Trái Cây,79200.0,99000.0,69,1.0,0.2,0.0,1,0.0,1,1,1,69,69.0,0,Đế Vương,local_value,0,0,1,0,domestic,0,0,1,9,unknown,1,False,,,,,,,,,
Dưa lưới sạch Đế Vương Super King Ruột cam,Qủa,Trái cây tươi,Rau - Củ - Trái Cây,95200.0,119000.0,39,1.0,0.2,0.0,1,0.0,1,1,1,39,39.0,0,Đế Vương,local_value,0,0,1,0,domestic,0,0,1,9,unknown,1,False,,,,,,,,,
Dưa lưới vỏ xanh ruột cam,1.2KG,Trái cây tươi,Rau - Củ - Trái Cây,71880.0,71880.0,40,0.0,,0.0,1,0.0,0,0,1,0,0.0,0,,,0,0,0,0,domestic,0,0,0,6,weight,1,False,,,,,,,,,
Dọc mùng 300g,Gói,Rau Lá,Rau - Củ - Trái Cây,12754.83870967742,12754.83870967742,62,0.0,,0.0508829350488474,2,0.303030303030303,0,0,2,0,0.0,1,,,0,0,0,0,domestic,0,0,0,3,count,1,False,,300.0,5.703782474656201,,4251.612903225807,8.355053696565397,,4251.612903225807,8.355053696565397
Dứa/khóm,Qủa,Trái cây tươi,Rau - Củ - Trái Cây,24614.285714285714,24614.285714285714,70,0.0,,0.0474909836528187,2,0.2008032128514056,0,0,2,0,0.0,0,,,0,0,0,0,domestic,0,0,0,1,unknown,1,False,,,,,,,,,
Dừa tiện lợi (Lốc 3),Gói 3,Trái cây tươi,Rau - Củ - Trái Cây,51142.64705882353,54436.76470588235,68,0.2647058823529412,0.2135377143724389,0.1344395878167626,5,0.5012531328320802,1,0,3,11,9.0,1,,,0,0,0,0,domestic,0,0,0,5,count,3,False,,,,,,,,,
Dừa xiêm (Dừa tiện lợi),Qủa,Trái cây tươi,Rau - Củ - Trái Cây,26238.709677419356,26319.35483870968,62,0.0161290322580645,0.2008032128514056,0.0413731016824612,4,0.2512562814070351,1,0,3,1,1.0,1,,,0,0,0,0,domestic,0,0,0,5,unknown,1,False,,,,,,,,,
Giá đỗ WinEco 300g,Gói,Rau Lá,Rau - Củ - Trái Cây,10000.0,12500.0,87,1.0,0.2,0.0,1,0.0,1,1,1,87,87.0,0,,,0,0,0,1,domestic,0,0,0,4,count,1,False,,300.0,5.703782474656201,,3333.3333333333335,8.111728083308073,,4166.666666666667,8.334871634622283
Hoa chuối bào gói 200g,Gói,Trái cây tươi,Rau - Củ - Trái Cây,28000.0,28000.0,17,0.0,,0.0,1,0.0,0,0,1,0,0.0,0,,,0,0,0,0,domestic,0,0,0,5,count,1,False,,200.0,5.298317366548036,,14000.0,9.546812608597396,,14000.0,9.546812608597396
Hoa chuối nguyên bắp gói 600g,Gói,Trái cây tươi,Rau - Củ - Trái Cây,39900.0,39900.0,37,0.0,,0.0,1,0.0,0,0,1,0,0.0,0,,,0,0,0,0,domestic,0,0,0,6,count,1,False,,600.0,6.396929655216146,,6650.0,8.8023721336499,,6650.0,8.8023721336499
Hành Lý Sơn 100g,Gói,"Củ, Quả",Rau - Củ - Trái Cây,8340.0,8340.0,20,0.0,,0.0662934243339374,2,0.139240506329114,0,0,2,0,0.0,1,,,0,0,0,0,domestic,0,0,0,4,count,1,False,,100.0,4.605170185988092,,8340.0,9.028818495352793,,8340.0,9.028818495352793
Hành Lý Sơn gói 500g,Gói,"Củ, Quả",Rau - Củ - Trái Cây,40000.0,40000.0,9,0.0,,0.0,1,0.0,0,0,1,0,0.0,0,,,0,0,0,0,domestic,0,0,0,5,count,1,False,,500.0,6.214608098422191,,8000.0,8.987196820661973,,8000.0,8.987196820661973
Hành củ Hải Dương,1KG,"Củ, Quả",Rau - Củ - Trái Cây,69622.22222222222,69622.22222222222,54,0.0,,0.1170676546467757,3,0.5010020040080161,0,0,3,0,0.0,1,,,0,0,0,0,domestic,0,0,0,4,weight,1,False,,,,,,,,,
Hành củ Hải Dương gói 100g,Gói,"Củ, Quả",Rau - Củ - Trái Cây,7900.0,7900.0,64,0.0,,0.0,1,0.0,0,0,1,0,0.0,0,,,0,0,0,0,domestic,0,0,0,6,count,1,False,,100.0,4.605170185988092,,7900.0,8.974618038455112,,7900.0,8.974618038455112
Hành củ Hải Dương hộp 300g,Hộp,"Củ, Quả",Rau - Củ - Trái Cây,24900.0,24900.0,66,0.0,,0.0,1,0.0,0,0,1,0,0.0,0,,,0,0,0,0,domestic,0,0,0,6,count,1,False,,300.0,5.703782474656201,,8300.0,9.02401079378469,,8300.0,9.02401079378469
Hành lá WinEco gói 100g,Gói,Rau Lá,Rau - Củ - Trái Cây,4445.977011494253,5557.471264367816,87,1.0,0.2,0.1245629215174264,4,0.2631578947368421,1,1,4,87,87.0,0,,,0,0,0,1,domestic,0,0,0,5,count,1,False,,100.0,4.605170185988092,,4445.977011494253,8.399754923906693,,5557.471264367816,8.622898475220902
Húng bạc hà 50g,Gói,Rau Lá,Rau - Củ - Trái Cây,4916.666666666667,4916.666666666667,60,0.0,,0.0566883674817563,2,0.1999999999999999,0,0,2,0,0.0,0,,,0,0,0,0,domestic,0,0,0,4,count,1,False,,50.0,3.912023005428146,,9833.333333333334,9.193533253659801,,9833.333333333334,9.193533253659801
Húng láng 50g,Gói,Rau Lá,Rau - Củ - Trái Cây,4709.090909090909,4709.090909090909,55,0.0,,0.1497274493800177,3,0.3076923076923077,0,0,3,0,0.0,0,,,0,0,0,0,domestic,0,0,0,3,count,1,False,,50.0,3.912023005428146,,9418.181818181818,9.15039733600915,,9418.181818181818,9.15039733600915
Húng quế 50g,Gói,Rau Lá,Rau - Củ - Trái Cây,4380.0,4380.0,25,0.0,,0.1106776223154413,3,0.2727272727272727,0,0,3,0,0.0,1,,,0,0,0,0,domestic,0,0,0,3,count,1,False,,50.0,3.912023005428146,,8760.0,9.077951183930438,,8760.0,9.077951183930438
Hạt sen tươi Senta 200g,Gói,"Củ, Quả",Rau - Củ - Trái Cây,72823.07692307692,72823.07692307692,52,0.0,,0.0639963871508272,2,0.1517450682852807,0,0,2,0,0.0,1,Senta,local_value,0,0,1,0,domestic,0,0,1,5,count,1,False,,200.0,5.298317366548036,,36411.53846153846,10.5026409940955,,36411.53846153846,10.5026409940955
Hạt sen tươi gói 200g,Gói,"Củ, Quả",Rau - Củ - Trái Cây,69900.0,69900.0,23,0.0,,0.0,1,0.0,0,0,1,0,0.0,0,,,0,0,0,0,domestic,0,0,1,5,count,1,False,,200.0,5.298317366548036,,34950.0,10.461673747661957,,34950.0,10.461673747661957
Hẹ lá WinEco 100g,Gói,Rau Lá,Rau - Củ - Trái Cây,6335.609756097561,7919.512195121952,82,1.0,0.2,0.036393786159666,2,0.1374999999999999,1,1,2,82,82.0,0,,,0,0,0,1,domestic,0,0,0,4,count,1,False,,100.0,4.605170185988092,,6335.609756097561,8.75394134007242,,7919.512195121952,8.97708489138663
Hồng Xiêm (Sapo),1KG,Trái cây tươi,Rau - Củ - Trái Cây,59900.0,59900.0,79,0.0,,0.0,1,0.0,0,0,1,0,0.0,0,,,0,0,0,0,domestic,0,0,0,3,weight,1,False,,,,,,,,,
Hộp quà - Dưa lưới ruột cam/xanh (2 quả),Gói,Trái cây tươi,Rau - Củ - Trái Cây,239200.0,299000.0,4,1.0,0.2,0.0,1,0.0,1,1,1,4,4.0,0,,,0,0,0,0,domestic,0,0,0,9,count,1,False,,,,,,,,,
Khoai lang giống nhật,1KG,"Củ, Quả",Rau - Củ - Trái Cây,40991.56626506024,40991.56626506024,83,0.0,,0.0437860185085499,3,0.0909090909090909,0,0,3,0,0.0,1,,,0,0,0,0,domestic,0,0,0,4,weight,1,False,,,,,,,,,
Khoai lang mật,1KG,"Củ, Quả",Rau - Củ - Trái Cây,48344.444444444445,48344.444444444445,72,0.0,,0.0406184501969209,2,0.0871459694989107,0,0,2,0,0.0,1,,,0,0,0,0,domestic,0,0,0,3,weight,1,False,,,,,,,,,
Khoai môn,1KG,"Củ, Quả",Rau - Củ - Trái Cây,30321.875,30321.875,64,0.0,,0.0346663038595107,2,0.100334448160535,0,0,2,0,0.0,1,,,0,0,0,0,domestic,0,0,0,2,weight,1,False,,,,,,,,,
Khoai tây,1KG,"Củ, Quả",Rau - Củ - Trái Cây,21815.0,22860.0,80,0.2625,0.1647707433157921,0.1208354787718457,4,0.2285714285714285,1,0,3,21,21.0,1,,,0,0,0,0,domestic,0,0,0,2,weight,1,False,,,,,,,,,
Khóm xanh tết chưng tết,Qủa,Trái cây tươi,Rau - Củ - Trái Cây,65000.0,65000.0,2,0.0,,0.0,1,0.0,0,0,1,0,0.0,0,,,0,0,0,0,domestic,0,0,0,5,unknown,1,False,,,,,,,,,
Khóm đỏ chưng tết,Qủa,Trái cây tươi,Rau - Củ - Trái Cây,63233.333333333336,63233.333333333336,3,0.0,,0.0913047341891869,2,0.1430615164520744,0,0,2,0,0.0,0,,,0,0,0,0,domestic,0,0,0,4,unknown,1,False,,,,,,,,,
Kiwi vàng New Zealand,1KG,Trái cây tươi,Rau - Củ - Trái Cây,209000.0,209000.0,5,0.0,,0.0,1,0.0,0,0,1,0,0.0,0,,,0,0,0,0,domestic,0,0,0,4,weight,1,False,,,,,,,,,
Kiwi vàng Newzealand (2Trái/Hộp),Hộp,Trái cây tươi,Rau - Củ - Trái Cây,65000.0,65000.0,3,0.0,,0.0,1,0.0,0,0,1,0,0.0,0,,,0,0,0,0,domestic,0,0,0,4,count,1,False,,,,,,,,,
Kiwi vàng Newzealand Organic (3Trái/Hộp),Hộp,Trái cây tươi,Rau - Củ - Trái Cây,70000.0,70000.0,5,0.0,,0.0,1,0.0,0,0,1,0,0.0,0,,,0,0,0,0,domestic,0,1,0,5,count,1,False,,,,,,,,,
Kiwi vàng Pháp,1KG,Trái cây tươi,Rau - Củ - Trái Cây,271758.6206896552,271758.6206896552,58,0.0,,0.088214920334197,2,0.1730103806228373,0,0,2,0,0.0,0,,,0,0,0,0,Pháp,1,0,0,3,weight,1,False,,,,,,,,,
Kiwi vàng Pháp 2 trái/hộp,Hộp,Trái cây tươi,Rau - Củ - Trái Cây,90132.75862068964,92413.79310344828,58,0.1551724137931034,0.1484848484848485,0.1005553655013048,4,0.1929292929292929,1,0,2,6,4.5,0,,,0,0,0,0,Pháp,1,0,0,5,count,1,False,,,,,,,,,
Kiwi vàng Pháp 4 trái/hộp,Hộp,Trái cây tươi,Rau - Củ - Trái Cây,162953.48837209304,177604.6511627907,43,0.5116279069767442,0.1599796851193499,0.0825497630773873,5,0.1508379888268156,1,0,2,22,22.0,1,,,0,0,0,0,Pháp,1,0,0,5,count,1,False,,,,,,,,,
Kiwi xanh New Zealand,1 KG,Trái cây tươi,Rau - Củ - Trái Cây,139000.0,139000.0,45,0.0,,0.0,1,0.0,0,0,1,0,0.0,0,,,0,0,0,0,domestic,0,0,0,4,weight,1,False,,,,,,,,,
Kiwi xanh Newzealand (2Trái/Hộp),Hộp,Trái cây tươi,Rau - Củ - Trái Cây,39651.063829787236,39900.0,47,0.2765957446808511,0.0225563909774436,0.0102629202810964,2,0.0230769230769229,1,0,1,13,13.0,0,,,0,0,0,0,domestic,0,0,0,4,count,1,False,,,,,,,,,
Kiwi xanh Newzealand (4trái/hộp),Hộp,Trái cây tươi,Rau - Củ - Trái Cây,75000.0,75000.0,39,0.0,,0.0,1,0.0,0,0,1,0,0.0,0,,,0,0,0,0,domestic,0,0,0,4,count,1,False,,,,,,,,,
Lá dứa 200g,Gói,Trái cây tươi,Rau - Củ - Trái Cây,9900.0,9900.0,34,0.0,,0.0,1,0.0,0,0,1,0,0.0,0,,,0,0,0,0,domestic,0,0,0,3,count,1,False,,200.0,5.298317366548036,,4950.0,8.507142855562735,,4950.0,8.507142855562735
Lá giang 100g,Gói,Rau Lá,Rau - Củ - Trái Cây,9900.0,9900.0,46,0.0,,0.0,1,0.0,0,0,1,0,0.0,0,,,0,0,0,0,domestic,0,0,0,3,count,1,False,,100.0,4.605170185988092,,9900.0,9.20029003612268,,9900.0,9.20029003612268
Lá mè 50g,Gói,Rau Lá,Rau - Củ - Trái Cây,8976.923076923076,8976.923076923076,65,0.0,,0.0117774781554442,2,0.0588235294117647,0,0,2,0,0.0,1,,,0,0,0,0,domestic,0,0,0,3,count,1,False,,50.0,3.912023005428146,,17953.846153846152,9.795559641373055,,17953.846153846152,9.795559641373055
Lá sung 100g,Gói,Rau Lá,Rau - Củ - Trái Cây,8147.058823529412,8147.058823529412,51,0.0,,0.0622179936323884,3,0.2153846153846152,0,0,3,0,0.0,1,,,0,0,0,0,domestic,0,0,0,3,count,1,False,,100.0,4.605170185988092,,8147.058823529412,9.005412260553314,,8147.058823529412,9.005412260553314
Lá trà xanh gói 300g,Gói,Rau Lá,Rau - Củ - Trái Cây,19900.0,19900.0,19,0.0,,0.0,1,0.0,0,0,1,0,0.0,0,,,0,0,0,0,domestic,0,0,0,5,count,1,False,,300.0,5.703782474656201,,6633.333333333333,8.799862722044473,,6633.333333333333,8.799862722044473
Lá vối tươi hộp 200g,Hộp,Rau Lá,Rau - Củ - Trái Cây,19900.0,19900.0,9,0.0,,0.0,1,0.0,0,0,1,0,0.0,0,,,0,0,0,0,domestic,0,0,1,5,count,1,False,,200.0,5.298317366548036,,9950.0,9.205327830152639,,9950.0,9.205327830152639
Lê Hàn Quốc,1 KG,Trái cây tươi,Rau - Củ - Trái Cây,110725.0,121500.0,80,0.5625,0.1484926787252368,0.1229029157822794,5,0.303030303030303,1,0,2,19,11.25,0,,,0,0,0,0,Hàn,1,0,0,3,weight,1,False,,,,,,,,,
Lê Nam Phi,1KG,Trái cây tươi,Rau - Củ - Trái Cây,101363.63636363635,101363.63636363635,22,0.0,,0.067705862593977,2,0.1797752808988764,0,0,2,0,0.0,1,,,0,0,0,0,domestic,0,0,0,3,weight,1,False,,,,,,,,,
Lê đỏ Nam phi,1KG,Trái cây tươi,Rau - Củ - Trái Cây,109000.0,109000.0,31,0.0,,0.0,1,0.0,0,0,1,0,0.0,0,,,0,0,0,0,domestic,0,0,0,4,weight,1,False,,,,,,,,,
Me ngọt Thái Lan hộp 400g,Hộp,"Củ, Quả",Rau - Củ - Trái Cây,89694.44444444444,89694.44444444444,36,0.0,,0.0706038087160937,2,0.1326530612244898,0,0,2,0,0.0,0,,,0,0,0,0,Thái,1,0,0,6,count,1,False,,400.0,5.991464547107982,,22423.61111111111,10.017869750164412,,22423.61111111111,10.017869750164412
Mùi ta 50g,Gói,Rau Lá,Rau - Củ - Trái Cây,3900.0,3900.0,3,0.0,,0.0,1,0.0,0,0,1,0,0.0,0,,,0,0,0,0,domestic,0,0,0,3,count,1,False,,50.0,3.912023005428146,,7800.0,8.961879012677683,,7800.0,8.961879012677683
Mùi tàu (Ngò gai) 50g,Gói,Rau Lá,Rau - Củ - Trái Cây,4800.0,4800.0,5,0.0,,0.0570544330734548,2,0.0999999999999999,0,0,2,0,0.0,0,,,0,0,0,0,domestic,0,0,0,5,count,1,False,,50.0,3.912023005428146,,9600.0,9.169518377455928,,9600.0,9.169518377455928
Măng chua thái sẵn Kim Bôi gói 300g,Gói,"Củ, Quả",Rau - Củ - Trái Cây,32500.0,32500.0,82,0.0,,0.0,1,0.0,0,0,1,0,0.0,0,Kim Bôi,local_value,0,0,1,0,domestic,0,0,0,8,count,1,False,,300.0,5.703782474656201,,10833.333333333334,9.29038307964972,,10833.333333333334,9.29038307964972
Măng củ thái sẵn Kim Bôi gói 500g,Gói,"Củ, Quả",Rau - Củ - Trái Cây,34900.0,34900.0,83,0.0,,0.0,1,0.0,0,0,1,0,0.0,0,Kim Bôi,local_value,0,0,1,0,domestic,0,0,0,8,count,1,False,,500.0,6.214608098422191,,6980.0,8.850804195756417,,6980.0,8.850804195756417
Măng giang đặc sản Kim Bôi gói 300g,Gói,"Củ, Quả",Rau - Củ - Trái Cây,39900.0,39900.0,82,0.0,,0.0,1,0.0,0,0,1,0,0.0,0,Kim Bôi,local_value,0,0,1,0,domestic,0,0,0,8,count,1,False,,300.0,5.703782474656201,,13300.0,9.495519314209846,,13300.0,9.495519314209846
Măng lay Tây Bắc Kim Bôi gói 300g,Gói,"Củ, Quả",Rau - Củ - Trái Cây,39900.0,39900.0,82,0.0,,0.0,1,0.0,0,0,1,0,0.0,0,Kim Bôi,local_value,0,0,1,0,domestic,0,0,0,8,count,1,False,,300.0,5.703782474656201,,13300.0,9.495519314209846,,13300.0,9.495519314209846
Măng lưỡi lợn khô nấu ngay Kim Bôi 500g,Gói,"Củ, Quả",Rau - Củ - Trái Cây,55924.666666666664,55924.666666666664,150,0.0,,0.0170379847683621,2,0.0345454545454544,0,0,2,0,0.0,1,Kim Bôi,local_value,0,0,1,0,domestic,0,0,0,9,count,1,False,,500.0,6.214608098422191,,11184.933333333332,9.322322913542886,,11184.933333333332,9.322322913542886
Măng nứa khô nấu ngay Kim Bôi gói 500g,Gói,"Củ, Quả",Rau - Củ - Trái Cây,69900.0,69900.0,67,0.0,,0.0,1,0.0,0,0,1,0,0.0,0,Kim Bôi,local_value,0,0,1,0,domestic,0,0,0,9,count,1,False,,500.0,6.214608098422191,,13980.0,9.5453830157878,,13980.0,9.5453830157878
Măng nứa tươi Kim Bôi túi 500g,Gói,"Củ, Quả",Rau - Củ - Trái Cây,33500.0,33500.0,82,0.0,,0.0,1,0.0,0,0,1,0,0.0,0,Kim Bôi,local_value,0,0,1,0,domestic,0,0,1,7,count,1,False,,500.0,6.214608098422191,,6700.0,8.809862805379057,,6700.0,8.809862805379057
Măng sợi khô nấu ngay Kim Bôi gói 500g,Gói,"Củ, Quả",Rau - Củ - Trái Cây,56500.0,56500.0,66,0.0,,0.0,1,0.0,0,0,1,0,0.0,0,Kim Bôi,local_value,0,0,1,0,domestic,0,0,0,9,count,1,False,,500.0,6.214608098422191,,11300.0,9.332558004700433,,11300.0,9.332558004700433
Măng trúc quân thử Kim Bôi 300g,Gói,"Củ, Quả",Rau - Củ - Trái Cây,62458.13953488372,64900.0,86,0.2441860465116279,0.1540832049306625,0.0691860591188177,2,0.1821493624772312,1,0,1,21,21.0,0,Kim Bôi,local_value,0,0,1,0,domestic,0,0,0,7,count,1,False,,300.0,5.703782474656201,,20819.37984496124,9.94363955522011,,21633.333333333332,9.981990614024072
Măng trúc đặc sản gói 300g,Gói,"Củ, Quả",Rau - Củ - Trái Cây,46500.0,46500.0,66,0.0,,0.0,1,0.0,0,0,1,0,0.0,0,,,0,0,0,0,domestic,0,0,0,6,count,1,False,,300.0,5.703782474656201,,15500.0,9.648595302907339,,15500.0,9.648595302907339
Măng tây xanh 200g,Bó,"Củ, Quả",Rau - Củ - Trái Cây,28380.0,28380.0,65,0.0,,0.0417486235582484,4,0.0833333333333333,0,0,4,0,0.0,1,,,0,0,0,0,domestic,0,0,0,4,unknown,1,False,,200.0,5.298317366548036,,14190.0,9.560292770154089,,14190.0,9.560292770154089
Măng đắng đặc sản Kim Bôi gói 500g,Gói,"Củ, Quả",Rau - Củ - Trái Cây,47900.0,47900.0,67,0.0,,0.0,1,0.0,0,0,1,0,0.0,0,Kim Bôi,local_value,0,0,1,0,domestic,0,0,0,8,count,1,False,,500.0,6.214608098422191,,9580.0,9.167432870964907,,9580.0,9.167432870964907
Măng ống khô nấu ngay Kim Bôi gói 500g,Gói,"Củ, Quả",Rau - Củ - Trái Cây,51946.51162790698,53900.0,86,0.2441860465116279,0.1484230055658627,0.0665489542822792,2,0.1742919389978212,1,0,1,21,21.0,0,Kim Bôi,local_value,0,0,1,0,domestic,0,0,0,9,count,1,False,,500.0,6.214608098422191,,10389.302325581395,9.248531933193986,,10780.0,9.285447844462988
Mận An Phước,1 KG,Trái cây tươi,Rau - Củ - Trái Cây,46757.142857142855,46757.142857142855,14,0.0,,0.0300792907109942,2,0.065359477124183,0,0,2,0,0.0,1,,,0,0,0,0,domestic,0,0,0,3,weight,1,False,,,,,,,,,
Mận sữa,1KG,Trái cây tươi,Rau - Củ - Trái Cây,79900.0,79900.0,73,0.0,,0.0,1,0.0,0,0,1,0,0.0,0,,,0,0,0,0,domestic,0,0,0,2,weight,1,False,,,,,,,,,
Mận đá đường,1KG,Trái cây tươi,Rau - Củ - Trái Cây,60645.333333333336,60645.333333333336,75,0.0,,0.0656900445894657,3,0.1430615164520744,0,0,3,0,0.0,1,,,0,0,0,0,domestic,0,0,0,3,weight,1,False,,,,,,,,,
Ngô ngọt uyên ương,"Lốc, Lô, Lố","Củ, Quả",Rau - Củ - Trái Cây,25485.29411764706,25485.29411764706,68,0.0,,0.0320087538410359,3,0.0912280701754385,0,0,3,0,0.0,0,,,0,0,0,0,domestic,0,0,0,4,unknown,1,False,,,,,,,,,
Ngọn bí 500g,Gói,Rau Lá,Rau - Củ - Trái Cây,19900.0,19900.0,22,0.0,,0.0,1,0.0,0,0,1,0,0.0,0,,,0,0,0,0,domestic,0,0,0,3,count,1,False,,500.0,6.214608098422191,,3980.0,8.289037098278483,,3980.0,8.289037098278483
Ngọn su su 500g,Gói,Rau Lá,Rau - Củ - Trái Cây,14900.0,14900.0,5,0.0,,0.0,1,0.0,0,0,1,0,0.0,0,,,0,0,0,0,domestic,0,0,0,4,count,1,False,,500.0,6.214608098422191,,2980.0,7.9996785794994505,,2980.0,7.9996785794994505
Nho xanh Shine Muscat Hàn Quốc 450g,Gói,Trái cây tươi,Rau - Củ - Trái Cây,189000.0,197928.57142857145,56,0.1785714285714285,0.1792114695340501,0.1081983826763058,3,0.2510460251046025,1,0,3,10,10.0,0,,,0,0,0,0,Hàn,1,0,0,7,count,1,False,,450.0,6.1092475827643655,,42000.0,10.645424897265505,,43984.12698412699,10.691584097453584
Nho xanh không hạt Nam Phi,1KG,Trái cây tươi,Rau - Củ - Trái Cây,249000.0,249000.0,11,0.0,,0.0,1,0.0,0,0,1,0,0.0,0,,,0,0,0,0,domestic,0,0,0,6,weight,1,False,,,,,,,,,
Nho đen không hạt Mỹ,1KG,Trái cây tươi,Rau - Củ - Trái Cây,227000.0,227000.0,15,0.0,,0.1364928051526843,2,0.2316602316602316,0,0,2,0,0.0,0,,,0,0,0,0,Mỹ,1,0,0,5,weight,1,False,,,,,,,,,
Nho đen ngón tay Úc,1KG,Trái cây tươi,Rau - Củ - Trái Cây,320086.95652173914,320086.95652173914,46,0.0,,0.1819566721829612,3,0.243161094224924,0,0,3,0,0.0,0,,,0,0,0,0,Úc,1,0,0,5,weight,1,False,,,,,,,,,
Nấm Bunapi Biovegi hộp 100g,Gói,"Củ, Quả",Rau - Củ - Trái Cây,32000.0,32000.0,81,0.0,,0.0,1,0.0,0,0,1,0,0.0,0,Biovegi,local_value,0,0,1,0,domestic,0,0,0,5,count,1,False,,100.0,4.605170185988092,,32000.0,10.373491181781864,,32000.0,10.373491181781864
Nấm Bunashimeji Biovegi hộp 100g,Gói,"Củ, Quả",Rau - Củ - Trái Cây,32000.0,32000.0,76,0.0,,0.0,1,0.0,0,0,1,0,0.0,0,Biovegi,local_value,0,0,1,0,domestic,0,0,0,5,count,1,False,,100.0,4.605170185988092,,32000.0,10.373491181781864,,32000.0,10.373491181781864
Nấm hỗn hợp 300g,Khay,"Củ, Quả",Rau - Củ - Trái Cây,45900.0,45900.0,64,0.0,,0.0,1,0.0,0,0,1,0,0.0,0,,,0,0,0,0,domestic,0,0,0,4,unknown,1,False,,300.0,5.703782474656201,,15300.0,9.635608107380527,,15300.0,9.635608107380527
Nấm hỗn hợp đông trùng hạ thảo 250g,Khay,"Củ, Quả",Rau - Củ - Trái Cây,49000.0,49000.0,66,0.0,,0.0,1,0.0,0,0,1,0,0.0,0,,,0,0,0,0,domestic,0,0,0,8,unknown,1,False,,250.0,5.521460917862246,,19600.0,9.883284845218608,,19600.0,9.883284845218608
Nấm kim châm 150g,Gói,"Củ, Quả",Rau - Củ - Trái Cây,14900.0,14900.0,83,0.0,,0.0,1,0.0,0,0,1,0,0.0,0,,,0,0,0,0,domestic,0,0,0,4,count,1,False,,150.0,5.0106352940962555,,9933.333333333334,9.203651383825386,,9933.333333333334,9.203651383825386
Nấm sò trắng 500g,Gói,"Củ, Quả",Rau - Củ - Trái Cây,39900.0,39900.0,77,0.0,,0.0,1,0.0,0,0,1,0,0.0,0,,,0,0,0,0,domestic,0,0,0,4,count,1,False,,500.0,6.214608098422191,,7980.0,8.984693690443855,,7980.0,8.984693690443855
Nấm Đông Cô ( Nấm Hương) 200g,Khay,"Củ, Quả",Rau - Củ - Trái Cây,37143.93939393939,37143.93939393939,66,0.0,,0.0778123096395652,3,0.334448160535117,0,0,3,0,0.0,1,,,0,0,0,0,domestic,0,0,0,7,unknown,1,False,,200.0,5.298317366548036,,18571.969696969696,9.829408717487054,,18571.969696969696,9.829408717487054
Nấm đông trùng hạ thảo (bỏ gốc) 50g,Khay,"Củ, Quả",Rau - Củ - Trái Cây,55900.0,55900.0,66,0.0,,0.0,1,0.0,0,0,1,0,0.0,0,,,0,0,0,0,domestic,0,0,0,8,unknown,1,False,,50.0,3.912023005428146,,111800.0,11.624466839703135,,111800.0,11.624466839703135
Nấm đông trùng hạ thảo tươi 100g,Hộp,"Củ, Quả",Rau - Củ - Trái Cây,59000.0,59000.0,24,0.0,,0.0,1,0.0,0,0,1,0,0.0,0,,,0,0,0,0,domestic,0,0,1,7,count,1,False,,100.0,4.605170185988092,,59000.0,10.985292722887856,,59000.0,10.985292722887856
Nấm đùi gà WinEco 300g,Gói,"Củ, Quả",Rau - Củ - Trái Cây,36720.0,45900.0,6,1.0,0.2,0.0,1,0.0,1,1,1,6,6.0,0,,,0,0,0,1,domestic,0,0,0,5,count,1,False,,300.0,5.703782474656201,,12240.0,9.412464556066316,,15300.0,9.635608107380527
Quả bầu,1KG,"Củ, Quả",Rau - Củ - Trái Cây,22571.0843373494,22571.0843373494,83,0.0,,0.1140188861906828,6,0.1672240802675585,0,0,6,0,0.0,1,,,0,0,0,0,domestic,0,0,0,2,weight,1,False,,,,,,,,,
Quả phật thủ,Qủa,"Củ, Quả",Rau - Củ - Trái Cây,88361.53846153847,88361.53846153847,13,0.0,,0.0627762039777834,2,0.2224694104560622,0,0,2,0,0.0,0,,,0,0,0,0,domestic,0,0,0,3,unknown,1,False,,,,,,,,,
Quất 200g,Gói,Trái cây tươi,Rau - Củ - Trái Cây,7204.8387096774195,7204.8387096774195,62,0.0,,0.0542772522657583,4,0.0759493670886075,0,0,4,0,0.0,1,,,0,0,0,0,domestic,0,0,0,2,count,1,False,,200.0,5.298317366548036,,3602.4193548387098,8.189360941735174,,3602.4193548387098,8.189360941735174
Rau Răm 50g,Gói,Rau Lá,Rau - Củ - Trái Cây,3200.0,3200.0,23,0.0,,0.0,1,0.0,0,0,1,0,0.0,0,,,0,0,0,0,domestic,0,0,0,3,count,1,False,,50.0,3.912023005428146,,6400.0,8.764053269347762,,6400.0,8.764053269347762
Rau củ hỗn hợp gói 400g,Gói,Rau Lá,Rau - Củ - Trái Cây,49891.30434782609,49891.30434782609,46,0.0,,0.0147763180460245,2,0.1111111111111111,0,0,2,0,0.0,1,,,0,0,0,0,domestic,0,0,0,6,count,1,False,,400.0,5.991464547107982,,12472.826086956522,9.431307643867797,,12472.826086956522,9.431307643867797
Rau dền gói 500g,Gói,Rau Lá,Rau - Củ - Trái Cây,21026.666666666668,21026.666666666668,30,0.0,,0.0722875741977752,4,0.1674418604651163,0,0,4,0,0.0,1,,,0,0,0,0,domestic,0,0,0,4,count,1,False,,500.0,6.214608098422191,,4205.333333333334,8.344108839974766,,4205.333333333334,8.344108839974766
Rau lang 500g,Gói,Rau Lá,Rau - Củ - Trái Cây,16500.0,16500.0,19,0.0,,0.0,1,0.0,0,0,1,0,0.0,0,,,0,0,0,0,domestic,0,0,0,3,count,1,False,,500.0,6.214608098422191,,3300.0,8.101677747454572,,3300.0,8.101677747454572
Rau muống bào gói 200g,Gói,Rau Lá,Rau - Củ - Trái Cây,26000.0,26000.0,19,0.0,,0.0,1,0.0,0,0,1,0,0.0,0,,,0,0,0,0,domestic,0,0,0,5,count,1,False,,200.0,5.298317366548036,,13000.0,9.472704636443673,,13000.0,9.472704636443673
Rau muống cắt khúc gói 300g,Gói,Rau Lá,Rau - Củ - Trái Cây,32900.0,32900.0,35,0.0,,0.0,1,0.0,0,0,1,0,0.0,0,,,0,0,0,0,domestic,0,0,0,6,count,1,False,,300.0,5.703782474656201,,10966.666666666666,9.302615648085354,,10966.666666666666,9.302615648085354
Rau mầm cải ngọt WinEco 100g,Hộp,Rau Lá,Rau - Củ - Trái Cây,14800.0,18500.0,87,1.0,0.2,0.0,1,0.0,1,1,1,87,87.0,0,,,0,0,0,1,domestic,0,0,0,6,count,1,False,,100.0,4.605170185988092,,14800.0,9.602382459752207,,18500.0,9.825526011066415
Rau mầm cải xanh WinEco 100g,Hộp,Rau Lá,Rau - Củ - Trái Cây,14800.0,18500.0,87,1.0,0.2,0.0,1,0.0,1,1,1,87,87.0,0,,,0,0,0,1,domestic,0,0,0,6,count,1,False,,100.0,4.605170185988092,,14800.0,9.602382459752207,,18500.0,9.825526011066415
Rau ngổ 50g,Gói,Rau Lá,Rau - Củ - Trái Cây,4075.757575757576,4075.757575757576,66,0.0,,0.3854480686961997,3,0.5384615384615384,0,0,3,0,0.0,1,,,0,0,0,0,domestic,0,0,0,3,count,1,False,,50.0,3.912023005428146,,8151.515151515152,9.005959097117495,,8151.515151515152,9.005959097117495
Su hào xanh WinEco,1KG,"Củ, Quả",Rau - Củ - Trái Cây,15454.814814814816,19318.51851851852,54,1.0,0.2,0.2325082304563346,6,0.4376470588235294,1,1,6,54,54.0,1,,,0,0,0,1,domestic,0,0,0,4,weight,1,False,,,,,,,,,
Su su,1KG,"Củ, Quả",Rau - Củ - Trái Cây,14140.963855421687,14140.963855421687,83,0.0,,0.2038192673619883,4,0.3355704697986577,0,0,4,0,0.0,1,,,0,0,0,0,domestic,0,0,0,2,weight,1,False,,,,,,,,,
Su su quả baby 500g,Khay,"Củ, Quả",Rau - Củ - Trái Cây,24900.0,24900.0,11,0.0,,0.0,1,0.0,0,0,1,0,0.0,0,,,0,0,0,0,domestic,0,0,0,5,unknown,1,False,,500.0,6.214608098422191,,4980.0,8.513185170018698,,4980.0,8.513185170018698
Súp lơ (Bông cải) xanh,1KG,Rau Lá,Rau - Củ - Trái Cây,41900.0,41900.0,46,0.0,,0.2448418018987601,6,0.3406813627254509,0,0,6,0,0.0,1,,,0,0,0,0,domestic,0,0,0,5,weight,1,False,,,,,,,,,
Súp lơ trắng WinEco,1KG,"Củ, Quả",Rau - Củ - Trái Cây,38800.0,48500.0,20,1.0,0.2,0.1847089342844139,4,0.2108036890645586,1,1,4,20,20.0,0,,,0,0,0,1,domestic,0,0,0,4,weight,1,False,,,,,,,,,
Thanh long ruột trắng,1KG,Trái cây tươi,Rau - Củ - Trái Cây,53861.11111111111,53861.11111111111,72,0.0,,0.080248069391544,4,0.1669449081803005,0,0,4,0,0.0,1,,,0,0,0,0,domestic,0,0,0,4,weight,1,False,,,,,,,,,
Thanh long ruột đỏ,1 KG,Trái cây tươi,Rau - Củ - Trái Cây,55897.46835443038,55897.46835443038,79,0.0,,0.116620467884881,5,0.2323076923076923,0,0,5,0,0.0,1,,,0,0,0,0,domestic,0,0,0,4,weight,1,False,,,,,,,,,
Thì là 50g,Gói,"Củ, Quả",Rau - Củ - Trái Cây,4800.0,4800.0,8,0.0,,0.0,1,0.0,0,0,1,0,0.0,0,,,0,0,0,0,domestic,0,0,0,3,count,1,False,,50.0,3.912023005428146,,9600.0,9.169518377455928,,9600.0,9.169518377455928
Tiêu xanh gói 50g,Gói,"Củ, Quả",Rau - Củ - Trái Cây,7529.411764705882,7529.411764705882,51,0.0,,0.0157804764661907,2,0.0666666666666666,0,0,2,0,0.0,1,,,0,0,0,0,domestic,0,0,0,4,count,1,False,,50.0,3.912023005428146,,15058.823529411764,9.619719379405483,,15058.823529411764,9.619719379405483
Táo Ambrosia Canada,1KG,Trái cây tươi,Rau - Củ - Trái Cây,120984.93150684932,129900.0,73,0.2876712328767123,0.2385717951537813,0.1228745767221556,4,0.312121212121212,1,0,1,12,10.5,0,,,0,0,0,0,domestic,0,0,0,3,weight,1,False,,,,,,,,,
Táo Ambrosia Mỹ ( 3 trái/hộp ),Hộp,Trái cây tươi,Rau - Củ - Trái Cây,108710.14492753622,110594.20289855072,69,0.1884057971014492,0.0840336134453781,0.0834342902504837,3,0.202020202020202,1,0,2,13,13.0,1,,,0,0,0,0,Mỹ,1,0,0,7,count,1,False,,,,,,,,,
Táo Ambrosia Mỹ hộp 6 trái,Hộp,Trái cây tươi,Rau - Củ - Trái Cây,128587.30158730158,131761.90476190476,63,0.1587301587301587,0.1438848920863309,0.0889618965244226,3,0.1726618705035971,1,0,2,7,5.0,0,,,0,0,0,0,Mỹ,1,0,0,6,count,1,False,,,,,,,,,
Táo Ambrosia Mỹ size 88-113,1KG,Trái cây tươi,Rau - Củ - Trái Cây,123500.0,125250.0,56,0.125,0.1176470588235294,0.0667530857252578,3,0.1176470588235294,1,0,2,7,7.0,0,,,0,0,0,0,Mỹ,1,0,0,5,weight,1,False,,,,,,,,,
Táo Candine Pháp,1KG,Trái cây tươi,Rau - Củ - Trái Cây,84524.65753424658,89900.0,73,0.4931506849315068,0.1212458286985539,0.064918355863618,2,0.1379746835443038,1,0,1,14,9.0,0,,,0,0,0,0,Pháp,1,0,0,3,weight,1,False,,,,,,,,,
Táo Cosmic Mỹ,1KG,Trái cây tươi,Rau - Củ - Trái Cây,117260.8695652174,117260.8695652174,46,0.0,,0.0949711220086909,4,0.2626262626262625,0,0,4,0,0.0,1,,,0,0,0,0,Mỹ,1,0,0,3,weight,1,False,,,,,,,,,
Táo Envy Mỹ 6 trái/hộp,Hộp,Trái cây tươi,Rau - Củ - Trái Cây,212903.2258064516,219000.0,62,0.2258064516129032,0.1232876712328766,0.0538816413027265,3,0.1587301587301588,1,0,1,7,7.0,0,,,0,0,0,0,Mỹ,1,0,0,5,count,1,False,,,,,,,,,
Táo Envy New Zealand 3 quả/hộp,Hộp,Trái cây tươi,Rau - Củ - Trái Cây,188927.2727272727,188927.2727272727,55,0.0,,0.0907502172201912,2,0.1788990825688073,0,0,2,0,0.0,0,,,0,0,0,0,domestic,0,0,0,6,count,1,False,,,,,,,,,
Táo Envy New túi 1Kg,Gói,Trái cây tươi,Rau - Củ - Trái Cây,169000.0,169000.0,16,0.0,,0.0,1,0.0,0,0,1,0,0.0,0,,,0,0,0,0,domestic,0,0,0,5,count,1,False,,1000.0,6.907755278982137,,16900.0,9.735068900911164,,16900.0,9.735068900911164
Táo Envy NewZealand 90 - 110,1 KG,Trái cây tươi,Rau - Củ - Trái Cây,149000.0,149000.0,4,0.0,,0.0,1,0.0,0,0,1,0,0.0,0,,,0,0,0,0,domestic,0,0,0,6,weight,1,False,,,,,,,,,
Táo Envy xuất xứ Mỹ (3Trái/Hộp),Hộp,Trái cây tươi,Rau - Củ - Trái Cây,222736.84210526315,229000.0,76,0.1842105263157894,0.148471615720524,0.0595674890585705,2,0.1743589743589744,1,0,1,14,14.0,0,,,0,0,0,0,Mỹ,1,0,0,6,count,1,False,,,,,,,,,
Táo Fuji Mỹ,1KG,Trái cây tươi,Rau - Củ - Trái Cây,93991.13924050632,99900.0,79,0.5063291139240507,0.1168168168168168,0.0638751646837139,4,0.1629802095459838,1,0,1,14,8.0,0,,,0,0,0,0,Mỹ,1,0,0,3,weight,1,False,,,,,,,,,
Táo Fuji Nam Phi túi 3kg,Gói,Trái cây tươi,Rau - Củ - Trái Cây,205122.44897959183,205122.44897959183,49,0.0,,0.0454028622389996,2,0.091324200913242,0,0,2,0,0.0,0,,,0,0,0,0,domestic,0,0,0,6,count,1,False,,3000.0,8.006367567650246,,6837.414965986394,8.830165010234095,,6837.414965986394,8.830165010234095
"Táo Fuji Nam phi túi 1,5kg",Gói,Trái cây tươi,Rau - Củ - Trái Cây,104019.60784313726,104019.60784313726,51,0.0,,0.0720823096522177,2,0.1391304347826086,0,0,2,0,0.0,0,,,0,0,0,0,domestic,0,0,0,6,count,1,False,,1500.0,7.313220387090301,,6934.640522875818,8.844284496203684,,6934.640522875818,8.844284496203684
Táo Fuji Nhật 26-40,1KG,Trái cây tươi,Rau - Củ - Trái Cây,377703.7037037037,377703.7037037037,27,0.0,,0.0219041747948712,2,0.081578947368421,0,0,2,0,0.0,0,,,0,0,0,0,Nhật,1,0,0,4,weight,1,False,,,,,,,,,
Táo Gala Mỹ,1KG,Trái cây tươi,Rau - Củ - Trái Cây,85266.66666666667,89900.0,24,0.3333333333333333,0.1546162402669633,0.0785002357103451,2,0.1828947368421052,1,0,1,8,8.0,0,,,0,0,0,0,Mỹ,1,0,0,3,weight,1,False,,,,,,,,,
Táo Kiku Mỹ,1KG,Trái cây tươi,Rau - Củ - Trái Cây,159000.0,159000.0,42,0.0,,0.0,1,0.0,0,0,1,0,0.0,0,,,0,0,0,0,Mỹ,1,0,0,3,weight,1,False,,,,,,,,,
Táo Kinsei Nhật (2 trái/hộp),Hộp,Trái cây tươi,Rau - Củ - Trái Cây,299000.0,299000.0,35,0.0,,0.0,1,0.0,0,0,1,0,0.0,0,,,0,0,0,0,Nhật,1,0,0,5,count,1,False,,,,,,,,,
Táo Kinsei Nhật 24-40,1KG,Trái cây tươi,Rau - Củ - Trái Cây,396500.0,396500.0,32,0.0,,0.0248105612528607,2,0.100250626566416,0,0,2,0,0.0,0,,,0,0,0,0,Nhật,1,0,0,4,weight,1,False,,,,,,,,,
Táo Nhật Orin 3 Trái/hộp,Hộp,Trái cây tươi,Rau - Củ - Trái Cây,283545.45454545453,283545.45454545453,44,0.0,,0.069483722708762,2,0.1337792642140468,0,0,2,0,0.0,0,,,0,0,0,0,Nhật,1,0,0,5,count,1,False,,,,,,,,,
Táo Rockit hộp 3 - 4 trái,Hộp,Trái cây tươi,Rau - Củ - Trái Cây,136605.26315789475,139000.0,76,0.1710526315789473,0.1007194244604316,0.0388476834706887,2,0.1007194244604317,1,0,1,13,13.0,0,,,0,0,0,0,domestic,0,0,0,7,count,1,False,,,,,,,,,
Táo Sekaiichi Nhật 8-12,1KG,Trái cây tươi,Rau - Củ - Trái Cây,599000.0,599000.0,16,0.0,,0.0,1,0.0,0,0,1,0,0.0,0,,,0,0,0,0,Nhật,1,0,0,4,weight,1,False,,,,,,,,,
Táo Tessa Hà Lan,1KG,Trái cây tươi,Rau - Củ - Trái Cây,116753.0303030303,125000.0,66,0.3484848484848485,0.1893217391304348,0.0981142226124026,4,0.2626262626262625,1,0,1,13,7.666666666666667,0,,,0,0,0,0,domestic,0,0,0,4,weight,1,False,,,,,,,,,
Táo Tessa Hà Lan (6 trái/hộp),Hộp,Trái cây tươi,Rau - Củ - Trái Cây,99000.0,99000.0,67,0.0,,0.0,1,0.0,0,0,1,0,0.0,0,,,0,0,0,0,domestic,0,0,0,6,count,1,False,,,,,,,,,
Táo rockit New Zealand (hộp 3 trái),Hộp,Trái cây tươi,Rau - Củ - Trái Cây,119900.0,119900.0,73,0.0,,0.0,1,0.0,0,0,1,0,0.0,0,,,0,0,0,0,domestic,0,0,0,7,count,1,False,,,,,,,,,
Táo xanh,1KG,Trái cây tươi,Rau - Củ - Trái Cây,64219.444444444445,65405.555555555555,72,0.1944444444444444,0.0938461538461538,0.0478756824167477,4,0.1035653650254668,1,0,3,14,14.0,0,,,0,0,0,0,domestic,0,0,0,2,weight,1,False,,,,,,,,,
Táo xanh Pháp,1KG,Trái cây tươi,Rau - Củ - Trái Cây,79900.0,79900.0,49,0.0,,0.0,1,0.0,0,0,1,0,0.0,0,,,0,0,0,0,Pháp,1,0,0,3,weight,1,False,,,,,,,,,
Táo Đỏ Mỹ,1KG,Trái cây tươi,Rau - Củ - Trái Cây,109642.85714285714,110107.14285714286,56,0.0357142857142857,0.1160714285714285,0.0435647729234144,3,0.1313131313131312,1,0,3,2,2.0,1,,,0,0,0,0,Mỹ,1,0,0,3,weight,1,False,,,,,,,,,
Táo đỏ Tân Cương thượng hạng Devie 250g,Hộp,Trái cây tươi,Rau - Củ - Trái Cây,91400.0,91400.0,22,0.0,,0.0,1,0.0,0,0,1,0,0.0,0,,,0,0,0,0,domestic,0,0,0,8,count,1,False,,250.0,5.521460917862246,,36560.0,10.506710025568086,,36560.0,10.506710025568086
Tỏi củ Hải Dương 100g,Gói,"Củ, Quả",Rau - Củ - Trái Cây,9900.0,9900.0,26,0.0,,0.0,1,0.0,0,0,1,0,0.0,0,,,0,0,0,0,domestic,0,0,0,5,count,1,False,,100.0,4.605170185988092,,9900.0,9.20029003612268,,9900.0,9.20029003612268
Tỏi củ Hải Dương hộp 300g,Hộp,"Củ, Quả",Rau - Củ - Trái Cây,26900.0,26900.0,62,0.0,,0.0,1,0.0,0,0,1,0,0.0,0,,,0,0,0,0,domestic,0,0,0,6,count,1,False,,300.0,5.703782474656201,,8966.666666666666,9.10126927692182,,8966.666666666666,9.10126927692182
Tỏi củ Lý Sơn 100g,Gói,"Củ, Quả",Rau - Củ - Trái Cây,14900.0,14900.0,2,0.0,,0.0,1,0.0,0,0,1,0,0.0,0,,,0,0,0,0,domestic,0,0,0,5,count,1,False,,100.0,4.605170185988092,,14900.0,9.60911649193355,,14900.0,9.60911649193355
Tỏi tây gói 100g,Gói,"Củ, Quả",Rau - Củ - Trái Cây,9900.0,9900.0,4,0.0,,0.0,1,0.0,0,0,1,0,0.0,0,,,0,0,0,0,domestic,0,0,0,4,count,1,False,,100.0,4.605170185988092,,9900.0,9.20029003612268,,9900.0,9.20029003612268
Việt quất New Zealand hộp 125g,Hộp,Trái cây tươi,Rau - Củ - Trái Cây,133827.58620689655,133827.58620689655,29,0.0,,0.0619431718526082,3,0.0719424460431654,0,0,3,0,0.0,0,,,0,0,0,0,domestic,0,0,0,6,count,1,False,,125.0,4.8283137373023015,,107062.06896551725,11.58116402905036,,107062.06896551725,11.58116402905036
Việt quất tươi New Zealand hộp 125g,Hộp,Trái cây tươi,Rau - Củ - Trái Cây,140555.55555555556,140555.55555555556,45,0.0,,0.0710743438331798,2,0.1342281879194631,0,0,2,0,0.0,0,,,0,0,0,0,domestic,0,0,1,7,count,1,False,,125.0,4.8283137373023015,,112444.44444444445,11.630214551493328,,112444.44444444445,11.630214551493328
Xoài Cát Chu Chú Chín,1KG,Trái cây tươi,Rau - Củ - Trái Cây,85000.0,85000.0,69,0.0,,0.0,1,0.0,0,0,1,0,0.0,0,,,0,0,0,0,domestic,0,0,0,5,weight,1,False,,,,,,,,,
Xoài cát chu,1KG,Trái cây tươi,Rau - Củ - Trái Cây,75000.0,75000.0,44,0.0,,0.0,1,0.0,0,0,1,0,0.0,0,,,0,0,0,0,domestic,0,0,0,3,weight,1,False,,,,,,,,,
Xoài cát chu bao vàng,1KG,Trái cây tươi,Rau - Củ - Trái Cây,72311.76470588235,73341.17647058824,68,0.1029411764705882,0.1333333333333333,0.05154639443709,4,0.1538461538461537,1,0,3,7,7.0,1,,,0,0,0,0,domestic,0,0,0,5,weight,1,False,,,,,,,,,
Xoài dài giống Đài Loan,1KG,Trái cây tươi,Rau - Củ - Trái Cây,48471.60493827161,49430.864197530864,81,0.0864197530864197,0.2265306122448979,0.0743549348811102,4,0.2928759894459103,1,0,3,7,7.0,1,,,0,0,0,0,domestic,0,0,0,5,weight,1,False,,,,,,,,,
Xoài giống Úc,1KG,Trái cây tươi,Rau - Củ - Trái Cây,66756.96202531646,66756.96202531646,79,0.0,,0.0751335153615512,5,0.1538461538461537,0,0,5,0,0.0,1,,,0,0,0,0,Úc,1,0,0,3,weight,1,False,,,,,,,,,
Xoài keo bao vàng,1KG,Trái cây tươi,Rau - Củ - Trái Cây,41137.878787878784,41986.36363636364,66,0.106060606060606,0.200501253132832,0.0976601030117415,3,0.2507836990595611,1,0,2,7,7.0,1,,,0,0,0,0,domestic,0,0,0,4,weight,1,False,,,,,,,,,
Xoài tứ quý,1KG,Trái cây tươi,Rau - Củ - Trái Cây,55857.74647887324,55857.74647887324,71,0.0,,0.006373950255813,2,0.0536672629695885,0,0,2,0,0.0,0,,,0,0,0,0,domestic,0,0,0,3,weight,1,False,,,,,,,,,
Xoài Đỏ giống Đài Loan,1KG,Trái cây tươi,Rau - Củ - Trái Cây,71255.31914893616,71255.31914893616,47,0.0,,0.098736839724362,2,0.2153846153846152,0,0,2,0,0.0,1,,,0,0,0,0,domestic,0,0,0,5,weight,1,False,,,,,,,,,
Xà Lách Crispy HFG300g,Gói,Rau Lá,Rau - Củ - Trái Cây,32900.0,32900.0,1,0.0,,,1,0.0,0,0,1,0,0.0,0,,,0,0,0,0,domestic,0,0,0,4,count,1,False,,300.0,5.703782474656201,,10966.666666666666,9.302615648085354,,10966.666666666666,9.302615648085354
Xà lách iceberg WinEco 300g,Gói,Rau Lá,Rau - Củ - Trái Cây,17520.0,21900.0,31,1.0,0.2,0.0,1,0.0,1,1,1,31,31.0,0,,,0,0,0,1,domestic,0,0,0,5,count,1,False,,300.0,5.703782474656201,,5840.0,8.672486075822272,,7300.0,8.895629627136483
Xà lách lolo xanh 300g,Gói,Rau Lá,Rau - Củ - Trái Cây,14900.0,14900.0,6,0.0,,0.0,1,0.0,0,0,1,0,0.0,0,,,0,0,0,0,domestic,0,0,0,5,count,1,False,,300.0,5.703782474656201,,4966.666666666667,8.510504203265441,,4966.666666666667,8.510504203265441
Xà lách lolo xanh Globalgap 300g,Gói,Rau Lá,Rau - Củ - Trái Cây,32900.0,32900.0,53,0.0,,0.0,1,0.0,0,0,1,0,0.0,0,,,0,0,0,0,domestic,0,0,0,6,count,1,False,,300.0,5.703782474656201,,10966.666666666666,9.302615648085354,,10966.666666666666,9.302615648085354
Xà lách lolo xanh WinEco 300g,Gói,Rau Lá,Rau - Củ - Trái Cây,12115.862068965518,15144.827586206897,87,1.0,0.2,0.2328628552177368,7,0.317829457364341,1,1,7,87,87.0,1,,,0,0,0,1,domestic,0,0,0,6,count,1,False,,300.0,5.703782474656201,,4038.6206896551726,8.303658499208664,,5048.275862068966,8.526802050522875
Xà lách mỡ WinEco 300g,Gói,Rau Lá,Rau - Củ - Trái Cây,19600.0,24500.0,88,1.0,0.2,0.0,1,0.0,1,1,1,88,88.0,0,,,0,0,0,1,domestic,0,0,0,5,count,1,False,,300.0,5.703782474656201,,6533.333333333333,8.784672556550499,,8166.666666666667,9.00781610786471
Đu đủ ruột đỏ,1.5KG,Trái cây tươi,Rau - Củ - Trái Cây,49197.692307692305,49197.692307692305,65,0.0,,0.066686472930009,4,0.1705685618729098,0,0,4,0,0.0,1,,,0,0,0,0,domestic,0,0,0,4,weight,1,False,,,,,,,,,
Đậu bắp gói 300g,Khay,"Củ, Quả",Rau - Củ - Trái Cây,19322.388059701498,19322.388059701498,67,0.0,,0.0403284639405586,3,0.0703517587939698,0,0,3,0,0.0,0,,,0,0,0,0,domestic,0,0,0,4,unknown,1,False,,300.0,5.703782474656201,,6440.796019900499,8.770407417034471,,6440.796019900499,8.770407417034471
Đậu cove nhật 300g,Khay,"Củ, Quả",Rau - Củ - Trái Cây,14900.0,14900.0,7,0.0,,0.2292382721691185,2,0.3517587939698492,0,0,2,0,0.0,0,,,0,0,0,0,Nhật,1,0,0,4,unknown,1,False,,300.0,5.703782474656201,,4966.666666666667,8.510504203265441,,4966.666666666667,8.510504203265441
Đậu cove xanh gói 500g,Gói,"Củ, Quả",Rau - Củ - Trái Cây,13775.0,13775.0,64,0.0,,0.1892832372509627,7,0.4499999999999999,0,0,7,0,0.0,1,,,0,0,0,0,domestic,0,0,0,5,count,1,False,,500.0,6.214608098422191,,2755.0,7.9211727215870145,,2755.0,7.9211727215870145
Đậu tươi hỗn hợp 100g,Gói,"Củ, Quả",Rau - Củ - Trái Cây,35000.0,35000.0,37,0.0,,0.0,1,0.0,0,0,1,0,0.0,0,,,0,0,0,0,domestic,0,0,1,5,count,1,False,,100.0,4.605170185988092,,35000.0,10.46310334047155,,35000.0,10.46310334047155
Ổi lê,1 KG,Trái cây tươi,Rau - Củ - Trái Cây,36263.63636363636,36263.63636363636,55,0.0,,0.032002243093719,2,0.1114206128133705,0,0,2,0,0.0,1,,,0,0,0,0,domestic,0,0,0,2,weight,1,False,,,,,,,,,
Ớt Chuông màu baby HFG 250g,Gói,"Củ, Quả",Rau - Củ - Trái Cây,33900.0,33900.0,22,0.0,,0.0,1,0.0,0,0,1,0,0.0,0,,,0,0,0,0,domestic,0,0,0,6,count,1,False,,250.0,5.521460917862246,,13560.0,9.514879561494386,,13560.0,9.514879561494386
Ớt cay 50g,Gói,"Củ, Quả",Rau - Củ - Trái Cây,8582.089552238805,8582.089552238805,67,0.0,,0.098953613420542,5,0.3333333333333332,0,0,5,0,0.0,1,,,0,0,0,0,domestic,0,0,0,3,count,1,False,,50.0,3.912023005428146,,17164.17910447761,9.750579880948466,,17164.17910447761,9.750579880948466
Ớt chuông đỏ Globalgap 400g,Khay,"Củ, Quả",Rau - Củ - Trái Cây,39900.0,39900.0,38,0.0,,0.0,1,0.0,0,0,1,0,0.0,0,,,0,0,0,0,domestic,0,0,0,5,unknown,1,False,,400.0,5.991464547107982,,9975.0,9.207837241758064,,9975.0,9.207837241758064
Ớt sừng 100g,Gói,"Củ, Quả",Rau - Củ - Trái Cây,16927.777777777777,16927.777777777777,36,0.0,,0.1358061025606095,4,0.404040404040404,0,0,4,0,0.0,1,,,0,0,0,0,domestic,0,0,0,3,count,1,False,,100.0,4.605170185988092,,16927.777777777777,9.736711207077636,,16927.777777777777,9.736711207077636
Ớt trái cây 150g,Gói,"Củ, Quả",Rau - Củ - Trái Cây,25900.0,25900.0,52,0.0,,0.0,1,0.0,0,0,1,0,0.0,0,,,0,0,0,0,domestic,0,0,0,4,count,1,False,,150.0,5.0106352940962555,,17266.666666666668,9.756533139579465,,17266.666666666668,9.756533139579465
Big roll Taokeanoi vị mực 3g/3.6g,Gói,Bánh Xốp - Bánh Quy,Bánh Kẹo,8600.0,8600.0,21,0.0,,0.0,1,0.0,0,0,1,0,0.0,0,Taokeanoi,niche_professional,1,0,1,0,domestic,0,0,0,6,count,1,False,,3.6,1.2809338454620642,,238888.88888888885,12.383753822767625,,238888.88888888885,12.383753822767625
Bim bim Poppedcorn quẩy soắn 280g,Gói,Bánh Snack,Bánh Kẹo,60400.0,60400.0,20,0.0,,0.0,1,0.0,0,0,1,0,0.0,0,,,0,0,0,0,domestic,0,0,0,6,count,1,False,,280.0,5.634789603169249,,21571.428571428572,9.979124966741749,,21571.428571428572,9.979124966741749
Bánh AFC cốm non 109g,Hộp,Bánh Xốp - Bánh Quy,Bánh Kẹo,23800.0,23800.0,21,0.0,,0.0,1,0.0,0,0,1,0,0.0,0,Afc,local_value,0,0,1,0,domestic,0,0,0,5,count,1,False,,109.0,4.6913478822291435,,21834.8623853211,9.991263163418514,,21834.8623853211,9.991263163418514
Bánh Bouchee Lotte Chocolat socola 162 g,Hộp,Kẹo - Chocolate,Bánh Kẹo,29473.333333333332,29900.0,15,0.0666666666666666,0.2140468227424749,0.0560667120916703,2,0.2723404255319148,1,0,1,1,1.0,0,Lotte,prestige_leader,1,1,1,0,domestic,0,0,0,7,count,1,False,,162.0,5.087596335232384,,18193.415637860082,9.808815029467832,,18456.790123456787,9.823187610134484
Bánh Bông Lan Cuộn Kem Dâu Tipo hộp 180g,Hộp,Bánh Xốp - Bánh Quy,Bánh Kẹo,28100.0,28100.0,20,0.0,,0.0,1,0.0,0,0,1,0,0.0,0,,,0,0,0,0,domestic,0,0,0,9,count,1,False,,180.0,5.19295685089021,,15611.111111111111,9.655738190419719,,15611.111111111111,9.655738190419719
Bánh Bông Lan Ăn Sáng C'est Bon Sợi Thịt Gà Nhân Kem Phô Mai (Gói 5 cái),Gói,Bánh Xốp - Bánh Quy,Bánh Kẹo,19532.25806451613,22000.0,31,0.4838709677419355,0.2318181818181818,0.1326422465977216,2,0.2318181818181818,1,0,1,15,15.0,0,,,0,0,0,0,domestic,0,0,0,17,count,1,False,,,,,,,,,
Bánh Choco Phaner Marshmallow P&N Chocolate gói 216g,Gói,Kẹo - Chocolate,Bánh Kẹo,25200.0,25200.0,31,0.0,,0.0,1,0.0,0,0,1,0,0.0,0,,,0,0,0,0,domestic,0,0,0,8,count,1,False,,216.0,5.375278407684165,,11666.666666666666,9.36449105180344,,11666.666666666666,9.36449105180344
Bánh Choco-Pie Orion hộp 198g,Hộp,Bánh Xốp - Bánh Quy,Bánh Kẹo,32288.571428571428,34500.0,35,0.2571428571428571,0.2492753623188405,0.1181092926846997,2,0.332046332046332,1,0,1,9,9.0,0,Orion,household_giant,0,1,1,0,domestic,0,0,0,5,count,1,False,,198.0,5.288267030694535,,16307.359307359307,9.699371776152384,,17424.242424242424,9.765617758313008
Bánh Choco-Pie Orion hộp 396g,Hộp,Bánh Xốp - Bánh Quy,Bánh Kẹo,54105.882352941175,58200.0,34,0.4705882352941176,0.1494845360824742,0.0814656607216944,2,0.1757575757575757,1,0,1,16,16.0,0,Orion,household_giant,0,1,1,0,domestic,0,0,0,5,count,1,False,,396.0,5.981414211254481,,13663.101604278074,9.522454164765355,,14696.969696969698,9.59539660845314
Bánh Chocopie 2P 66g,Hộp,Bánh Xốp - Bánh Quy,Bánh Kẹo,10217.391304347826,11000.0,23,0.391304347826087,0.1818181818181818,0.0976787253191527,2,0.2222222222222223,1,0,1,9,9.0,0,Orion,household_giant,0,1,1,0,domestic,0,0,0,4,count,1,False,,66.0,4.189654742026425,,15480.895915678524,9.647362021158813,,16666.666666666664,9.721165995742174
Bánh Chocopie Orion vị cacao 360g,Hộp,Bánh Xốp - Bánh Quy,Bánh Kẹo,57915.0,58200.0,20,0.05,0.0979381443298969,0.0220074030419559,2,0.1085714285714285,1,0,1,1,1.0,0,Orion,household_giant,0,1,1,0,domestic,0,0,0,6,count,1,False,,360.0,5.886104031450156,,16087.5,9.685797851904383,,16166.666666666666,9.690706788257465
Bánh Chocopie dưa hấu 336g,Hộp,Bánh Xốp - Bánh Quy,Bánh Kẹo,53900.0,60500.0,7,1.0,0.109090909090909,0.0,1,0.0,1,1,1,7,7.0,0,Orion,household_giant,0,1,1,0,domestic,0,0,0,5,count,1,False,,336.0,5.817111159963204,,16041.666666666668,9.682944782921975,,18005.95238095238,9.79845767004382
Bánh Cosy Socola Yến Mạch 163.2g,Gói,Kẹo - Chocolate,Bánh Kẹo,21500.0,21500.0,17,0.0,,0.0,1,0.0,0,0,1,0,0.0,0,Cosy,household_giant,0,1,1,0,domestic,0,0,0,6,count,1,False,,163.2,5.094976442530006,,13174.019607843138,9.486001957573839,,13174.019607843138,9.486001957573839
Bánh Custas kem trứng Orion hộp 276g,Hộp,Bánh Xốp - Bánh Quy,Bánh Kẹo,60000.0,60000.0,22,0.0,,0.0,1,0.0,0,0,1,0,0.0,0,Orion,household_giant,0,1,1,0,domestic,0,0,0,7,count,1,False,,276.0,5.62040086571715,,21739.13043478261,9.986869161475179,,21739.13043478261,9.986869161475179
Bánh Gouté mè giòn tan Orion hộp 475.2g,Hộp,Bánh Xốp - Bánh Quy,Bánh Kẹo,147850.0,154900.0,32,0.53125,0.0856719705312725,0.0456356686017454,3,0.1032924467398321,1,0,1,16,8.5,0,Orion,household_giant,0,1,1,0,domestic,0,0,0,8,count,1,False,,475.2,6.1637357680484355,,31113.21548821549,10.34538794322028,,32596.80134680135,10.391969444344616
Bánh Gullon ăn kiêng không đường nhiều chất xơ 170g,Gói,Bánh Xốp - Bánh Quy,Bánh Kẹo,71300.0,71300.0,31,0.0,,0.0,1,0.0,0,0,1,0,0.0,0,Gullon,niche_professional,1,0,1,0,domestic,0,1,0,10,count,1,False,,170.0,5.135798437050262,,41941.17647058824,10.644023355340217,,41941.17647058824,10.644023355340217
Bánh Kenju kem dẻo Richy túi 186g,Gói,Bánh Xốp - Bánh Quy,Bánh Kẹo,45022.72727272727,45500.0,22,0.0454545454545454,0.2307692307692307,0.049721721835584,2,0.2307692307692307,1,0,1,1,1.0,0,Richy,local_value,0,0,1,0,domestic,0,0,0,7,count,1,False,,186.0,5.225746673713202,,24205.76735092864,10.094346204037317,,24462.365591397847,10.104891117213931
Bánh Ladyfingers nguyên gốc Ý Vicenzovo Matilde Vicenzi hộp 400g,Hộp,Bánh Xốp - Bánh Quy,Bánh Kẹo,217209.67741935485,296400.0,31,0.8709677419354839,0.3067551357025041,0.1529477128182145,3,0.4600985221674876,1,0,1,20,13.5,0,Matilde Vicenzi,niche_professional,1,0,1,0,Ý,1,0,0,10,count,1,False,,400.0,5.991464547107982,,54302.41935483871,10.902324060267198,,74100.0,11.213170811284177
Bánh Loacker Socola Quadratini 125g,Gói,Kẹo - Chocolate,Bánh Kẹo,66000.0,66000.0,35,0.0,,0.0,1,0.0,0,0,1,0,0.0,0,Loacker,niche_professional,1,0,1,0,domestic,0,0,0,5,count,1,False,,125.0,4.8283137373023015,,52800.0,10.874266469694353,,52800.0,10.874266469694353
Bánh Lotte Bouchee Chocolat socola 324g,Hộp,Kẹo - Chocolate,Bánh Kẹo,52047.82608695652,56900.0,23,0.391304347826087,0.2179261862917399,0.1188855590928122,2,0.2786516853932583,1,0,1,9,9.0,0,Lotte,prestige_leader,1,1,1,0,domestic,0,0,0,6,count,1,False,,324.0,5.780743515792329,,16064.143853998925,9.684344977506074,,17561.728395061727,9.773477290310185
"Bánh Lotte Socola Pie Chocolat 169,8g",Hộp,Kẹo - Chocolate,Bánh Kẹo,27395.652173913044,29900.0,23,0.391304347826087,0.2140468227424749,0.1165757839073207,2,0.2723404255319148,1,0,1,9,9.0,0,Lotte,prestige_leader,1,1,1,0,domestic,0,0,0,6,count,1,False,,169.8,5.134621273877247,,16134.070773800378,9.688688512111842,,17608.951707891636,9.776162671489622
Bánh Mochi Qidea thập cẩm 450g,Hộp,Bánh Xốp - Bánh Quy,Bánh Kẹo,128000.0,128000.0,4,0.0,,0.0,1,0.0,0,0,1,0,0.0,0,,,0,0,0,0,domestic,0,0,0,6,count,1,False,,450.0,6.1092475827643655,,28444.444444444445,10.25570814612548,,28444.444444444445,10.25570814612548
Bánh Mochi Royal Family trà sữa 210g,Hộp,Bánh Xốp - Bánh Quy,Bánh Kẹo,68700.0,68700.0,18,0.0,,0.0,1,0.0,0,0,1,0,0.0,0,Fami,household_giant,0,1,1,0,domestic,0,0,0,7,count,1,False,,210.0,5.3471075307174685,,32714.285714285714,10.395567133481064,,32714.285714285714,10.395567133481064
Bánh Mochi hỗn hợp SanShuGong 300g,Hộp,Bánh Xốp - Bánh Quy,Bánh Kẹo,154170.96774193548,163000.0,31,0.5483870967741935,0.0987730061349693,0.0528287435483058,2,0.1095983662355344,1,0,1,17,17.0,0,,,0,0,0,0,domestic,0,0,0,6,count,1,False,,300.0,5.703782474656201,,51390.32258064516,10.84720515707584,,54333.333333333336,10.90289319112079
Bánh Mochi nhân tổng hợp Yuki& Love 450g,Hộp,Bánh Xốp - Bánh Quy,Bánh Kẹo,152000.0,152000.0,29,0.0,,0.0,1,0.0,0,0,1,0,0.0,0,,,0,0,0,0,domestic,0,0,0,8,count,1,False,,450.0,6.1092475827643655,,33777.77777777778,10.427558403052139,,33777.77777777778,10.427558403052139
Bánh Mochi đậu đỏ Royal Family 120g,Gói,Bánh Xốp - Bánh Quy,Bánh Kẹo,52000.0,52000.0,29,0.0,,0.0,1,0.0,0,0,1,0,0.0,0,Fami,household_giant,0,1,1,0,domestic,0,0,0,7,count,1,False,,120.0,4.787491742782046,,43333.333333333336,10.676677440769609,,43333.333333333336,10.676677440769609
Bánh Mềm Kiểu Âu Vị Socola Opera 336g,Hộp,Kẹo - Chocolate,Bánh Kẹo,61500.0,61500.0,21,0.0,,0.0,1,0.0,0,0,1,0,0.0,0,,,0,0,0,0,domestic,0,0,0,8,count,1,False,,336.0,5.817111159963204,,18303.571428571428,9.814851479819497,,18303.571428571428,9.814851479819497
Bánh Oreo Chocolate 66.5g,Gói,Kẹo - Chocolate,Bánh Kẹo,10100.0,10100.0,20,0.0,,0.0,1,0.0,0,0,1,0,0.0,0,Oreo,household_giant,0,1,1,0,domestic,0,0,0,4,count,1,False,,66.5,4.197201947661808,,15187.969924812029,9.628258941155634,,15187.969924812029,9.628258941155634
Bánh Oreo vani 313.5g/303.6g,Hộp,Bánh Xốp - Bánh Quy,Bánh Kẹo,53500.0,53500.0,20,0.0,,0.0,1,0.0,0,0,1,0,0.0,0,Oreo,household_giant,0,1,1,0,domestic,0,0,0,4,count,1,False,,303.6,5.715711045521475,,17621.870882740448,9.776896073350715,,17621.870882740448,9.776896073350715
Bánh Que DoaKbua vị Tomyum stick biscuit gói 62g,Gói,Bánh Snack,Bánh Kẹo,19900.0,19900.0,21,0.0,,0.0,1,0.0,0,0,1,0,0.0,0,,,0,0,0,0,domestic,0,0,0,9,count,1,False,,62.0,4.127134385045092,,32096.774193548386,10.376510811655583,,32096.774193548386,10.376510811655583
Bánh Que DoaKbua vị mực sốt cay stick biscuit gói 62g,Gói,Bánh Snack,Bánh Kẹo,19900.0,19900.0,20,0.0,,0.0,1,0.0,0,0,1,0,0.0,0,,,0,0,0,0,domestic,0,0,0,11,count,1,False,,62.0,4.127134385045092,,32096.774193548386,10.376510811655583,,32096.774193548386,10.376510811655583
Bánh Que vị SoCoLa Pocky hộp 40g,Hộp,Kẹo - Chocolate,Bánh Kẹo,16313.333333333334,17900.0,30,0.4666666666666667,0.1899441340782122,0.1057549220827591,2,0.1899441340782123,1,0,1,14,14.0,0,Pocky,local_value,0,0,1,0,domestic,0,0,0,7,count,1,False,,40.0,3.6888794541139363,,40783.333333333336,10.616028780202708,,44750.0,10.708846723703001
Bánh Que đỏ Doakbua Stick Biscuit 115g,Gói,Bánh Snack,Bánh Kẹo,33600.0,33600.0,16,0.0,,0.0,1,0.0,0,0,1,0,0.0,0,,,0,0,0,0,domestic,0,0,0,7,count,1,False,,115.0,4.74493212836325,,29217.391304347828,10.282519403576137,,29217.391304347828,10.282519403576137
Bánh Qui Coffê Joy Vị Cà Phê 312/360g,Hộp,Bánh Xốp - Bánh Quy,Bánh Kẹo,51300.0,51300.0,29,0.0,,0.0,1,0.0,0,0,1,0,0.0,0,,,0,0,0,0,domestic,0,0,0,8,count,1,False,,360.0,5.886104031450156,,14250.0,9.564512185696797,,14250.0,9.564512185696797
Bánh Richy Kenju Kem dẻo đỏ 310g,Hộp,Bánh Xốp - Bánh Quy,Bánh Kẹo,161829.62962962964,169000.0,27,0.5925925925925926,0.0715976331360946,0.037438212754177,2,0.0771191841937539,1,0,1,16,16.0,0,Richy,local_value,0,0,1,0,domestic,0,0,0,7,count,1,False,,310.0,5.736572297479192,,52203.10633213859,10.8628972803787,,54516.12903225806,10.906251882414109
Bánh Royal Family Mochi Đậu đỏ 180g,Hộp,Bánh Xốp - Bánh Quy,Bánh Kẹo,67700.0,67700.0,24,0.0,,0.0,1,0.0,0,0,1,0,0.0,0,Fami,household_giant,0,1,1,0,domestic,0,0,0,7,count,1,False,,180.0,5.19295685089021,,37611.11111111111,10.535054793998247,,37611.11111111111,10.535054793998247
Bánh Socola OREO Pie Cadbury hộp 360g,Hộp,Kẹo - Chocolate,Bánh Kẹo,63309.09090909091,63900.0,22,0.0454545454545454,0.2034428794992175,0.0437790098202933,2,0.2034428794992175,1,0,1,1,1.0,0,Oreo,household_giant,0,1,1,0,domestic,0,0,0,7,count,1,False,,360.0,5.886104031450156,,17585.858585858587,9.774850368615736,,17750.0,9.784140794903562
Bánh Socola Pie Cadbury Oreo hộp 180g,Hộp,Kẹo - Chocolate,Bánh Kẹo,30918.18181818182,36200.0,33,0.6363636363636364,0.229281767955801,0.1311391779327395,2,0.2974910394265233,1,0,1,21,21.0,0,Oreo,household_giant,0,1,1,0,domestic,0,0,0,7,count,1,False,,180.0,5.19295685089021,,17176.76767676768,9.751313033294798,,20111.11111111111,9.909027732911744
Bánh Socola Pie vị Dâu Oreo 180g,Hộp,Kẹo - Chocolate,Bánh Kẹo,31028.125,37000.0,32,0.65625,0.2459459459459459,0.1415259288260831,2,0.3261648745519714,1,0,1,21,21.0,0,Oreo,household_giant,0,1,1,0,domestic,0,0,0,7,count,1,False,,180.0,5.19295685089021,,17237.847222222223,9.75486266531984,,20555.555555555555,9.930886526724242
Bánh Tipo Hữu Nghị trà xanh hộp 75g,Hộp,Bánh Xốp - Bánh Quy,Bánh Kẹo,21900.0,21900.0,8,0.0,,0.0,1,0.0,0,0,1,0,0.0,0,,,0,0,0,0,domestic,0,0,0,8,count,1,False,,75.0,4.31748811353631,,29200.0,10.281923988256374,,29200.0,10.281923988256374
Bánh bao chỉ tổng hợp 300g,Hộp,Bánh Xốp - Bánh Quy,Bánh Kẹo,146300.0,146300.0,19,0.0,,0.0,1,0.0,0,0,1,0,0.0,0,,,0,0,0,0,domestic,0,0,0,6,count,1,False,,300.0,5.703782474656201,,48766.666666666664,10.794802298340105,,48766.666666666664,10.794802298340105
Bánh bông lan Orion C'est Bon sợi thịt gà 5 gói (17g/gói),Gói,Bánh Xốp - Bánh Quy,Bánh Kẹo,18942.85714285714,21300.0,28,0.5357142857142857,0.2065727699530516,0.1179678326217782,2,0.2065727699530516,1,0,1,15,15.0,0,Orion,household_giant,0,1,1,0,domestic,0,0,0,12,count,1,False,,17.0,2.833213344056216,,111428.5714285714,11.621139049610461,,125294.11764705881,11.738419193629392
Bánh bông lan Solitetròn bơ sữa 144g,Hộp,Bánh Xốp - Bánh Quy,Bánh Kẹo,28900.0,28900.0,21,0.0,,0.0,1,0.0,0,0,1,0,0.0,0,Solite,local_value,0,0,1,0,domestic,0,0,0,7,count,1,False,,144.0,4.969813299576001,,20069.444444444445,9.906953760512614,,20069.444444444445,9.906953760512614
Bánh bông lan cuốn kem vị lá dứa Solite hộp 360g,Khay,Bánh Xốp - Bánh Quy,Bánh Kẹo,48315.78947368421,52500.0,38,0.3947368421052631,0.2019047619047619,0.1086760067809078,2,0.2019047619047619,1,0,1,15,15.0,0,Solite,local_value,0,0,1,0,domestic,0,0,0,11,unknown,1,False,,360.0,5.886104031450156,,13421.052631578948,9.504579844974122,,14583.333333333332,9.587634603117651
Bánh bông lan cuốn vị dâu Solite hộp 360g,Khay,Bánh Xốp - Bánh Quy,Bánh Kẹo,48315.78947368421,52500.0,38,0.3947368421052631,0.2019047619047619,0.1086760067809078,2,0.2019047619047619,1,0,1,15,15.0,0,Solite,local_value,0,0,1,0,domestic,0,0,0,9,unknown,1,False,,360.0,5.886104031450156,,13421.052631578948,9.504579844974122,,14583.333333333332,9.587634603117651
Bánh bông lan kem sữa Tipo hộp 180g,Hộp,Bánh Xốp - Bánh Quy,Bánh Kẹo,27900.0,27900.0,21,0.0,,0.0,1,0.0,0,0,1,0,0.0,0,,,0,0,0,0,domestic,0,0,0,8,count,1,False,,180.0,5.19295685089021,,15500.0,9.648595302907339,,15500.0,9.648595302907339
Bánh bông lan nhận trứng muối C'est Bon gói 162.4g,Gói,Bánh Xốp - Bánh Quy,Bánh Kẹo,36400.0,36400.0,20,0.0,,0.0,1,0.0,0,0,1,0,0.0,0,,,0,0,0,0,domestic,0,0,0,10,count,1,False,,162.4,5.090062427727577,,22413.793103448275,10.017431811885345,,22413.793103448275,10.017431811885345
Bánh bông lan vị bơ sữa Solite khay 360g,Khay,Bánh Xốp - Bánh Quy,Bánh Kẹo,53100.0,53100.0,34,0.0,,0.0,1,0.0,0,0,1,0,0.0,0,Solite,local_value,0,0,1,0,domestic,0,0,0,9,unknown,1,False,,360.0,5.886104031450156,,14750.0,9.598998361767967,,14750.0,9.598998361767967
Bánh bơ trứng Richy gói 270g,Gói,Bánh Xốp - Bánh Quy,Bánh Kẹo,37700.0,37700.0,29,0.0,,0.0,1,0.0,0,0,1,0,0.0,0,Richy,local_value,0,0,1,0,domestic,0,0,0,6,count,1,False,,270.0,5.598421958998375,,13962.962962962962,9.544163600425819,,13962.962962962962,9.544163600425819
Bánh cao cấp Orion CUSTAS hộp 138g,Hộp,Bánh Xốp - Bánh Quy,Bánh Kẹo,29642.105263157893,33000.0,38,0.4210526315789473,0.2416666666666666,0.1350448787553461,3,0.2454545454545454,1,0,1,15,8.0,0,Orion,household_giant,0,1,1,0,domestic,0,0,0,7,count,1,False,,138.0,4.927253685157205,,21479.786422578185,9.974867605490417,,23913.04347826087,10.082179341279504
Bánh cookies OREO gói 65g,Gói,Bánh Xốp - Bánh Quy,Bánh Kẹo,44500.0,44500.0,18,0.0,,0.0,1,0.0,0,0,1,0,0.0,0,Oreo,household_giant,0,1,1,0,domestic,0,0,0,5,count,1,False,,65.0,4.174387269895637,,68461.53846153845,11.134027384246785,,68461.53846153845,11.134027384246785
Bánh cracker AFC vị tảo biển hộp 200g,Hộp,Bánh Xốp - Bánh Quy,Bánh Kẹo,29335.29411764706,30500.0,34,0.2647058823529412,0.1442622950819672,0.0671671715437907,2,0.1685823754789273,1,0,1,9,9.0,0,Afc,local_value,0,0,1,0,domestic,0,0,0,8,count,1,False,,200.0,5.298317366548036,,14667.64705882353,9.593399466918052,,15250.0,9.632334782035558
Bánh cracker dinh dưỡng AFC vị lúa mì hộp 200g,Hộp,Bánh Xốp - Bánh Quy,Bánh Kẹo,29335.29411764706,30500.0,34,0.2647058823529412,0.1442622950819672,0.0671671715437907,2,0.1685823754789273,1,0,1,9,9.0,0,Afc,local_value,0,0,1,0,domestic,0,1,0,10,count,1,False,,200.0,5.298317366548036,,14667.64705882353,9.593399466918052,,15250.0,9.632334782035558
Bánh cracker dinh dưỡng AFC vị rau hộp 200g,Hộp,Bánh Xốp - Bánh Quy,Bánh Kẹo,28535.29411764706,29600.0,34,0.2941176470588235,0.1222972972972973,0.0590821986977459,3,0.1887550200803212,1,0,1,9,5.0,0,Afc,local_value,0,0,1,0,domestic,0,1,0,9,count,1,False,,200.0,5.298317366548036,,14267.64705882353,9.565749809617147,,14800.0,9.602382459752207
Bánh cracker vị bò bít tết AFC hộp 200g,Hộp,Bánh Xốp - Bánh Quy,Bánh Kẹo,29335.29411764706,30500.0,34,0.2647058823529412,0.1442622950819672,0.0671671715437907,2,0.1685823754789273,1,0,1,9,9.0,0,Afc,local_value,0,0,1,0,domestic,0,0,0,9,count,1,False,,200.0,5.298317366548036,,14667.64705882353,9.593399466918052,,15250.0,9.632334782035558
Bánh cupcake Solite kem bơ sữa 276g,Hộp,Bánh Xốp - Bánh Quy,Bánh Kẹo,56000.0,56000.0,19,0.0,,0.0,1,0.0,0,0,1,0,0.0,0,Solite,local_value,0,0,1,0,domestic,0,0,0,7,count,1,False,,276.0,5.62040086571715,,20289.855072463768,9.917876289988227,,20289.855072463768,9.917876289988227
Bánh cuộn Gery phủ socola vani 276g,Hộp,Kẹo - Chocolate,Bánh Kẹo,49500.0,49500.0,21,0.0,,0.0,1,0.0,0,0,1,0,0.0,0,,,0,0,0,0,domestic,0,0,0,7,count,1,False,,276.0,5.62040086571715,,17934.782608695652,9.794497268827723,,17934.782608695652,9.794497268827723
Bánh cuộn giòn dinh dưỡng 12 loại ngũ cốc Pei Tien gói 180g,Gói,Bánh Xốp - Bánh Quy,Bánh Kẹo,77000.0,77000.0,4,0.0,,0.0,1,0.0,0,0,1,0,0.0,0,,,0,0,0,0,domestic,0,1,0,13,count,1,False,,180.0,5.19295685089021,,42777.777777777774,10.663774035933702,,42777.777777777774,10.663774035933702
Bánh cuộn kem sữa chua việt quất Tipo 180g,Hộp,Bánh Xốp - Bánh Quy,Bánh Kẹo,32600.0,32600.0,20,0.0,,0.0,1,0.0,0,0,1,0,0.0,0,,,0,0,0,0,domestic,0,0,0,9,count,1,False,,180.0,5.19295685089021,,18111.11111111111,9.80428090245268,,18111.11111111111,9.80428090245268
Bánh cà phê Mayora hộp 180g,Hộp,Bánh Xốp - Bánh Quy,Bánh Kẹo,27200.0,27200.0,18,0.0,,0.0,1,0.0,0,0,1,0,0.0,0,Mayora,local_value,0,0,1,0,domestic,0,0,0,6,count,1,False,,180.0,5.19295685089021,,15111.111111111111,9.62318558738197,,15111.111111111111,9.62318558738197
"Bánh dinh dưỡng Peitein 12 loại, mè đen gói 160g",Gói,Bánh Xốp - Bánh Quy,Bánh Kẹo,78900.0,78900.0,20,0.0,,0.0,1,0.0,0,0,1,0,0.0,0,,,0,0,0,0,domestic,0,1,0,10,count,1,False,,160.0,5.075173815233827,,49312.5,10.80593287758823,,49312.5,10.80593287758823
Bánh dứa Sansugon Yeou Bin Mini 470g,Hộp,Bánh Xốp - Bánh Quy,Bánh Kẹo,201000.0,201000.0,4,0.0,,0.0,1,0.0,0,0,1,0,0.0,0,,,0,0,0,0,domestic,0,0,0,7,count,1,False,,470.0,6.152732694704104,,42765.95744680851,10.6634976783252,,42765.95744680851,10.6634976783252
Bánh dứa vị trà sữa trân châu 470g,Hộp,Bánh Xốp - Bánh Quy,Bánh Kẹo,201000.0,201000.0,4,0.0,,0.0,1,0.0,0,0,1,0,0.0,0,,,0,0,0,0,domestic,0,0,0,8,count,1,False,,470.0,6.152732694704104,,42765.95744680851,10.6634976783252,,42765.95744680851,10.6634976783252
Bánh dừa nướng THD,0.5KG,Bánh Xốp - Bánh Quy,Bánh Kẹo,101807.69230769233,111500.0,26,0.8076923076923077,0.1076233183856502,0.0473738438175617,2,0.1206030150753769,1,0,1,21,21.0,0,,,0,0,0,0,domestic,0,0,0,4,weight,1,False,,,,,,,,,
Bánh gạo An khoai tây phô mai nướng gói 100.8g,Gói,Bánh Snack,Bánh Kẹo,21900.0,21900.0,21,0.0,,0.0,1,0.0,0,0,1,0,0.0,0,,,0,0,0,0,domestic,0,0,0,10,count,1,False,,100.8,4.613138355637268,,21726.190476190477,9.986273746155415,,21726.190476190477,9.986273746155415
Bánh gạo Jinju cốm sữa,Gói,Bánh Xốp - Bánh Quy,Bánh Kẹo,25900.0,25900.0,21,0.0,,0.0,1,0.0,0,0,1,0,0.0,0,,,0,0,0,0,domestic,0,0,0,5,count,1,False,,,,,,,,,
Bánh gạo Nhật Ichi Kameda gói 100g,Gói,Bánh Xốp - Bánh Quy,Bánh Kẹo,25000.0,25000.0,13,0.0,,0.0,1,0.0,0,0,1,0,0.0,0,Kameda,niche_professional,1,0,1,0,Nhật,1,0,0,7,count,1,False,,100.0,4.605170185988092,,25000.0,10.126631103850338,,25000.0,10.126631103850338
Bánh gạo Nhật Ichi vị mật ong Kameda gói 180g,Gói,Bánh Xốp - Bánh Quy,Bánh Kẹo,42500.0,42500.0,28,0.0,,0.0,1,0.0,0,0,1,0,0.0,0,Kameda,niche_professional,1,0,1,0,Nhật,1,0,0,10,count,1,False,,180.0,5.19295685089021,,23611.11111111111,10.06947269001039,,23611.11111111111,10.06947269001039
Bánh gạo One One tảo biển bạch tuộc nướng 104g,Gói,Bánh Xốp - Bánh Quy,Bánh Kẹo,25100.0,25100.0,21,0.0,,0.0,1,0.0,0,0,1,0,0.0,0,,,0,0,0,0,domestic,0,0,0,10,count,1,False,,104.0,4.6443908991413725,,24134.615384615383,10.091402411966595,,24134.615384615383,10.091402411966595
Bánh gạo Richy Jinju vị bò nướng tiêu 134.4g,Gói,Bánh Xốp - Bánh Quy,Bánh Kẹo,23850.0,26800.0,16,0.5,0.2201492537313432,0.1277462012166247,2,0.2822966507177034,1,0,1,8,8.0,0,Richy,local_value,0,0,1,0,domestic,0,0,0,9,count,1,False,,134.4,4.900820428089049,,17745.535714285714,9.783889254215529,,19940.47619047619,9.900506924397991
Bánh gạo Vetrue phô mai 320g,Gói,Bánh Xốp - Bánh Quy,Bánh Kẹo,81900.0,81900.0,21,0.0,,0.0,1,0.0,0,0,1,0,0.0,0,Vetrue,local_value,0,0,1,0,domestic,0,0,0,6,count,1,False,,320.0,5.768320995793772,,25593.75,10.15010346003548,,25593.75,10.15010346003548
Bánh gạo giòn Nguyên Huy trứng muối 300g,Gói,Bánh Xốp - Bánh Quy,Bánh Kẹo,81500.0,81500.0,21,0.0,,0.0,1,0.0,0,0,1,0,0.0,0,,,0,0,0,0,domestic,0,0,0,8,count,1,False,,300.0,5.703782474656201,,27166.666666666668,10.209746010560844,,27166.666666666668,10.209746010560844
Bánh gạo ngọt Orion An vị tự nhiên 14 gói (10.8g/gói),Gói,Bánh Xốp - Bánh Quy,Bánh Kẹo,21600.0,21600.0,16,0.0,,0.0,1,0.0,0,0,1,0,0.0,0,Orion,household_giant,0,1,1,0,domestic,0,0,1,11,count,1,False,,10.8,2.379546134130174,,199999.99999999997,12.206072645530174,,199999.99999999997,12.206072645530174
Bánh gạo ngọt vị phô mai bắp One One gói 118g,Gói,Bánh Xốp - Bánh Quy,Bánh Kẹo,37900.0,37900.0,20,0.0,,0.0,1,0.0,0,0,1,0,0.0,0,,,0,0,0,0,domestic,0,0,0,11,count,1,False,,118.0,4.770684624465665,,32118.644067796613,10.377191952592945,,32118.644067796613,10.377191952592945
Bánh gạo nướng Orion An vị tảo biển gói 111.3g,Gói,Bánh Xốp - Bánh Quy,Bánh Kẹo,20900.0,20900.0,16,0.0,,0.0,1,0.0,0,0,1,0,0.0,0,Orion,household_giant,0,1,1,0,domestic,0,0,0,10,count,1,False,,111.3,4.712229258281499,,18778.07726864331,9.840445365659495,,18778.07726864331,9.840445365659495
Bánh gạo vị bò nướng One-One gói 150g,Gói,Bánh Xốp - Bánh Quy,Bánh Kẹo,33000.0,33000.0,17,0.0,,0.0,1,0.0,0,0,1,0,0.0,0,One-One,local_value,0,0,1,0,domestic,0,0,0,8,count,1,False,,150.0,5.0106352940962555,,22000.0,9.998797732340453,,22000.0,9.998797732340453
Bánh gạo vị ngọt Richy gói 315g,Gói,Bánh Xốp - Bánh Quy,Bánh Kẹo,36271.42857142857,41300.0,35,0.5714285714285714,0.2130750605326876,0.1218162309082769,2,0.2707692307692309,1,0,1,20,20.0,0,Richy,local_value,0,0,1,0,domestic,0,0,0,7,count,1,False,,315.0,5.752572638825633,,11514.739229024945,9.351383165799914,,13111.111111111111,9.481215326111583
Bánh gạo vị rau củ Vetrue 300g,Gói,Bánh Xốp - Bánh Quy,Bánh Kẹo,82000.0,82000.0,21,0.0,,0.0,1,0.0,0,0,1,0,0.0,0,Vetrue,local_value,0,0,1,0,domestic,0,0,0,7,count,1,False,,300.0,5.703782474656201,,27333.333333333332,10.21586223757828,,27333.333333333332,10.21586223757828
Bánh gấu Koala's March socola black 37g,Hộp,Kẹo - Chocolate,Bánh Kẹo,18100.0,18100.0,21,0.0,,0.0,1,0.0,0,0,1,0,0.0,0,,,0,0,0,0,domestic,0,0,0,7,count,1,False,,37.0,3.6109179126442243,,48918.91891891892,10.797919490597785,,48918.91891891892,10.797919490597785
Bánh kem sô cô la Hello Panda Meiji hộp 500g,Hộp,Kẹo - Chocolate,Bánh Kẹo,24500.0,24500.0,14,0.0,,0.0,1,0.0,0,0,1,0,0.0,0,Meiji,prestige_leader,1,1,1,0,domestic,0,0,0,10,count,1,False,,500.0,6.214608098422191,,4900.0,8.496990484098719,,4900.0,8.496990484098719
Bánh kem xốp phô mai Tipo hộp 180g,Hộp,Bánh Xốp - Bánh Quy,Bánh Kẹo,29500.0,29500.0,21,0.0,,0.0,1,0.0,0,0,1,0,0.0,0,,,0,0,0,0,domestic,0,0,0,8,count,1,False,,180.0,5.19295685089021,,16388.888888888887,9.704358877425792,,16388.888888888887,9.704358877425792
Bánh kem xốp phômai Richeese Nabati cheese wafer 320g (16gr x20),Hộp,Bánh Xốp - Bánh Quy,Bánh Kẹo,51000.0,51000.0,29,0.0,,0.0,1,0.0,0,0,1,0,0.0,0,Nabati,local_value,0,0,1,0,domestic,0,0,0,11,count,1,False,,16.0,2.772588722239781,,318750.0,12.672162375454773,,318750.0,12.672162375454773
Bánh kem xốp phômai Richeese Nabati cheese wafer hộp 160g,Hộp,Bánh Xốp - Bánh Quy,Bánh Kẹo,40800.0,40800.0,29,0.0,,0.0,1,0.0,0,0,1,0,0.0,0,Nabati,local_value,0,0,1,0,domestic,0,0,0,10,count,1,False,,160.0,5.075173815233827,,25500.0,10.146433731146518,,25500.0,10.146433731146518
Bánh kem ốc quế Pororo Basraq vị sô cô la hộp 54g,Hộp,Kẹo - Chocolate,Bánh Kẹo,60900.0,60900.0,18,0.0,,0.0,1,0.0,0,0,1,0,0.0,0,,,0,0,0,0,domestic,0,0,0,12,count,1,False,,54.0,3.9889840465642745,,112777.77777777777,11.633174593121804,,112777.77777777777,11.633174593121804
Bánh lát khoai tây vị phô mai Slide hộp 160g,Lon,Bánh Snack,Bánh Kẹo,43854.83870967742,48500.0,31,0.5161290322580645,0.1855670103092783,0.1042531384569419,2,0.2278481012658229,1,0,1,14,8.0,0,,,0,0,0,0,domestic,0,0,0,10,count,1,False,,160.0,5.075173815233827,,27409.274193548383,10.21863670932378,,30312.5,10.31931544767984
Bánh lát khoai tây vị thơm cay Slide hộp 160g,Lon,Bánh Snack,Bánh Kẹo,43854.83870967742,48500.0,31,0.5161290322580645,0.1855670103092783,0.1042531384569419,2,0.2278481012658229,1,0,1,14,8.0,0,,,0,0,0,0,domestic,0,0,0,10,count,1,False,,160.0,5.075173815233827,,27409.274193548383,10.21863670932378,,30312.5,10.31931544767984
Bánh mochi trà xanh kem Royal Family hộp 180g,Hộp,Bánh Xốp - Bánh Quy,Bánh Kẹo,67700.0,67700.0,29,0.0,,0.0,1,0.0,0,0,1,0,0.0,0,Fami,household_giant,0,1,1,0,domestic,0,0,0,9,count,1,False,,180.0,5.19295685089021,,37611.11111111111,10.535054793998247,,37611.11111111111,10.535054793998247
Bánh mochi tổng hợp Royal Family 250g,Gói,Bánh Xốp - Bánh Quy,Bánh Kẹo,99000.0,99000.0,20,0.0,,0.0,1,0.0,0,0,1,0,0.0,0,Fami,household_giant,0,1,1,0,domestic,0,0,0,7,count,1,False,,250.0,5.521460917862246,,39600.0,10.586584397242571,,39600.0,10.586584397242571
Bánh mochi vị trà xanh Royal Family hộp 152g,Hộp,Bánh Xốp - Bánh Quy,Bánh Kẹo,50900.0,50900.0,29,0.0,,0.0,1,0.0,0,0,1,0,0.0,0,Fami,household_giant,0,1,1,0,domestic,0,0,0,9,count,1,False,,152.0,5.0238805208462765,,33486.84210526316,10.41890786768043,,33486.84210526316,10.41890786768043
Bánh mè giòn tan Orion Gouté hộp 144g,Hộp,Bánh Xốp - Bánh Quy,Bánh Kẹo,30000.0,30000.0,19,0.0,,0.0,1,0.0,0,0,1,0,0.0,0,Orion,household_giant,0,1,1,0,domestic,0,0,0,8,count,1,False,,144.0,4.969813299576001,,20833.333333333336,9.944309547056383,,20833.333333333336,9.944309547056383
Bánh mè giòn tan Orion Gouté hộp 288g,Hộp,Bánh Xốp - Bánh Quy,Bánh Kẹo,52400.0,52400.0,12,0.0,,0.0,1,0.0,0,0,1,0,0.0,0,Orion,household_giant,0,1,1,0,domestic,0,0,0,8,count,1,False,,288.0,5.662960480135946,,18194.444444444445,9.808871576161279,,18194.444444444445,9.808871576161279
Bánh phủ sôcôla 2 vị AN – Choco PN 280 (280g x 12 hộp),Hộp,Bánh Xốp - Bánh Quy,Bánh Kẹo,46563.63636363636,68000.0,11,1.0,0.3152406417112299,0.1594995689189969,2,0.31237721021611,1,1,1,11,11.0,0,,,0,0,0,0,domestic,0,0,0,14,count,12,False,,280.0,5.634789603169249,,1385.8225108225106,7.234049112980033,,2023.8095238095236,7.6127369171890855
Bánh que Lucky Stick hương socola 45g,Hộp,Kẹo - Chocolate,Bánh Kẹo,25600.0,25600.0,31,0.0,,0.0,1,0.0,0,0,1,0,0.0,0,,,0,0,0,0,domestic,0,0,0,7,count,1,False,,45.0,3.8066624897703196,,56888.88888888889,10.948855326685425,,56888.88888888889,10.948855326685425
Bánh que Pocky Double Sô cô la 39g,Hộp,Kẹo - Chocolate,Bánh Kẹo,17900.0,17900.0,21,0.0,,0.0,1,0.0,0,0,1,0,0.0,0,Pocky,local_value,0,0,1,0,domestic,0,0,0,8,count,1,False,,39.0,3.6635616461296463,,45897.4358974359,10.734164531687291,,45897.4358974359,10.734164531687291
Bánh que Pocky vị dâu 38g,Hộp,Bánh Snack,Bánh Kẹo,16260.0,17800.0,30,0.4666666666666667,0.1853932584269662,0.1029811604696342,2,0.1853932584269663,1,0,1,14,14.0,0,Pocky,local_value,0,0,1,0,domestic,0,0,0,6,count,1,False,,38.0,3.6375861597263857,,42789.47368421053,10.664047409363507,,46842.10526315789,10.754537762541881
Bánh que Toppo nhân kem dâu 40g,Hộp,Bánh Snack,Bánh Kẹo,17000.0,17000.0,21,0.0,,0.0,1,0.0,0,0,1,0,0.0,0,Toppo,local_value,0,0,1,0,domestic,0,0,0,7,count,1,False,,40.0,3.6888794541139363,,42500.0,10.657259354912508,,42500.0,10.657259354912508
Bánh que Toppo nhân socola cacao 40g,Hộp,Kẹo - Chocolate,Bánh Kẹo,17200.0,17200.0,19,0.0,,0.0,1,0.0,0,0,1,0,0.0,0,Toppo,local_value,0,0,1,0,domestic,0,0,0,7,count,1,False,,40.0,3.6888794541139363,,43000.0,10.668955394675699,,43000.0,10.668955394675699
Bánh que Yan Yan hương vani 50g,Cái,Bánh Snack,Bánh Kẹo,25600.0,25600.0,32,0.0,,0.0,1,0.0,0,0,1,0,0.0,0,,,0,0,0,0,domestic,0,0,0,7,count,1,False,,50.0,3.912023005428146,,51200.0,10.843494811027599,,51200.0,10.843494811027599
Bánh que Yan Yan socola 50g,Cái,Kẹo - Chocolate,Bánh Kẹo,25600.0,25600.0,31,0.0,,0.0,1,0.0,0,0,1,0,0.0,0,,,0,0,0,0,domestic,0,0,0,6,count,1,False,,50.0,3.912023005428146,,51200.0,10.843494811027599,,51200.0,10.843494811027599
Bánh que Yan Yan vị dâu 50g,Cái,Bánh Snack,Bánh Kẹo,25600.0,25600.0,31,0.0,,0.0,1,0.0,0,0,1,0,0.0,0,,,0,0,0,0,domestic,0,0,0,7,count,1,False,,50.0,3.912023005428146,,51200.0,10.843494811027599,,51200.0,10.843494811027599
Bánh que cay MAXS 55G,Gói,Bánh Snack,Bánh Kẹo,14800.0,14800.0,20,0.0,,0.0,1,0.0,0,0,1,0,0.0,0,,,0,0,0,0,domestic,0,0,0,5,count,1,False,,55.0,4.007333185232471,,26909.090909090908,10.200219460507826,,26909.090909090908,10.200219460507826
Bánh que hương dâu Lucky Stick 45g,Hộp,Bánh Snack,Bánh Kẹo,25600.0,25600.0,32,0.0,,0.0,1,0.0,0,0,1,0,0.0,0,,,0,0,0,0,domestic,0,0,0,7,count,1,False,,45.0,3.8066624897703196,,56888.88888888889,10.948855326685425,,56888.88888888889,10.948855326685425
Bánh que hỗn hợp Mix Hot Chili 60g,Gói,Bánh Snack,Bánh Kẹo,16000.0,16000.0,16,0.0,,0.0,1,0.0,0,0,1,0,0.0,0,,,0,0,0,0,domestic,0,0,0,8,count,1,False,,60.0,4.0943445622221,,26666.666666666668,10.191169624987909,,26666.666666666668,10.191169624987909
Bánh que nhân socola Toppo gói 132g,Gói,Kẹo - Chocolate,Bánh Kẹo,56500.0,56500.0,29,0.0,,0.0,1,0.0,0,0,1,0,0.0,0,Toppo,local_value,0,0,1,0,domestic,0,0,0,7,count,1,False,,132.0,4.882801922586371,,42803.030303030304,10.664364180536253,,42803.030303030304,10.664364180536253
Bánh que sô cô la Toppo hộp 40g,Hộp,Kẹo - Chocolate,Bánh Kẹo,17200.0,17200.0,30,0.0,,0.0,1,0.0,0,0,1,0,0.0,0,Toppo,local_value,0,0,1,0,domestic,0,0,0,8,count,1,False,,40.0,3.6888794541139363,,43000.0,10.668955394675699,,43000.0,10.668955394675699
Bánh que thịt heo xông khói Doakbua gói 25g,Gói,Bánh Snack,Bánh Kẹo,8200.0,8200.0,31,0.0,,0.0,1,0.0,0,0,1,0,0.0,0,,,0,0,0,0,domestic,0,0,0,9,count,1,False,,25.0,3.2188758248682006,,32800.0,10.398183794372235,,32800.0,10.398183794372235
Bánh que thịt xông khói Doakbua gói 55g,Gói,Bánh Snack,Bánh Kẹo,17100.0,17100.0,30,0.0,,0.0,1,0.0,0,0,1,0,0.0,0,,,0,0,0,0,domestic,0,0,0,8,count,1,False,,55.0,4.007333185232471,,31090.90909090909,10.344670743246372,,31090.90909090909,10.344670743246372
Bánh que tôm Doakbua gói 25g,Gói,Bánh Snack,Bánh Kẹo,8200.0,8200.0,30,0.0,,0.0,1,0.0,0,0,1,0,0.0,0,,,0,0,0,0,domestic,0,0,0,6,count,1,False,,25.0,3.2188758248682006,,32800.0,10.398183794372235,,32800.0,10.398183794372235
Bánh que tôm Doakbua gói 55g,Gói,Bánh Snack,Bánh Kẹo,17100.0,17100.0,35,0.0,,0.0,1,0.0,0,0,1,0,0.0,0,,,0,0,0,0,domestic,0,0,0,6,count,1,False,,55.0,4.007333185232471,,31090.90909090909,10.344670743246372,,31090.90909090909,10.344670743246372
Bánh que vị rong biển Mix 60g,Gói,Bánh Snack,Bánh Kẹo,16000.0,16000.0,20,0.0,,0.0,1,0.0,0,0,1,0,0.0,0,,,0,0,0,0,domestic,0,0,0,7,count,1,False,,60.0,4.0943445622221,,26666.666666666668,10.191169624987909,,26666.666666666668,10.191169624987909
Bánh que vị trà xanh Pocky 35g,Hộp,Bánh Snack,Bánh Kẹo,16313.333333333334,17900.0,30,0.4666666666666667,0.1899441340782122,0.1057549220827591,2,0.1899441340782123,1,0,1,14,14.0,0,Pocky,local_value,0,0,1,0,domestic,0,0,0,7,count,1,False,,35.0,3.5553480614894135,,46609.52380952382,10.74956017282723,,51142.857142857145,10.842378116327524
Bánh qui Cremon 16 loại ngũ cốc 190g,Gói,Bánh Xốp - Bánh Quy,Bánh Kẹo,83070.0,87000.0,30,0.3,0.1505747126436781,0.0735018653673062,2,0.1772665764546683,1,0,1,9,9.0,0,,,0,0,0,0,domestic,0,0,0,8,count,1,False,,190.0,5.247024072160486,,43721.05263157895,10.685585018660722,,45789.47368421053,10.731809511464325
Bánh qui Gullon Doradas al Horno 330g,Hộp,Bánh Xốp - Bánh Quy,Bánh Kẹo,127300.0,127300.0,32,0.0,,0.0,1,0.0,0,0,1,0,0.0,0,Gullon,niche_professional,1,0,1,0,domestic,0,0,0,7,count,1,False,,330.0,5.799092654460526,,38575.757575757576,10.560379316073064,,38575.757575757576,10.560379316073064
Bánh qui bơ Danisa hộp 200g,Hộp,Bánh Xốp - Bánh Quy,Bánh Kẹo,60667.74193548387,61600.0,31,0.5483870967741935,0.0275974025974025,0.0141754904880042,2,0.0283806343906511,1,0,1,17,17.0,0,Danisa,prestige_leader,1,1,1,0,domestic,0,0,0,6,count,1,False,,200.0,5.298317366548036,,30333.870967741936,10.320020220885079,,30800.0,10.335269968961667
Bánh qui bơ hình thú Bahlsen Zoo 100g,Gói,Bánh Xốp - Bánh Quy,Bánh Kẹo,56100.0,56100.0,4,0.0,,0.0,1,0.0,0,0,1,0,0.0,0,Bahlsen,niche_professional,1,0,1,0,domestic,0,0,0,8,count,1,False,,100.0,4.605170185988092,,56100.0,10.934891091510787,,56100.0,10.934891091510787
Bánh qui cacao Leibniz Zoo Animals 100g,Gói,Bánh Xốp - Bánh Quy,Bánh Kẹo,53900.0,53900.0,6,0.0,,0.0,1,0.0,0,0,1,0,0.0,0,Leibniz,niche_professional,1,0,1,0,domestic,0,0,0,7,count,1,False,,100.0,4.605170185988092,,53900.0,10.89488575689709,,53900.0,10.89488575689709
Bánh qui vị phô mai Gery gói 100g,Gói,Bánh Xốp - Bánh Quy,Bánh Kẹo,16800.0,16800.0,19,0.0,,0.0,1,0.0,0,0,1,0,0.0,0,,,0,0,0,0,domestic,0,0,0,8,count,1,False,,100.0,4.605170185988092,,16800.0,9.72913416539135,,16800.0,9.72913416539135
Bánh quy AFC vị cốm non 261.6g,Hộp,Bánh Xốp - Bánh Quy,Bánh Kẹo,50000.0,50000.0,4,0.0,,0.0,1,0.0,0,0,1,0,0.0,0,Afc,local_value,0,0,1,0,domestic,0,0,0,7,count,1,False,,261.6,5.566816619583044,,19113.1498470948,9.858131850815331,,19113.1498470948,9.858131850815331
Bánh quy Cheese Cracker Gery GarudaFood hộp 200g,Hộp,Bánh Xốp - Bánh Quy,Bánh Kẹo,35700.0,35700.0,20,0.0,,0.0,1,0.0,0,0,1,0,0.0,0,,,0,0,0,0,domestic,0,0,0,8,count,1,False,,200.0,5.298317366548036,,17850.0,9.789758787207784,,17850.0,9.789758787207784
Bánh quy Cheese Cracker Gery GarudaFood hộp 300g,Hộp,Bánh Xốp - Bánh Quy,Bánh Kẹo,53100.0,53100.0,20,0.0,,0.0,1,0.0,0,0,1,0,0.0,0,,,0,0,0,0,domestic,0,0,0,8,count,1,False,,300.0,5.703782474656201,,17700.0,9.78131991856192,,17700.0,9.78131991856192
Bánh quy Cosy Marie gói 240g,Gói,Bánh Xốp - Bánh Quy,Bánh Kẹo,26996.774193548383,29900.0,31,0.4838709677419355,0.2006688963210702,0.1129024907254651,2,0.2006688963210702,1,0,1,15,15.0,0,Cosy,household_giant,0,1,1,0,domestic,0,0,0,6,count,1,False,,240.0,5.480638923341991,,11248.655913978493,9.32800392618192,,12458.333333333334,9.430145022024877
Bánh quy Demarie sữa tươi Orion 384g,Hộp,Bánh Xốp - Bánh Quy,Bánh Kẹo,47500.0,47500.0,19,0.0,,0.0,1,0.0,0,0,1,0,0.0,0,Orion,household_giant,0,1,1,0,domestic,0,0,1,7,count,1,False,,384.0,5.950642552587727,,12369.791666666668,9.423012623423098,,12369.791666666668,9.423012623423098
Bánh quy Goody Chip hạt điều 80g,Cái,Hạt - Trái Cây Sấy Khô,Bánh Kẹo,10000.0,10000.0,34,0.0,,0.0,1,0.0,0,0,1,0,0.0,0,,,0,0,0,0,domestic,0,0,0,7,count,1,False,,80.0,4.382026634673881,,12500.0,9.433483923290392,,12500.0,9.433483923290392
Bánh quy ITO 470g,Hộp,Bánh Xốp - Bánh Quy,Bánh Kẹo,307529.4117647059,386000.0,34,0.6764705882352942,0.3005181347150259,0.1791163224233908,2,0.4296296296296296,1,0,1,23,23.0,0,Ito,niche_professional,1,0,1,0,domestic,0,0,0,4,count,1,False,,470.0,6.152732694704104,,65431.789737171464,11.088763500954022,,82127.65957446808,11.316030139730955
Bánh quy Marie Cosy Kinh Đô gói 144g,Gói,Bánh Xốp - Bánh Quy,Bánh Kẹo,19400.0,19400.0,34,0.0,,0.0,1,0.0,0,0,1,0,0.0,0,Cosy,household_giant,0,1,1,0,domestic,0,0,0,8,count,1,False,,144.0,4.969813299576001,,13472.222222222223,9.50838523146351,,13472.222222222223,9.50838523146351
Bánh quy Marie Cosy Kinh Đô gói 450g,Gói,Bánh Xốp - Bánh Quy,Bánh Kẹo,46500.0,46500.0,34,0.0,,0.0,1,0.0,0,0,1,0,0.0,0,Cosy,household_giant,0,1,1,0,domestic,0,0,0,8,count,1,False,,450.0,6.1092475827643655,,10333.333333333334,9.243130194799173,,10333.333333333334,9.243130194799173
Bánh quy Marine Boy vị rong biển tuyết xanh hộp 32g,Hộp,Bánh Snack,Bánh Kẹo,13900.0,13900.0,35,0.0,,0.0,1,0.0,0,0,1,0,0.0,0,,,0,0,0,0,domestic,0,0,0,11,count,1,False,,32.0,3.4657359027997265,,43437.5,10.679078402307148,,43437.5,10.679078402307148
Bánh quy Marine Boy vị tôm nướng môi đỏ Orion hộp 32g,Hộp,Bánh Snack,Bánh Kẹo,14100.0,14100.0,35,0.0,,0.0,1,0.0,0,0,1,0,0.0,0,Orion,household_giant,0,1,1,0,domestic,0,0,0,12,count,1,False,,32.0,3.4657359027997265,,44062.5,10.693364359554625,,44062.5,10.693364359554625
Bánh quy McVitie's Fabulous Biscuits Se,Hộp,Bánh Xốp - Bánh Quy,Bánh Kẹo,193000.0,193000.0,3,0.0,,0.0,1,0.0,0,0,1,0,0.0,0,Mcvitie,niche_professional,1,0,1,0,domestic,0,0,0,6,count,1,False,,,,,,,,,
Bánh quy Oreo Mini kem socola gói 20.4g,Gói,Kẹo - Chocolate,Bánh Kẹo,6400.0,6400.0,19,0.0,,0.0,1,0.0,0,0,1,0,0.0,0,Oreo,household_giant,0,1,1,0,domestic,0,0,0,8,count,1,False,,20.4,3.0155349008501706,,31372.549019607846,10.353688554485684,,31372.549019607846,10.353688554485684
Bánh quy Oreo mini vị vani gói 20.4g,Gói,Bánh Xốp - Bánh Quy,Bánh Kẹo,6400.0,6400.0,19,0.0,,0.0,1,0.0,0,0,1,0,0.0,0,Oreo,household_giant,0,1,1,0,domestic,0,0,0,8,count,1,False,,20.4,3.0155349008501706,,31372.549019607846,10.353688554485684,,31372.549019607846,10.353688554485684
Bánh quy Tresor Dore hộp 600g,Hộp,Bánh Xốp - Bánh Quy,Bánh Kẹo,265000.0,265000.0,5,0.0,,0.0,1,0.0,0,0,1,0,0.0,0,Tresor Dore,niche_professional,1,0,1,0,domestic,0,0,0,6,count,1,False,,600.0,6.396929655216146,,44166.666666666664,10.695725635740304,,44166.666666666664,10.695725635740304
Bánh quy bơ Danisa hộp 454g,Hộp,Bánh Xốp - Bánh Quy,Bánh Kẹo,135982.14285714287,146000.0,28,0.6071428571428571,0.1130136986301369,0.0603478731881203,2,0.1274131274131273,1,0,1,17,17.0,0,Danisa,prestige_leader,1,1,1,0,domestic,0,0,0,6,count,1,False,,454.0,6.118097198041348,,29952.013845185655,10.307351841522994,,32158.590308370043,10.378434888637218
Bánh quy bơ Danisa hộp 681g,Hộp,Bánh Xốp - Bánh Quy,Bánh Kẹo,198035.7142857143,212000.0,28,0.6071428571428571,0.1084905660377358,0.0577622660301846,2,0.1216931216931216,1,0,1,17,17.0,0,Danisa,prestige_leader,1,1,1,0,domestic,0,0,0,6,count,1,False,,681.0,6.523562306149512,,29080.13425634571,10.27781054842998,,31130.690161527167,10.345949433492729
Bánh quy bơ Danisa hộp 908g,Hộp,Bánh Xốp - Bánh Quy,Bánh Kẹo,274200.0,281000.0,35,0.4857142857142857,0.0498220640569395,0.0258909399698013,2,0.0524344569288388,1,0,1,17,17.0,0,Danisa,prestige_leader,1,1,1,0,domestic,0,0,0,6,count,1,False,,908.0,6.811244378601294,,30198.237885462553,10.315538853497149,,30947.13656387665,10.340035755702681
Bánh quy bơ Diet Leibniz gói 200g,Gói,Bánh Xốp - Bánh Quy,Bánh Kẹo,82000.0,82000.0,34,0.0,,0.0,1,0.0,0,0,1,0,0.0,0,Leibniz,niche_professional,1,0,1,0,domestic,0,0,0,7,count,1,False,,200.0,5.298317366548036,,41000.0,10.621327345686446,,41000.0,10.621327345686446
Bánh quy bơ LU Pháp 505g/540g,Hộp,Bánh Xốp - Bánh Quy,Bánh Kẹo,166111.11111111112,205000.0,9,0.7777777777777778,0.2439024390243902,0.1341558245462071,3,0.3486842105263157,1,0,1,4,3.5,0,,,0,0,0,0,Pháp,1,0,0,6,count,1,False,,540.0,6.29156913955832,,30761.316872427982,10.334013233900476,,37962.96296296296,10.544366304550316
Bánh quy bơ Marika vị tự nhiên 432g,Hộp,Bánh Xốp - Bánh Quy,Bánh Kẹo,155337.93103448275,165900.0,29,0.6206896551724138,0.1025718304199316,0.0541512560478934,3,0.1145268233875829,1,0,1,17,9.0,0,,,0,0,0,0,domestic,0,0,1,8,count,1,False,,432.0,6.068425588244111,,35957.85440613027,10.490102820680052,,38402.777777777774,10.555885073922516
Bánh quy bơ Marika vị tự nhiên hộp 252g,Hộp,Bánh Xốp - Bánh Quy,Bánh Kẹo,89000.0,101500.0,3,1.0,0.1231527093596059,0.0,1,0.0,1,1,1,3,3.0,0,,,0,0,0,0,domestic,0,0,1,9,count,1,False,,252.0,5.529429087511423,,35317.46031746032,10.472132747190946,,40277.77777777778,10.603555175940647
Bánh quy bơ Pep Farm Chessmen 206g,Gói,Bánh Xốp - Bánh Quy,Bánh Kẹo,130000.0,130000.0,35,0.0,,0.0,1,0.0,0,0,1,0,0.0,0,,,0,0,0,0,domestic,0,0,0,7,count,1,False,,206.0,5.327876168789581,,63106.796116504855,11.05258374663623,,63106.796116504855,11.05258374663623
Bánh quy bơ giòn Borggreve 800g,Hộp,Bánh Xốp - Bánh Quy,Bánh Kẹo,215000.0,386000.0,12,1.0,0.4430051813471503,0.0,1,0.0,1,1,1,12,12.0,0,Borggreve,niche_professional,1,0,1,0,domestic,0,0,0,6,count,1,False,,800.0,6.684611727667927,,26875.0,10.198951765429964,,48250.0,10.784151106767132
Bánh quy caramel flan AFC hộp 125g,Hộp,Bánh Xốp - Bánh Quy,Bánh Kẹo,24300.0,24300.0,21,0.0,,0.0,1,0.0,0,0,1,0,0.0,0,Afc,local_value,0,0,1,0,domestic,0,0,0,7,count,1,False,,125.0,4.8283137373023015,,19440.0,9.87508807801443,,19440.0,9.87508807801443
Bánh quy cà phê Roma gói 142g,Gói,Bánh Xốp - Bánh Quy,Bánh Kẹo,20300.0,20300.0,20,0.0,,0.0,1,0.0,0,0,1,0,0.0,0,,,0,0,0,0,domestic,0,0,0,7,count,1,False,,142.0,4.955827057601261,,14295.774647887325,9.56771929341671,,14295.774647887325,9.56771929341671
Bánh quy kem dâu Oreo gói 133g,Cái,Bánh Xốp - Bánh Quy,Bánh Kẹo,15609.375,18000.0,32,0.46875,0.2833333333333333,0.1656528514597684,2,0.2833333333333333,1,0,1,15,15.0,0,Oreo,household_giant,0,1,1,0,domestic,0,0,0,7,count,1,False,,133.0,4.890349128221754,,11736.372180451128,9.370448032037356,,13533.834586466164,9.512948094644639
Bánh quy kem lạnh Oreo gói 123.5g/ 119.6g,Cái,Bánh Xốp - Bánh Quy,Bánh Kẹo,15556.25,17900.0,32,0.46875,0.2793296089385474,0.1629593728171687,2,0.2793296089385475,1,0,1,15,15.0,0,Oreo,household_giant,0,1,1,0,domestic,0,0,0,8,count,1,False,,119.6,4.784152841516532,,13006.897993311037,9.473235110587462,,14966.55518394649,9.613573336300407
Bánh quy kem vani Oreo gói 264.6g,Gói,Bánh Xốp - Bánh Quy,Bánh Kẹo,34900.0,34900.0,29,0.0,,0.0,1,0.0,0,0,1,0,0.0,0,Oreo,household_giant,0,1,1,0,domestic,0,0,0,7,count,1,False,,264.6,5.5782192516808555,,13189.720332577474,9.487193042497754,,13189.720332577474,9.487193042497754
Bánh quy nhân kem sô cô la Oreo gói 133g,Cái,Kẹo - Chocolate,Bánh Kẹo,15609.375,18000.0,32,0.46875,0.2833333333333333,0.1656528514597684,2,0.2833333333333333,1,0,1,15,15.0,0,Oreo,household_giant,0,1,1,0,domestic,0,0,0,10,count,1,False,,133.0,4.890349128221754,,11736.372180451128,9.370448032037356,,13533.834586466164,9.512948094644639
Bánh quy nhân kem vani Oreo gói 137g,Cái,Bánh Xốp - Bánh Quy,Bánh Kẹo,15609.375,18000.0,32,0.46875,0.2833333333333333,0.1656528514597684,2,0.2833333333333333,1,0,1,15,15.0,0,Oreo,household_giant,0,1,1,0,domestic,0,0,0,8,count,1,False,,137.0,4.919980925828125,,11393.704379562043,9.340816234430985,,13138.68613138686,9.483316297038268
Bánh quy nhân kem vani Oreo gói 66.5g/ 68.5g,Cái,Bánh Xốp - Bánh Quy,Bánh Kẹo,10100.0,10100.0,23,0.0,,0.0,1,0.0,0,0,1,0,0.0,0,Oreo,household_giant,0,1,1,0,domestic,0,0,0,9,count,1,False,,68.5,4.22683374526818,,14744.525547445255,9.598627143549262,,14744.525547445255,9.598627143549262
Bánh quy thập cẩm Cosy Socola 378g,Hộp,Kẹo - Chocolate,Bánh Kẹo,110385.71428571428,129900.0,28,0.6785714285714286,0.2213848709533649,0.1300011232892418,3,0.313447927199191,1,0,1,19,19.0,0,Cosy,household_giant,0,1,1,0,domestic,0,0,0,7,count,1,False,,378.0,5.934894195619588,,29202.56991685563,10.282011995234866,,34365.079365079364,10.444796193027194
Bánh quy thập cẩm bơ sữa Cosy 378g,Hộp,Bánh Xốp - Bánh Quy,Bánh Kẹo,111790.32258064517,129900.0,31,0.6451612903225806,0.2160892994611239,0.1294338087491092,4,0.313447927199191,1,0,1,20,20.0,0,Cosy,household_giant,0,1,1,0,domestic,0,0,0,8,count,1,False,,378.0,5.934894195619588,,29574.159412869092,10.294656266223534,,34365.079365079364,10.444796193027194
Bánh quy tiệt trùng Tresor Dore hộp 380g,Hộp,Bánh Xốp - Bánh Quy,Bánh Kẹo,209000.0,209000.0,1,0.0,,,1,0.0,0,0,1,0,0.0,0,Tresor Dore,niche_professional,1,0,1,0,domestic,0,0,0,8,count,1,False,,380.0,5.940171252720432,,55000.0,10.915088464214607,,55000.0,10.915088464214607
"Bánh quế Cosy xoài xí muội 126/117,6g",Gói,Bánh Xốp - Bánh Quy,Bánh Kẹo,15200.0,15200.0,10,0.0,,0.0,1,0.0,0,0,1,0,0.0,0,Cosy,household_giant,0,1,1,0,domestic,0,0,0,7,count,1,False,,117.6,4.767289035464526,,12925.170068027212,9.466931857357933,,12925.170068027212,9.466931857357933
Bánh quế Oreo Vị Socola hộp 54g,Hộp,Kẹo - Chocolate,Bánh Kẹo,14900.0,14900.0,20,0.0,,0.0,1,0.0,0,0,1,0,0.0,0,Oreo,household_giant,0,1,1,0,domestic,0,0,0,7,count,1,False,,54.0,3.9889840465642745,,27592.59259259259,10.225302631357367,,27592.59259259259,10.225302631357367
Bánh quế Oreo vị vani hộp 54g,Hộp,Bánh Xốp - Bánh Quy,Bánh Kẹo,15000.0,15000.0,20,0.0,,0.0,1,0.0,0,0,1,0,0.0,0,Oreo,household_giant,0,1,1,0,domestic,0,0,0,7,count,1,False,,54.0,3.9889840465642745,,27777.777777777777,10.231991619508165,,27777.777777777777,10.231991619508165
Bánh quế vị kem dâu Cosy gói 132g,Gói,Bánh Xốp - Bánh Quy,Bánh Kẹo,15134.285714285714,15200.0,35,0.0285714285714285,0.1513157894736842,0.0256880942063981,2,0.1513157894736841,1,0,1,1,1.0,0,Cosy,household_giant,0,1,1,0,domestic,0,0,0,8,count,1,False,,132.0,4.882801922586371,,11465.367965367965,9.347086289444924,,11515.151515151514,9.351418970236088
Bánh quế vị kem lá dứa Cosy gói 132g,Gói,Bánh Xốp - Bánh Quy,Bánh Kẹo,15130.30303030303,15200.0,33,0.0303030303030303,0.1513157894736842,0.0264620350231072,2,0.1513157894736841,1,0,1,1,1.0,0,Cosy,household_giant,0,1,1,0,domestic,0,0,0,9,count,1,False,,132.0,4.882801922586371,,11462.350780532597,9.346823098423942,,11515.151515151514,9.351418970236088
Bánh quế vị kem socola Cosy Kinh Đô gói 132g,Gói,Kẹo - Chocolate,Bánh Kẹo,15128.125,15200.0,32,0.03125,0.1513157894736842,0.0268761924681521,2,0.1513157894736841,1,0,1,1,1.0,0,Cosy,household_giant,0,1,1,0,domestic,0,0,0,10,count,1,False,,132.0,4.882801922586371,,11460.700757575756,9.34667913652978,,11515.151515151514,9.351418970236088
Bánh snack Swing vị gà Teriyali Osaka Orion gói 90g,Gói,Bánh Snack,Bánh Kẹo,21428.571428571428,21600.0,21,0.0476190476190476,0.1666666666666666,0.0366606055596467,2,0.1666666666666666,1,0,1,1,1.0,0,Orion,household_giant,0,1,1,0,domestic,0,0,0,10,count,1,False,,90.0,4.499809670330265,,23809.52380952381,10.077840939680906,,24000.0,10.085809109330082
Bánh snack khoai tây miếng Lay's Stax vị kem chua và hành tây lon 100g,Lon,Bánh Snack,Bánh Kẹo,35500.0,35500.0,21,0.0,,0.0,1,0.0,0,0,1,0,0.0,0,Lay'S,household_giant,0,1,1,0,domestic,0,0,0,15,count,1,False,,100.0,4.605170185988092,,35500.0,10.477287975463508,,35500.0,10.477287975463508
Bánh snack khoai tây tươi vị tảo biển O'Star gói 90g,Gói,Bánh Snack,Bánh Kẹo,20161.11111111111,21600.0,36,0.3888888888888889,0.1712962962962963,0.0907355229614349,2,0.1712962962962962,1,0,1,14,14.0,0,,,0,0,0,0,domestic,0,0,1,11,count,1,False,,90.0,4.499809670330265,,22401.234567901232,10.016871350962823,,24000.0,10.085809109330082
Bánh snack que nhân cà phê moka Akiko gói 160g,Gói,Bánh Snack,Bánh Kẹo,21000.0,21000.0,28,0.0,,0.0,1,0.0,0,0,1,0,0.0,0,,,0,0,0,0,domestic,0,0,0,10,count,1,False,,160.0,5.075173815233827,,13125.0,9.482274087459825,,13125.0,9.482274087459825
Bánh snack tôm Ruay Puan gói 20g,Gói,Bánh Snack,Bánh Kẹo,5800.0,5800.0,4,0.0,,0.0,1,0.0,0,0,1,0,0.0,0,,,0,0,0,0,domestic,0,0,0,7,count,1,False,,20.0,2.995732273553991,,29000.0,10.275051108968611,,29000.0,10.275051108968611
Bánh snack vị bít tết kiểu New York Swing gói 90g,Gói,Bánh Snack,Bánh Kẹo,21436.363636363636,21600.0,22,0.0454545454545454,0.1666666666666666,0.0358047004566674,2,0.1666666666666666,1,0,1,1,1.0,0,Swing,local_value,0,0,1,0,domestic,0,0,0,11,count,1,False,,90.0,4.499809670330265,,23818.181818181816,10.078204509944863,,24000.0,10.085809109330082
Bánh snack vị kim chi Hàn Quốc O'Star gói 90g,Gói,Bánh Snack,Bánh Kẹo,20161.11111111111,21600.0,36,0.3888888888888889,0.1712962962962963,0.0907355229614349,2,0.1712962962962962,1,0,1,14,14.0,0,,,0,0,0,0,Hàn,1,0,0,10,count,1,False,,90.0,4.499809670330265,,22401.234567901232,10.016871350962823,,24000.0,10.085809109330082
Bánh sô cô la KitKat Nestlé gói 12 thanh x 17g,Cái,Kẹo - Chocolate,Bánh Kẹo,88000.0,88000.0,14,0.0,,0.0,1,0.0,0,0,1,0,0.0,0,Nestlé,household_giant,0,1,1,0,domestic,0,0,0,11,count,1,False,,17.0,2.833213344056216,,517647.0588235294,13.157048935392218,,517647.0588235294,13.157048935392218
Bánh sô cô la KitKat Nestlé gói 35g,Cái,Kẹo - Chocolate,Bánh Kẹo,21110.0,22700.0,30,0.5666666666666667,0.1236071521119461,0.066996631940877,3,0.1407035175879396,1,0,1,16,8.5,0,Nestlé,household_giant,0,1,1,0,domestic,0,0,0,8,count,1,False,,35.0,3.5553480614894135,,60314.28571428572,11.007324265341044,,64857.14285714286,11.079942327968173
Bánh trứng Tipo Hữu Nghị gói 220g,Gói,Bánh Xốp - Bánh Quy,Bánh Kẹo,43300.0,43300.0,30,0.0,,0.0,1,0.0,0,0,1,0,0.0,0,,,0,0,0,0,domestic,0,0,0,7,count,1,False,,220.0,5.393627546352362,,19681.81818181818,9.88745055362631,,19681.81818181818,9.88745055362631
Bánh trứng sầu riêng Tipo 220g,Gói,Bánh Xốp - Bánh Quy,Bánh Kẹo,44500.0,44500.0,20,0.0,,0.0,1,0.0,0,0,1,0,0.0,0,,,0,0,0,0,domestic,0,0,0,6,count,1,False,,220.0,5.393627546352362,,20227.272727272724,9.914787107790062,,20227.272727272724,9.914787107790062
Bánh trứng sữa mềm Belgi 240g/230g,Gói,Bánh Xốp - Bánh Quy,Bánh Kẹo,38733.333333333336,39100.0,21,0.0476190476190476,0.1969309462915601,0.0433806649264322,2,0.19693094629156,1,0,1,1,1.0,0,,,0,0,0,0,domestic,0,0,0,6,count,1,False,,230.0,5.438079308923196,,16840.57971014493,9.731546711796735,,17000.0,9.740968623038354
Bánh tự DIY làm khu vườn nấm 46g,Hộp,Bánh Xốp - Bánh Quy,Bánh Kẹo,40000.0,40000.0,20,0.0,,0.0,1,0.0,0,0,1,0,0.0,0,,,0,0,0,0,domestic,0,0,0,8,count,1,False,,46.0,3.828641396489095,,86956.52173913043,11.37316352259507,,86956.52173913043,11.37316352259507
Bánh tự làm DIY my sushi hộp 43g,Hộp,Bánh Xốp - Bánh Quy,Bánh Kẹo,42400.0,42400.0,21,0.0,,0.0,1,0.0,0,0,1,0,0.0,0,,,0,0,0,0,domestic,0,0,0,8,count,1,False,,43.0,3.7612001156935624,,98604.6511627907,11.498873711514578,,98604.6511627907,11.498873711514578
Bánh vị Chocopie Cacao 180g,Hộp,Bánh Xốp - Bánh Quy,Bánh Kẹo,31343.478260869564,34865.217391304344,23,0.391304347826087,0.2578796561604584,0.1424213243803021,3,0.3474903474903474,1,0,2,9,9.0,1,Orion,household_giant,0,1,1,0,domestic,0,0,0,5,count,1,False,,180.0,5.19295685089021,,17413.043478260868,9.764974829561401,,19369.5652173913,9.87145830996385
Bánh vị Kem Cốm Custas hộp 12P 276g,Hộp,Bánh Xốp - Bánh Quy,Bánh Kẹo,61200.0,61200.0,21,0.0,,0.0,1,0.0,0,0,1,0,0.0,0,,,0,0,0,0,domestic,0,0,0,8,count,1,False,,276.0,5.62040086571715,,22173.913043478264,10.006671788771358,,22173.913043478264,10.006671788771358
Bánh xốp Gullon ăn kiêng không đường 210g/180g,Gói,Bánh Xốp - Bánh Quy,Bánh Kẹo,112500.0,112500.0,6,0.0,,0.0,1,0.0,0,0,1,0,0.0,0,Gullon,niche_professional,1,0,1,0,domestic,0,1,0,8,count,1,False,,180.0,5.19295685089021,,62500.0,11.042921835724492,,62500.0,11.042921835724492
Bánh xốp Superstar hộp 216g,Hộp,Bánh Xốp - Bánh Quy,Bánh Kẹo,25070.37037037037,27300.0,27,0.5185185185185185,0.1575091575091575,0.0873322890603195,2,0.1575091575091575,1,0,1,14,14.0,0,,,0,0,0,0,domestic,0,0,0,5,count,1,False,,216.0,5.375278407684165,,11606.652949245541,9.359333742796297,,12638.888888888889,9.444533759476977
Bánh xốp nhân phô mai Nabati gói 52g,Gói,Bánh Xốp - Bánh Quy,Bánh Kẹo,7800.0,7800.0,28,0.0,,0.0,1,0.0,0,0,1,0,0.0,0,Nabati,local_value,0,0,1,0,domestic,0,0,0,8,count,1,False,,52.0,3.9512437185814275,,15000.0,9.615805480084347,,15000.0,9.615805480084347
Bánh xốp phô mai Cal Cheese Mayora hộp 20 x 8.5g,Hộp,Bánh Xốp - Bánh Quy,Bánh Kẹo,28900.0,28900.0,21,0.0,,0.0,1,0.0,0,0,1,0,0.0,0,Mayora,local_value,0,0,1,0,domestic,0,0,0,11,count,1,False,,8.5,2.1400661634962708,,340000.0,12.736700896592344,,340000.0,12.736700896592344
Bánh xốp phủ sô cô la trà xanh Nestlé KitKat gói 8 + 2 thanh 2F 136g,Gói,Kẹo - Chocolate,Bánh Kẹo,104627.58620689657,114000.0,29,0.5862068965517241,0.1402476780185758,0.0765942098256661,3,0.1632653061224489,1,0,1,16,8.5,0,Nestlé,household_giant,0,1,1,0,domestic,0,0,0,17,count,1,False,,136.0,4.912654885736052,,76932.0486815416,11.250677826561695,,83823.5294117647,11.336469027628672
Bánh xốp vuông Jacker sô cô la 150g,Gói,Kẹo - Chocolate,Bánh Kẹo,41800.0,41800.0,16,0.0,,0.0,1,0.0,0,0,1,0,0.0,0,Jacker,local_value,0,0,1,0,domestic,0,0,0,8,count,1,False,,150.0,5.0106352940962555,,27866.666666666668,10.235186510404683,,27866.666666666668,10.235186510404683
Bánh yến mạch sữa Richy gói 250g,Gói,Bánh Xốp - Bánh Quy,Bánh Kẹo,50100.0,50100.0,8,0.0,,0.0,1,0.0,0,0,1,0,0.0,0,Richy,local_value,0,0,1,0,domestic,0,0,0,7,count,1,False,,250.0,5.521460917862246,,20040.0,9.905485555198801,,20040.0,9.905485555198801
Bánh ăn kiêng Gullon Cookíe Socola gói 125g,Gói,Kẹo - Chocolate,Bánh Kẹo,79700.0,79700.0,31,0.0,,0.0,1,0.0,0,0,1,0,0.0,0,Gullon,niche_professional,1,0,1,0,domestic,0,1,0,8,count,1,False,,125.0,4.8283137373023015,,63760.0,11.062881313464096,,63760.0,11.062881313464096
Bánh Đậu Xanh Thượng Hạng Hoàng Giang RV 170g,Hộp,Bánh Xốp - Bánh Quy,Bánh Kẹo,52600.0,52600.0,15,0.0,,0.0,1,0.0,0,0,1,0,0.0,0,Hoàng Gia,local_value,0,0,1,0,domestic,0,0,0,9,count,1,False,,170.0,5.135798437050262,,30941.176470588238,10.33984314766363,,30941.176470588238,10.33984314766363
Bánh đậu xanh Bánh chưng Tết,Hộp,Bánh Xốp - Bánh Quy,Bánh Kẹo,174200.0,174200.0,21,0.0,,0.0,1,0.0,0,0,1,0,0.0,0,,,0,0,0,0,domestic,0,0,0,6,count,1,False,,,,,,,,,
Bánh đậu xanh Hoa đào Tết 300g,Hộp,Bánh Xốp - Bánh Quy,Bánh Kẹo,209000.0,209000.0,4,0.0,,0.0,1,0.0,0,0,1,0,0.0,0,,,0,0,0,0,domestic,0,0,0,7,count,1,False,,300.0,5.703782474656201,,69666.66666666667,11.151477242278839,,69666.66666666667,11.151477242278839
Bánh đậu xanh Hoàng Gia Chĩnh Lộc Vàng 80g,Hộp,Bánh Xốp - Bánh Quy,Bánh Kẹo,50260.0,54000.0,25,0.68,0.1018518518518518,0.052099557443939,2,0.1134020618556701,1,0,1,17,17.0,0,Hoàng Gia,local_value,0,0,1,0,domestic,0,0,0,9,count,1,False,,80.0,4.382026634673881,,62825.0,11.048108362411792,,67500.0,11.119882876860622
Bánh đậu xanh Hoàng Gia Chĩnh vàng Phúc Lộc 200g,Hộp,Bánh Xốp - Bánh Quy,Bánh Kẹo,150900.0,167500.0,4,1.0,0.0991044776119403,0.0,1,0.0,1,1,1,4,4.0,0,Hoàng Gia,local_value,0,0,1,0,domestic,0,0,0,10,count,1,False,,200.0,5.298317366548036,,75450.0,11.231225464195996,,83750.0,11.335591449687312
Bánh đậu xanh Hoàng Gia chĩnh vàng thần tài 250g,Hộp,Bánh Xốp - Bánh Quy,Bánh Kẹo,270000.0,270000.0,4,0.0,,0.0,1,0.0,0,0,1,0,0.0,0,Hoàng Gia,local_value,0,0,1,0,domestic,0,0,0,10,count,1,False,,250.0,5.521460917862246,,108000.0,11.589886506106357,,108000.0,11.589886506106357
Bánh đậu xanh Hoàng Gia hương trái cây 200g,Hộp,Bánh Xốp - Bánh Quy,Bánh Kẹo,35400.0,35400.0,7,0.0,,0.0,1,0.0,0,0,1,0,0.0,0,Hoàng Gia,local_value,0,0,1,0,domestic,0,0,0,9,count,1,False,,200.0,5.298317366548036,,17700.0,9.78131991856192,,17700.0,9.78131991856192
Bánh đậu xanh Hoàng Giang Đồng tiền lớn250g,Hộp,Bánh Xốp - Bánh Quy,Bánh Kẹo,108000.0,108000.0,10,0.0,,0.0,1,0.0,0,0,1,0,0.0,0,Hoàng Gia,local_value,0,0,1,0,domestic,0,0,0,8,count,1,False,,250.0,5.521460917862246,,43200.0,10.673595774232203,,43200.0,10.673595774232203
Bánh đậu xanh Hoàng Giang Đồng tiền nhỏ 60g,Hộp,Bánh Xốp - Bánh Quy,Bánh Kẹo,31000.0,31000.0,4,0.0,,0.0,1,0.0,0,0,1,0,0.0,0,Hoàng Gia,local_value,0,0,1,0,domestic,0,0,0,9,count,1,False,,60.0,4.0943445622221,,51666.66666666667,10.852568107233274,,51666.66666666667,10.852568107233274
Bánh đậu xanh Thỏi vàng Tài Lộc trung 250g,Hộp,Bánh Xốp - Bánh Quy,Bánh Kẹo,51000.0,51000.0,2,0.0,,0.0,1,0.0,0,0,1,0,0.0,0,,,0,0,0,0,domestic,0,0,0,9,count,1,False,,250.0,5.521460917862246,,20400.0,9.923290179832307,,20400.0,9.923290179832307
Bánh đậu xanh Đồng tiền trung 90g,Hộp,Bánh Xốp - Bánh Quy,Bánh Kẹo,68000.0,68000.0,16,0.0,,0.0,1,0.0,0,0,1,0,0.0,0,,,0,0,0,0,domestic,0,0,0,7,count,1,False,,90.0,4.499809670330265,,75555.55555555555,11.23262349981607,,75555.55555555555,11.23262349981607
Bánh ống hạt dẻ Pepperidge Farm Pirouette 382g,Hộp,Hạt - Trái Cây Sấy Khô,Bánh Kẹo,109683.33333333331,133600.0,6,0.8333333333333334,0.2148203592814371,0.1068232116971238,2,0.2148203592814371,1,0,1,5,5.0,0,Pepperidge Farm,niche_professional,1,0,1,0,domestic,0,0,0,8,count,1,False,,382.0,5.945420608606575,,28712.91448516579,10.265102282597672,,34973.8219895288,10.462355117466199
Bánh ống socola Pepperidge Farm Pirouette 382g,Hộp,Kẹo - Chocolate,Bánh Kẹo,109683.33333333331,133600.0,6,0.8333333333333334,0.2148203592814371,0.1068232116971238,2,0.2148203592814371,1,0,1,5,5.0,0,Pepperidge Farm,niche_professional,1,0,1,0,domestic,0,0,0,7,count,1,False,,382.0,5.945420608606575,,28712.91448516579,10.265102282597672,,34973.8219895288,10.462355117466199
Bò khô Thu Ba hộp 250g,Hộp,Hạt - Trái Cây Sấy Khô,Bánh Kẹo,235700.0,235700.0,21,0.0,,0.0,1,0.0,0,0,1,0,0.0,0,,,0,0,0,0,domestic,0,0,0,6,count,1,False,,250.0,5.521460917862246,,94280.0,11.454024357050068,,94280.0,11.454024357050068
Bò khô đặc sản Thu Ba 500g,Hộp,Hạt - Trái Cây Sấy Khô,Bánh Kẹo,482900.0,482900.0,2,0.0,,0.0,1,0.0,0,0,1,0,0.0,0,,,0,0,0,0,domestic,0,0,0,7,count,1,False,,500.0,6.214608098422191,,96580.0,11.478126959427533,,96580.0,11.478126959427533
Bò nướng tiêu đen Swing Max 108g,Gói,Bánh Snack,Bánh Kẹo,18793.548387096773,21600.0,31,0.4838709677419355,0.2685185185185185,0.1567773624073755,2,0.2685185185185185,1,0,1,15,15.0,0,Swing,local_value,0,0,1,0,domestic,0,0,0,7,count,1,False,,108.0,4.68213122712422,,17401.43369175627,9.764307877886196,,20000.0,9.903487552536127
Bắp chiên bơ Hùng Cường gói 200g,Gói,Bánh Xốp - Bánh Quy,Bánh Kẹo,21900.0,21900.0,21,0.0,,0.0,1,0.0,0,0,1,0,0.0,0,,,0,0,0,0,domestic,0,0,0,7,count,1,False,,200.0,5.298317366548036,,10950.0,9.301094735244646,,10950.0,9.301094735244646
Chocolate Ferrero Rocher Collection,Hộp,Kẹo - Chocolate,Bánh Kẹo,255365.38461538465,349000.0,26,0.9615384615384616,0.279025787965616,0.1415081605050177,4,0.3221601489757915,1,0,1,25,25.0,0,Ferrero,niche_professional,1,0,1,0,domestic,0,0,0,4,count,1,False,,,,,,,,,
Chuối sấy Vinamit gói 100g,Gói,Hạt - Trái Cây Sấy Khô,Bánh Kẹo,24800.0,24800.0,4,0.0,,0.0,1,0.0,0,0,1,0,0.0,0,Vinamit,niche_professional,1,0,1,0,domestic,0,0,0,5,count,1,False,,100.0,4.605170185988092,,24800.0,10.118598932153073,,24800.0,10.118598932153073
Chuối sấy Vinamit gói 250g,Gói,Hạt - Trái Cây Sấy Khô,Bánh Kẹo,58900.0,58900.0,21,0.0,,0.0,1,0.0,0,0,1,0,0.0,0,Vinamit,niche_professional,1,0,1,0,domestic,0,0,0,5,count,1,False,,250.0,5.521460917862246,,23560.0,10.067305637765523,,23560.0,10.067305637765523
Franzzi Bánh quy vị sô cô la phô mai115g,Gói,Kẹo - Chocolate,Bánh Kẹo,38900.0,38900.0,21,0.0,,0.0,1,0.0,0,0,1,0,0.0,0,,,0,0,0,0,domestic,0,0,0,9,count,1,False,,115.0,4.74493212836325,,33826.08695652174,10.42898758723138,,33826.08695652174,10.42898758723138
Funmore Kẹo Dẻo Burger Khổng Lồ 50g,Cái,Kẹo - Chocolate,Bánh Kẹo,31000.0,31000.0,20,0.0,,0.0,1,0.0,0,0,1,0,0.0,0,,,0,0,0,0,domestic,0,0,0,7,count,1,False,,50.0,3.912023005428146,,62000.0,11.03488966402723,,62000.0,11.03488966402723
Gum mini gumballs machine Zed Candy 35g,Cái,Kẹo - Chocolate,Bánh Kẹo,42600.0,42600.0,21,0.0,,0.0,1,0.0,0,0,1,0,0.0,0,,,0,0,0,0,domestic,0,0,0,7,count,1,False,,35.0,3.5553480614894135,,121714.28571428572,11.70943165675614,,121714.28571428572,11.70943165675614
Hạnh nhân rang muối Minh Việt hộp 170g,Hộp,Hạt - Trái Cây Sấy Khô,Bánh Kẹo,99000.0,99000.0,17,0.0,,0.0,1,0.0,0,0,1,0,0.0,0,Minh Việt,local_value,0,0,1,0,domestic,0,0,0,8,count,1,False,,170.0,5.135798437050262,,58235.29411764706,10.972246878054557,,58235.29411764706,10.972246878054557
Hạnh nhân rang muối Minh Việt hộp 500g,Hộp,Hạt - Trái Cây Sấy Khô,Bánh Kẹo,284300.0,284300.0,10,0.0,,0.0,1,0.0,0,0,1,0,0.0,0,Minh Việt,local_value,0,0,1,0,domestic,0,0,0,8,count,1,False,,500.0,6.214608098422191,,56860.0,10.948347385204992,,56860.0,10.948347385204992
Hạt Macadamia Nữ Hoàng Hạt 250g,Hộp,Hạt - Trái Cây Sấy Khô,Bánh Kẹo,152400.0,152400.0,20,0.0,,0.0,1,0.0,0,0,1,0,0.0,0,,,0,0,0,0,domestic,0,0,0,6,count,1,False,,250.0,5.521460917862246,,60960.0,11.017973190360529,,60960.0,11.017973190360529
Hạt Mắc Ca Pam's 250g,Hộp,Bánh Xốp - Bánh Quy,Bánh Kẹo,126500.0,126500.0,18,0.0,,0.0,1,0.0,0,0,1,0,0.0,0,,,0,0,0,0,domestic,0,0,0,5,count,1,False,,250.0,5.521460917862246,,50600.0,10.831706855275558,,50600.0,10.831706855275558
Hạt bí rang Minh Việt gói 400g,Gói,Hạt - Trái Cây Sấy Khô,Bánh Kẹo,92417.85714285714,97700.0,28,0.6071428571428571,0.0890481064483111,0.0468191218438928,2,0.097752808988764,1,0,1,17,17.0,0,Minh Việt,local_value,0,0,1,0,domestic,0,0,0,7,count,1,False,,400.0,5.991464547107982,,23104.464285714286,10.047781136959577,,24425.0,10.103362476910984
Hạt bí sạch Tân Việt 350g,Gói,Hạt - Trái Cây Sấy Khô,Bánh Kẹo,115000.0,115000.0,18,0.0,,0.0,1,0.0,0,0,1,0,0.0,0,,,0,0,0,0,domestic,0,0,1,6,count,1,False,,350.0,5.857933154483459,,32857.142857142855,10.39992443885002,,32857.142857142855,10.39992443885002
Hạt dẻ Tuấn Đạt 110g,Gói,Hạt - Trái Cây Sấy Khô,Bánh Kẹo,82000.0,82000.0,20,0.0,,0.0,1,0.0,0,0,1,0,0.0,0,,,0,0,0,0,domestic,0,0,0,5,count,1,False,,110.0,4.700480365792417,,74545.45454545454,11.219164346442065,,74545.45454545454,11.219164346442065
Hạt dẻ cười Minh Việt gói 150g,Gói,Hạt - Trái Cây Sấy Khô,Bánh Kẹo,89900.0,89900.0,21,0.0,,0.0,1,0.0,0,0,1,0,0.0,0,Minh Việt,local_value,0,0,1,0,domestic,0,0,0,7,count,1,False,,150.0,5.0106352940962555,,59933.333333333336,11.000988112351548,,59933.333333333336,11.000988112351548
Hạt dẻ cười Minh Việt gói 500g,Gói,Hạt - Trái Cây Sấy Khô,Bánh Kẹo,286900.0,286900.0,6,0.0,,0.0,1,0.0,0,0,1,0,0.0,0,Minh Việt,local_value,0,0,1,0,domestic,0,0,0,7,count,1,False,,500.0,6.214608098422191,,57380.0,10.957451089535356,,57380.0,10.957451089535356
Hạt dẻ cười Pistachios Minh Việt 300g,Gói,Hạt - Trái Cây Sấy Khô,Bánh Kẹo,171900.0,171900.0,21,0.0,,0.0,1,0.0,0,0,1,0,0.0,0,Minh Việt,local_value,0,0,1,0,domestic,0,0,0,7,count,1,False,,300.0,5.703782474656201,,57300.0,10.95605590270283,,57300.0,10.95605590270283
Hạt hướng dương Martin rang gói 200g,Gói,Hạt - Trái Cây Sấy Khô,Bánh Kẹo,63900.0,63900.0,21,0.0,,0.0,1,0.0,0,0,1,0,0.0,0,,,0,0,0,0,domestic,0,0,0,7,count,1,False,,200.0,5.298317366548036,,31950.0,10.371927459805681,,31950.0,10.371927459805681
Hạt hướng dương nguyên vị 130g,Gói,Hạt - Trái Cây Sấy Khô,Bánh Kẹo,24648.387096774193,29900.0,31,0.7096774193548387,0.2474916387959866,0.1385269699148766,2,0.3288888888888888,1,0,1,22,22.0,0,,,0,0,0,0,domestic,0,0,0,6,count,1,False,,130.0,4.867534450455582,,18960.29776674938,9.85010248068302,,23000.0,10.043249494911286
Hạt hướng dương ngũ vị Cha Cheer gói 130g,Gói,Hạt - Trái Cây Sấy Khô,Bánh Kẹo,24894.117647058825,29900.0,34,0.6764705882352942,0.2474916387959866,0.1411558281088709,2,0.3288888888888888,1,0,1,23,23.0,0,,,0,0,0,0,domestic,0,0,0,9,count,1,False,,130.0,4.867534450455582,,19149.321266968327,9.860022551002519,,23000.0,10.043249494911286
Hạt hướng dương vị dừa Cha Cheer gói 130g,Gói,Hạt - Trái Cây Sấy Khô,Bánh Kẹo,25863.636363636364,29900.0,22,0.5454545454545454,0.2474916387959866,0.1458182122426106,2,0.3288888888888888,1,0,1,12,12.0,0,,,0,0,0,0,domestic,0,0,0,9,count,1,False,,130.0,4.867534450455582,,19895.104895104894,9.898228995282661,,23000.0,10.043249494911286
Hạt hạnh nhân Pam’s 250g,Gói,Hạt - Trái Cây Sấy Khô,Bánh Kẹo,143100.0,143100.0,20,0.0,,0.0,1,0.0,0,0,1,0,0.0,0,,,0,0,0,0,domestic,0,0,0,5,count,1,False,,250.0,5.521460917862246,,57240.0,10.955008233670387,,57240.0,10.955008233670387
Hạt hạnh nhân rang muối Minh Việt hộp 300g,Hộp,Hạt - Trái Cây Sấy Khô,Bánh Kẹo,171500.0,171500.0,14,0.0,,0.0,1,0.0,0,0,1,0,0.0,0,Minh Việt,local_value,0,0,1,0,domestic,0,0,0,9,count,1,False,,300.0,5.703782474656201,,57166.666666666664,10.953726256920023,,57166.666666666664,10.953726256920023
Hạt sen sấy Vinamit gói 250g,Gói,Hạt - Trái Cây Sấy Khô,Bánh Kẹo,186000.0,186000.0,20,0.0,,0.0,1,0.0,0,0,1,0,0.0,0,Vinamit,niche_professional,1,0,1,0,domestic,0,0,0,6,count,1,False,,250.0,5.521460917862246,,74400.0,11.217211220821182,,74400.0,11.217211220821182
Hạt óc chó Pam's gói 250g,Gói,Hạt - Trái Cây Sấy Khô,Bánh Kẹo,171356.52173913043,171356.52173913043,23,0.0,,0.1852314819731429,2,0.7897782063645131,0,0,2,0,0.0,1,,,0,0,0,0,domestic,0,0,0,6,count,1,False,,250.0,5.521460917862246,,68542.60869565218,11.135210855627152,,68542.60869565218,11.135210855627152
Hạt điều lụa Cô Ba Bình Dương hộp 400g,Hộp,Hạt - Trái Cây Sấy Khô,Bánh Kẹo,197500.0,197500.0,15,0.0,,0.0,1,0.0,0,0,1,0,0.0,0,,,0,0,0,0,domestic,0,0,0,9,count,1,False,,400.0,5.991464547107982,,49375.0,10.807199502203423,,49375.0,10.807199502203423
Hạt điều lụa Tuấn Đạt hộp 200g,Hộp,Hạt - Trái Cây Sấy Khô,Bánh Kẹo,99873.91304347826,106800.0,23,0.391304347826087,0.1657303370786516,0.0884364324507021,2,0.1986531986531987,1,0,1,9,9.0,0,,,0,0,0,0,domestic,0,0,0,7,count,1,False,,200.0,5.298317366548036,,49936.95652173913,10.81851661928023,,53400.0,10.885566024948286
Hạt điều lụa Tuấn Đạt hộp 450g,Hộp,Hạt - Trái Cây Sấy Khô,Bánh Kẹo,219000.0,219000.0,15,0.0,,0.0,1,0.0,0,0,1,0,0.0,0,,,0,0,0,0,domestic,0,0,0,7,count,1,False,,450.0,6.1092475827643655,,48666.666666666664,10.792749612022364,,48666.666666666664,10.792749612022364
Hạt điều lụa rang muối Mỹ Linh 500g,Hộp,Hạt - Trái Cây Sấy Khô,Bánh Kẹo,236000.0,236000.0,28,0.0,,0.08187218500672,2,0.1875,0,0,2,0,0.0,1,,,0,0,0,0,Mỹ,1,0,0,8,count,1,False,,500.0,6.214608098422191,,47200.0,10.762149171573647,,47200.0,10.762149171573647
Hạt điều muối 150g,Hộp,Hạt - Trái Cây Sấy Khô,Bánh Kẹo,76024.13793103448,81000.0,29,0.4482758620689655,0.137037037037037,0.0738967141021369,2,0.137037037037037,1,0,1,13,13.0,0,,,0,0,0,0,domestic,0,0,0,4,count,1,False,,150.0,5.0106352940962555,,50682.75862068965,10.833341065090433,,54000.0,10.896739325546411
Hạt điều rang củi Hải Bình 250g,Hộp,Hạt - Trái Cây Sấy Khô,Bánh Kẹo,142500.0,142500.0,19,0.0,,0.0,1,0.0,0,0,1,0,0.0,0,,,0,0,0,0,domestic,0,0,0,7,count,1,False,,250.0,5.521460917862246,,57000.0,10.950806546816688,,57000.0,10.950806546816688
Hạt điều rang củi Hải Bình túi zip giấy 500g,Gói,Hạt - Trái Cây Sấy Khô,Bánh Kẹo,283200.0,283200.0,20,0.0,,0.0,1,0.0,0,0,1,0,0.0,0,,,0,0,0,0,domestic,0,0,0,10,count,1,False,,500.0,6.214608098422191,,56640.0,10.944470728367602,,56640.0,10.944470728367602
Hạt điều rang muối Minh Việt bóc vỏ 400g,Hộp,Hạt - Trái Cây Sấy Khô,Bánh Kẹo,244900.0,244900.0,12,0.0,,0.0,1,0.0,0,0,1,0,0.0,0,Minh Việt,local_value,0,0,1,0,domestic,0,0,0,9,count,1,False,,400.0,5.991464547107982,,61225.0,11.022310881820369,,61225.0,11.022310881820369
Hạt điều rang muối Minh Việt bóc vỏ 500g,Gói,Hạt - Trái Cây Sấy Khô,Bánh Kẹo,291900.0,291900.0,21,0.0,,0.0,1,0.0,0,0,1,0,0.0,0,Minh Việt,local_value,0,0,1,0,domestic,0,0,0,9,count,1,False,,500.0,6.214608098422191,,58380.0,10.974728644408106,,58380.0,10.974728644408106
Hạt điều rang muối Minh Việt có vỏ 150g,Hộp,Hạt - Trái Cây Sấy Khô,Bánh Kẹo,84500.0,84500.0,21,0.0,,0.0,1,0.0,0,0,1,0,0.0,0,Minh Việt,local_value,0,0,1,0,domestic,0,0,0,9,count,1,False,,150.0,5.0106352940962555,,56333.333333333336,10.9390417052371,,56333.333333333336,10.9390417052371
Hạt điều rang muối Minh Việt vỏ hạt to 400g,Hộp,Hạt - Trái Cây Sấy Khô,Bánh Kẹo,210000.0,210000.0,21,0.0,,0.0,1,0.0,0,0,1,0,0.0,0,Minh Việt,local_value,0,0,1,0,domestic,0,0,0,10,count,1,False,,400.0,5.991464547107982,,52500.0,10.868568448579715,,52500.0,10.868568448579715
Hạt điều rang muối Tuấn Đạt hộp 300g,Hộp,Hạt - Trái Cây Sấy Khô,Bánh Kẹo,162000.0,162000.0,6,0.0,,0.0,1,0.0,0,0,1,0,0.0,0,,,0,0,0,0,domestic,0,0,0,8,count,1,False,,300.0,5.703782474656201,,54000.0,10.896739325546411,,54000.0,10.896739325546411
Hạt điều rang muối nguyên vỏ Minh Việt 500g,Gói,Hạt - Trái Cây Sấy Khô,Bánh Kẹo,253900.0,253900.0,21,0.0,,0.0,1,0.0,0,0,1,0,0.0,0,Minh Việt,local_value,0,0,1,0,domestic,0,0,0,9,count,1,False,,500.0,6.214608098422191,,50780.0,10.83525785525867,,50780.0,10.83525785525867
HỘP TẾT lộc phú quý vàng 795.4g,Hộp,Bánh Xốp - Bánh Quy,Bánh Kẹo,141900.0,189000.0,9,1.0,0.2492063492063492,0.0,1,0.0,1,1,1,9,9.0,0,,,0,0,0,0,domestic,0,0,0,7,count,1,False,,795.4,6.67884513277359,,17840.0804626603,9.789202916362635,,23761.62936887101,10.075827347256281
Hộp Bánh Pocky Glico 118g,Hộp,Bánh Xốp - Bánh Quy,Bánh Kẹo,55368.96551724138,61700.0,29,0.6206896551724138,0.1653160453808752,0.0909679363812971,2,0.1980582524271845,1,0,1,18,18.0,0,Pocky,local_value,0,0,1,0,domestic,0,0,0,5,count,1,False,,118.0,4.770684624465665,,46922.85213325541,10.756260088073729,,52288.135593220344,10.864524771415907
Hộp Sô Cô La Đen Trứng Mini 1 La Suissa,Hộp,Kẹo - Chocolate,Bánh Kẹo,231522.22222222225,308200.0,9,0.8888888888888888,0.2798913043478261,0.1537934128682713,3,0.2288288288288288,1,0,1,8,8.0,0,,,0,0,0,0,domestic,0,0,0,10,count,1,False,,,,,,,,,
Hộp Sô Cô La Đen Và Trắng Nhân Nougat Sperlari 165g,Hộp,Kẹo - Chocolate,Bánh Kẹo,227962.06896551725,267000.0,29,0.8275862068965517,0.1766697877652934,0.118790040994257,4,0.435483870967742,1,0,1,17,12.0,0,,,0,0,0,0,domestic,0,0,0,11,count,1,False,,165.0,5.10594547390058,,138158.82967607107,11.836159241997704,,161818.18181818182,11.994228649469898
Hộp quà Tết An - Tân niên Vạn Sự Khởi Đầu An Orion 683.6g,Hộp,Bánh Xốp - Bánh Quy,Bánh Kẹo,149090.0,175900.0,20,0.9,0.1693512728191523,0.0626010033051079,3,0.213103448275862,1,0,1,15,9.0,0,Orion,household_giant,0,1,1,0,domestic,0,0,0,14,count,1,False,,683.6,6.527372951241436,,21809.537741369222,9.9901026641691,,25731.421884142772,10.155468165472305
Hộp quà Tết An 539.3g,Hộp,Bánh Xốp - Bánh Quy,Bánh Kẹo,102333.33333333331,129000.0,3,1.0,0.2067183462532299,0.0564185930804194,2,0.091743119266055,1,1,1,3,3.0,0,,,0,0,0,0,domestic,0,0,0,5,count,1,False,,539.3,6.2902720023431815,,18975.214784597316,9.850888921546135,,23919.896161691082,10.08246586698872
Hộp quà Tết Hamper 1 x 6H 727.2g,Hộp,Bánh Xốp - Bánh Quy,Bánh Kẹo,141900.0,189000.0,4,1.0,0.2492063492063492,0.0,1,0.0,1,1,1,4,4.0,0,,,0,0,0,0,domestic,0,0,0,8,count,1,False,,727.2,6.589201542863269,,19513.20132013201,9.878846506272955,,25990.09900990099,10.165470937166601
Kem đánh răng New Choice vị trái cây 450g,Gói,,,32500.0,32500.0,20,0.0,,0.0,1,0.0,0,0,1,0,0.0,0,,,0,0,0,0,domestic,0,0,0,9,count,1,False,,450.0,6.1092475827643655,,7222.222222222223,8.884917971541554,,7222.222222222223,8.884917971541554
Khoai lang sấy Vinamit gói 250g,Gói,Hạt - Trái Cây Sấy Khô,Bánh Kẹo,72500.0,72500.0,18,0.0,,0.0,1,0.0,0,0,1,0,0.0,0,Vinamit,niche_professional,1,0,1,0,domestic,0,0,0,6,count,1,False,,250.0,5.521460917862246,,29000.0,10.275051108968611,,29000.0,10.275051108968611
Khoai tây LAY STAX vị tôm hùm nướng ngũ vị lon 160g,Lon,Bánh Snack,Bánh Kẹo,47136.36363636364,48000.0,22,0.0909090909090909,0.1979166666666666,0.0593029827600426,2,0.2467532467532467,1,0,1,2,2.0,0,,,0,0,0,0,domestic,0,0,0,12,count,1,False,,160.0,5.075173815233827,,29460.227272727272,10.290796404607613,,30000.0,10.308952660644293
Khoai tây LAY'S vị tự nhiên classic 150g,Gói,Bánh Snack,Bánh Kẹo,33000.0,33000.0,20,0.0,,0.0,1,0.0,0,0,1,0,0.0,0,Lay'S,household_giant,0,1,1,0,domestic,0,0,1,8,count,1,False,,150.0,5.0106352940962555,,22000.0,9.998797732340453,,22000.0,9.998797732340453
Khoai tây Lay's vị thăn bò nướng Texas 150g,Gói,Bánh Snack,Bánh Kẹo,32680.95238095238,33000.0,21,0.0476190476190476,0.203030303030303,0.0447373701824335,2,0.203030303030303,1,0,1,1,1.0,0,Lay'S,household_giant,0,1,1,0,domestic,0,0,0,9,count,1,False,,150.0,5.0106352940962555,,21787.301587301587,9.989082583065139,,22000.0,9.998797732340453
Khoai tây Lay's vị tảo biển Nori 150g,Gói,Bánh Snack,Bánh Kẹo,32695.454545454544,33000.0,22,0.0454545454545454,0.203030303030303,0.0436894002374766,2,0.203030303030303,1,0,1,1,1.0,0,Lay'S,household_giant,0,1,1,0,domestic,0,0,0,8,count,1,False,,150.0,5.0106352940962555,,21796.969696969696,9.989526234388967,,22000.0,9.998797732340453
Khoai tây Slide Original hộp 160g,Lon,Bánh Snack,Bánh Kẹo,44000.0,48500.0,30,0.5,0.1855670103092783,0.1040211056691016,2,0.2278481012658229,1,0,1,14,7.5,0,,,0,0,0,0,domestic,0,0,0,6,count,1,False,,160.0,5.075173815233827,,27500.0,10.221941283654663,,30312.5,10.31931544767984
Khoai tây vị Barbecue Slide lon 160g,Lon,Bánh Snack,Bánh Kẹo,44155.1724137931,48500.0,29,0.4827586206896552,0.1855670103092783,0.103655549264954,2,0.2278481012658229,1,0,1,12,7.0,0,,,0,0,0,0,domestic,0,0,0,7,count,1,False,,160.0,5.075173815233827,,27596.98275862069,10.225461725389508,,30312.5,10.31931544767984
Khoai tây vị tự nhiên Pringles lon 110g,Hộp,Bánh Snack,Bánh Kẹo,34995.454545454544,45500.0,44,0.8636363636363636,0.2673221515326778,0.1239263678327908,4,0.3999999999999999,1,0,1,23,19.0,0,Pringles,niche_professional,1,0,1,0,domestic,0,0,1,8,count,1,False,,110.0,4.700480365792417,,31814.049586776855,10.3676632821035,,41363.63636363636,10.630157425134717
Khô bò miếng cay truyền thống Pichi gói 50g,Gói,Hạt - Trái Cây Sấy Khô,Bánh Kẹo,76900.0,76900.0,21,0.0,,0.0,1,0.0,0,0,1,0,0.0,0,,,0,0,0,0,domestic,0,0,0,9,count,1,False,,50.0,3.912023005428146,,153800.0,11.94340833605368,,153800.0,11.94340833605368
Kit Kat Pack Chunky Tết 114g,Hộp,Bánh Xốp - Bánh Quy,Bánh Kẹo,75379.31034482758,85000.0,29,0.6206896551724138,0.1823529411764705,0.1015392892127916,2,0.2230215827338129,1,0,1,18,18.0,0,,,0,0,0,0,domestic,0,0,0,6,count,1,False,,114.0,4.736198448394496,,66122.2020568663,11.099259855325743,,74561.40350877194,11.219378273066049
Kẹo Alpenliebe Hương Xoài Nhân Muối Ớt 223g,Gói,Kẹo - Chocolate,Bánh Kẹo,29500.0,35500.0,10,0.8,0.2112676056338028,0.1071958528870637,2,0.2678571428571428,1,0,1,8,8.0,0,Alpenliebe,niche_professional,1,0,1,0,domestic,0,0,0,8,count,1,False,,223.0,5.407171771460119,,13228.699551569507,9.490143956855883,,15919.282511210762,9.675286389991479
Kẹo Alpenliebe Hương Xoài Nhân Muối Ớt 87g,Gói,Kẹo - Chocolate,Bánh Kẹo,13471.42857142857,16500.0,7,1.0,0.1835497835497835,0.0347420639810692,3,0.08,1,1,1,7,7.0,0,Alpenliebe,niche_professional,1,0,1,0,domestic,0,0,0,8,count,1,False,,87.0,4.465908118654584,,15484.400656814449,9.647588386899743,,18965.51724137931,9.85037772722218
Kẹo Alpenliebe Sữa Caramen 34 viên,Hộp,Kẹo - Chocolate,Bánh Kẹo,27500.0,32300.0,5,1.0,0.1486068111455108,0.0,1,0.0,1,1,1,5,5.0,0,Alpenliebe,niche_professional,1,0,1,0,domestic,0,0,0,6,count,1,False,,,,,,,,,
Kẹo Apple Teddy Marsmallows 70g,Gói,Kẹo - Chocolate,Bánh Kẹo,17100.0,17100.0,9,0.0,,0.0,1,0.0,0,0,1,0,0.0,0,,,0,0,0,0,domestic,0,0,0,5,count,1,False,,70.0,4.248495242049359,,24428.57142857143,10.103508686429484,,24428.57142857143,10.103508686429484
Kẹo Arcor Sortidos BonOBon Chocolate 255g,Gói,Kẹo - Chocolate,Bánh Kẹo,217333.33333333337,273000.0,6,1.0,0.2039072039072039,0.026298202759942,2,0.0611353711790393,1,1,1,6,6.0,0,Arcor,niche_professional,1,0,1,0,domestic,0,0,0,6,count,1,False,,255.0,5.541263545158426,,85228.75816993466,11.353094193070346,,107058.82352941178,11.581133714996762
Kẹo Butter Toffees Arcor hộp 180g,Hộp,Kẹo - Chocolate,Bánh Kẹo,135650.0,151400.0,2,0.5,0.2080581241743725,0.1642009849419553,2,0.2080581241743725,1,0,1,1,1.0,0,Arcor,niche_professional,1,0,1,0,domestic,0,0,0,6,count,1,False,,180.0,5.19295685089021,,75361.11111111111,11.230046653184958,,84111.11111111111,11.339893955083367
Kẹo Butter Toffees Griego 272g,Hộp,Kẹo - Chocolate,Bánh Kẹo,158240.0,183600.0,5,0.8,0.1726579520697167,0.0895896800894127,2,0.1726579520697168,1,0,1,4,4.0,0,,,0,0,0,0,domestic,0,0,0,5,count,1,False,,272.0,5.605802066295998,,58176.47058823529,10.971236266548633,,67500.0,11.119882876860622
Kẹo Butter Toffees sữa Arcor hộp 300g,Hộp,Kẹo - Chocolate,Bánh Kẹo,117675.0,136500.0,4,1.0,0.1379120879120879,0.0301678351391544,2,0.0577235772357723,1,1,1,4,4.0,0,Arcor,niche_professional,1,0,1,0,domestic,0,0,0,7,count,1,False,,300.0,5.703782474656201,,39225.0,10.577069577601234,,45500.0,10.725467604939041
Kẹo Chew GoodMilk sữa 140g,Gói,Kẹo - Chocolate,Bánh Kẹo,16100.0,16100.0,4,0.0,,0.0,1,0.0,0,0,1,0,0.0,0,,,0,0,0,0,domestic,0,0,0,5,count,1,False,,140.0,4.941642422609304,,11500.0,9.350102314351341,,11500.0,9.350102314351341
Kẹo Chobisca Đức Hạnh (kg),0.5KG,Kẹo - Chocolate,Bánh Kẹo,86358.33333333333,90900.0,36,0.4166666666666667,0.1199119911991199,0.0631091382804207,2,0.1362499999999999,1,0,1,15,15.0,0,,,0,0,0,0,Đức,1,0,0,5,weight,1,False,,,,,,,,,
Kẹo Hương Dâu Kem 119/115.5g,Gói,Kẹo - Chocolate,Bánh Kẹo,14629.032258064515,16500.0,31,0.6129032258064516,0.1850079744816587,0.1040317196939678,3,0.2222222222222223,1,0,1,19,19.0,0,,,0,0,0,0,domestic,0,0,0,5,count,1,False,,115.5,4.749270529961848,,12665.828794861052,9.446663000078425,,14285.714285714286,9.567015315914915
Kẹo Hương bạc hà lục Tic Tac 14.5g,Hộp,Kẹo - Chocolate,Bánh Kẹo,14900.0,14900.0,20,0.0,,0.0,1,0.0,0,0,1,0,0.0,0,Tic Tac,local_value,0,0,1,0,domestic,0,0,0,8,count,1,False,,14.5,2.6741486494265287,,102758.62068965517,11.540138028495113,,102758.62068965517,11.540138028495113
Kẹo Hải hà Jelly Chip Chip 450g,Gói,Kẹo - Chocolate,Bánh Kẹo,50200.0,50200.0,26,0.0,,0.0,1,0.0,0,0,1,0,0.0,0,,,0,0,0,0,domestic,0,0,0,7,count,1,False,,450.0,6.1092475827643655,,11155.555555555555,9.319692908903546,,11155.555555555555,9.319692908903546
Kẹo Họng Orion vị gừng mật ong 87.5g,Gói,Kẹo - Chocolate,Bánh Kẹo,16200.0,16200.0,21,0.0,,0.0,1,0.0,0,0,1,0,0.0,0,Orion,household_giant,0,1,1,0,domestic,0,0,0,8,count,1,False,,87.5,4.471638793363569,,18514.285714285714,9.826297913844998,,18514.285714285714,9.826297913844998
Kẹo Lot 100 loại 225g,Hộp,Kẹo - Chocolate,Bánh Kẹo,72000.0,81900.0,3,1.0,0.1208791208791208,0.0,1,0.0,1,1,1,3,3.0,0,Lot 100,niche_professional,1,0,1,0,domestic,0,0,0,5,count,1,False,,225.0,5.41610040220442,,32000.0,10.373491181781864,,36400.0,10.502324053624832
Kẹo Marsmallows Fluffy Jelly 70g,Gói,Kẹo - Chocolate,Bánh Kẹo,17300.0,17300.0,20,0.0,,0.0,1,0.0,0,0,1,0,0.0,0,,,0,0,0,0,domestic,0,0,0,5,count,1,False,,70.0,4.248495242049359,,24714.285714285717,10.115136724424604,,24714.285714285717,10.115136724424604
Kẹo Marsmallows snow white mega 120g,Gói,Kẹo - Chocolate,Bánh Kẹo,30100.0,30100.0,14,0.0,,0.0,1,0.0,0,0,1,0,0.0,0,,,0,0,0,0,domestic,0,0,0,6,count,1,False,,120.0,4.787491742782046,,25083.333333333336,10.129958893943012,,25083.333333333336,10.129958893943012
Kẹo Mega Marshmallows CorNichE 120g,Gói,Kẹo - Chocolate,Bánh Kẹo,30100.0,30100.0,20,0.0,,0.0,1,0.0,0,0,1,0,0.0,0,Corniche,local_value,0,0,1,0,domestic,0,0,0,5,count,1,False,,120.0,4.787491742782046,,25083.333333333336,10.129958893943012,,25083.333333333336,10.129958893943012
Kẹo Playmore dẻo cuộn vị Dâu 21g,Gói,Kẹo - Chocolate,Bánh Kẹo,15900.0,15900.0,16,0.0,,0.0,1,0.0,0,0,1,0,0.0,0,Playmore,local_value,0,0,1,0,domestic,0,0,0,7,count,1,False,,21.0,3.044522437723423,,75714.28571428571,11.23472213647299,,75714.28571428571,11.23472213647299
Kẹo Popit Doraemon Phạm Nguyên,Gói,Kẹo - Chocolate,Bánh Kẹo,50000.0,50000.0,14,0.0,,0.0,1,0.0,0,0,1,0,0.0,0,,,0,0,0,0,domestic,0,0,0,5,count,1,False,,,,,,,,,
Kẹo Relkon cây quạt và con dấu Shimmer&shine,Cái,Kẹo - Chocolate,Bánh Kẹo,117000.0,117000.0,21,0.0,,0.0,1,0.0,0,0,1,0,0.0,0,,,0,0,0,0,domestic,0,0,0,8,count,1,False,,,,,,,,,
Kẹo Relkon trứng đồ chơi Justice League,Cái,Kẹo - Chocolate,Bánh Kẹo,31000.0,31000.0,21,0.0,,0.0,1,0.0,0,0,1,0,0.0,0,,,0,0,0,0,domestic,0,0,0,7,count,1,False,,,,,,,,,
Kẹo Sing-gum không đường Số 5 Bạc Hà 32g,Hộp,Kẹo - Chocolate,Bánh Kẹo,29400.0,29400.0,16,0.0,,0.0,1,0.0,0,0,1,0,0.0,0,,,0,0,0,0,domestic,0,1,0,9,count,1,False,,32.0,3.4657359027997265,,91875.0,11.428184236515138,,91875.0,11.428184236515138
Kẹo Socola Ferrero Rocher 375g,Hộp,Kẹo - Chocolate,Bánh Kẹo,349187.5,448000.0,32,0.84375,0.2614087301587302,0.1896968213196592,3,0.6842105263157894,1,0,1,25,13.5,0,Ferrero,niche_professional,1,0,1,0,domestic,0,0,0,5,count,1,False,,375.0,5.926926025970411,,93116.66666666667,11.441608466219185,,119466.66666666667,11.690792671414803
Kẹo Socola Snickers Túi 3 thanh 51g,Hộp,Kẹo - Chocolate,Bánh Kẹo,57223.529411764706,69264.70588235294,34,0.8529411764705882,0.2060911150264284,0.1368063761062863,4,0.2520868113522538,1,0,2,29,29.0,1,,,0,0,0,0,domestic,0,0,0,7,count,1,False,,51.0,3.9318256327243257,,112202.99884659746,11.62806499940159,,135813.14878892733,11.81903531408026
Kẹo Socola hạnh nhân Nga Ivan 400g,Gói,Kẹo - Chocolate,Bánh Kẹo,258000.0,258000.0,20,0.0,,0.0,1,0.0,0,0,1,0,0.0,0,,,0,0,0,0,domestic,0,0,0,7,count,1,False,,400.0,5.991464547107982,,64500.0,11.074420502783864,,64500.0,11.074420502783864
Kẹo Storch socola sữa hỗn hợp Merci 250g,Hộp,Kẹo - Chocolate,Bánh Kẹo,198000.0,198000.0,21,0.0,,0.0,1,0.0,0,0,1,0,0.0,0,Merci,niche_professional,1,0,1,0,domestic,0,0,0,8,count,1,False,,250.0,5.521460917862246,,79200.0,11.279731577802517,,79200.0,11.279731577802517
Kẹo Sô cô la hạnh nhân Ferrero Raffaello 230g,Hộp,Kẹo - Chocolate,Bánh Kẹo,258900.0,280100.0,3,1.0,0.0756872545519457,0.0,1,0.0,1,1,1,3,3.0,0,Ferrero,niche_professional,1,0,1,0,domestic,0,0,0,9,count,1,False,,230.0,5.438079308923196,,112565.21739130435,11.631288042804526,,121782.60869565219,11.709992838313097
Kẹo Trứng Playmore Socola Sữa 20g,Cái,Kẹo - Chocolate,Bánh Kẹo,28000.0,28000.0,21,0.0,,0.0,1,0.0,0,0,1,0,0.0,0,Playmore,local_value,0,0,1,0,domestic,0,0,0,6,count,1,False,,20.0,2.995732273553991,,140000.0,11.84939770159144,,140000.0,11.84939770159144
Kẹo búp bê Relkon Hello Kitty,Cái,Kẹo - Chocolate,Bánh Kẹo,37000.0,37000.0,21,0.0,,0.0,1,0.0,0,0,1,0,0.0,0,,,0,0,0,0,domestic,0,0,0,6,count,1,False,,,,,,,,,
Kẹo bơm PLaymore bong bóng 100g,Cái,Kẹo - Chocolate,Bánh Kẹo,63200.0,63200.0,21,0.0,,0.0,1,0.0,0,0,1,0,0.0,0,Playmore,local_value,0,0,1,0,domestic,0,0,0,6,count,1,False,,100.0,4.605170185988092,,63200.0,11.054059580134949,,63200.0,11.054059580134949
Kẹo bạc hà Lotte Anytime gói 60g,Gói,Kẹo - Chocolate,Bánh Kẹo,32000.0,32000.0,23,0.0,,0.0,1,0.0,0,0,1,0,0.0,0,Lotte,prestige_leader,1,1,1,0,domestic,0,0,0,7,count,1,False,,60.0,4.0943445622221,,53333.333333333336,10.884316805547854,,53333.333333333336,10.884316805547854
Kẹo chanh muối Kheesan gói 150g,Gói,Kẹo - Chocolate,Bánh Kẹo,21500.0,21500.0,20,0.0,,0.0,1,0.0,0,0,1,0,0.0,0,,,0,0,0,0,domestic,0,0,0,6,count,1,False,,150.0,5.0106352940962555,,14333.333333333334,9.57034310600759,,14333.333333333334,9.57034310600759
Kẹo cà phê Coffeeshot Kopiko gói 150g,Gói,Kẹo - Chocolate,Bánh Kẹo,15363.636363636364,17000.0,33,0.5454545454545454,0.1764705882352941,0.0987363703903268,2,0.2142857142857142,1,0,1,18,18.0,0,Kopiko,local_value,0,0,1,0,domestic,0,0,0,7,count,1,False,,150.0,5.0106352940962555,,10242.424242424242,9.234293612998675,,11333.333333333334,9.335503514930188
Kẹo cây quạt và con dấu Relkon Hello Kitty,Cái,Kẹo - Chocolate,Bánh Kẹo,125000.0,125000.0,20,0.0,,0.0,1,0.0,0,0,1,0,0.0,0,,,0,0,0,0,domestic,0,0,0,9,count,1,False,,,,,,,,,
Kẹo cứng phát tài thỏi vàng Bibica 68g,Hộp,Kẹo - Chocolate,Bánh Kẹo,34900.0,62000.0,7,1.0,0.4370967741935483,0.0,1,0.0,1,1,1,7,7.0,0,Bibica,household_giant,0,1,1,0,domestic,0,0,0,8,count,1,False,,68.0,4.219507705176107,,51323.5294117647,10.845904589002503,,91176.47058823529,11.420552144839213
Kẹo dẻo Boom mix gói 200g,Gói,Kẹo - Chocolate,Bánh Kẹo,43966.666666666664,49900.0,3,0.6666666666666666,0.1783567134268537,0.1168707519891054,2,0.1783567134268536,1,0,1,2,2.0,0,,,0,0,0,0,domestic,0,0,0,6,count,1,False,,200.0,5.298317366548036,,21983.333333333332,9.998039869477351,,24950.0,10.124629101179664
Kẹo dẻo Boom vị dâu 91gT40,Gói,Kẹo - Chocolate,Bánh Kẹo,20400.0,20400.0,21,0.0,,0.0,1,0.0,0,0,1,0,0.0,0,,,0,0,0,0,domestic,0,0,0,6,count,1,False,,,,,,,,,
Kẹo dẻo Boom vị nho 91g,Gói,Kẹo - Chocolate,Bánh Kẹo,20400.0,20400.0,21,0.0,,0.0,1,0.0,0,0,1,0,0.0,0,,,0,0,0,0,domestic,0,0,0,6,count,1,False,,91.0,4.51085950651685,,22417.582417582416,10.017600859303549,,22417.582417582416,10.017600859303549
Kẹo dẻo Boom vị xoài lắc muối ớt 50g,Gói,Kẹo - Chocolate,Bánh Kẹo,12900.0,12900.0,21,0.0,,0.0,1,0.0,0,0,1,0,0.0,0,,,0,0,0,0,domestic,0,0,0,9,count,1,False,,50.0,3.912023005428146,,25800.0,10.158129770909708,,25800.0,10.158129770909708
Kẹo dẻo Boom vị đào gói 91g,Gói,Kẹo - Chocolate,Bánh Kẹo,20900.0,20900.0,20,0.0,,0.0,1,0.0,0,0,1,0,0.0,0,,,0,0,0,0,domestic,0,0,0,7,count,1,False,,91.0,4.51085950651685,,22967.032967032967,10.041815117424143,,22967.032967032967,10.041815117424143
Kẹo dẻo Cola Chupa Chups gói 90g,Gói,Kẹo - Chocolate,Bánh Kẹo,22991.304347826088,24400.0,23,0.391304347826087,0.1475409836065573,0.0781355915469016,2,0.1730769230769231,1,0,1,9,9.0,0,,,0,0,0,0,domestic,0,0,0,7,count,1,False,,90.0,4.499809670330265,,25545.893719806765,10.14823186724829,,27111.11111111111,10.20769892693912
Kẹo dẻo DIY tự làm thế giới đại dương 32g,Hộp,Kẹo - Chocolate,Bánh Kẹo,40000.0,40000.0,20,0.0,,0.0,1,0.0,0,0,1,0,0.0,0,,,0,0,0,0,domestic,0,0,0,10,count,1,False,,32.0,3.4657359027997265,,125000.0,11.736069016284437,,125000.0,11.736069016284437
Kẹo dẻo Goldbears Haribo gói 80g,Gói,Kẹo - Chocolate,Bánh Kẹo,28500.0,28500.0,28,0.0,,0.0,1,0.0,0,0,1,0,0.0,0,Haribo,niche_professional,1,0,1,0,domestic,0,0,0,6,count,1,False,,80.0,4.382026634673881,,35625.0,10.480802917570951,,35625.0,10.480802917570951
Kẹo dẻo Happy Cola Haribo gói 80g,Gói,Kẹo - Chocolate,Bánh Kẹo,28500.0,28500.0,27,0.0,,0.0,1,0.0,0,0,1,0,0.0,0,Haribo,niche_professional,1,0,1,0,domestic,0,0,0,7,count,1,False,,80.0,4.382026634673881,,35625.0,10.480802917570951,,35625.0,10.480802917570951
Kẹo dẻo Happy Grapes Haribo gói 80g,Gói,Kẹo - Chocolate,Bánh Kẹo,28800.0,28800.0,21,0.0,,0.0,1,0.0,0,0,1,0,0.0,0,Haribo,niche_professional,1,0,1,0,domestic,0,0,0,7,count,1,False,,80.0,4.382026634673881,,36000.0,10.491274217438248,,36000.0,10.491274217438248
Kẹo dẻo Haribo Fruity Basket 80g,Gói,Kẹo - Chocolate,Bánh Kẹo,28800.0,28800.0,26,0.0,,0.0,1,0.0,0,0,1,0,0.0,0,Haribo,niche_professional,1,0,1,0,domestic,0,0,0,6,count,1,False,,80.0,4.382026634673881,,36000.0,10.491274217438248,,36000.0,10.491274217438248
Kẹo dẻo Haribo Happy Cola gói 160g,Gói,Kẹo - Chocolate,Bánh Kẹo,52121.42857142857,52500.0,28,0.0357142857142857,0.2019047619047619,0.0384335533743794,2,0.2019047619047619,1,0,1,1,1.0,0,Haribo,niche_professional,1,0,1,0,domestic,0,0,0,7,count,1,False,,160.0,5.075173815233827,,32575.892857142855,10.391327810892717,,32812.5,10.398564819333979
Kẹo dẻo Haribo Happy Worm Sour gói 80g,Gói,Kẹo - Chocolate,Bánh Kẹo,28800.0,28800.0,21,0.0,,0.0,1,0.0,0,0,1,0,0.0,0,Haribo,niche_professional,1,0,1,0,domestic,0,0,0,8,count,1,False,,80.0,4.382026634673881,,36000.0,10.491274217438248,,36000.0,10.491274217438248
Kẹo dẻo LOT 100 tổng hợp 320g,Gói,Kẹo - Chocolate,Bánh Kẹo,91800.0,91800.0,9,0.0,,0.0,1,0.0,0,0,1,0,0.0,0,Lot 100,niche_professional,1,0,1,0,domestic,0,0,0,7,count,1,False,,320.0,5.768320995793772,,28687.5,10.264216766802901,,28687.5,10.264216766802901
Kẹo dẻo Lot 100 hương xoài 150g,Gói,Kẹo - Chocolate,Bánh Kẹo,46500.0,46500.0,25,0.0,,0.0,1,0.0,0,0,1,0,0.0,0,Lot 100,niche_professional,1,0,1,0,domestic,0,0,0,7,count,1,False,,150.0,5.0106352940962555,,31000.0,10.341742483467284,,31000.0,10.341742483467284
Kẹo dẻo PLAYMORE hình trứng chiên gói 48g,Gói,Kẹo - Chocolate,Bánh Kẹo,30500.0,30500.0,20,0.0,,0.0,1,0.0,0,0,1,0,0.0,0,Playmore,local_value,0,0,1,0,domestic,0,0,0,8,count,1,False,,48.0,3.871201010907891,,63541.66666666667,11.059451137675703,,63541.66666666667,11.059451137675703
Kẹo dẻo Panda Bear Chupa Chups 160g,Gói,Kẹo - Chocolate,Bánh Kẹo,35500.0,35500.0,1,0.0,,,1,0.0,0,0,1,0,0.0,0,,,0,0,0,0,domestic,0,0,0,7,count,1,False,,160.0,5.075173815233827,,22187.5,10.007284346217771,,22187.5,10.007284346217771
Kẹo dẻo Playmore cuộn vị cola 21g,Gói,Kẹo - Chocolate,Bánh Kẹo,15000.0,15000.0,16,0.0,,0.0,1,0.0,0,0,1,0,0.0,0,Playmore,local_value,0,0,1,0,domestic,0,0,0,7,count,1,False,,21.0,3.044522437723423,,71428.57142857143,11.176453228349015,,71428.57142857143,11.176453228349015
Kẹo dẻo Playmore mì jajang 60g,Hộp,Kẹo - Chocolate,Bánh Kẹo,38500.0,38500.0,21,0.0,,0.0,1,0.0,0,0,1,0,0.0,0,Playmore,local_value,0,0,1,0,domestic,0,0,0,6,count,1,False,,60.0,4.0943445622221,,64166.66666666667,11.069239144041866,,64166.66666666667,11.069239144041866
Kẹo dẻo Starmix Haribo gói 160g,Gói,Kẹo - Chocolate,Bánh Kẹo,51911.11111111111,52500.0,18,0.0555555555555555,0.2019047619047619,0.0481292714934336,2,0.2019047619047619,1,0,1,1,1.0,0,Haribo,niche_professional,1,0,1,0,domestic,0,0,0,6,count,1,False,,160.0,5.075173815233827,,32444.44444444444,10.387284503914199,,32812.5,10.398564819333979
"Kẹo dẻo Vị Đào Boom 52,5g",Gói,Kẹo - Chocolate,Bánh Kẹo,12700.0,12700.0,21,0.0,,0.0,1,0.0,0,0,1,0,0.0,0,,,0,0,0,0,domestic,0,0,0,6,count,1,False,,52.5,3.960813169597578,,24190.47619047619,10.093714288837196,,24190.47619047619,10.093714288837196
Kẹo dẻo Worms Haribo gói 80g,Gói,Kẹo - Chocolate,Bánh Kẹo,28800.0,28800.0,21,0.0,,0.0,1,0.0,0,0,1,0,0.0,0,Haribo,niche_professional,1,0,1,0,domestic,0,0,0,6,count,1,False,,80.0,4.382026634673881,,36000.0,10.491274217438248,,36000.0,10.491274217438248
Kẹo dẻo Yubi Frankurter 96g/90g,Gói,Kẹo - Chocolate,Bánh Kẹo,33400.0,33400.0,26,0.0,,0.0,1,0.0,0,0,1,0,0.0,0,,,0,0,0,0,domestic,0,0,0,5,count,1,False,,90.0,4.499809670330265,,37111.11111111111,10.521671694622619,,37111.11111111111,10.521671694622619
Kẹo dẻo burger Yubi gói 96g/90g,Gói,Kẹo - Chocolate,Bánh Kẹo,33200.0,33200.0,10,0.0,,0.0,1,0.0,0,0,1,0,0.0,0,,,0,0,0,0,domestic,0,0,0,6,count,1,False,,90.0,4.499809670330265,,36888.88888888889,10.515665670562406,,36888.88888888889,10.515665670562406
Kẹo dẻo chupa chups bites gói 90g,Gói,Kẹo - Chocolate,Bánh Kẹo,24400.0,24400.0,20,0.0,,0.0,1,0.0,0,0,1,0,0.0,0,,,0,0,0,0,domestic,0,0,0,7,count,1,False,,90.0,4.499809670330265,,27111.11111111111,10.20769892693912,,27111.11111111111,10.20769892693912
Kẹo dẻo gấu Panda Chupa Chups hương trái cây hỗn hợp gói 90g,Gói,Kẹo - Chocolate,Bánh Kẹo,21650.0,23800.0,28,0.5,0.180672268907563,0.1011294610639471,2,0.180672268907563,1,0,1,14,14.0,0,,,0,0,0,0,domestic,0,0,0,13,count,1,False,,90.0,4.499809670330265,,24055.555555555555,10.088121249088463,,26444.444444444445,10.182801375317393
Kẹo dẻo hương trái cây Chupa Chups 8g,Cái,Kẹo - Chocolate,Bánh Kẹo,2600.0,2600.0,18,0.0,,0.0,1,0.0,0,0,1,0,0.0,0,,,0,0,0,0,domestic,0,0,0,8,count,1,False,,8.0,2.0794415416798357,,32500.0,10.388995368317829,,32500.0,10.388995368317829
Kẹo dẻo hương trái cây Chupa Chups gói 56g,Gói,Kẹo - Chocolate,Bánh Kẹo,14300.0,14300.0,16,0.0,,0.0,1,0.0,0,0,1,0,0.0,0,,,0,0,0,0,domestic,0,0,0,9,count,1,False,,56.0,4.02535169073515,,25535.714285714283,10.147833311500941,,25535.714285714283,10.147833311500941
Kẹo dẻo jelly Jongkol Mashmalow xiên que gói 300g,Gói,Kẹo - Chocolate,Bánh Kẹo,96000.0,96000.0,20,0.0,,0.0,1,0.0,0,0,1,0,0.0,0,,,0,0,0,0,domestic,0,0,0,9,count,1,False,,300.0,5.703782474656201,,32000.0,10.373491181781864,,32000.0,10.373491181781864
Kẹo dẻo trái cây Haribo Goldbears gói 160g,Gói,Kẹo - Chocolate,Bánh Kẹo,52134.48275862069,52500.0,29,0.0344827586206896,0.2019047619047619,0.0377556365868283,2,0.2019047619047619,1,0,1,1,1.0,0,Haribo,niche_professional,1,0,1,0,domestic,0,0,0,8,count,1,False,,160.0,5.075173815233827,,32584.051724137928,10.391578236736082,,32812.5,10.398564819333979
Kẹo dẻo trái cây Trolli Mini Berger 50g,Cái,Kẹo - Chocolate,Bánh Kẹo,36300.0,36300.0,21,0.0,,0.0,1,0.0,0,0,1,0,0.0,0,Trolli,local_value,0,0,1,0,domestic,0,0,0,8,count,1,False,,50.0,3.912023005428146,,72600.0,11.192720200812888,,72600.0,11.192720200812888
Kẹo dẻo vị nho Boom 52.5g,Gói,Kẹo - Chocolate,Bánh Kẹo,12500.0,12500.0,21,0.0,,0.0,1,0.0,0,0,1,0,0.0,0,,,0,0,0,0,domestic,0,0,0,6,count,1,False,,52.5,3.960813169597578,,23809.52380952381,10.077840939680906,,23809.52380952381,10.077840939680906
Kẹo dẻo vị trái cây Goldbears Haribo gói 200g,Gói,Kẹo - Chocolate,Bánh Kẹo,73969.56521739131,79800.0,23,0.391304347826087,0.1867167919799498,0.1005178559645603,2,0.2295839753466872,1,0,1,9,9.0,0,Haribo,niche_professional,1,0,1,0,domestic,0,0,0,9,count,1,False,,200.0,5.298317366548036,,36984.782608695656,10.518261826181135,,39900.0,10.594131602877955
Kẹo dẻo xếp hình Playmore 64g,Gói,Kẹo - Chocolate,Bánh Kẹo,34000.0,34000.0,15,0.0,,0.0,1,0.0,0,0,1,0,0.0,0,Playmore,local_value,0,0,1,0,domestic,0,0,0,6,count,1,False,,64.0,4.1588830833596715,,53125.0,10.880402906226719,,53125.0,10.880402906226719
Kẹo dẻo xếp hình sữa chua Playmore 64g,Gói,Kẹo - Chocolate,Bánh Kẹo,33000.0,33000.0,15,0.0,,0.0,1,0.0,0,0,1,0,0.0,0,Playmore,local_value,0,0,1,0,domestic,0,0,0,8,count,1,False,,64.0,4.1588830833596715,,51562.5,10.850549943077036,,51562.5,10.850549943077036
Kẹo dừa hạnh nhân Ferrero Confett 150g,Hộp,Kẹo - Chocolate,Bánh Kẹo,164271.42857142858,225000.0,35,0.8571428571428571,0.3148888888888889,0.216417391088816,3,0.8907563025210083,1,0,1,28,15.0,0,Ferrero,niche_professional,1,0,1,0,domestic,0,0,0,7,count,1,False,,150.0,5.0106352940962555,,109514.28571428572,11.603810282873278,,150000.0,11.918390573078392
Kẹo gum Xylitol Fresh Mint hũ 58g,Hộp,Kẹo - Chocolate,Bánh Kẹo,28800.0,28800.0,26,0.0,,0.0,1,0.0,0,0,1,0,0.0,0,Xylitol,local_value,0,0,1,0,domestic,0,0,0,7,count,1,False,,58.0,4.060443010546419,,49655.17241379311,10.812857841565709,,49655.17241379311,10.812857841565709
Kẹo gum hương bạc hà Doublemint hộp 58.4g,Hộp,Kẹo - Chocolate,Bánh Kẹo,30759.25925925926,31000.0,27,0.037037037037037,0.2096774193548387,0.0406682609844588,2,0.2096774193548387,1,0,1,1,1.0,0,Wrigley,niche_professional,1,0,1,0,domestic,0,0,0,8,count,1,False,,58.4,4.067315889834181,,52669.96448503298,10.871800638185068,,53082.19178082192,10.879596779621194
Kẹo gum không đường Xylitol Cool Lotte hộp 145g,Hộp,Kẹo - Chocolate,Bánh Kẹo,58600.0,58600.0,21,0.0,,0.0,1,0.0,0,0,1,0,0.0,0,Lotte,prestige_leader,1,1,1,0,domestic,0,1,0,9,count,1,False,,145.0,4.976733742420574,,40413.793103448275,10.606926419132622,,40413.793103448275,10.606926419132622
Kẹo gum không đường Xylitol Cool Lotte hộp 58g,Hộp,Kẹo - Chocolate,Bánh Kẹo,28800.0,28800.0,21,0.0,,0.0,1,0.0,0,0,1,0,0.0,0,Lotte,prestige_leader,1,1,1,0,domestic,0,1,0,9,count,1,False,,58.0,4.060443010546419,,49655.17241379311,10.812857841565709,,49655.17241379311,10.812857841565709
Kẹo gum không đường hương Bạc Hà Xylitol hộp 145g,Hộp,Kẹo - Chocolate,Bánh Kẹo,58600.0,58600.0,22,0.0,,0.0,1,0.0,0,0,1,0,0.0,0,Xylitol,local_value,0,0,1,0,domestic,0,1,0,10,count,1,False,,145.0,4.976733742420574,,40413.793103448275,10.606926419132622,,40413.793103448275,10.606926419132622
Kẹo gum không đường hương Chanh Bạc Hà Xylitol Lotte hộp 58g,Hộp,Kẹo - Chocolate,Bánh Kẹo,28800.0,28800.0,26,0.0,,0.0,1,0.0,0,0,1,0,0.0,0,Lotte,prestige_leader,1,1,1,0,domestic,0,1,0,12,count,1,False,,58.0,4.060443010546419,,49655.17241379311,10.812857841565709,,49655.17241379311,10.812857841565709
Kẹo gum không đường hương Chanh Bạc Hà Xylitol hộp 145g,Hộp,Kẹo - Chocolate,Bánh Kẹo,58600.0,58600.0,26,0.0,,0.0,1,0.0,0,0,1,0,0.0,0,Xylitol,local_value,0,0,1,0,domestic,0,1,0,11,count,1,False,,145.0,4.976733742420574,,40413.793103448275,10.606926419132622,,40413.793103448275,10.606926419132622
Kẹo gum không đường hương Dâu Bạc Hà Xylitol hộp 58g,Hộp,Kẹo - Chocolate,Bánh Kẹo,28800.0,28800.0,26,0.0,,0.0,1,0.0,0,0,1,0,0.0,0,Xylitol,local_value,0,0,1,0,domestic,0,1,0,11,count,1,False,,58.0,4.060443010546419,,49655.17241379311,10.812857841565709,,49655.17241379311,10.812857841565709
Kẹo gum không đường hương Việt Quất Xylitol hộp 145g,Hộp,Kẹo - Chocolate,Bánh Kẹo,58600.0,58600.0,26,0.0,,0.0,1,0.0,0,0,1,0,0.0,0,Xylitol,local_value,0,0,1,0,domestic,0,1,0,10,count,1,False,,145.0,4.976733742420574,,40413.793103448275,10.606926419132622,,40413.793103448275,10.606926419132622
Kẹo gum không đường hương Việt Quất Xylitol hộp 58g,Hộp,Kẹo - Chocolate,Bánh Kẹo,28800.0,28800.0,25,0.0,,0.0,1,0.0,0,0,1,0,0.0,0,Xylitol,local_value,0,0,1,0,domestic,0,1,0,10,count,1,False,,58.0,4.060443010546419,,49655.17241379311,10.812857841565709,,49655.17241379311,10.812857841565709
Kẹo gừng Ginberbon 125g,Gói,Kẹo - Chocolate,Bánh Kẹo,20200.0,21800.0,29,0.5517241379310345,0.1330275229357798,0.0726608177597811,2,0.1534391534391535,1,0,1,16,16.0,0,,,0,0,0,0,domestic,0,0,0,4,count,1,False,,125.0,4.8283137373023015,,16160.0,9.690294332075087,,17440.0,9.76652169746297
Kẹo hương bạc hà Dynamite socola Bigbang 120g,Gói,Kẹo - Chocolate,Bánh Kẹo,13625.0,14000.0,24,0.0833333333333333,0.3214285714285714,0.093246556388248,2,0.4736842105263157,1,0,1,2,2.0,0,,,0,0,0,0,domestic,0,0,0,8,count,1,False,,120.0,4.787491742782046,,11354.166666666668,9.337340062737491,,11666.666666666668,9.36449105180344
Kẹo hương bạc hà nhân socola Dynamite BigBang gói 330g,Gói,Kẹo - Chocolate,Bánh Kẹo,32300.0,32300.0,24,0.0,,0.0,1,0.0,0,0,1,0,0.0,0,,,0,0,0,0,domestic,0,0,0,10,count,1,False,,330.0,5.799092654460526,,9787.878787878788,9.188900040738313,,9787.878787878788,9.188900040738313
Kẹo hương xoài Lot 100 320g,Gói,Kẹo - Chocolate,Bánh Kẹo,91800.0,91800.0,13,0.0,,0.0,1,0.0,0,0,1,0,0.0,0,Lot 100,niche_professional,1,0,1,0,domestic,0,0,0,6,count,1,False,,320.0,5.768320995793772,,28687.5,10.264216766802901,,28687.5,10.264216766802901
Kẹo họng vị Việt Quất mật ong 87.5g,Gói,Kẹo - Chocolate,Bánh Kẹo,16200.0,16200.0,19,0.0,,0.0,1,0.0,0,0,1,0,0.0,0,,,0,0,0,0,domestic,0,0,0,8,count,1,False,,87.5,4.471638793363569,,18514.285714285714,9.826297913844998,,18514.285714285714,9.826297913844998
Kẹo hộp nhựa trụ tròn Michoco 350g,Hộp,Kẹo - Chocolate,Bánh Kẹo,119100.0,119100.0,1,0.0,,,1,0.0,0,0,1,0,0.0,0,,,0,0,0,0,domestic,0,0,0,7,count,1,False,,350.0,5.857933154483459,,34028.57142857143,10.434955786848024,,34028.57142857143,10.434955786848024
Kẹo lồng Playmore cún cảnh gói 8g,Cái,Kẹo - Chocolate,Bánh Kẹo,61900.0,61900.0,21,0.0,,0.0,1,0.0,0,0,1,0,0.0,0,Playmore,local_value,0,0,1,0,domestic,0,0,0,7,count,1,False,,8.0,2.0794415416798357,,773750.0,13.559004102980943,,773750.0,13.559004102980943
Kẹo mút Chuppa Chups còi thổi 15g,Gói,Kẹo - Chocolate,Bánh Kẹo,28000.0,28000.0,21,0.0,,0.0,1,0.0,0,0,1,0,0.0,0,,,0,0,0,0,domestic,0,0,0,7,count,1,False,,15.0,2.70805020110221,,186666.6666666667,12.137079774043222,,186666.6666666667,12.137079774043222
Kẹo mút Sukusuku hương trái cây 72g,Gói,Kẹo - Chocolate,Bánh Kẹo,19500.0,19500.0,20,0.0,,0.0,1,0.0,0,0,1,0,0.0,0,,,0,0,0,0,domestic,0,0,0,7,count,1,False,,72.0,4.276666119016055,,27083.333333333336,10.206673811523874,,27083.333333333336,10.206673811523874
Kẹo mút sắc màu Chupa Chups 100/39g,Gói,Kẹo - Chocolate,Bánh Kẹo,12600.0,12600.0,23,0.0,,0.0,1,0.0,0,0,1,0,0.0,0,,,0,0,0,0,domestic,0,0,0,7,count,1,False,,39.0,3.6635616461296463,,32307.692307692305,10.383060632798014,,32307.692307692305,10.383060632798014
Kẹo mút trái cây Chupa Chups 100g,Gói,Kẹo - Chocolate,Bánh Kẹo,12600.0,12600.0,17,0.0,,0.0,1,0.0,0,0,1,0,0.0,0,,,0,0,0,0,domestic,0,0,0,7,count,1,False,,100.0,4.605170185988092,,12600.0,9.441452092939569,,12600.0,9.441452092939569
Kẹo mút trái cây khổng lồ Phương Hiền gói 90g,Cái,Kẹo - Chocolate,Bánh Kẹo,51700.0,51700.0,21,0.0,,0.0,1,0.0,0,0,1,0,0.0,0,,,0,0,0,0,domestic,0,0,0,10,count,1,False,,90.0,4.499809670330265,,57444.444444444445,10.958573576154347,,57444.444444444445,10.958573576154347
"Kẹo mềm Alpenlibe hương dâu 2chew gói 73,5g",Gói,Kẹo - Chocolate,Bánh Kẹo,16100.0,16100.0,21,0.0,,0.0,1,0.0,0,0,1,0,0.0,0,,,0,0,0,0,domestic,0,0,0,8,count,1,False,,73.5,4.297285406218791,,21904.761904761905,9.994459330741854,,21904.761904761905,9.994459330741854
"Kẹo mềm Alpenlibe hương nho 2chew gói 73,5g",Gói,Kẹo - Chocolate,Bánh Kẹo,16100.0,16100.0,21,0.0,,0.0,1,0.0,0,0,1,0,0.0,0,,,0,0,0,0,domestic,0,0,0,8,count,1,False,,73.5,4.297285406218791,,21904.761904761905,9.994459330741854,,21904.761904761905,9.994459330741854
"Kẹo mềm Alpenliebe hương trái cây 87,5g",Gói,Kẹo - Chocolate,Bánh Kẹo,16500.0,16500.0,21,0.0,,0.0,1,0.0,0,0,1,0,0.0,0,Alpenliebe,niche_professional,1,0,1,0,domestic,0,0,0,7,count,1,False,,87.5,4.471638793363569,,18857.14285714286,9.844647052513194,,18857.14285714286,9.844647052513194
Kẹo mềm hương trái cây Sugus gói 210g,Gói,Kẹo - Chocolate,Bánh Kẹo,41842.857142857145,56000.0,42,0.8571428571428571,0.2949404761904761,0.1689961005818595,3,0.5598885793871866,1,0,1,21,18.0,0,,,0,0,0,0,domestic,0,0,0,8,count,1,False,,210.0,5.3471075307174685,,19925.17006802721,9.899739039031134,,26666.666666666664,10.191169624987909
"Kẹo ngậm Doublemin hương Chanh tuýp 23,8g",Tuýp,Kẹo - Chocolate,Bánh Kẹo,30500.0,32500.0,27,0.3333333333333333,0.1846153846153846,0.0945018612620186,2,0.2264150943396226,1,0,1,9,9.0,0,,,0,0,0,0,domestic,0,0,0,7,unknown,1,False,,23.8,3.169685580677429,,128151.26050420167,11.760966567906165,,136554.62184873948,11.824479973628492
"Kẹo ngậm Doublemin hương Spearmint tuýp 23,8g",Tuýp,Kẹo - Chocolate,Bánh Kẹo,30423.07692307692,32500.0,26,0.3461538461538461,0.1846153846153846,0.0956835218076651,2,0.2264150943396226,1,0,1,9,9.0,0,,,0,0,0,0,domestic,0,0,0,7,unknown,1,False,,23.8,3.169685580677429,,127828.0542986425,11.75844131403897,,136554.62184873948,11.824479973628492
"Kẹo ngậm Doublemin hương cam bạc hà tuýp 23,8g",Tuýp,Kẹo - Chocolate,Bánh Kẹo,30500.0,32500.0,27,0.3333333333333333,0.1846153846153846,0.0945018612620186,2,0.2264150943396226,1,0,1,9,9.0,0,,,0,0,0,0,domestic,0,0,0,9,unknown,1,False,,23.8,3.169685580677429,,128151.26050420167,11.760966567906165,,136554.62184873948,11.824479973628492
Kẹo ngậm Mentos không đường bạc hà 35g,Hộp,Kẹo - Chocolate,Bánh Kẹo,36445.454545454544,36800.0,22,0.0454545454545454,0.2119565217391304,0.0456288886587961,2,0.2119565217391305,1,0,1,1,1.0,0,Mentos,local_value,0,0,1,0,domestic,0,1,0,8,count,1,False,,35.0,3.5553480614894135,,104129.87012987013,11.553394150330906,,105142.85714285714,11.5630752486557
Kẹo ngậm Mentos không đường chanh bạc hà 35g,Hộp,Kẹo - Chocolate,Bánh Kẹo,37200.0,37200.0,21,0.0,,0.0,1,0.0,0,0,1,0,0.0,0,Mentos,local_value,0,0,1,0,domestic,0,1,0,9,count,1,False,,35.0,3.5553480614894135,,106285.71428571429,11.573886164759916,,106285.71428571429,11.573886164759916
Kẹo ngậm hương Spearmint Pure Fresh với trà xanh Mentos hộp 35g,Lọ,Kẹo - Chocolate,Bánh Kẹo,36800.0,36800.0,21,0.0,,0.0,1,0.0,0,0,1,0,0.0,0,Mentos,local_value,0,0,1,0,domestic,0,0,0,12,count,1,False,,35.0,3.5553480614894135,,105142.85714285714,11.5630752486557,,105142.85714285714,11.5630752486557
Kẹo ngậm không đường trà xanh Mentos lọ H35g,Lọ,Kẹo - Chocolate,Bánh Kẹo,36800.0,36800.0,21,0.0,,0.0,1,0.0,0,0,1,0,0.0,0,Mentos,local_value,0,0,1,0,domestic,0,1,0,9,count,1,False,,35.0,3.5553480614894135,,105142.85714285714,11.5630752486557,,105142.85714285714,11.5630752486557
Kẹo nhai socola hương bạc hà Dynamite Jack'n Jill gói 125g,Gói,Kẹo - Chocolate,Bánh Kẹo,15759.375,17400.0,32,0.46875,0.2011494252873563,0.1126012751375582,2,0.2011494252873563,1,0,1,15,15.0,0,,,0,0,0,0,domestic,0,0,0,11,count,1,False,,125.0,4.8283137373023015,,12607.5,9.442047153950881,,13920.0,9.54108193388841
Kẹo nổ Striking hương đào 15g,Gói,Kẹo - Chocolate,Bánh Kẹo,25000.0,25000.0,19,0.0,,0.0,1,0.0,0,0,1,0,0.0,0,,,0,0,0,0,domestic,0,0,0,6,count,1,False,,15.0,2.70805020110221,,166666.6666666667,12.02375108873622,,166666.6666666667,12.02375108873622
"Kẹo sing gum hương bạc hà và khuynh diệp CooL Air Wrigley's hộp 58,4g",Lọ,Kẹo - Chocolate,Bánh Kẹo,29334.782608695652,30900.0,23,0.391304347826087,0.1294498381877022,0.0680435762561164,2,0.1486988847583643,1,0,1,9,9.0,0,Wrigley,niche_professional,1,0,1,0,domestic,0,0,0,14,count,1,False,,58.4,4.067315889834181,,50230.79213817749,10.824383506840277,,52910.95890410959,10.876365759039746
Kẹo socola Snickers 240g,Gói,Kẹo - Chocolate,Bánh Kẹo,92826.66666666669,129000.0,45,0.8444444444444444,0.3320685434516524,0.2166664807349169,4,0.72,1,0,1,23,19.0,0,,,0,0,0,0,domestic,0,0,0,4,count,1,False,,240.0,5.480638923341991,,38677.77777777779,10.563020496463311,,53750.0,10.89209894598991
Kẹo socola Snickers gói 51g,Cái,Kẹo - Chocolate,Bánh Kẹo,24800.0,25076.0,25,0.04,0.2565055762081784,0.0563074195313263,3,0.2565055762081785,1,0,2,1,1.0,1,,,0,0,0,0,domestic,0,0,0,5,count,1,False,,51.0,3.9318256327243257,,48627.450980392154,10.791943485416839,,49168.62745098039,10.803011045657625
Kẹo socola nhân đậu phộng M&M's gói 100g,Gói,Kẹo - Chocolate,Bánh Kẹo,55708.333333333336,63000.0,36,0.5833333333333334,0.1984126984126983,0.1121914734480179,2,0.2475247524752475,1,0,1,20,10.5,0,M&M,niche_professional,1,0,1,0,domestic,0,0,0,8,count,1,False,,100.0,4.605170185988092,,55708.333333333336,10.927885025736135,,63000.0,11.05089000537367
Kẹo sô cô la Snickers gói 35g,Cái,Kẹo - Chocolate,Bánh Kẹo,17934.375,19728.125,32,0.46875,0.1878556910569105,0.076329386523312,2,0.140625,1,0,2,15,15.0,1,,,0,0,0,0,domestic,0,0,0,7,count,1,False,,35.0,3.5553480614894135,,51241.071428571435,10.844296665795405,,56366.071428571435,10.939622686054669
Kẹo sô cô la sữa Meiji hộp 120g,Hộp,Kẹo - Chocolate,Bánh Kẹo,145500.0,145500.0,23,0.0,,0.0,1,0.0,0,0,1,0,0.0,0,Meiji,prestige_leader,1,1,1,0,domestic,0,0,0,8,count,1,False,,120.0,4.787491742782046,,121250.0,11.70560980879973,,121250.0,11.70560980879973
Kẹo sữa caramen Alpenliebe gói 120g,Gói,Kẹo - Chocolate,Bánh Kẹo,15214.285714285714,16500.0,14,0.4285714285714285,0.1818181818181818,0.1012638911856808,2,0.2222222222222223,1,0,1,6,6.0,0,Alpenliebe,niche_professional,1,0,1,0,domestic,0,0,0,6,count,1,False,,120.0,4.787491742782046,,12678.57142857143,9.447668558282349,,13750.0,9.528794103094718
Kẹo the PLAYMORE siêu mát lạnh 22g,Hộp,Kẹo - Chocolate,Bánh Kẹo,34000.0,34000.0,21,0.0,,0.0,1,0.0,0,0,1,0,0.0,0,Playmore,local_value,0,0,1,0,domestic,0,0,0,7,count,1,False,,22.0,3.091042453358316,,154545.45454545456,11.948243536228073,,154545.45454545456,11.948243536228073
Kẹo the Playmore vị chanh muối 22g,Hộp,Kẹo - Chocolate,Bánh Kẹo,34000.0,34000.0,16,0.0,,0.0,1,0.0,0,0,1,0,0.0,0,Playmore,local_value,0,0,1,0,domestic,0,0,0,7,count,1,False,,22.0,3.091042453358316,,154545.45454545456,11.948243536228073,,154545.45454545456,11.948243536228073
Kẹo the Playmore vị nho hũ 22g,Hộp,Kẹo - Chocolate,Bánh Kẹo,34000.0,34000.0,21,0.0,,0.0,1,0.0,0,0,1,0,0.0,0,Playmore,local_value,0,0,1,0,domestic,0,0,0,7,count,1,False,,22.0,3.091042453358316,,154545.45454545456,11.948243536228073,,154545.45454545456,11.948243536228073
Kẹo the Playmore vị đào Sakura 22g,Hộp,Kẹo - Chocolate,Bánh Kẹo,34000.0,34000.0,21,0.0,,0.0,1,0.0,0,0,1,0,0.0,0,Playmore,local_value,0,0,1,0,domestic,0,0,0,7,count,1,False,,22.0,3.091042453358316,,154545.45454545456,11.948243536228073,,154545.45454545456,11.948243536228073
Kẹo the vị cookie dâu Playmore 22g,Hộp,Kẹo - Chocolate,Bánh Kẹo,34000.0,34000.0,21,0.0,,0.0,1,0.0,0,0,1,0,0.0,0,Playmore,local_value,0,0,1,0,domestic,0,0,0,7,count,1,False,,22.0,3.091042453358316,,154545.45454545456,11.948243536228073,,154545.45454545456,11.948243536228073
Kẹo the vị dưa hấu Playmore hũ 22g,Hộp,Kẹo - Chocolate,Bánh Kẹo,34000.0,34000.0,18,0.0,,0.0,1,0.0,0,0,1,0,0.0,0,Playmore,local_value,0,0,1,0,domestic,0,0,0,8,count,1,False,,22.0,3.091042453358316,,154545.45454545456,11.948243536228073,,154545.45454545456,11.948243536228073
Kẹo the vị táo xanh Playmore hũ 22g,Hộp,Kẹo - Chocolate,Bánh Kẹo,34000.0,34000.0,18,0.0,,0.0,1,0.0,0,0,1,0,0.0,0,Playmore,local_value,0,0,1,0,domestic,0,0,0,8,count,1,False,,22.0,3.091042453358316,,154545.45454545456,11.948243536228073,,154545.45454545456,11.948243536228073
Kẹo thảo mộc Ricola Chanh & Bạc Hà 40g,Hộp,Kẹo - Chocolate,Bánh Kẹo,36650.0,40800.0,30,0.5,0.2034313725490196,0.1151690398373682,2,0.2034313725490196,1,0,1,15,15.0,0,Ricola,niche_professional,1,0,1,0,domestic,0,0,0,9,count,1,False,,40.0,3.6888794541139363,,91625.0,11.425459439188952,,102000.0,11.532728092266408
Kẹo thảo mộc Ricola trái cây Cranberry 40g,Hộp,Kẹo - Chocolate,Bánh Kẹo,36650.0,40800.0,30,0.5,0.2034313725490196,0.1151690398373682,2,0.2034313725490196,1,0,1,15,15.0,0,Ricola,niche_professional,1,0,1,0,domestic,0,0,0,8,count,1,False,,40.0,3.6888794541139363,,91625.0,11.425459439188952,,102000.0,11.532728092266408
Kẹo trái cây Popop quả 100g,Qủa,Kẹo - Chocolate,Bánh Kẹo,48500.0,48500.0,23,0.0,,0.0,1,0.0,0,0,1,0,0.0,0,,,0,0,0,0,domestic,0,0,0,6,unknown,1,False,,100.0,4.605170185988092,,48500.0,10.789319076925574,,48500.0,10.789319076925574
Kẹo trái cây Skittles 100g,Hộp,Kẹo - Chocolate,Bánh Kẹo,49485.71428571428,51414.28571428572,21,0.4285714285714285,0.088235294117647,0.0570358733429796,3,0.1591397849462366,1,0,2,9,9.0,1,Skittles,niche_professional,1,0,1,0,domestic,0,0,0,5,count,1,False,,100.0,4.605170185988092,,49485.71428571428,10.809439306615104,,51414.28571428572,10.84767134501181
Kẹo trái cây Starmix gói 80g,Gói,Kẹo - Chocolate,Bánh Kẹo,28500.0,28500.0,21,0.0,,0.0,1,0.0,0,0,1,0,0.0,0,,,0,0,0,0,domestic,0,0,0,6,count,1,False,,80.0,4.382026634673881,,35625.0,10.480802917570951,,35625.0,10.480802917570951
Kẹo trái tim Relkon đồ chơi Hello Kitty,Cái,Kẹo - Chocolate,Bánh Kẹo,31000.0,31000.0,21,0.0,,0.0,1,0.0,0,0,1,0,0.0,0,,,0,0,0,0,domestic,0,0,0,8,count,1,False,,,,,,,,,
Kẹo trứng Pop It 15g,Cái,Kẹo - Chocolate,Bánh Kẹo,11000.0,11000.0,15,0.0,,0.0,1,0.0,0,0,1,0,0.0,0,,,0,0,0,0,domestic,0,0,0,5,count,1,False,,15.0,2.70805020110221,,73333.33333333334,11.202770536666389,,73333.33333333334,11.202770536666389
Kẹo tứ vị Tuấn Đạt hộp 450g,Hộp,Kẹo - Chocolate,Bánh Kẹo,120257.14285714286,133400.0,7,0.7142857142857143,0.1379310344827586,0.0746590219742047,2,0.1599999999999999,1,0,1,5,5.0,0,,,0,0,0,0,domestic,0,0,0,7,count,1,False,,450.0,6.1092475827643655,,26723.809523809523,10.19331018948702,,29644.444444444445,10.297030015687387
Kẹo tự làm DIY socola - hình thú hộp 42g,Hộp,Kẹo - Chocolate,Bánh Kẹo,40000.0,40000.0,21,0.0,,0.0,1,0.0,0,0,1,0,0.0,0,,,0,0,0,0,domestic,0,0,0,10,count,1,False,,42.0,3.7376696182833684,,95238.09523809524,11.464135300800796,,95238.09523809524,11.464135300800796
Kẹo xí muội Playmore hũ 22g,Hộp,Kẹo - Chocolate,Bánh Kẹo,34000.0,34000.0,18,0.0,,0.0,1,0.0,0,0,1,0,0.0,0,Playmore,local_value,0,0,1,0,domestic,0,0,0,6,count,1,False,,22.0,3.091042453358316,,154545.45454545456,11.948243536228073,,154545.45454545456,11.948243536228073
Kẹo xương cá và lồng mèo Playmore 8g,Cái,Kẹo - Chocolate,Bánh Kẹo,62000.0,62000.0,21,0.0,,0.0,1,0.0,0,0,1,0,0.0,0,Playmore,local_value,0,0,1,0,domestic,0,0,0,8,count,1,False,,8.0,2.0794415416798357,,775000.0,13.560618308335483,,775000.0,13.560618308335483
Kẹo xốp Haribo C.Pink & White 70g,Gói,Kẹo - Chocolate,Bánh Kẹo,28800.0,28800.0,20,0.0,,0.0,1,0.0,0,0,1,0,0.0,0,Haribo,niche_professional,1,0,1,0,domestic,0,0,0,7,count,1,False,,70.0,4.248495242049359,,41142.857142857145,10.62480561006277,,41142.857142857145,10.62480561006277
Kẹo đậu phộng hạnh nhân socola KDV 180g,Gói,Kẹo - Chocolate,Bánh Kẹo,62500.0,62500.0,21,0.0,,0.0,1,0.0,0,0,1,0,0.0,0,,,0,0,0,0,domestic,0,0,0,8,count,1,False,,180.0,5.19295685089021,,34722.22222222222,10.455135170822373,,34722.22222222222,10.455135170822373
Kẹo đậu phộng hạnh nhân socola KDV 500g,Gói,Kẹo - Chocolate,Bánh Kẹo,157800.0,159000.0,20,0.05,0.1509433962264151,0.0340086384410614,2,0.1777777777777778,1,0,1,1,1.0,0,,,0,0,0,0,domestic,0,0,0,8,count,1,False,,500.0,6.214608098422191,,31560.0,10.35964577495981,,31800.0,10.367221568768269
Kẹoo Kopiko Capuchiano Coffếhot 140g,Gói,Bánh Xốp - Bánh Quy,Bánh Kẹo,15363.636363636364,17000.0,33,0.5454545454545454,0.1764705882352941,0.0987363703903268,2,0.2142857142857142,1,0,1,18,18.0,0,Kopiko,local_value,0,0,1,0,domestic,0,0,0,5,count,1,False,,140.0,4.941642422609304,,10974.025974025975,9.303286484485627,,12142.857142857143,9.40449638641714
Lambertz Luxury hộp thiếc hộp 420g,Hộp,Bánh Xốp - Bánh Quy,Bánh Kẹo,292911.1111111111,315000.0,27,0.6296296296296297,0.1113725490196078,0.0589401375917633,3,0.1254019292604502,1,0,1,17,17.0,0,Lambertz,niche_professional,1,0,1,0,domestic,0,0,0,6,count,1,False,,420.0,6.040254711277414,,69740.74074074074,11.152539941634961,,75000.0,11.225243392518447
Lay’s Stax Vị Thịt Nướng 100g,Lọ,Bánh Xốp - Bánh Quy,Bánh Kẹo,35000.0,35000.0,20,0.0,,0.0,1,0.0,0,0,1,0,0.0,0,,,0,0,0,0,domestic,0,0,0,6,count,1,False,,100.0,4.605170185988092,,35000.0,10.46310334047155,,35000.0,10.46310334047155
Lộc Xuân An Khang hộp 400g,Hộp,Bánh Xốp - Bánh Quy,Bánh Kẹo,129965.5172413793,154000.0,29,0.5862068965517241,0.2662337662337662,0.1581221774568246,2,0.3628318584070795,1,0,1,17,17.0,0,Xuân An,local_value,0,0,1,0,domestic,0,0,0,6,count,1,False,,400.0,5.991464547107982,,32491.379310344826,10.388730081142908,,38500.0,10.558413520275876
Lộc Xuân Phú Quý 794g,Hộp,Bánh Xốp - Bánh Quy,Bánh Kẹo,177290.32258064515,208000.0,31,0.5483870967741935,0.2692307692307692,0.1597901487503437,2,0.368421052631579,1,0,1,17,17.0,0,,,0,0,0,0,domestic,0,0,0,5,count,1,False,,794.0,6.677083461247136,,22328.755992524577,10.013630633140131,,26196.47355163728,10.17338008342441
Macca Minh Việt 300g,Gói,Hạt - Trái Cây Sấy Khô,Bánh Kẹo,147100.0,147100.0,18,0.0,,0.0,1,0.0,0,0,1,0,0.0,0,Minh Việt,local_value,0,0,1,0,domestic,0,0,0,4,count,1,False,,300.0,5.703782474656201,,49033.333333333336,10.800255617921419,,49033.333333333336,10.800255617921419
Me thái cay ngọt FITO hộp 100g,Gói,Bánh Xốp - Bánh Quy,Bánh Kẹo,30000.0,30000.0,21,0.0,,0.0,1,0.0,0,0,1,0,0.0,0,,,0,0,0,0,Thái,1,0,0,7,count,1,False,,100.0,4.605170185988092,,30000.0,10.308952660644293,,30000.0,10.308952660644293
Me thái ngọt Fito hộp 200g,Hộp,Bánh Xốp - Bánh Quy,Bánh Kẹo,46900.0,46900.0,21,0.0,,0.0,1,0.0,0,0,1,0,0.0,0,,,0,0,0,0,Thái,1,0,0,6,count,1,False,,200.0,5.298317366548036,,23450.0,10.062625773874425,,23450.0,10.062625773874425
Mít sấy Dann gói 100g,Gói,Hạt - Trái Cây Sấy Khô,Bánh Kẹo,40300.0,40300.0,21,0.0,,0.0,1,0.0,0,0,1,0,0.0,0,,,0,0,0,0,domestic,0,0,0,5,count,1,False,,100.0,4.605170185988092,,40300.0,10.604106747934773,,40300.0,10.604106747934773
Mít sấy Vinamit gói 100g,Gói,Hạt - Trái Cây Sấy Khô,Bánh Kẹo,41368.96551724138,45000.0,29,0.4482758620689655,0.18,0.0990977994653279,2,0.18,1,0,1,13,13.0,0,Vinamit,niche_professional,1,0,1,0,domestic,0,0,0,5,count,1,False,,100.0,4.605170185988092,,41368.96551724138,10.630286253516545,,45000.0,10.714417768752456
Mít sấy Vinamit gói 150g,Gói,Hạt - Trái Cây Sấy Khô,Bánh Kẹo,64400.0,64400.0,7,0.0,,0.0,1,0.0,0,0,1,0,0.0,0,Vinamit,niche_professional,1,0,1,0,domestic,0,0,0,5,count,1,False,,150.0,5.0106352940962555,,42933.333333333336,10.66740380398428,,42933.333333333336,10.66740380398428
Mít sấy WinMart Good 100g,Gói,Hạt - Trái Cây Sấy Khô,Bánh Kẹo,31200.0,31200.0,20,0.0,,0.0,1,0.0,0,0,1,0,0.0,0,,,0,0,0,0,domestic,0,0,0,5,count,1,False,,100.0,4.605170185988092,,31200.0,10.348173373797573,,31200.0,10.348173373797573
Mít sấy WinMart Good gói 150g,Gói,Hạt - Trái Cây Sấy Khô,Bánh Kẹo,45400.0,45400.0,9,0.0,,0.0,1,0.0,0,0,1,0,0.0,0,,,0,0,0,0,domestic,0,0,0,6,count,1,False,,150.0,5.0106352940962555,,30266.666666666668,10.317802275921276,,30266.666666666668,10.317802275921276
Mít sấy gói Vinamit 250g,Gói,Hạt - Trái Cây Sấy Khô,Bánh Kẹo,105600.0,105600.0,21,0.0,,0.0,1,0.0,0,0,1,0,0.0,0,Vinamit,niche_professional,1,0,1,0,domestic,0,0,0,5,count,1,False,,250.0,5.521460917862246,,42240.0,10.651122918380143,,42240.0,10.651122918380143
Mứt thập cẩm quai xách Bảo Minh 250g,Hộp,Hạt - Trái Cây Sấy Khô,Bánh Kẹo,86000.0,86000.0,1,0.0,,,1,0.0,0,0,1,0,0.0,0,Bảo Minh,local_value,0,0,1,0,domestic,0,0,0,8,count,1,False,,250.0,5.521460917862246,,34400.0,10.44581184336149,,34400.0,10.44581184336149
Mật ong Devie Granola vanilla 300g,Lọ,Bánh Xốp - Bánh Quy,Bánh Kẹo,129000.0,129000.0,15,0.0,,0.0,1,0.0,0,0,1,0,0.0,0,,,0,0,0,0,domestic,0,0,0,6,count,1,False,,300.0,5.703782474656201,,43000.0,10.668955394675699,,43000.0,10.668955394675699
Mứt Gừng Bảo Minh 180g,Hộp,Hạt - Trái Cây Sấy Khô,Bánh Kẹo,88000.0,88000.0,14,0.0,,0.0,1,0.0,0,0,1,0,0.0,0,Bảo Minh,local_value,0,0,1,0,domestic,0,0,0,5,count,1,False,,180.0,5.19295685089021,,48888.88888888889,10.797305428558225,,48888.88888888889,10.797305428558225
Mứt thập cẩm hộp mica Bảo Minh 500g,Hộp,Hạt - Trái Cây Sấy Khô,Bánh Kẹo,276500.0,276500.0,10,0.0,,0.0,1,0.0,0,0,1,0,0.0,0,Bảo Minh,local_value,0,0,1,0,domestic,0,0,0,8,count,1,False,,500.0,6.214608098422191,,55300.0,10.920528187510426,,55300.0,10.920528187510426
Mực tẩm gia vị Thái Bento gói 24g,Gói,Bánh Snack,Bánh Kẹo,29500.0,29500.0,35,0.0,,0.0,1,0.0,0,0,1,0,0.0,0,Bento,local_value,0,0,1,0,Thái,1,0,0,8,count,1,False,,24.0,3.1780538303479458,,122916.66666666667,11.719261897968057,,122916.66666666667,11.719261897968057
Ngô nếp tươi Minh Dương sấy gói 160g,Gói,Hạt - Trái Cây Sấy Khô,Bánh Kẹo,46500.0,46500.0,21,0.0,,0.0,1,0.0,0,0,1,0,0.0,0,,,0,0,0,0,domestic,0,0,1,8,count,1,False,,160.0,5.075173815233827,,29062.5,10.277203962329713,,29062.5,10.277203962329713
Ngô nếp tươi cay Hà Nội xưa gói 150g,Gói,Bánh Xốp - Bánh Quy,Bánh Kẹo,35500.0,35500.0,19,0.0,,0.0,1,0.0,0,0,1,0,0.0,0,,,0,0,0,0,domestic,0,0,1,9,count,1,False,,150.0,5.0106352940962555,,23666.666666666668,10.071822867355342,,23666.666666666668,10.071822867355342
Ngũ Cốc Nestlé Milo Bar 23.5g,Cái,Bánh Xốp - Bánh Quy,Bánh Kẹo,15900.0,15900.0,18,0.0,,0.0,1,0.0,0,0,1,0,0.0,0,Milo,household_giant,0,1,1,0,domestic,0,0,0,6,count,1,False,,23.5,3.1570004211501135,,67659.5744680851,11.122244153046301,,67659.5744680851,11.122244153046301
"Ngũ cốc Fitnesse sôcôla Nestlé 23,5g",Gói,Bánh Xốp - Bánh Quy,Bánh Kẹo,15900.0,15900.0,20,0.0,,0.0,1,0.0,0,0,1,0,0.0,0,Nestlé,household_giant,0,1,1,0,domestic,0,0,0,6,count,1,False,,23.5,3.1570004211501135,,67659.5744680851,11.122244153046301,,67659.5744680851,11.122244153046301
Nho khô Raisins hộp 200g,Hộp,Hạt - Trái Cây Sấy Khô,Bánh Kẹo,54900.0,54900.0,21,0.0,,0.0,1,0.0,0,0,1,0,0.0,0,,,0,0,0,0,domestic,0,0,0,5,count,1,False,,200.0,5.298317366548036,,27450.0,10.220121446937677,,27450.0,10.220121446937677
Nho khô Raisins hộp 250g,Hộp,Hạt - Trái Cây Sấy Khô,Bánh Kẹo,71900.0,71900.0,21,0.0,,0.0,1,0.0,0,0,1,0,0.0,0,,,0,0,0,0,domestic,0,0,0,5,count,1,False,,250.0,5.521460917862246,,28760.0,10.266740811834984,,28760.0,10.266740811834984
Nho khô Sunraysia hỗn hợp 90g,Lon,Hạt - Trái Cây Sấy Khô,Bánh Kẹo,131731.0344827586,147000.0,29,0.6206896551724138,0.1673469387755102,0.0922150031157192,2,0.2009803921568627,1,0,1,18,18.0,0,Sunraysia,niche_professional,1,0,1,0,domestic,0,0,0,6,count,1,False,,90.0,4.499809670330265,,146367.816091954,11.893878020904523,,163333.33333333334,12.0035483814187
Nho khô Sunraysia Úc 220g,Hộp,Hạt - Trái Cây Sấy Khô,Bánh Kẹo,50793.75,58800.0,32,0.65625,0.2074829931972789,0.1159043424457681,2,0.2618025751072961,1,0,1,21,21.0,0,Sunraysia,niche_professional,1,0,1,0,Úc,1,0,0,5,count,1,False,,220.0,5.393627546352362,,23088.06818181818,10.047071234137245,,26727.272727272724,10.193439773522448
Nho khô nguyên cành Crimson Sunraysia 420g,Hộp,Hạt - Trái Cây Sấy Khô,Bánh Kẹo,199100.0,252000.0,10,1.0,0.2099206349206349,0.0,1,0.0,1,1,1,10,10.0,0,Sunraysia,niche_professional,1,0,1,0,domestic,0,0,0,7,count,1,False,,420.0,6.040254711277414,,47404.7619047619,10.766477964762965,,60000.0,11.002099841204238
"ORION Hộp quà tết An 700,6g",Hộp,Bánh Xốp - Bánh Quy,Bánh Kẹo,100578.94736842104,129000.0,19,0.9473684210526316,0.2325581395348837,0.0684285548436526,2,0.303030303030303,1,0,1,18,18.0,0,Orion,household_giant,0,1,1,0,domestic,0,0,0,6,count,1,False,,700.6,6.551937110763387,,14356.115810508283,9.571931319280674,,18412.789037967457,9.820800758568515
Quế Hoa Hồng Merry 200g,Hộp,Bánh Xốp - Bánh Quy,Bánh Kẹo,61900.0,61900.0,4,0.0,,0.0,1,0.0,0,0,1,0,0.0,0,,,0,0,0,0,domestic,0,0,0,5,count,1,False,,200.0,5.298317366548036,,30950.0,10.340128278112742,,30950.0,10.340128278112742
Ricola Carton box Alpin Fresh 40g,Hộp,Bánh Xốp - Bánh Quy,Bánh Kẹo,36650.0,40800.0,30,0.5,0.2034313725490196,0.1151690398373682,2,0.2034313725490196,1,0,1,15,15.0,0,Ricola,niche_professional,1,0,1,0,domestic,0,0,0,6,count,1,False,,40.0,3.6888794541139363,,91625.0,11.425459439188952,,102000.0,11.532728092266408
Snach khoai tây Lay's tôm hùm cay lon 105 g,Lon,Bánh Snack,Bánh Kẹo,35000.0,35000.0,18,0.0,,0.0,1,0.0,0,0,1,0,0.0,0,Lay'S,household_giant,0,1,1,0,domestic,0,0,0,10,count,1,False,,105.0,4.653960350157523,,33333.33333333333,10.414313176302118,,33333.33333333333,10.414313176302118
Snack Big sheet truyền thống 3.2g,Gói,Bánh Snack,Bánh Kẹo,8600.0,8600.0,21,0.0,,0.0,1,0.0,0,0,1,0,0.0,0,,,0,0,0,0,domestic,0,0,0,6,count,1,False,,3.2,1.1631508098056809,,268750.0,12.501536858424009,,268750.0,12.501536858424009
Snack Doritos vị Nacho Cheesier gói 65g,Gói,Bánh Snack,Bánh Kẹo,31600.0,31600.0,19,0.0,,0.0,1,0.0,0,0,1,0,0.0,0,Doritos,niche_professional,1,0,1,0,domestic,0,0,0,7,count,1,False,,65.0,4.174387269895637,,48615.38461538462,10.791695315667457,,48615.38461538462,10.791695315667457
Snack Doritos vị Taco gói 65g,Gói,Bánh Snack,Bánh Kẹo,31600.0,31600.0,20,0.0,,0.0,1,0.0,0,0,1,0,0.0,0,Doritos,niche_professional,1,0,1,0,domestic,0,0,0,6,count,1,False,,65.0,4.174387269895637,,48615.38461538462,10.791695315667457,,48615.38461538462,10.791695315667457
Snack Funmore cá vị mực siêu cay gói 30g,Gói,Bánh Snack,Bánh Kẹo,35600.0,35600.0,1,0.0,,,1,0.0,0,0,1,0,0.0,0,,,0,0,0,0,domestic,0,0,0,9,count,1,False,,30.0,3.4011973816621555,,118666.66666666667,11.684073721166058,,118666.66666666667,11.684073721166058
Snack Hành Oishi gói35/39g,Gói,Bánh Snack,Bánh Kẹo,5400.0,5400.0,21,0.0,,0.0,1,0.0,0,0,1,0,0.0,0,Oishi,household_giant,0,1,1,0,domestic,0,0,0,4,count,1,False,,39.0,3.6635616461296463,,13846.153846153846,9.535762772410811,,13846.153846153846,9.535762772410811
Snack Khoai Tây Karamucho cay đặc biệt 85g,Gói,Bánh Snack,Bánh Kẹo,24500.0,24500.0,21,0.0,,0.0,1,0.0,0,0,1,0,0.0,0,Karamucho,niche_professional,1,0,1,0,domestic,0,0,0,8,count,1,False,,85.0,4.442651256490317,,28823.529411764706,10.268947326030593,,28823.529411764706,10.268947326030593
Snack Khoai Tây Ostar vị tảo biển gói 30/36g,Gói,Bánh Snack,Bánh Kẹo,6500.0,6500.0,21,0.0,,0.0,1,0.0,0,0,1,0,0.0,0,,,0,0,0,0,domestic,0,0,0,9,count,1,False,,36.0,3.58351893845611,,18055.555555555555,9.80120870341571,,18055.555555555555,9.80120870341571
Snack Khoai tây Gokochi vị muối tự nhiên gói 65g,Gói,Bánh Snack,Bánh Kẹo,20318.18181818182,20500.0,22,0.0454545454545454,0.1951219512195122,0.0419724005353327,2,0.1951219512195121,1,0,1,1,1.0,0,,,0,0,0,0,domestic,0,0,1,10,count,1,False,,65.0,4.174387269895637,,31258.741258741262,10.350054336329844,,31538.46153846154,10.358963081218954
Snack Lay Stax khoai tây sườn BBQ 160g,Lon,Bánh Snack,Bánh Kẹo,41906.06060606061,48000.0,33,0.6363636363636364,0.1995039682539682,0.1118250128072487,3,0.2467532467532467,1,0,1,20,10.5,0,,,0,0,0,0,domestic,0,0,0,8,count,1,False,,160.0,5.075173815233827,,26191.28787878788,10.173182110740534,,30000.0,10.308952660644293
Snack Lay Stax khoai tây vị tự nhiên 160g,Lon,Bánh Snack,Bánh Kẹo,42520.833333333336,48000.0,24,0.4583333333333333,0.2490530303030303,0.1443289085007127,3,0.352112676056338,1,0,1,9,5.5,0,,,0,0,0,0,domestic,0,0,1,9,count,1,False,,160.0,5.075173815233827,,26575.520833333332,10.187745801638355,,30000.0,10.308952660644293
Snack Lay's vị sườn nướng BBQ Brazil 95g,Gói,Bánh Snack,Bánh Kẹo,21600.0,21600.0,20,0.0,,0.0,1,0.0,0,0,1,0,0.0,0,Lay'S,household_giant,0,1,1,0,domestic,0,0,0,8,count,1,False,,95.0,4.553876891600541,,22736.84210526316,10.031741888059807,,22736.84210526316,10.031741888059807
Snack Lay's vị tảo biển Nori 95g,Gói,Bánh Snack,Bánh Kẹo,21600.0,21600.0,20,0.0,,0.0,1,0.0,0,0,1,0,0.0,0,Lay'S,household_giant,0,1,1,0,domestic,0,0,0,7,count,1,False,,95.0,4.553876891600541,,22736.84210526316,10.031741888059807,,22736.84210526316,10.031741888059807
Snack Lay's vị tảo biển Nori gói 52g,Gói,Bánh Snack,Bánh Kẹo,10900.0,10900.0,21,0.0,,0.0,1,0.0,0,0,1,0,0.0,0,Lay'S,household_giant,0,1,1,0,domestic,0,0,0,8,count,1,False,,52.0,3.9512437185814275,,20961.53846153846,9.950444535623898,,20961.53846153846,9.950444535623898
Snack Lay's wavy vị phô mai cheddar 95g,Gói,Bánh Snack,Bánh Kẹo,22000.0,22000.0,16,0.0,,0.0,1,0.0,0,0,1,0,0.0,0,Lay'S,household_giant,0,1,1,0,domestic,0,0,0,8,count,1,False,,95.0,4.553876891600541,,23157.894736842107,10.050091026728003,,23157.894736842107,10.050091026728003
Snack Lay's wavy vị thăn bò nướng Texas 63/58g,Gói,Bánh Snack,Bánh Kẹo,10900.0,10900.0,21,0.0,,0.0,1,0.0,0,0,1,0,0.0,0,Lay'S,household_giant,0,1,1,0,domestic,0,0,0,9,count,1,False,,58.0,4.060443010546419,,18793.103448275862,9.841245243658907,,18793.103448275862,9.841245243658907
Snack Marineboy king vị tảo biển nori 56g,Gói,Bánh Snack,Bánh Kẹo,10934.48275862069,11900.0,29,0.4827586206896552,0.1680672268907563,0.0930172261353051,2,0.1680672268907562,1,0,1,14,14.0,0,,,0,0,0,0,domestic,0,0,0,8,count,1,False,,56.0,4.02535169073515,,19525.862068965518,9.879495125792907,,21249.999999999996,9.964112174352563
Snack Masita vị bắp bơ kiểu Hàn Quốc 60g,Gói,Bánh Snack,Bánh Kẹo,11156.521739130434,11900.0,23,0.391304347826087,0.1596638655462184,0.084983536350354,2,0.1899999999999999,1,0,1,9,9.0,0,,,0,0,0,0,domestic,0,0,0,9,count,1,False,,60.0,4.0943445622221,,18594.202898550724,9.830605139000514,,19833.333333333336,9.895119302865611
Snack O'star Family Pack vị Kim Chi 152g,Gói,Bánh Snack,Bánh Kẹo,26704.545454545456,30100.0,22,0.4090909090909091,0.2757475083056478,0.1564101186052083,2,0.3807339449541285,1,0,1,9,9.0,0,Fami,household_giant,0,1,1,0,domestic,0,0,0,8,count,1,False,,152.0,5.0238805208462765,,17568.779904306222,9.773878736783951,,19802.631578947367,9.893570115878783
Snack O'star khoai tây tự nhiên 108g,Gói,Bánh Snack,Bánh Kẹo,19873.333333333332,21600.0,30,0.4666666666666667,0.1712962962962963,0.0944703207613999,2,0.1712962962962962,1,0,1,14,14.0,0,,,0,0,0,0,domestic,0,0,1,7,count,1,False,,108.0,4.68213122712422,,18401.234567901232,9.820173037427825,,20000.0,9.903487552536127
Snack O'star khoai tây tự nhiên gói 63g,Gói,Bánh Snack,Bánh Kẹo,11900.0,11900.0,20,0.0,,0.0,1,0.0,0,0,1,0,0.0,0,,,0,0,0,0,domestic,0,0,1,8,count,1,False,,63.0,4.143134726391533,,18888.88888888889,9.846329138696179,,18888.88888888889,9.846329138696179
Snack Oishi bắp ngọt vị phô mai 35/39g,Gói,Bánh Snack,Bánh Kẹo,5300.0,5300.0,20,0.0,,0.0,1,0.0,0,0,1,0,0.0,0,Oishi,household_giant,0,1,1,0,domestic,0,0,0,8,count,1,False,,39.0,3.6635616461296463,,13589.74358974359,9.517070639398659,,13589.74358974359,9.517070639398659
Snack Oishi cua sốt chua ngọt CrabMe gói 35/39g,Gói,Bánh Snack,Bánh Kẹo,5400.0,5400.0,21,0.0,,0.0,1,0.0,0,0,1,0,0.0,0,Oishi,household_giant,0,1,1,0,domestic,0,0,0,9,count,1,False,,39.0,3.6635616461296463,,13846.153846153846,9.535762772410811,,13846.153846153846,9.535762772410811
Snack Oishi nhân socola pillow gói 95/85g,Gói,Kẹo - Chocolate,Bánh Kẹo,10800.0,10800.0,21,0.0,,0.0,1,0.0,0,0,1,0,0.0,0,Oishi,household_giant,0,1,1,0,domestic,0,0,0,7,count,1,False,,85.0,4.442651256490317,,12705.882352941177,9.449820342610087,,12705.882352941177,9.449820342610087
Snack Oishi nhân socola vị hazelnut 85g,Gói,Kẹo - Chocolate,Bánh Kẹo,10700.0,10700.0,20,0.0,,0.0,1,0.0,0,0,1,0,0.0,0,Oishi,household_giant,0,1,1,0,domestic,0,0,0,7,count,1,False,,85.0,4.442651256490317,,12588.235294117647,9.440517949947772,,12588.235294117647,9.440517949947772
Snack Oishi nhân sữa dừa Pillows 95/85g,Gói,Bánh Snack,Bánh Kẹo,10800.0,10800.0,21,0.0,,0.0,1,0.0,0,0,1,0,0.0,0,Oishi,household_giant,0,1,1,0,domestic,0,0,0,7,count,1,False,,85.0,4.442651256490317,,12705.882352941177,9.449820342610087,,12705.882352941177,9.449820342610087
Snack Oishi phô mát miếng 68g,Gói,Bánh Snack,Bánh Kẹo,10700.0,10700.0,20,0.0,,0.0,1,0.0,0,0,1,0,0.0,0,Oishi,household_giant,0,1,1,0,domestic,0,0,0,6,count,1,False,,68.0,4.219507705176107,,15735.294117647058,9.663661501261982,,15735.294117647058,9.663661501261982
Snack Oishi phồng mực Indochip 35/39g,Gói,Bánh Snack,Bánh Kẹo,5400.0,5400.0,21,0.0,,0.0,1,0.0,0,0,1,0,0.0,0,Oishi,household_giant,0,1,1,0,domestic,0,0,0,6,count,1,False,,39.0,3.6635616461296463,,13846.153846153846,9.535762772410811,,13846.153846153846,9.535762772410811
Snack Oishi tôm cay đặc biệt gói 68g/73g,Gói,Bánh Snack,Bánh Kẹo,11800.0,11800.0,21,0.0,,0.0,1,0.0,0,0,1,0,0.0,0,Oishi,household_giant,0,1,1,0,domestic,0,0,0,8,count,1,False,,73.0,4.290459441148391,,16164.383561643835,9.690565555293457,,16164.383561643835,9.690565555293457
Snack Oishi tôm vị muối ớt xanh gói 35/32g,Gói,Bánh Snack,Bánh Kẹo,5300.0,5300.0,16,0.0,,0.0,1,0.0,0,0,1,0,0.0,0,Oishi,household_giant,0,1,1,0,domestic,0,0,0,9,count,1,False,,32.0,3.4657359027997265,,16562.5,9.714896382728577,,16562.5,9.714896382728577
"Snack Oishi vị cookie, kem vani gói 95/85g",Gói,Bánh Snack,Bánh Kẹo,11300.0,11300.0,21,0.0,,0.0,1,0.0,0,0,1,0,0.0,0,Oishi,household_giant,0,1,1,0,domestic,0,0,0,8,count,1,False,,85.0,4.442651256490317,,13294.117647058823,9.495076934198206,,13294.117647058823,9.495076934198206
Snack Ostar vị Kim Chi Hàn Quốc 58/63g,Gói,Bánh Snack,Bánh Kẹo,11900.0,11900.0,30,0.0,,0.0,1,0.0,0,0,1,0,0.0,0,,,0,0,0,0,Hàn,1,0,0,8,count,1,False,,63.0,4.143134726391533,,18888.88888888889,9.846329138696179,,18888.88888888889,9.846329138696179
Snack Poco vị tôm hùm nướng gói 80g,Gói,Bánh Snack,Bánh Kẹo,10500.0,10500.0,18,0.0,,0.0,1,0.0,0,0,1,0,0.0,0,,,0,0,0,0,domestic,0,0,0,8,count,1,False,,80.0,4.382026634673881,,13125.0,9.482274087459825,,13125.0,9.482274087459825
Snack Rong biển Taokeanoi vị truyền thống gói 32g,Gói,Bánh Snack,Bánh Kẹo,48900.0,48900.0,21,0.0,,0.0,1,0.0,0,0,1,0,0.0,0,Taokeanoi,niche_professional,1,0,1,0,domestic,0,0,0,9,count,1,False,,32.0,3.4657359027997265,,152812.5,11.936966958651329,,152812.5,11.936966958651329
Snack Swing Family Pack vị bò 152g,Gói,Bánh Snack,Bánh Kẹo,26704.545454545456,30100.0,22,0.4090909090909091,0.2757475083056478,0.1564101186052083,2,0.3807339449541285,1,0,1,9,9.0,0,Fami,household_giant,0,1,1,0,domestic,0,0,0,7,count,1,False,,152.0,5.0238805208462765,,17568.779904306222,9.773878736783951,,19802.631578947367,9.893570115878783
Snack Swing bít tết New York 58g/63g,Gói,Bánh Snack,Bánh Kẹo,11900.0,11900.0,21,0.0,,0.0,1,0.0,0,0,1,0,0.0,0,Swing,local_value,0,0,1,0,domestic,0,0,0,7,count,1,False,,63.0,4.143134726391533,,18888.88888888889,9.846329138696179,,18888.88888888889,9.846329138696179
Snack Swing gà Teriyaki gói 58/63g,Gói,Bánh Snack,Bánh Kẹo,11900.0,11900.0,10,0.0,,0.0,1,0.0,0,0,1,0,0.0,0,Swing,local_value,0,0,1,0,domestic,0,0,0,6,count,1,False,,63.0,4.143134726391533,,18888.88888888889,9.846329138696179,,18888.88888888889,9.846329138696179
Snack Talaethong mực vị truyền thống gói 100g,Gói,Bánh Snack,Bánh Kẹo,34000.0,34000.0,21,0.0,,0.0,1,0.0,0,0,1,0,0.0,0,,,0,0,0,0,domestic,0,0,0,8,count,1,False,,100.0,4.605170185988092,,34000.0,10.4341158035983,,34000.0,10.4341158035983
Snack Toonies vị gà BBQ gói 38g,Gói,Bánh Snack,Bánh Kẹo,6500.0,6500.0,21,0.0,,0.0,1,0.0,0,0,1,0,0.0,0,,,0,0,0,0,domestic,0,0,0,7,count,1,False,,38.0,3.6375861597263857,,17105.263157894737,9.747141482145434,,17105.263157894737,9.747141482145434
Snack Toonies vị phô mai Orion gói 36g,Gói,Bánh Snack,Bánh Kẹo,6500.0,6500.0,20,0.0,,0.0,1,0.0,0,0,1,0,0.0,0,Orion,household_giant,0,1,1,0,domestic,0,0,0,8,count,1,False,,36.0,3.58351893845611,,18055.555555555555,9.80120870341571,,18055.555555555555,9.80120870341571
Snack bánh mì hương tỏi An Viên HN 120g,Gói,Bánh Snack,Bánh Kẹo,43900.0,43900.0,21,0.0,,0.0,1,0.0,0,0,1,0,0.0,0,,,0,0,0,0,domestic,0,0,0,9,count,1,False,,120.0,4.787491742782046,,36583.333333333336,10.507348042269308,,36583.333333333336,10.507348042269308
Snack bí đỏ vị bò nướng Oishi gói 42g,Gói,Bánh Snack,Bánh Kẹo,5400.0,5400.0,21,0.0,,0.0,1,0.0,0,0,1,0,0.0,0,Oishi,household_giant,0,1,1,0,domestic,0,0,0,9,count,1,False,,42.0,3.7376696182833684,,12857.142857142857,9.461654800257088,,12857.142857142857,9.461654800257088
Snack bắp ngọt Oishi gói 42g,Gói,Bánh Snack,Bánh Kẹo,5400.0,5400.0,21,0.0,,0.0,1,0.0,0,0,1,0,0.0,0,Oishi,household_giant,0,1,1,0,domestic,0,0,0,6,count,1,False,,42.0,3.7376696182833684,,12857.142857142857,9.461654800257088,,12857.142857142857,9.461654800257088
Snack bắp vị sữa bắp Koimucho gói 64g,Gói,Bánh Snack,Bánh Kẹo,9900.0,9900.0,16,0.0,,0.0,1,0.0,0,0,1,0,0.0,0,,,0,0,0,0,domestic,0,0,0,8,count,1,False,,64.0,4.1588830833596715,,15468.75,9.6465771387511,,15468.75,9.6465771387511
Snack hải sản tẩm gia vị cay Bento gói 24g,Gói,Bánh Snack,Bánh Kẹo,29500.0,29500.0,20,0.0,,0.0,1,0.0,0,0,1,0,0.0,0,Bento,local_value,0,0,1,0,domestic,0,0,0,10,count,1,False,,24.0,3.1780538303479458,,122916.66666666667,11.719261897968057,,122916.66666666667,11.719261897968057
Snack hải sản tẩm gia vị cực cay Bento gói 20g,Gói,Bánh Snack,Bánh Kẹo,29500.0,29500.0,20,0.0,,0.0,1,0.0,0,0,1,0,0.0,0,Bento,local_value,0,0,1,0,domestic,0,0,0,11,count,1,False,,20.0,2.995732273553991,,147500.0,11.901583454762012,,147500.0,11.901583454762012
Snack hải sản tẩm vị ớt Bento gói 24g,Gói,Bánh Snack,Bánh Kẹo,28400.0,28400.0,16,0.0,,0.0,1,0.0,0,0,1,0,0.0,0,Bento,local_value,0,0,1,0,domestic,0,0,0,9,count,1,False,,24.0,3.1780538303479458,,118333.33333333334,11.681260779789444,,118333.33333333334,11.681260779789444
Snack khoai tây Lay's Stax vị tự nhiên lon 110g,Lon,Bánh Snack,Bánh Kẹo,29875.0,35000.0,32,0.53125,0.2756302521008403,0.1654636337760598,3,0.2857142857142857,1,0,1,15,8.5,0,Lay'S,household_giant,0,1,1,0,domestic,0,0,1,10,count,1,False,,110.0,4.700480365792417,,27159.090909090908,10.209467109429488,,31818.181818181816,10.367793160667226
Snack khoai tây Lay's vị bò bít tết Manhattan gói 95g,Gói,Bánh Snack,Bánh Kẹo,22000.0,22000.0,21,0.0,,0.0,1,0.0,0,0,1,0,0.0,0,Lay'S,household_giant,0,1,1,0,domestic,0,0,0,11,count,1,False,,95.0,4.553876891600541,,23157.894736842107,10.050091026728003,,23157.894736842107,10.050091026728003
Snack khoai tây Lay's vị khoai tây tự nhiên Classic 56g,Gói,Bánh Snack,Bánh Kẹo,10822.727272727272,10900.0,22,0.0454545454545454,0.1559633027522936,0.0334888987471643,2,0.1559633027522935,1,0,1,1,1.0,0,Lay'S,household_giant,0,1,1,0,domestic,0,0,1,11,count,1,False,,56.0,4.02535169073515,,19326.2987012987,9.86922207436958,,19464.285714285714,9.876336563470177
Snack khoai tây Lay's vị khoai tây tự nhiên Classic 95g,Gói,Bánh Snack,Bánh Kẹo,22000.0,22000.0,21,0.0,,0.0,1,0.0,0,0,1,0,0.0,0,Lay'S,household_giant,0,1,1,0,domestic,0,0,1,11,count,1,False,,95.0,4.553876891600541,,23157.894736842107,10.050091026728003,,23157.894736842107,10.050091026728003
Snack khoai tây Pringles kem chua sốt hành 107g,Hộp,Bánh Snack,Bánh Kẹo,34995.454545454544,45500.0,44,0.8636363636363636,0.2673221515326778,0.1239263678327908,4,0.3999999999999999,1,0,1,23,19.0,0,Pringles,niche_professional,1,0,1,0,domestic,0,0,0,9,count,1,False,,107.0,4.672828834461906,,32706.032285471534,10.39531481343401,,42523.36448598131,10.657808956465226
Snack khoai tây Pringles vị phô mai 110g,Hộp,Bánh Snack,Bánh Kẹo,34995.454545454544,45500.0,44,0.8636363636363636,0.2673221515326778,0.1239263678327908,4,0.3999999999999999,1,0,1,23,19.0,0,Pringles,niche_professional,1,0,1,0,domestic,0,0,0,8,count,1,False,,110.0,4.700480365792417,,31814.049586776855,10.3676632821035,,41363.63636363636,10.630157425134717
Snack khoai tây Slide hành lon 160g,Lon,Bánh Snack,Bánh Kẹo,44321.42857142857,48500.0,28,0.4642857142857143,0.1855670103092783,0.1031300354925134,2,0.2278481012658229,1,0,1,11,6.5,0,,,0,0,0,0,domestic,0,0,0,7,count,1,False,,160.0,5.075173815233827,,27700.892857142855,10.229219924765804,,30312.5,10.31931544767984
Snack khoai tây Slide thịt nướng lon 75g,Lon,Bánh Snack,Bánh Kẹo,27030.434782608696,28400.0,23,0.391304347826087,0.1232394366197183,0.0646137619229556,2,0.1405622489959839,1,0,1,9,9.0,0,,,0,0,0,0,domestic,0,0,0,8,count,1,False,,75.0,4.31748811353631,,36040.57971014493,10.49240079678006,,37866.666666666664,10.541826496601079
Snack khoai tây vị phô mai Slide lon 75g,Lon,Bánh Snack,Bánh Kẹo,27030.434782608696,28400.0,23,0.391304347826087,0.1232394366197183,0.0646137619229556,2,0.1405622489959839,1,0,1,9,9.0,0,,,0,0,0,0,domestic,0,0,0,9,count,1,False,,75.0,4.31748811353631,,36040.57971014493,10.49240079678006,,37866.666666666664,10.541826496601079
Snack khoai tây vị tảo biển O'Star gói 48g,Gói,Bánh Snack,Bánh Kẹo,11900.0,11900.0,21,0.0,,0.0,1,0.0,0,0,1,0,0.0,0,,,0,0,0,0,domestic,0,0,0,9,count,1,False,,48.0,3.871201010907891,,24791.666666666668,10.118262854179822,,24791.666666666668,10.118262854179822
Snack khoai tây vị tự nhiên Slide lon 75g,Lon,Bánh Snack,Bánh Kẹo,27030.434782608696,28400.0,23,0.391304347826087,0.1232394366197183,0.0646137619229556,2,0.1405622489959839,1,0,1,9,9.0,0,,,0,0,0,0,domestic,0,0,1,9,count,1,False,,75.0,4.31748811353631,,36040.57971014493,10.49240079678006,,37866.666666666664,10.541826496601079
Snack mực lăn muối ớt Poca gói 75g,Gói,Bánh Snack,Bánh Kẹo,10500.0,10500.0,21,0.0,,0.0,1,0.0,0,0,1,0,0.0,0,,,0,0,0,0,domestic,0,0,0,8,count,1,False,,75.0,4.31748811353631,,14000.0,9.546812608597396,,14000.0,9.546812608597396
Snack mực tẩm gia vị cay ngọt Bento gói 24g,Gói,Bánh Snack,Bánh Kẹo,29500.0,29500.0,35,0.0,,0.0,1,0.0,0,0,1,0,0.0,0,Bento,local_value,0,0,1,0,domestic,0,0,0,10,count,1,False,,24.0,3.1780538303479458,,122916.66666666667,11.719261897968057,,122916.66666666667,11.719261897968057
Snack nhân đậu phộng vị mực cay Pinattsu Oishi gói 100g,Gói,Bánh Snack,Bánh Kẹo,11000.0,11000.0,21,0.0,,0.0,1,0.0,0,0,1,0,0.0,0,Oishi,household_giant,0,1,1,0,domestic,0,0,0,11,count,1,False,,100.0,4.605170185988092,,11000.0,9.305650551780507,,11000.0,9.305650551780507
Snack nhân đậu phộng vị nước cốt dừa Pinattsu Oishi gói 100g,Gói,Bánh Snack,Bánh Kẹo,11000.0,11000.0,21,0.0,,0.0,1,0.0,0,0,1,0,0.0,0,Oishi,household_giant,0,1,1,0,domestic,0,0,0,12,count,1,False,,100.0,4.605170185988092,,11000.0,9.305650551780507,,11000.0,9.305650551780507
Snack pho mát miếng Oishi gói 42g,Gói,Bánh Snack,Bánh Kẹo,5400.0,5400.0,21,0.0,,0.0,1,0.0,0,0,1,0,0.0,0,Oishi,household_giant,0,1,1,0,domestic,0,0,0,7,count,1,False,,42.0,3.7376696182833684,,12857.142857142857,9.461654800257088,,12857.142857142857,9.461654800257088
Snack que nhân phô mai Akiko 160g,Gói,Bánh Snack,Bánh Kẹo,22200.0,22200.0,16,0.0,,0.0,1,0.0,0,0,1,0,0.0,0,,,0,0,0,0,domestic,0,0,0,7,count,1,False,,160.0,5.075173815233827,,13875.0,9.537843938614635,,13875.0,9.537843938614635
Snack que nhân sữa Akiko gói 160g,Gói,Bánh Snack,Bánh Kẹo,21000.0,21000.0,24,0.0,,0.0,1,0.0,0,0,1,0,0.0,0,,,0,0,0,0,domestic,0,0,0,7,count,1,False,,160.0,5.075173815233827,,13125.0,9.482274087459825,,13125.0,9.482274087459825
Snack rong biển vị truyền thống TaoKaeNoi gói 20g,Gói,Bánh Snack,Bánh Kẹo,28500.0,28500.0,21,0.0,,0.0,1,0.0,0,0,1,0,0.0,0,,,0,0,0,0,domestic,0,0,0,9,count,1,False,,20.0,2.995732273553991,,142500.0,11.867097278690842,,142500.0,11.867097278690842
Snack tôm cay Oishi gói 45g,Gói,Bánh Snack,Bánh Kẹo,5400.0,5400.0,21,0.0,,0.0,1,0.0,0,0,1,0,0.0,0,Oishi,household_giant,0,1,1,0,domestic,0,0,0,6,count,1,False,,45.0,3.8066624897703196,,12000.0,9.392661928770137,,12000.0,9.392661928770137
Snack tôm cay đặc biệt Oishi gói 45g,Gói,Bánh Snack,Bánh Kẹo,5400.0,5400.0,21,0.0,,0.0,1,0.0,0,0,1,0,0.0,0,Oishi,household_giant,0,1,1,0,domestic,0,0,0,8,count,1,False,,45.0,3.8066624897703196,,12000.0,9.392661928770137,,12000.0,9.392661928770137
Snack vị bò lúc lắc Poca gói 75g,Gói,Bánh Snack,Bánh Kẹo,10423.809523809525,10500.0,21,0.0476190476190476,0.1523809523809524,0.033495299734716,2,0.1523809523809524,1,0,1,1,1.0,0,,,0,0,0,0,domestic,0,0,0,8,count,1,False,,75.0,4.31748811353631,,13898.4126984127,9.539529918239312,,14000.0,9.546812608597396
Snack vị cay Big Roll 3g/3.6g,Gói,Bánh Snack,Bánh Kẹo,8800.0,8800.0,21,0.0,,0.0,1,0.0,0,0,1,0,0.0,0,,,0,0,0,0,domestic,0,0,0,6,count,1,False,,3.6,1.2809338454620642,,244444.4444444444,12.406743340992325,,244444.4444444444,12.406743340992325
Snack vị cay Taokaenoi gói 32g,Gói,Bánh Snack,Bánh Kẹo,49000.0,49000.0,21,0.0,,0.0,1,0.0,0,0,1,0,0.0,0,,,0,0,0,0,domestic,0,0,0,6,count,1,False,,32.0,3.4657359027997265,,153125.0,11.939009860281129,,153125.0,11.939009860281129
Snack vị phô mai bùng nổ Toonies 60g,Gói,Bánh Snack,Bánh Kẹo,11809.52380952381,11900.0,21,0.0476190476190476,0.1596638655462184,0.0351084428242584,2,0.1596638655462184,1,0,1,1,1.0,0,,,0,0,0,0,domestic,0,0,0,8,count,1,False,,60.0,4.0943445622221,,19682.539682539682,9.887487211189686,,19833.333333333336,9.895119302865611
Snack vị sô cô la Toonies 60g,Gói,Kẹo - Chocolate,Bánh Kẹo,11710.0,11900.0,10,0.1,0.1596638655462184,0.051309372795217,2,0.1596638655462184,1,0,1,1,1.0,0,,,0,0,0,0,domestic,0,0,0,7,count,1,False,,60.0,4.0943445622221,,19516.666666666668,9.879024080357754,,19833.333333333336,9.895119302865611
Snack vị truyền thống Big Bang gói 6g,Gói,Bánh Snack,Bánh Kẹo,12500.0,12500.0,21,0.0,,0.0,1,0.0,0,0,1,0,0.0,0,,,0,0,0,0,domestic,0,0,0,8,count,1,False,,6.0,1.791759469228055,,208333.33333333334,12.24689464005043,,208333.33333333334,12.24689464005043
Snacks và đậu thập cẩm Tân Tân hộp 200g,Hộp,Bánh Xốp - Bánh Quy,Bánh Kẹo,50000.0,50000.0,15,0.0,,0.0,1,0.0,0,0,1,0,0.0,0,Tân Tân,local_value,0,0,1,0,domestic,0,0,0,9,count,1,False,,200.0,5.298317366548036,,25000.0,10.126631103850338,,25000.0,10.126631103850338
Snakc tuyền thông Big Roll 3g,Gói,Bánh Xốp - Bánh Quy,Bánh Kẹo,8800.0,8800.0,21,0.0,,0.0,1,0.0,0,0,1,0,0.0,0,,,0,0,0,0,domestic,0,0,0,6,count,1,False,,3.0,1.0986122886681098,,293333.3333333334,12.58906489778628,,293333.3333333334,12.58906489778628
So cô la Ferrero Rocher 300g,Hộp,Bánh Xốp - Bánh Quy,Bánh Kẹo,319420.8333333333,435000.0,24,0.9583333333333334,0.2772513743128436,0.1479222515241942,3,0.3196155001501952,1,0,1,23,23.0,0,Ferrero,niche_professional,1,0,1,0,domestic,0,0,0,6,count,1,False,,300.0,5.703782474656201,,106473.61111111111,11.575652450434077,,145000.0,11.884489021402711
Socola Beautitude túi chuông hảo hạng 350g,Gói,Kẹo - Chocolate,Bánh Kẹo,110742.85714285714,120400.0,28,0.5714285714285714,0.1403654485049834,0.0769060838613546,2,0.1632850241545893,1,0,1,16,16.0,0,,,0,0,0,0,domestic,0,0,0,7,count,1,False,,350.0,5.857933154483459,,31640.816326530614,10.362203222008013,,34400.0,10.44581184336149
Socola Cadbury 40g/37g,Cái,Kẹo - Chocolate,Bánh Kẹo,22500.0,22500.0,20,0.0,,0.0,1,0.0,0,0,1,0,0.0,0,Cadbury,niche_professional,1,0,1,0,domestic,0,0,0,3,count,1,False,,37.0,3.6109179126442243,,60810.81081081081,11.015522861536379,,60810.81081081081,11.015522861536379
Socola Ferrero Rocher 37.5g,Cái,Kẹo - Chocolate,Bánh Kẹo,44900.0,44900.0,20,0.0,,0.0,1,0.0,0,0,1,0,0.0,0,Ferrero,niche_professional,1,0,1,0,domestic,0,0,0,4,count,1,False,,37.5,3.624340932976365,,119733.33333333333,11.693022326742073,,119733.33333333333,11.693022326742073
Socola Hạnh Nhân Chocorock 65g,Gói,Kẹo - Chocolate,Bánh Kẹo,42100.0,42100.0,19,0.0,,0.0,1,0.0,0,0,1,0,0.0,0,,,0,0,0,0,domestic,0,0,0,5,count,1,False,,65.0,4.174387269895637,,64769.230769230766,11.078585935762927,,64769.230769230766,11.078585935762927
Socola Kitkat trà xanh 2F 17.8g,Cái,Kẹo - Chocolate,Bánh Kẹo,15900.0,15900.0,8,0.0,,0.0,1,0.0,0,0,1,0,0.0,0,,,0,0,0,0,domestic,0,0,0,6,count,1,False,,17.8,2.8791984572980396,,89325.8426966292,11.400046116898375,,89325.8426966292,11.400046116898375
Socola Meiji đen 120g,Hộp,Kẹo - Chocolate,Bánh Kẹo,145500.0,145500.0,23,0.0,,0.0,1,0.0,0,0,1,0,0.0,0,Meiji,prestige_leader,1,1,1,0,domestic,0,0,0,4,count,1,False,,120.0,4.787491742782046,,121250.0,11.70560980879973,,121250.0,11.70560980879973
Socola Merci Storck Finest 375g,Hộp,Kẹo - Chocolate,Bánh Kẹo,434153.5714285714,484000.0,28,0.6071428571428571,0.1696280991735537,0.094050191608568,2,0.2042796715600896,1,0,1,17,17.0,0,Merci,niche_professional,1,0,1,0,domestic,0,0,0,5,count,1,False,,375.0,5.926926025970411,,115774.28571428571,11.65939776172755,,129066.66666666667,11.76808434571645
Socola Merci Storck Petits - Crunch 315g,Hộp,Kẹo - Chocolate,Bánh Kẹo,137937.5,158000.0,32,0.625,0.2031645569620253,0.1144649351807787,2,0.2549642573471009,1,0,1,20,20.0,0,Merci,niche_professional,1,0,1,0,domestic,0,0,0,7,count,1,False,,315.0,5.752572638825633,,43789.682539682544,10.68715351016155,,50158.73015873016,10.822947859171562
Socola Milo Chocobar thanh 30g,Cái,Kẹo - Chocolate,Bánh Kẹo,20000.0,20000.0,19,0.0,,0.0,1,0.0,0,0,1,0,0.0,0,Milo,household_giant,0,1,1,0,domestic,0,0,0,5,count,1,False,,30.0,3.4011973816621555,,66666.66666666667,11.107460356862065,,66666.66666666667,11.107460356862065
Socola Milo viên nuggets 30g/25g,Gói,Kẹo - Chocolate,Bánh Kẹo,22200.0,22200.0,19,0.0,,0.0,1,0.0,0,0,1,0,0.0,0,Milo,household_giant,0,1,1,0,domestic,0,0,0,5,count,1,False,,25.0,3.2188758248682006,,88800.0,11.394141928980261,,88800.0,11.394141928980261
Socola Minis M&M'S 35g,Cái,Kẹo - Chocolate,Bánh Kẹo,30130.0,32695.0,20,0.45,0.1770186335403726,0.1178066519064939,3,0.3396226415094339,1,0,2,9,9.0,1,M&M,niche_professional,1,0,1,0,domestic,0,0,0,4,count,1,False,,35.0,3.5553480614894135,,86085.71428571429,11.363098756623025,,93414.28571428572,11.444799564494055
Socola Ritter Sport mini collection 250g,Hộp,Kẹo - Chocolate,Bánh Kẹo,228100.0,228100.0,1,0.0,,,1,0.0,0,0,1,0,0.0,0,Ritter Sport,niche_professional,1,0,1,0,domestic,0,0,0,6,count,1,False,,250.0,5.521460917862246,,91240.0,11.421248676398324,,91240.0,11.421248676398324
Socola Ritter Sport sữa hạnh nhân 100g,Cái,Kẹo - Chocolate,Bánh Kẹo,76900.0,76900.0,21,0.0,,0.0,1,0.0,0,0,1,0,0.0,0,Ritter Sport,niche_professional,1,0,1,0,domestic,0,0,0,7,count,1,False,,100.0,4.605170185988092,,76900.0,11.250261155493735,,76900.0,11.250261155493735
Socola Sữa M&M'S gói 40g/37g,Gói,Kẹo - Chocolate,Bánh Kẹo,20628.0,22140.0,25,0.36,0.1935483870967742,0.1228916142264944,3,0.24,1,0,2,9,9.0,1,M&M,niche_professional,1,0,1,0,domestic,0,0,0,5,count,1,False,,37.0,3.6109179126442243,,55751.35135135135,10.928656928514716,,59837.83783783784,10.999393479606494
Socola Vĩnh Tiến đồng tiền kho báu 112/100g,Hộp,Kẹo - Chocolate,Bánh Kẹo,88300.0,88300.0,4,0.0,,0.0,1,0.0,0,0,1,0,0.0,0,,,0,0,0,0,domestic,0,0,0,8,count,1,False,,100.0,4.605170185988092,,88300.0,11.388495386592052,,88300.0,11.388495386592052
Socola beautitude túi radter 300g,Gói,Kẹo - Chocolate,Bánh Kẹo,80142.85714285714,87000.0,28,0.5714285714285714,0.1379310344827586,0.0754581479091505,2,0.1599999999999999,1,0,1,16,16.0,0,,,0,0,0,0,domestic,0,0,0,5,count,1,False,,300.0,5.703782474656201,,26714.285714285714,10.192953746781411,,29000.0,10.275051108968611
Socola chunky Kitkat 3 thanh 114g,Gói,Kẹo - Chocolate,Bánh Kẹo,75480.64516129032,76000.0,31,0.032258064516129,0.2118421052631579,0.0383097594946636,2,0.2118421052631579,1,0,1,1,1.0,0,,,0,0,0,0,domestic,0,0,0,6,count,1,False,,114.0,4.736198448394496,,66211.0922467459,11.10060328448643,,66666.66666666667,11.107460356862065
Socola sữa Meiji 50g,Cái,Kẹo - Chocolate,Bánh Kẹo,61500.0,61500.0,24,0.0,,0.0,1,0.0,0,0,1,0,0.0,0,Meiji,prestige_leader,1,1,1,0,domestic,0,0,0,4,count,1,False,,50.0,3.912023005428146,,123000.0,11.719939634354555,,123000.0,11.719939634354555
Socola sữa hạt dẻ Ritter Sport 100g,Cái,Kẹo - Chocolate,Bánh Kẹo,76900.0,76900.0,21,0.0,,0.0,1,0.0,0,0,1,0,0.0,0,Ritter Sport,niche_professional,1,0,1,0,domestic,0,0,0,7,count,1,False,,100.0,4.605170185988092,,76900.0,11.250261155493735,,76900.0,11.250261155493735
Socola trứng Kinder Joy bé gái hộp 20g,Qủa,Kẹo - Chocolate,Bánh Kẹo,33900.0,33900.0,21,0.0,,0.0,1,0.0,0,0,1,0,0.0,0,Kinder,niche_professional,1,0,1,0,domestic,0,0,0,8,unknown,1,False,,20.0,2.995732273553991,,169500.0,12.040608205802641,,169500.0,12.040608205802641
Socola trứng Kinder Joy bé trai hộp 20g,Qủa,Kẹo - Chocolate,Bánh Kẹo,33900.0,33900.0,21,0.0,,0.0,1,0.0,0,0,1,0,0.0,0,Kinder,niche_professional,1,0,1,0,domestic,0,0,0,8,unknown,1,False,,20.0,2.995732273553991,,169500.0,12.040608205802641,,169500.0,12.040608205802641
Socola viên hỗn hợp Ritter 192g,Hộp,Kẹo - Chocolate,Bánh Kẹo,179000.0,219000.0,11,0.9090909090909092,0.2009132420091324,0.0741145204548692,2,0.2009132420091324,1,0,1,10,10.0,0,,,0,0,0,0,domestic,0,0,0,6,count,1,False,,192.0,5.2574953720277815,,93229.16666666667,11.442815898783202,,114062.5,11.644501822758947
Socola Đậu Phộng M&M'S gói 40g/37g,Gói,Kẹo - Chocolate,Bánh Kẹo,20628.0,22140.0,25,0.36,0.1935483870967742,0.1228916142264944,3,0.24,1,0,2,9,9.0,1,M&M,niche_professional,1,0,1,0,domestic,0,0,0,6,count,1,False,,37.0,3.6109179126442243,,55751.35135135135,10.928656928514716,,59837.83783783784,10.999393479606494
Socola đen Meiji 50g,Cái,Kẹo - Chocolate,Bánh Kẹo,61500.0,61500.0,23,0.0,,0.0,1,0.0,0,0,1,0,0.0,0,Meiji,prestige_leader,1,1,1,0,domestic,0,0,0,4,count,1,False,,50.0,3.912023005428146,,123000.0,11.719939634354555,,123000.0,11.719939634354555
Socola đen Merci 250g,Hộp,Kẹo - Chocolate,Bánh Kẹo,223000.0,223000.0,26,0.0,,0.0,1,0.0,0,0,1,0,0.0,0,Merci,niche_professional,1,0,1,0,domestic,0,0,0,4,count,1,False,,250.0,5.521460917862246,,89200.0,11.398636318568101,,89200.0,11.398636318568101
Socola đen Ritter Sport 74% 100g,Cái,Kẹo - Chocolate,Bánh Kẹo,76900.0,76900.0,16,0.0,,0.0,1,0.0,0,0,1,0,0.0,0,Ritter Sport,niche_professional,1,0,1,0,domestic,0,0,0,6,count,1,False,,100.0,4.605170185988092,,76900.0,11.250261155493735,,76900.0,11.250261155493735
Socola đen Ritter Sport hạnh nhân 100g,Cái,Kẹo - Chocolate,Bánh Kẹo,76900.0,76900.0,20,0.0,,0.0,1,0.0,0,0,1,0,0.0,0,Ritter Sport,niche_professional,1,0,1,0,domestic,0,0,0,7,count,1,False,,100.0,4.605170185988092,,76900.0,11.250261155493735,,76900.0,11.250261155493735
Socola đen Ritter Sport hạt dẻ 100g,Cái,Kẹo - Chocolate,Bánh Kẹo,76900.0,76900.0,21,0.0,,0.0,1,0.0,0,0,1,0,0.0,0,Ritter Sport,niche_professional,1,0,1,0,domestic,0,0,0,7,count,1,False,,100.0,4.605170185988092,,76900.0,11.250261155493735,,76900.0,11.250261155493735
Sô cô la 85% cocoa Lindt Excellence thanh 100g,Cái,Kẹo - Chocolate,Bánh Kẹo,167200.0,167200.0,26,0.0,,0.0,1,0.0,0,0,1,0,0.0,0,Lindt,niche_professional,1,0,1,0,domestic,0,0,0,9,count,1,False,,100.0,4.605170185988092,,167200.0,12.026945979632739,,167200.0,12.026945979632739
Sô cô la Ferrero Rocher hộp 200g,Hộp,Kẹo - Chocolate,Bánh Kẹo,176540.54054054053,249000.0,37,0.8918918918918919,0.3262747961543142,0.168952145127906,4,0.6938775510204083,1,0,1,31,16.5,0,Ferrero,niche_professional,1,0,1,0,domestic,0,0,0,7,count,1,False,,200.0,5.298317366548036,,88270.27027027027,11.388158639868323,,124500.0,11.732060994886899
Sô cô la Ferrero Rocher hộp trái tim 100g,Hộp,Kẹo - Chocolate,Bánh Kẹo,159351.35135135136,225000.0,37,0.8648648648648649,0.3373611111111111,0.2193574397515743,4,0.9396551724137931,1,0,1,30,16.0,0,Ferrero,niche_professional,1,0,1,0,domestic,0,0,0,9,count,1,False,,100.0,4.605170185988092,,159351.35135135136,11.978866800207085,,225000.0,12.323855681186558
Sô cô la KitKat Chunky gói 38g,Cái,Kẹo - Chocolate,Bánh Kẹo,26383.333333333332,26500.0,30,0.0333333333333333,0.1320754716981132,0.0242202015321299,2,0.1521739130434782,1,0,1,1,1.0,0,,,0,0,0,0,domestic,0,0,0,7,count,1,False,,38.0,3.6375861597263857,,69429.82456140351,11.148071802902754,,69736.84210526316,11.15248403823602
Sô cô la KitKat Nestlé Bites gói 40g,Gói,Kẹo - Chocolate,Bánh Kẹo,35800.0,35800.0,17,0.0,,0.0,1,0.0,0,0,1,0,0.0,0,Nestlé,household_giant,0,1,1,0,domestic,0,0,0,8,count,1,False,,40.0,3.6888794541139363,,89500.0,11.401993904262946,,89500.0,11.401993904262946
Sô cô la Merci hộp 400g,Hộp,Kẹo - Chocolate,Bánh Kẹo,345750.0,387000.0,6,0.8333333333333334,0.127906976744186,0.0584476945132645,2,0.127906976744186,1,0,1,5,5.0,0,Merci,niche_professional,1,0,1,0,domestic,0,0,0,6,count,1,False,,400.0,5.991464547107982,,86437.5,11.367176888407114,,96750.0,11.479885610892028
Sô cô la sữa Cadbury Dairy Milk 165g,Gói,Kẹo - Chocolate,Bánh Kẹo,83600.0,83600.0,20,0.0,,0.0,1,0.0,0,0,1,0,0.0,0,Cadbury,niche_professional,1,0,1,0,domestic,0,0,0,8,count,1,False,,165.0,5.10594547390058,,50666.66666666667,10.833023511160304,,50666.66666666667,10.833023511160304
Sôcôla KitKat Nestle hộp 102g,Gói,Bánh Xốp - Bánh Quy,Bánh Kẹo,57088.23529411765,61500.0,17,0.3529411764705882,0.2032520325203252,0.1078576392609751,2,0.2551020408163265,1,0,1,6,6.0,0,Nestlé,household_giant,0,1,1,0,domestic,0,0,0,5,count,1,False,,102.0,4.624972813284271,,55968.85813148789,10.932550710238806,,60294.117647058825,11.00698982649843
Thanh bánh quy kem KitKat trà xanh Nestlé gói 35g,Cái,Bánh Xốp - Bánh Quy,Bánh Kẹo,28833.333333333332,31400.0,30,0.4666666666666667,0.1751592356687898,0.0967903855049856,2,0.1751592356687897,1,0,1,14,14.0,0,Nestlé,household_giant,0,1,1,0,domestic,0,0,0,10,count,1,False,,35.0,3.5553480614894135,,82380.95238095238,11.31910952875054,,89714.28571428572,11.404385296395022
Thanh dinh dưỡng Play việt quất hạt điều 25g,Hộp,Hạt - Trái Cây Sấy Khô,Bánh Kẹo,102500.0,102500.0,20,0.0,,0.0,1,0.0,0,0,1,0,0.0,0,,,0,0,0,0,domestic,0,1,0,9,count,1,False,,25.0,3.2188758248682006,,410000.0,12.92391243868049,,410000.0,12.92391243868049
Thanh dinh dưỡng Play vị rong biển 25g,Hộp,Bánh Xốp - Bánh Quy,Bánh Kẹo,102500.0,102500.0,20,0.0,,0.0,1,0.0,0,0,1,0,0.0,0,,,0,0,0,0,domestic,0,1,0,8,count,1,False,,25.0,3.2188758248682006,,410000.0,12.92391243868049,,410000.0,12.92391243868049
Thanh socola Kitkat chunky quy kem 38g,Cái,Kẹo - Chocolate,Bánh Kẹo,26900.0,26900.0,20,0.0,,0.0,1,0.0,0,0,1,0,0.0,0,,,0,0,0,0,domestic,0,0,0,7,count,1,False,,38.0,3.6375861597263857,,70789.47368421052,11.167465591851636,,70789.47368421052,11.167465591851636
Thạch Caramen Zai Zai Đức Hạnh (Kg),0.5KG,Kẹo - Chocolate,Bánh Kẹo,38158.333333333336,42950.0,36,0.5833333333333334,0.1912522867121237,0.1097407465509007,3,0.2449275362318841,1,0,1,15,4.2,0,,,0,0,0,0,Đức,1,0,0,7,weight,1,False,,,,,,,,,
Thạch New Joy VFOOD hương sữa chia 920,Gói,Kẹo - Chocolate,Bánh Kẹo,41500.0,46000.0,30,0.6,0.1630434782608695,0.0900493155040553,2,0.1948051948051947,1,0,1,18,18.0,0,,,0,0,0,0,domestic,0,0,0,8,count,1,False,,,,,,,,,
Thạch Thái Lan 3in1 Trái Cây Deedo 720g,Gói,Kẹo - Chocolate,Bánh Kẹo,50600.0,50600.0,35,0.0,,0.0,1,0.0,0,0,1,0,0.0,0,,,0,0,0,0,Thái,1,0,0,8,count,1,False,,720.0,6.579251212010101,,7027.777777777777,8.857625829253546,,7027.777777777777,8.857625829253546
Thạch Zai Zai gói 160g,Gói,Kẹo - Chocolate,Bánh Kẹo,16000.0,16000.0,21,0.0,,0.0,1,0.0,0,0,1,0,0.0,0,,,0,0,0,0,domestic,0,0,0,5,count,1,False,,160.0,5.075173815233827,,10000.0,9.210340371976184,,10000.0,9.210340371976184
Thạch Zai Zai gói 210g,Gói,Kẹo - Chocolate,Bánh Kẹo,20900.0,20900.0,20,0.0,,0.0,1,0.0,0,0,1,0,0.0,0,,,0,0,0,0,domestic,0,0,0,5,count,1,False,,210.0,5.3471075307174685,,9952.380952380952,9.205567093223525,,9952.380952380952,9.205567093223525
Thạch bút chì poke VFoods cốc 22 cây,Hộp,Kẹo - Chocolate,Bánh Kẹo,28000.0,28000.0,23,0.0,,0.0,1,0.0,0,0,1,0,0.0,0,,,0,0,0,0,domestic,0,0,0,8,count,1,False,,,,,,,,,
Thạch dừa Hạnh Dung túi 1kg,Gói,Kẹo - Chocolate,Bánh Kẹo,32200.0,32200.0,26,0.0,,0.0,1,0.0,0,0,1,0,0.0,0,,,0,0,0,0,domestic,0,0,0,6,count,1,False,,1000.0,6.907755278982137,,3220.0,8.077136638538454,,3220.0,8.077136638538454
Thạch dừa tổng hợp Nanaco vỉ 6 hộp 80g,VỈ,Kẹo - Chocolate,Bánh Kẹo,61700.0,61700.0,21,0.0,,0.0,1,0.0,0,0,1,0,0.0,0,Nanaco,local_value,0,0,1,0,domestic,0,0,0,9,bundle,1,False,,80.0,4.382026634673881,,77125.0,11.25318276120769,,77125.0,11.25318276120769
Thạch rau câu Vfoods New Joy 800g (2 lớp),Gói,Kẹo - Chocolate,Bánh Kẹo,41788.46153846154,48000.0,26,0.7307692307692307,0.1770833333333333,0.0920092912198124,2,0.2151898734177215,1,0,1,19,19.0,0,,,0,0,0,0,domestic,0,0,0,9,count,1,False,,800.0,6.684611727667927,,5223.557692307692,8.560933998977303,,6000.0,8.699514748210191
Thạch rau câu Zai Zai Đức Hạnh (Kg),1 KG,Kẹo - Chocolate,Bánh Kẹo,73578.57142857143,85900.0,28,0.75,0.1912522867121237,0.1016481326178571,3,0.2449275362318841,1,0,1,21,21.0,0,,,0,0,0,0,Đức,1,0,0,8,weight,1,False,,,,,,,,,
Thạch rau câu Zai Zai+ dài Đức Hạnh (Kg),1KG,Kẹo - Chocolate,Bánh Kẹo,75118.75,85900.0,32,0.65625,0.1912522867121237,0.1080347425420117,3,0.2449275362318841,1,0,1,21,21.0,0,,,0,0,0,0,Đức,1,0,0,9,weight,1,False,,,,,,,,,
Thạch rau câu cốt trái cây tươi Fruit Gel,0.5KG,Kẹo - Chocolate,Bánh Kẹo,32850.0,32850.0,21,0.0,,0.0,1,0.0,0,0,1,0,0.0,0,,,0,0,0,0,domestic,0,0,1,9,weight,1,False,,,,,,,,,
Thạch sữa chưa Vfoods ABC 920g,Gói,Kẹo - Chocolate,Bánh Kẹo,53400.0,53400.0,24,0.0,,0.0,1,0.0,0,0,1,0,0.0,0,,,0,0,0,0,domestic,0,0,0,6,count,1,False,,920.0,6.824373670043086,,5804.347826086957,8.666362540893292,,5804.347826086957,8.666362540893292
Thạch trà sữa Zai Zai gói 210g,Gói,Kẹo - Chocolate,Bánh Kẹo,20900.0,20900.0,20,0.0,,0.0,1,0.0,0,0,1,0,0.0,0,,,0,0,0,0,domestic,0,0,0,7,count,1,False,,210.0,5.3471075307174685,,9952.380952380952,9.205567093223525,,9952.380952380952,9.205567093223525
Thạch trái cây Vfoods tổng hợp 1kg,Gói,Kẹo - Chocolate,Bánh Kẹo,38300.0,38300.0,25,0.0,,0.0,1,0.0,0,0,1,0,0.0,0,,,0,0,0,0,domestic,0,0,0,7,count,1,False,,1000.0,6.907755278982137,,3830.0,8.250620082174692,,3830.0,8.250620082174692
Thạch trái cây hình Magic Việt Quốc 240g,Gói,Kẹo - Chocolate,Bánh Kẹo,30700.0,30700.0,20,0.0,,0.0,1,0.0,0,0,1,0,0.0,0,,,0,0,0,0,domestic,0,0,0,8,count,1,False,,240.0,5.480638923341991,,12791.666666666668,9.456549196221388,,12791.666666666668,9.456549196221388
Thạch trái cây hình cá ngựa Việt Quốc 300g,Gói,Kẹo - Chocolate,Bánh Kẹo,35500.0,35500.0,19,0.0,,0.0,1,0.0,0,0,1,0,0.0,0,,,0,0,0,0,domestic,0,0,0,9,count,1,False,,300.0,5.703782474656201,,11833.333333333334,9.378675686795397,,11833.333333333334,9.378675686795397
Thạch trái cây hình cá voi Gummy gói 300g,Gói,Kẹo - Chocolate,Bánh Kẹo,35500.0,35500.0,20,0.0,,0.0,1,0.0,0,0,1,0,0.0,0,,,0,0,0,0,domestic,0,0,0,9,count,1,False,,300.0,5.703782474656201,,11833.333333333334,9.378675686795397,,11833.333333333334,9.378675686795397
Thạch trái cây tươi Vietfood Fruit Gel 850g,Gói,Kẹo - Chocolate,Bánh Kẹo,53600.0,53600.0,20,0.0,,0.0,1,0.0,0,0,1,0,0.0,0,,,0,0,0,0,domestic,0,0,1,8,count,1,False,,850.0,6.745236349484363,,6305.882352941177,8.749238183562623,,6305.882352941177,8.749238183562623
Thập cẩm sấy WinMart Good gói 150g,Gói,Hạt - Trái Cây Sấy Khô,Bánh Kẹo,32900.0,32900.0,9,0.0,,0.0,1,0.0,0,0,1,0,0.0,0,,,0,0,0,0,domestic,0,0,0,7,count,1,False,,150.0,5.0106352940962555,,21933.333333333332,9.995762828645299,,21933.333333333332,9.995762828645299
Trái cây sấy Vinamit gói 250g,Gói,Hạt - Trái Cây Sấy Khô,Bánh Kẹo,66687.5,80000.0,32,0.875,0.1901785714285714,0.0782836282728413,3,0.2307692307692308,1,0,1,28,28.0,0,Vinamit,niche_professional,1,0,1,0,domestic,0,0,0,6,count,1,False,,250.0,5.521460917862246,,26675.0,10.191482076169954,,32000.0,10.373491181781864
Trái cây sấy Vinamit gói 500g,Gói,Hạt - Trái Cây Sấy Khô,Bánh Kẹo,143300.0,143300.0,21,0.0,,0.0,1,0.0,0,0,1,0,0.0,0,Vinamit,niche_professional,1,0,1,0,domestic,0,0,0,6,count,1,False,,500.0,6.214608098422191,,28660.0,10.263257701382162,,28660.0,10.263257701382162
Trái cây sấy khô Dann Food gói 100g,Gói,Hạt - Trái Cây Sấy Khô,Bánh Kẹo,30500.0,30500.0,21,0.0,,0.0,1,0.0,0,0,1,0,0.0,0,,,0,0,0,0,domestic,0,0,0,8,count,1,False,,100.0,4.605170185988092,,30500.0,10.325481962595504,,30500.0,10.325481962595504
Xoài sấy THD,0.5KG,Hạt - Trái Cây Sấy Khô,Bánh Kẹo,226770.96774193548,277900.0,31,0.8064516129032258,0.2281396185678301,0.1122809192893904,2,0.2955710955710955,1,0,1,25,25.0,0,,,0,0,0,0,domestic,0,0,0,3,weight,1,False,,,,,,,,,
Xoài sấy dẻo Dann Food gói 100g,Gói,Hạt - Trái Cây Sấy Khô,Bánh Kẹo,42300.0,42300.0,21,0.0,,0.0,1,0.0,0,0,1,0,0.0,0,,,0,0,0,0,domestic,0,0,0,7,count,1,False,,100.0,4.605170185988092,,42300.0,10.65254236503437,,42300.0,10.65254236503437
Xoài sấy dẻo Tuấn Đạt gói 100g,Gói,Hạt - Trái Cây Sấy Khô,Bánh Kẹo,40600.0,40600.0,21,0.0,,0.0,1,0.0,0,0,1,0,0.0,0,,,0,0,0,0,domestic,0,0,0,7,count,1,False,,100.0,4.605170185988092,,40600.0,10.611523345589823,,40600.0,10.611523345589823
Xoài sấy dẻo Tuấn Đạt gói 200g,Gói,Hạt - Trái Cây Sấy Khô,Bánh Kẹo,66600.0,77000.0,30,0.8666666666666667,0.1558441558441558,0.0622965592147316,2,0.1846153846153846,1,0,1,26,26.0,0,,,0,0,0,0,domestic,0,0,0,7,count,1,False,,200.0,5.298317366548036,,33300.0,10.413312675968536,,38500.0,10.558413520275876
Xoài sấy dẻo Tuấn Đạt gói 500g,Gói,Hạt - Trái Cây Sấy Khô,Bánh Kẹo,189700.0,189700.0,21,0.0,,0.0,1,0.0,0,0,1,0,0.0,0,,,0,0,0,0,domestic,0,0,0,7,count,1,False,,500.0,6.214608098422191,,37940.0,10.543761243489005,,37940.0,10.543761243489005
Xoài sấy dẻo Vinamit gói 160g,Gói,Hạt - Trái Cây Sấy Khô,Bánh Kẹo,56900.0,56900.0,21,0.0,,0.0,1,0.0,0,0,1,0,0.0,0,Vinamit,niche_professional,1,0,1,0,domestic,0,0,0,6,count,1,False,,160.0,5.075173815233827,,35562.5,10.479046990868687,,35562.5,10.479046990868687
Xoài sấy dẻo WinMart Good 100g,Gói,Hạt - Trái Cây Sấy Khô,Bánh Kẹo,36100.0,36100.0,21,0.0,,0.0,1,0.0,0,0,1,0,0.0,0,,,0,0,0,0,domestic,0,0,0,6,count,1,False,,100.0,4.605170185988092,,36100.0,10.494048144320972,,36100.0,10.494048144320972
YẾN NHUNG Điều vỏ lụa 250g,Hộp,Hạt - Trái Cây Sấy Khô,Bánh Kẹo,148900.0,148900.0,4,0.0,,0.0,1,0.0,0,0,1,0,0.0,0,,,0,0,0,0,domestic,0,0,0,6,count,1,False,,250.0,5.521460917862246,,59560.0,10.994739486797945,,59560.0,10.994739486797945
Ô mai chanh mặn ngọt Hồng Lam hộp 200g,Hộp,Bánh Xốp - Bánh Quy,Bánh Kẹo,60500.0,60500.0,37,0.0,,0.0,1,0.0,0,0,1,0,0.0,0,Hồng Lam,niche_professional,1,0,1,0,domestic,0,0,0,9,count,1,False,,200.0,5.298317366548036,,30250.0,10.317251463458987,,30250.0,10.317251463458987
Ô mai mơ cam thảo Hồng Lam hộp 200g,Hộp,Bánh Xốp - Bánh Quy,Bánh Kẹo,70700.0,70700.0,36,0.0,,0.0,1,0.0,0,0,1,0,0.0,0,Hồng Lam,niche_professional,1,0,1,0,domestic,0,0,0,9,count,1,False,,200.0,5.298317366548036,,35350.0,10.473053671324719,,35350.0,10.473053671324719
Ô mai mơ chua mặn ngọt Hồng Lam hộp 200g,Hộp,Bánh Xốp - Bánh Quy,Bánh Kẹo,71300.0,71300.0,35,0.0,,0.0,1,0.0,0,0,1,0,0.0,0,Hồng Lam,niche_professional,1,0,1,0,domestic,0,0,0,10,count,1,False,,200.0,5.298317366548036,,35650.0,10.481504425842441,,35650.0,10.481504425842441
Ô mai mơ gừng Hồng Lam 200g,Hộp,Bánh Xốp - Bánh Quy,Bánh Kẹo,71300.0,71300.0,36,0.0,,0.0,1,0.0,0,0,1,0,0.0,0,Hồng Lam,niche_professional,1,0,1,0,domestic,0,0,0,7,count,1,False,,200.0,5.298317366548036,,35650.0,10.481504425842441,,35650.0,10.481504425842441
Ô mai mơ gừng Hồng Lam chua mặn ngọt hộp 200g,Hộp,Bánh Xốp - Bánh Quy,Bánh Kẹo,71300.0,71300.0,36,0.0,,0.0,1,0.0,0,0,1,0,0.0,0,Hồng Lam,niche_professional,1,0,1,0,domestic,0,0,0,11,count,1,False,,200.0,5.298317366548036,,35650.0,10.481504425842441,,35650.0,10.481504425842441
Ô mai mơ xí muội Hồng Lam chua ngọt 200g,Hộp,Bánh Xốp - Bánh Quy,Bánh Kẹo,71300.0,71300.0,36,0.0,,0.0,1,0.0,0,0,1,0,0.0,0,Hồng Lam,niche_professional,1,0,1,0,domestic,0,0,0,10,count,1,False,,200.0,5.298317366548036,,35650.0,10.481504425842441,,35650.0,10.481504425842441
Ô mai mận cơm chua ngọt Hồng Lam hộp 200g,Hộp,Bánh Xốp - Bánh Quy,Bánh Kẹo,60500.0,60500.0,18,0.0,,0.0,1,0.0,0,0,1,0,0.0,0,Hồng Lam,niche_professional,1,0,1,0,domestic,0,0,0,10,count,1,False,,200.0,5.298317366548036,,30250.0,10.317251463458987,,30250.0,10.317251463458987
Ô mai mận xào chua ngọt Hồng Lam 200g,Hộp,Bánh Xốp - Bánh Quy,Bánh Kẹo,60500.0,60500.0,36,0.0,,0.0,1,0.0,0,0,1,0,0.0,0,Hồng Lam,niche_professional,1,0,1,0,domestic,0,0,0,9,count,1,False,,200.0,5.298317366548036,,30250.0,10.317251463458987,,30250.0,10.317251463458987
Ô mai sấu bao tử Hồng Lam hộp 200g,Hộp,Bánh Xốp - Bánh Quy,Bánh Kẹo,59266.666666666664,60200.0,36,0.2222222222222222,0.0697674418604651,0.0298797889149768,2,0.0749999999999999,1,0,1,8,8.0,0,Hồng Lam,niche_professional,1,0,1,0,domestic,0,0,0,9,count,1,False,,200.0,5.298317366548036,,29633.333333333332,10.296655132833886,,30100.0,10.312280450736967
Điều lụa rang muối 250g,Hộp,Bánh Xốp - Bánh Quy,Bánh Kẹo,126000.0,126000.0,20,0.0,,0.0,1,0.0,0,0,1,0,0.0,0,,,0,0,0,0,domestic,0,0,0,5,count,1,False,,250.0,5.521460917862246,,50400.0,10.82774645405946,,50400.0,10.82774645405946
Điều lụa rang muối Mỹ Linh 200g,Hộp,Bánh Xốp - Bánh Quy,Bánh Kẹo,99000.0,99000.0,15,0.0,,0.0,1,0.0,0,0,1,0,0.0,0,,,0,0,0,0,Mỹ,1,0,0,7,count,1,False,,200.0,5.298317366548036,,49500.0,10.809727948556782,,49500.0,10.809727948556782
Đậu Tỏi ớt Tân Tân lon 260g,Lon,Hạt - Trái Cây Sấy Khô,Bánh Kẹo,70700.0,70700.0,16,0.0,,0.0,1,0.0,0,0,1,0,0.0,0,Tân Tân,local_value,0,0,1,0,domestic,0,0,0,7,count,1,False,,260.0,5.560681631015528,,27192.30769230769,10.210689406857227,,27192.30769230769,10.210689406857227
Đậu phộng Poca da cá gói 45/42g,Gói,Hạt - Trái Cây Sấy Khô,Bánh Kẹo,5500.0,5500.0,21,0.0,,0.0,1,0.0,0,0,1,0,0.0,0,,,0,0,0,0,domestic,0,0,0,7,count,1,False,,42.0,3.7376696182833684,,13095.238095238095,9.480003938925286,,13095.238095238095,9.480003938925286
Đậu phộng da cá Tân Tân 300g,Lon,Hạt - Trái Cây Sấy Khô,Bánh Kẹo,56300.0,56300.0,16,0.0,,0.0,1,0.0,0,0,1,0,0.0,0,Tân Tân,local_value,0,0,1,0,domestic,0,0,0,7,count,1,False,,300.0,5.703782474656201,,18766.666666666668,9.839837525459671,,18766.666666666668,9.839837525459671
Đậu phộng da cá Tân Tân gói 285g,Gói,Hạt - Trái Cây Sấy Khô,Bánh Kẹo,44700.0,44700.0,21,0.0,,0.0,1,0.0,0,0,1,0,0.0,0,Tân Tân,local_value,0,0,1,0,domestic,0,0,0,8,count,1,False,,285.0,5.652489180268651,,15684.210526315788,9.6604097863211,,15684.210526315788,9.6604097863211
Đậu phộng nước cốt dừa Tân Tân lon 265g,Lon,Hạt - Trái Cây Sấy Khô,Bánh Kẹo,63200.0,63200.0,21,0.0,,0.0,1,0.0,0,0,1,0,0.0,0,Tân Tân,local_value,0,0,1,0,domestic,0,0,0,9,count,1,False,,265.0,5.579729825986222,,23849.056603773584,10.079499940136818,,23849.056603773584,10.079499940136818
Bò hầm Vissan hộp 150g,Hộp,Thực Phẩm Đóng Hộp,Thực Phẩm Khô,40460.0,42500.0,75,0.4,0.12,0.0621875989645254,3,0.1333333333333333,1,0,1,15,15.0,0,Vissan,household_giant,0,1,1,0,domestic,0,0,0,5,count,1,False,,150.0,5.0106352940962555,,26973.333333333332,10.202604002613572,,28333.333333333332,10.251794246804344
Bóng cá chay An Nhiên gói 150g,Gói,Thực Phẩm Chay,Thực Phẩm Khô,56252.17391304348,56252.17391304348,69,0.0,,0.0391471424819438,2,0.0961887477313974,0,0,2,0,0.0,1,,,0,0,0,0,domestic,0,0,0,7,count,1,False,,150.0,5.0106352940962555,,37501.44927536232,10.532134858554707,,37501.44927536232,10.532134858554707
Bơ Thực Vật Cao Cấp Meizan 200g,Hộp,Thực Phẩm Đóng Hộp,Thực Phẩm Khô,19300.0,22200.0,57,1.0,0.1306306306306306,0.0,1,0.0,1,1,1,57,57.0,0,Meizan,household_giant,0,1,1,0,domestic,0,0,0,7,count,1,False,,200.0,5.298317366548036,,9650.0,9.174713194333032,,11100.0,9.314700387300425
Bơ Thực Vật Cao Cấp Meizan 80g,Hộp,Thực Phẩm Đóng Hộp,Thực Phẩm Khô,9300.0,11100.0,59,1.0,0.1621621621621621,0.0,1,0.0,1,1,1,59,59.0,0,Meizan,household_giant,0,1,1,0,domestic,0,0,0,7,count,1,False,,80.0,4.382026634673881,,11625.0,9.360913230455557,,13875.0,9.537843938614635
Bơ thực vật Meizan hộp 200g,Hộp,Thực Phẩm Đóng Hộp,Thực Phẩm Khô,19925.925925925927,22200.0,27,0.8148148148148148,0.1257166257166257,0.0556343260552324,3,0.1384615384615384,1,0,1,12,11.0,0,Meizan,household_giant,0,1,1,0,domestic,0,0,0,6,count,1,False,,200.0,5.298317366548036,,9962.962962962964,9.206629792579648,,11100.0,9.314700387300425
Bơ thực vật Meizan hộp 80g,Hộp,Thực Phẩm Đóng Hộp,Thực Phẩm Khô,9722.222222222224,11100.0,27,0.8148148148148148,0.1523341523341523,0.0694883747321804,3,0.168421052631579,1,0,1,12,11.0,0,Meizan,household_giant,0,1,1,0,domestic,0,0,0,6,count,1,False,,80.0,4.382026634673881,,12152.77777777778,9.405313046323696,,13875.0,9.537843938614635
Bơ thực vật Tường An hộp 200g,Hộp,Thực Phẩm Đóng Hộp,Thực Phẩm Khô,20292.0,21000.0,75,0.3866666666666666,0.0871921182266009,0.0445279186183435,3,0.1285714285714285,1,0,1,28,14.5,0,Tường An,household_giant,0,1,1,0,domestic,0,0,0,7,count,1,False,,200.0,5.298317366548036,,10146.0,9.224834818126634,,10500.0,9.259130536145614
Bơ thực vật Tường An hộp 80g,Hộp,Thực Phẩm Đóng Hộp,Thực Phẩm Khô,10531.34328358209,10900.0,67,0.4029850746268656,0.0839279646619096,0.0431735706875794,3,0.1192660550458715,1,0,1,26,13.5,0,Tường An,household_giant,0,1,1,0,domestic,0,0,0,7,count,1,False,,80.0,4.382026634673881,,13164.179104477611,9.485254715597963,,13625.0,9.519661619531444
Bơ đậu phộng Golden Farm lọ 170g,Lọ,Thực Phẩm Đóng Hộp,Thực Phẩm Khô,38400.0,38400.0,72,0.0,,0.0,1,0.0,0,0,1,0,0.0,0,Golden Farm,local_value,0,0,1,0,domestic,0,0,0,7,count,1,False,,170.0,5.135798437050262,,22588.235294117647,10.025184487513648,,22588.235294117647,10.025184487513648
Bơ đậu phộng Golden Farm mịn lọ 340g,Lọ,Thực Phẩm Đóng Hộp,Thực Phẩm Khô,66030.76923076923,67600.0,78,0.2307692307692307,0.1005917159763313,0.0436698570071543,2,0.1118421052631579,1,0,1,18,18.0,0,Golden Farm,local_value,0,0,1,0,domestic,0,0,0,8,count,1,False,,340.0,5.8289456176102075,,19420.81447963801,9.874100681214973,,19882.352941176472,9.89758783040894
Bơ đậu phộng mịn Golden Farm lọ 170g,Lọ,Thực Phẩm Đóng Hộp,Thực Phẩm Khô,35958.620689655174,38000.0,58,0.5517241379310345,0.0973684210526315,0.0542037464837834,3,0.1210526315789474,1,0,1,18,16.0,0,Golden Farm,local_value,0,0,1,0,domestic,0,0,0,8,count,1,False,,170.0,5.135798437050262,,21152.12981744422,9.95949587999284,,22352.941176470587,10.014713187646352
Bột Thạch Agar Swallowglobe Brand 10g,Gói,Bột Các Loại,Thực Phẩm Khô,18600.0,18600.0,73,0.0,,0.0,1,0.0,0,0,1,0,0.0,0,,,0,0,0,0,domestic,0,0,0,6,count,1,False,,10.0,2.302585092994046,,186000.0,12.133501952695338,,186000.0,12.133501952695338
Bột bánh rán pha sẵn Ajinomoto gói 200g,Gói,Bột Các Loại,Thực Phẩm Khô,20504.4776119403,21300.0,67,0.3432835820895522,0.1087977138191467,0.0545358028583008,3,0.1390374331550801,1,0,1,13,7.666666666666667,0,Ajinomoto,household_giant,0,1,1,0,domestic,0,0,0,8,count,1,False,,200.0,5.298317366548036,,10252.23880597015,9.235251380811007,,10650.0,9.273315171137572
Bột bánh rán pha sẵn Ajinomoto vị socola 200g,Gói,Bột Các Loại,Thực Phẩm Khô,19377.049180327867,20400.0,61,0.3934426229508196,0.1274509803921568,0.0660924188743456,2,0.146067415730337,1,0,1,14,8.0,0,Ajinomoto,household_giant,0,1,1,0,domestic,0,0,0,9,count,1,False,,200.0,5.298317366548036,,9688.524590163934,9.178697432214923,,10200.0,9.230142999272362
Bột bánh xèo Meizan 400g,Gói,Bột Các Loại,Thực Phẩm Khô,17986.153846153848,18632.30769230769,65,0.3230769230769231,0.1092896174863388,0.0680787006977259,4,0.1236559139784946,1,0,3,21,21.0,1,Meizan,household_giant,0,1,1,0,domestic,0,0,0,5,count,1,False,,400.0,5.991464547107982,,4496.538461538462,8.411063148979382,,4658.076923076923,8.446357964493615
Bột bắp Meizan 150g,Gói,Bột Các Loại,Thực Phẩm Khô,7069.2307692307695,7269.2307692307695,26,0.5,0.056338028169014,0.055262050918316,3,0.0563380281690141,1,0,2,13,13.0,0,Meizan,household_giant,0,1,1,0,domestic,0,0,0,4,count,1,False,,150.0,5.0106352940962555,,4712.820512820513,8.458041842774078,,4846.153846153847,8.485940647912134
Bột bắp Vĩnh Thuận gói 150g,Gói,Bột Các Loại,Thực Phẩm Khô,19000.0,19000.0,34,0.0,,0.0,1,0.0,0,0,1,0,0.0,0,Vĩnh Thuận,local_value,0,0,1,0,domestic,0,0,0,6,count,1,False,,150.0,5.0106352940962555,,12666.666666666666,9.446729150040413,,12666.666666666666,9.446729150040413
Bột chiên Miwon gói 100g,Gói,Bột Các Loại,Thực Phẩm Khô,7573.684210526316,8100.0,76,0.5394736842105263,0.1204456489009334,0.0647692871740274,3,0.1408450704225352,1,0,1,18,10.25,0,Miwon,household_giant,0,1,1,0,domestic,0,0,0,5,count,1,False,,100.0,4.605170185988092,,7573.684210526316,8.932434913709018,,8100.0,8.99961934066053
Bột chiên giòn Meizan gói 150g,Gói,Bột Các Loại,Thực Phẩm Khô,7226.315789473684,8300.0,76,0.7105263157894737,0.182061579651941,0.097442889837107,3,0.1927710843373493,1,0,1,42,27.0,0,Meizan,household_giant,0,1,1,0,domestic,0,0,0,6,count,1,False,,150.0,5.0106352940962555,,4817.543859649123,8.480019504481458,,5533.333333333333,8.618545685676525
Bột chiên giòn nêm sẵn gia vị Meizan gói 150g,Gói,Bột Các Loại,Thực Phẩm Khô,8411.32075471698,9800.0,53,0.9245283018867924,0.1532694710537276,0.051593692738131,3,0.1632653061224489,1,0,1,37,24.5,0,Meizan,household_giant,0,1,1,0,domestic,0,0,0,10,count,1,False,,150.0,5.0106352940962555,,5607.547169811321,8.63186867827362,,6533.333333333333,8.784672556550499
Bột chiên gà giòn Miwon gói 70g,Gói,Bột Các Loại,Thực Phẩm Khô,11494.285714285714,12400.0,70,0.6,0.1217357910906298,0.0650015510951545,4,0.1481481481481481,1,0,1,18,10.5,0,Miwon,household_giant,0,1,1,0,domestic,0,0,0,7,count,1,False,,70.0,4.248495242049359,,16420.408163265307,9.706280240387198,,17714.285714285714,9.782126695531861
Bột chiên xù Miwon gói 100g,Gói,Bột Các Loại,Thực Phẩm Khô,12421.518987341771,13500.0,79,0.6455696202531646,0.1237472766884531,0.0650420344043971,3,0.1538461538461537,1,0,1,18,17.0,0,Miwon,household_giant,0,1,1,0,domestic,0,0,0,6,count,1,False,,100.0,4.605170185988092,,12421.518987341771,9.427185649727564,,13500.0,9.51044496442652
Bột chiên xù Miwon gói 200g,Gói,Bột Các Loại,Thực Phẩm Khô,25300.0,25300.0,74,0.0,,0.0,1,0.0,0,0,1,0,0.0,0,Miwon,household_giant,0,1,1,0,domestic,0,0,0,6,count,1,False,,200.0,5.298317366548036,,12650.0,9.445412494155667,,12650.0,9.445412494155667
Bột làm Thạch trái dừa Jim Willie10g,Gói,Bột Các Loại,Thực Phẩm Khô,17800.0,17800.0,71,0.0,,0.0,1,0.0,0,0,1,0,0.0,0,,,0,0,0,0,domestic,0,0,0,7,count,1,False,,10.0,2.302585092994046,,178000.0,12.089538829274222,,178000.0,12.089538829274222
Bột mì chuyên dụng cho Bánh Mì Meizan gói 1kg,Gói,Bột Các Loại,Thực Phẩm Khô,34272.602739726026,37100.0,73,0.6986301369863014,0.1090851434913588,0.0567516408128587,3,0.1185983827493261,1,0,1,39,25.5,0,Meizan,household_giant,0,1,1,0,domestic,0,0,0,10,count,1,False,,1000.0,6.907755278982137,,3427.2602739726026,8.139516467042235,,3710.0,8.21878715560148
Bột mì đa dụng Meizan gói 1kg,Gói,Bột Các Loại,Thực Phẩm Khô,26531.25,30700.0,32,0.71875,0.1889250814332247,0.0998618525141186,2,0.1889250814332247,1,0,1,23,23.0,0,Meizan,household_giant,0,1,1,0,domestic,0,0,0,7,count,1,False,,1000.0,6.907755278982137,,2653.125,7.8834934694997125,,3070.0,8.029432840581244
Bột mì đa dụng Meizan gói 500g,Gói,Bột Các Loại,Thực Phẩm Khô,13209.19540229885,16100.0,87,1.0,0.1795530806025558,0.0232230693459884,3,0.0692307692307692,1,1,1,87,87.0,0,Meizan,household_giant,0,1,1,0,domestic,0,0,0,7,count,1,False,,500.0,6.214608098422191,,2641.8390804597702,7.879230574998587,,3220.0,8.077136638538454
Bột mỳ chuyên bánh bông lan Meizan gói 1 kg,Gói,Bột Các Loại,Thực Phẩm Khô,32902.63157894737,37000.0,76,0.7105263157894737,0.1558558558558558,0.0816140433463547,3,0.1648648648648648,1,0,1,42,27.0,0,Meizan,household_giant,0,1,1,0,domestic,0,0,0,10,count,1,False,,1000.0,6.907755278982137,,3290.2631578947367,8.098722827762659,,3700.0,8.216088098632316
Bột năng đa dụng Meizan gói 400g,Gói,Bột Các Loại,Thực Phẩm Khô,12000.0,13700.0,42,1.0,0.1240875912408759,0.0,1,0.0,1,1,1,42,42.0,0,Meizan,household_giant,0,1,1,0,domestic,0,0,0,7,count,1,False,,400.0,5.991464547107982,,3000.0,8.006367567650246,,3425.0,8.138856750696325
Bột tàu hủ Singapore Thiên Ý 90g,Gói,Bột Các Loại,Thực Phẩm Khô,34900.0,34900.0,65,0.0,,0.0,1,0.0,0,0,1,0,0.0,0,,,0,0,0,0,Ý,1,0,0,7,count,1,False,,90.0,4.499809670330265,,38777.777777777774,10.565602623848346,,38777.777777777774,10.565602623848346
Bột tẩm khô chiên giòn Aji-Quick Ajinomoto gói 210g,Gói,Bột Các Loại,Thực Phẩm Khô,36817.64705882353,37900.0,68,0.3235294117647059,0.0882705684816502,0.0430704321278613,3,0.1081871345029239,1,0,1,13,7.333333333333333,0,Ajinomoto,household_giant,0,1,1,0,domestic,0,0,0,9,count,1,False,,210.0,5.3471075307174685,,17532.212885154062,9.7717952041272,,18047.619047619046,9.80076904634114
Bột tẩm khô chiên giòn Aji-Quick Ajinomoto gói 84g,Gói,Bột Các Loại,Thực Phẩm Khô,15498.6301369863,16200.0,73,0.4383561643835616,0.0987654320987654,0.0515781674304257,2,0.1095890410958904,1,0,1,17,16.0,0,Ajinomoto,household_giant,0,1,1,0,domestic,0,0,0,9,count,1,False,,84.0,4.430816798843313,,18450.75016307893,9.822860307887579,,19285.714285714286,9.867119908365254
Bột tẩm khô chiên giòn Aji-quicl gói 42g,Gói,Bột Các Loại,Thực Phẩm Khô,8593.150684931506,8900.0,73,0.4383561643835616,0.0786516853932584,0.0406991043375862,2,0.0853658536585366,1,0,1,17,16.0,0,,,0,0,0,0,domestic,0,0,0,8,count,1,False,,42.0,3.7376696182833684,,20459.882583170252,9.926221300641167,,21190.47619047619,9.961307123424954
Cá chỉ cháy tỏi Hải Nam 60g,Hộp,Thực Phẩm Đóng Hộp,Thực Phẩm Khô,56000.0,56000.0,63,0.0,,0.0,1,0.0,0,0,1,0,0.0,0,Hải Nam,local_value,0,0,1,0,domestic,0,0,0,7,count,1,False,,60.0,4.0943445622221,,93333.33333333334,11.443932593483277,,93333.33333333334,11.443932593483277
Cá cơm sấy giòn ăn liền An Vĩnh hộp 100g,Hộp,Thực Phẩm Đóng Hộp,Thực Phẩm Khô,51000.0,51000.0,63,0.0,,0.0,1,0.0,0,0,1,0,0.0,0,An Vĩnh,local_value,0,0,1,0,domestic,0,0,0,10,count,1,False,,100.0,4.605170185988092,,51000.0,10.839580911706463,,51000.0,10.839580911706463
Cá khô chỉ vàng khay 200g,Khay,Thực Phẩm Đóng Hộp,Thực Phẩm Khô,76000.0,76000.0,25,0.0,,0.0,1,0.0,0,0,1,0,0.0,0,,,0,0,0,0,domestic,0,0,0,6,unknown,1,False,,200.0,5.298317366548036,,38000.0,10.545341438708522,,38000.0,10.545341438708522
Cá ngừ Nautilus xắt khúc ngâm dầu thực vật,Lon,Thực Phẩm Đóng Hộp,Thực Phẩm Khô,37000.0,39000.0,81,0.3703703703703703,0.1384615384615384,0.0709362927795707,3,0.1572700296735905,1,0,1,15,15.0,0,,,0,0,0,0,domestic,0,0,0,9,count,1,False,,,,,,,,,
Cá ngừ Tuna VN xé nhỏ ngâm dầu 160g,Hộp,Thực Phẩm Đóng Hộp,Thực Phẩm Khô,20300.0,20300.0,54,0.0,,0.0,1,0.0,0,0,1,0,0.0,0,,,0,0,0,0,domestic,0,0,0,9,count,1,False,,160.0,5.075173815233827,,12687.5,9.448372535784143,,12687.5,9.448372535784143
Cá ngừ Tuna VN xốt cà chua 160g,Hộp,Thực Phẩm Đóng Hộp,Thực Phẩm Khô,25900.0,25900.0,65,0.0,,0.0,1,0.0,0,0,1,0,0.0,0,,,0,0,0,0,domestic,0,0,0,8,count,1,False,,160.0,5.075173815233827,,16187.5,9.691994618441894,,16187.5,9.691994618441894
Cá ngừ dầu xé nhỏ Seaspimex lon 185g,Lon,Thực Phẩm Đóng Hộp,Thực Phẩm Khô,29000.0,29000.0,43,0.0,,0.0,1,0.0,0,0,1,0,0.0,0,Seaspimex,local_value,0,0,1,0,domestic,0,0,0,8,count,1,False,,185.0,5.220355825078324,,15675.675675675675,9.659865469878378,,15675.675675675675,9.659865469878378
Cá ngừ ngâm dầu Hạ Long Canfoco hộp 175g,Hộp,Thực Phẩm Đóng Hộp,Thực Phẩm Khô,51900.0,51900.0,17,0.0,,0.0,1,0.0,0,0,1,0,0.0,0,,,0,0,0,0,domestic,0,0,0,9,count,1,False,,175.0,5.1647859739235145,,29657.14285714286,10.297458281218557,,29657.14285714286,10.297458281218557
Cá ngừ ngâm dầu Seaspimex hộp 185g,Hộp,Thực Phẩm Đóng Hộp,Thực Phẩm Khô,33100.0,33100.0,23,0.0,,0.0,1,0.0,0,0,1,0,0.0,0,Seaspimex,local_value,0,0,1,0,domestic,0,0,0,7,count,1,False,,185.0,5.220355825078324,,17891.89189189189,9.792102922274921,,17891.89189189189,9.792102922274921
Cá ngừ ngâm dầu Tuna VN 160g,Hộp,Thực Phẩm Đóng Hộp,Thực Phẩm Khô,25900.0,25900.0,44,0.0,,0.0,1,0.0,0,0,1,0,0.0,0,,,0,0,0,0,domestic,0,0,0,7,count,1,False,,160.0,5.075173815233827,,16187.5,9.691994618441894,,16187.5,9.691994618441894
Cá ngừ thịt trắng ngâm dầu Seaspimex hộp 185g,Hộp,Thực Phẩm Đóng Hộp,Thực Phẩm Khô,42900.0,42900.0,74,0.0,,0.0,1,0.0,0,0,1,0,0.0,0,Seaspimex,local_value,0,0,1,0,domestic,0,0,0,9,count,1,False,,185.0,5.220355825078324,,23189.189189189186,10.051441465825874,,23189.189189189186,10.051441465825874
Cá ngừ đại dương ngâm dầu Seaspimex hộp 185g,Hộp,Thực Phẩm Đóng Hộp,Thực Phẩm Khô,45400.0,45400.0,71,0.0,,0.0,1,0.0,0,0,1,0,0.0,0,Seaspimex,local_value,0,0,1,0,domestic,0,0,0,9,count,1,False,,185.0,5.220355825078324,,24540.54054054054,10.108081744939206,,24540.54054054054,10.108081744939206
Cá nục kho tiêu Kronos Sea Crown lon 155g,Lon,Thực Phẩm Đóng Hộp,Thực Phẩm Khô,16389.333333333332,16800.0,75,0.1866666666666666,0.1309523809523809,0.0526555115625475,2,0.1506849315068492,1,0,1,14,14.0,0,Kronos,local_value,0,0,1,0,domestic,0,0,0,9,count,1,False,,155.0,5.043425116919247,,10573.763440860213,9.266131064771,,10838.709677419354,9.290879234460196
Cá nục sốt cà Lilly hộp 155g,Hộp,Thực Phẩm Đóng Hộp,Thực Phẩm Khô,13322.5,13900.0,80,0.2625,0.158273381294964,0.0731162764044006,2,0.188034188034188,1,0,1,21,21.0,0,Lilly,local_value,0,0,1,0,domestic,0,0,0,7,count,1,False,,155.0,5.043425116919247,,8595.16129032258,9.058954683239781,,8967.741935483871,9.101389188187628
Cá nục sốt cà Three Lady Cooks lon 155g,Lon,Thực Phẩm Đóng Hộp,Thực Phẩm Khô,19500.0,19500.0,75,0.0,,0.0,1,0.0,0,0,1,0,0.0,0,Three Lady Cooks,local_value,0,0,1,0,domestic,0,0,0,9,count,1,False,,155.0,5.043425116919247,,12580.645161290322,9.439914813620684,,12580.645161290322,9.439914813620684
Cá trích xẻ Hải Nam tẩm nướng 90g,Gói,Thực Phẩm Đóng Hộp,Thực Phẩm Khô,59978.10218978102,63029.19708029197,137,0.2773722627737226,0.1466666666666666,0.1653916192210711,4,0.5,1,0,3,5,1.4074074074074074,1,Hải Nam,local_value,0,0,1,0,domestic,0,0,0,8,count,1,False,,90.0,4.499809670330265,,66642.33576642335,11.107095326743027,,70032.4412003244,11.156713859392617
Dưa chuột ngâm Fragata lọ 345g,Lọ,Thực Phẩm Đóng Hộp,Thực Phẩm Khô,77000.0,77000.0,77,0.0,,0.0,1,0.0,0,0,1,0,0.0,0,Fragata,niche_professional,1,0,1,0,domestic,0,0,0,6,count,1,False,,345.0,5.84354441703136,,22318.840579710144,10.013186469792553,,22318.840579710144,10.013186469792553
Gạo Japonica Neptune bịch 5kg,Gói,Gạo - Nông Sản Khô,Thực Phẩm Khô,125229.54545454546,137600.0,44,1.0,0.0899015591966173,0.0019144642572716,2,0.003987240829346,1,1,1,44,44.0,0,Neptune,household_giant,0,1,1,0,domestic,0,0,0,5,count,1,False,,5000.0,8.517193191416238,,2504.590909090909,7.8258806904383285,,2752.0,7.920083199053234
Gạo Lứt Đồ Simply 1kg,Gói,Gạo - Nông Sản Khô,Thực Phẩm Khô,67300.0,67300.0,22,0.0,,0.0,1,0.0,0,0,1,0,0.0,0,Simply,household_giant,0,1,1,0,domestic,0,0,0,5,count,1,False,,1000.0,6.907755278982137,,6730.0,8.814330422638774,,6730.0,8.814330422638774
Gạo Ngọc Nương Lức đỏ túi 1kg,Gói,Gạo - Nông Sản Khô,Thực Phẩm Khô,51600.0,51600.0,44,0.0,,0.0,1,0.0,0,0,1,0,0.0,0,,,0,0,0,0,domestic,0,0,0,7,count,1,False,,1000.0,6.907755278982137,,5160.0,8.548691858475609,,5160.0,8.548691858475609
Gạo Ngọc Nương ST 25 đặc sản 3Kg,Gói,Gạo - Nông Sản Khô,Thực Phẩm Khô,95194.11764705884,123000.0,85,0.8823529411764706,0.2562059620596206,0.1146674358706425,5,0.2693498452012384,1,0,1,74,37.5,0,,,0,0,0,0,domestic,0,0,0,8,count,1,False,,3000.0,8.006367567650246,,3173.137254901961,8.062476047786605,,4100.0,8.318742252692399
Gạo Ngọc Nương ST25 3 Kg,Gói,Gạo - Nông Sản Khô,Thực Phẩm Khô,86195.18072289157,115000.0,83,0.8192771084337349,0.3057289002557545,0.1579903977021952,3,0.4392991239048811,1,0,1,35,22.666666666666668,0,,,0,0,0,0,domestic,0,0,0,6,count,1,False,,3000.0,8.006367567650246,,2873.1726907630523,7.963172165339609,,3833.3333333333335,8.251490025683232
Gạo Ngọc Nương lúa tôm ST25 5Kg,Gói,Gạo - Nông Sản Khô,Thực Phẩm Khô,204229.2307692308,205000.0,65,0.0153846153846153,0.244390243902439,0.0304272810484265,2,0.244390243902439,1,0,1,1,1.0,0,,,0,0,0,0,domestic,0,0,0,7,count,1,False,,5000.0,8.517193191416238,,4084.584615384616,8.314975316783435,,4100.0,8.318742252692399
Gạo ST25 Bảo Minh lúa ruộng rươi 3kg,Gói,Gạo - Nông Sản Khô,Thực Phẩm Khô,117329.54545454546,147600.0,88,0.8068181818181818,0.2541890911866865,0.1275046531390162,3,0.255420054200542,1,0,1,71,71.0,0,Bảo Minh,local_value,0,0,1,0,domestic,0,0,0,8,count,1,False,,3000.0,8.006367567650246,,3910.9848484848485,8.271544500671009,,4920.0,8.501063809486354
Gạo ST25 Giống Cây Trồng TW túi 3kg,Gói,Gạo - Nông Sản Khô,Thực Phẩm Khô,100679.06976744186,119900.0,86,0.872093023255814,0.1838198498748957,0.0736129269506915,3,0.2247191011235956,1,0,1,74,37.5,0,,,0,0,0,0,domestic,0,0,0,8,count,1,False,,3000.0,8.006367567650246,,3355.968992248062,8.118495828047411,,3996.6666666666665,8.29321595935345
Gạo Séng Cù Bảo Minh túi 5kg,Gói,Gạo - Nông Sản Khô,Thực Phẩm Khô,181600.0,181600.0,72,0.0,,0.0,1,0.0,0,0,1,0,0.0,0,Bảo Minh,local_value,0,0,1,0,domestic,0,0,0,7,count,1,False,,5000.0,8.517193191416238,,3632.0,8.197538739721184,,3632.0,8.197538739721184
Gạo Tám Sóc Trăng Vinafood1 túi 3.5kg,Gói,Gạo - Nông Sản Khô,Thực Phẩm Khô,124544.0,135500.0,50,0.66,0.1225092250922509,0.0637798754142596,2,0.1225092250922509,1,0,1,33,33.0,0,Vinafood,local_value,0,0,1,0,domestic,0,0,0,7,count,1,False,,3500.0,8.160518247477505,,3558.4,8.177066284616208,,3871.4285714285716,8.26137885781248
Gạo giống Nhật Bảo Minh túi 5kg,Gói,Gạo - Nông Sản Khô,Thực Phẩm Khô,167800.0,167800.0,72,0.0,,0.0,1,0.0,0,0,1,0,0.0,0,Bảo Minh,local_value,0,0,1,0,domestic,0,0,0,7,count,1,False,,5000.0,8.517193191416238,,3356.0,8.118505067587098,,3356.0,8.118505067587098
Gạo nếp Vinaseed hoa vàng đặc biệt 2kg,Gói,Gạo - Nông Sản Khô,Thực Phẩm Khô,87970.12987012987,95100.0,77,0.5844155844155844,0.1282860147213459,0.0687944946676933,2,0.1471652593486128,1,0,1,45,45.0,0,,,0,0,0,0,domestic,0,0,0,8,count,1,False,,2000.0,7.600902459542082,,4398.506493506493,8.389020328991855,,4755.0,8.46695197497949
Gạo nếp cái hoa vàng Vinafood1 túi 2kg,Gói,Gạo - Nông Sản Khô,Thực Phẩm Khô,90025.0,90900.0,68,0.25,0.0385038503850385,0.0169598733717795,2,0.040045766590389,1,0,1,17,17.0,0,Vinafood,local_value,0,0,1,0,domestic,0,0,0,8,count,1,False,,2000.0,7.600902459542082,,4501.25,8.412110414963085,,4545.0,8.421783006611578
Gạo phúc thọ cây trồng Vinaseed hộp 1kg,Hộp,Gạo - Nông Sản Khô,Thực Phẩm Khô,51187.80487804878,54700.0,41,0.4390243902439024,0.1462522851919561,0.0785238758474235,2,0.171306209850107,1,0,1,18,18.0,0,,,0,0,0,0,domestic,0,0,0,8,count,1,False,,1000.0,6.907755278982137,,5118.780487804878,8.54067150368716,,5470.0,8.607033895416027
Gạo tám Gò Công Vinafood1 túi 3kg,Gói,Gạo - Nông Sản Khô,Thực Phẩm Khô,132530.48780487804,147200.0,82,0.7926829268292683,0.1257211538461538,0.0590023687509889,3,0.1229619565217391,1,0,1,65,65.0,0,Vinafood,local_value,0,0,1,0,domestic,0,0,0,7,count,1,False,,3000.0,8.006367567650246,,4417.682926829268,8.393370612918675,,4906.666666666667,8.498350103614758
Heo hầm Vissan hộp 150g,Hộp,Thực Phẩm Đóng Hộp,Thực Phẩm Khô,32700.0,32700.0,77,0.0,,0.0,1,0.0,0,0,1,0,0.0,0,Vissan,household_giant,0,1,1,0,domestic,0,0,0,5,count,1,False,,150.0,5.0106352940962555,,21800.0,9.98966524877718,,21800.0,9.98966524877718
Hạt lạc nhân Thu Dung 500g,Gói,Gạo - Nông Sản Khô,Thực Phẩm Khô,53900.0,53900.0,69,0.0,,0.0,1,0.0,0,0,1,0,0.0,0,,,0,0,0,0,domestic,0,0,0,6,count,1,False,,500.0,6.214608098422191,,10780.0,9.285447844462988,,10780.0,9.285447844462988
Hạt phỉ phết cacao Nutella 350g,Hộp,Gạo - Nông Sản Khô,Thực Phẩm Khô,145000.0,145000.0,59,0.0,,0.0,1,0.0,0,0,1,0,0.0,0,Nutella,prestige_leader,1,1,1,0,domestic,0,0,0,6,count,1,False,,350.0,5.857933154483459,,41428.57142857143,10.631726052907343,,41428.57142857143,10.631726052907343
Hạt phỉ phết cacao Nuttella 200g,Hộp,Gạo - Nông Sản Khô,Thực Phẩm Khô,87270.96774193548,90900.0,62,0.2903225806451613,0.1375137513751375,0.0655453745755837,2,0.159438775510204,1,0,1,18,18.0,0,,,0,0,0,0,domestic,0,0,0,6,count,1,False,,200.0,5.298317366548036,,43635.48387096774,10.68362594859214,,45450.0,10.724368099605625
Hạt sen Thu Dung gói 500g,Gói,Gạo - Nông Sản Khô,Thực Phẩm Khô,149900.0,149900.0,70,0.0,,0.0,1,0.0,0,0,1,0,0.0,0,,,0,0,0,0,domestic,0,0,0,6,count,1,False,,500.0,6.214608098422191,,29980.0,10.308285771656589,,29980.0,10.308285771656589
Khô cá chỉ vàng tẩm Hoa Doanh 200g,Gói,Thực Phẩm Đóng Hộp,Thực Phẩm Khô,78607.69230769231,79500.0,65,0.0769230769230769,0.1459119496855346,0.0396284334347097,2,0.170839469808542,1,0,1,5,5.0,0,Hoa Doanh,local_value,0,0,1,0,domestic,0,0,0,8,count,1,False,,200.0,5.298317366548036,,39303.846153846156,10.579077659578818,,39750.0,10.590365120082478
Khô cá cơm sữa An Vĩnh khay 200g,Gói,Thực Phẩm Đóng Hộp,Thực Phẩm Khô,49423.37662337662,54000.0,77,0.5714285714285714,0.1483164983164983,0.0807213631671403,3,0.1764705882352941,1,0,1,40,14.666666666666666,0,An Vĩnh,local_value,0,0,1,0,domestic,0,0,0,8,count,1,False,,200.0,5.298317366548036,,24711.68831168831,10.11503162168658,,27000.0,10.203592144986466
Khô cá cơm tẩm An Vĩnh 200g,Gói,Thực Phẩm Đóng Hộp,Thực Phẩm Khô,60779.41176470588,60779.41176470588,68,0.0,,0.0129786099705345,2,0.0517241379310344,0,0,2,0,0.0,1,An Vĩnh,local_value,0,0,1,0,domestic,0,0,0,7,count,1,False,,200.0,5.298317366548036,,30389.70588235294,10.321859207757818,,30389.70588235294,10.321859207757818
Khô cá nục khay 250g,Khay,Thực Phẩm Đóng Hộp,Thực Phẩm Khô,49000.0,49000.0,60,0.0,,0.0,1,0.0,0,0,1,0,0.0,0,,,0,0,0,0,domestic,0,0,0,5,unknown,1,False,,250.0,5.521460917862246,,19600.0,9.883284845218608,,19600.0,9.883284845218608
Khô cá sặc An Vĩnh 200g,Gói,Thực Phẩm Đóng Hộp,Thực Phẩm Khô,91140.25974025976,99322.07792207792,77,0.5454545454545454,0.1501501501501501,0.0789767079218712,3,0.1766784452296819,1,0,2,40,21.0,1,An Vĩnh,local_value,0,0,1,0,domestic,0,0,0,6,count,1,False,,200.0,5.298317366548036,,45570.12987012988,10.727007734157969,,49661.03896103896,10.812975980330197
Khô cá thiều ăn liền An Vĩnh 100g,Hộp,Thực Phẩm Đóng Hộp,Thực Phẩm Khô,70769.23076923077,70769.23076923077,65,0.0,,0.011383891340029,2,0.0441176470588235,0,0,2,0,0.0,1,An Vĩnh,local_value,0,0,1,0,domestic,0,0,0,8,count,1,False,,100.0,4.605170185988092,,70769.23076923077,11.167179591563686,,70769.23076923077,11.167179591563686
Khô cá đù sữa Hoa Doanh gói 200g,Gói,Thực Phẩm Đóng Hộp,Thực Phẩm Khô,57000.0,57000.0,52,0.0,,0.0,1,0.0,0,0,1,0,0.0,0,Hoa Doanh,local_value,0,0,1,0,domestic,0,0,0,8,count,1,False,,200.0,5.298317366548036,,28500.0,10.257659366256743,,28500.0,10.257659366256743
Lá Kim Miwon tẩm dầu Ô Liu 15g,"Lốc, Lô, Lố",Rong Biển - Tảo Biển,Thực Phẩm Khô,34530.864197530864,35700.0,81,0.7777777777777778,0.0421057311813614,0.0189383491525228,3,0.0532212885154061,1,0,1,63,63.0,0,Miwon,household_giant,0,1,1,0,domestic,0,0,0,8,unknown,1,False,,15.0,2.70805020110221,,230205.76131687243,12.34672880239754,,238000.0,12.380025952653611
Lá Kim cuốn cơm Miwon gói 10g,Gói,Rong Biển - Tảo Biển,Thực Phẩm Khô,24569.23076923077,27800.0,78,0.6923076923076923,0.1678657074340527,0.0950494350836792,3,0.2410714285714286,1,0,1,22,18.0,0,Miwon,household_giant,0,1,1,0,domestic,0,0,0,7,count,1,False,,10.0,2.302585092994046,,245692.3076923077,12.411835250295558,,278000.0,12.535376392672774
Lá Kim tẩm dầu Ô Liu Miwon 10g,"Lốc, Lô, Lố",Rong Biển - Tảo Biển,Thực Phẩm Khô,26500.0,26500.0,64,0.0,,0.0,1,0.0,0,0,1,0,0.0,0,Miwon,household_giant,0,1,1,0,domestic,0,0,0,8,unknown,1,False,,10.0,2.302585092994046,,265000.0,12.487485104968359,,265000.0,12.487485104968359
Lá kim Miwon tẩm gia vị 22g,Gói,Rong Biển - Tảo Biển,Thực Phẩm Khô,29988.709677419356,33400.0,62,0.532258064516129,0.1918889493739793,0.1075340284431989,3,0.241635687732342,1,0,1,15,11.0,0,Miwon,household_giant,0,1,1,0,domestic,0,0,0,7,count,1,False,,22.0,3.091042453358316,,136312.31671554252,11.822703978352838,,151818.18181818182,11.930438911594567
Lá kim cuốn cơm Gimbab & Roll Miwon gói 10g,Gói,Rong Biển - Tảo Biển,Thực Phẩm Khô,30250.68493150685,33300.0,73,0.5753424657534246,0.1591591591591591,0.0939564486208912,3,0.2425373134328359,1,0,1,18,10.5,0,Miwon,household_giant,0,1,1,0,domestic,0,0,0,10,count,1,False,,10.0,2.302585092994046,,302506.8493150685,12.619859198560562,,333000.0,12.71589776896258
Lá rong biển cuốn cơm Ottogi 20g,Gói,Rong Biển - Tảo Biển,Thực Phẩm Khô,51200.0,51200.0,60,0.0,,0.0,1,0.0,0,0,1,0,0.0,0,Ottogi,niche_professional,1,0,1,0,domestic,0,0,0,7,count,1,False,,20.0,2.995732273553991,,256000.0,12.4529327234617,,256000.0,12.4529327234617
Lốc 2 gói lá kim tẩm dầu oliu Miwon 9g,Gói 2,Rong Biển - Tảo Biển,Thực Phẩm Khô,27300.0,27300.0,61,0.0,,0.0,1,0.0,0,0,1,0,0.0,0,Miwon,household_giant,0,1,1,0,domestic,0,0,0,10,count,2,False,,9.0,2.1972245773362196,,151666.6666666667,11.929440409264977,,151666.6666666667,11.929440409264977
Lốc 3 Miwon lá kim tảo biển cao cấp 5g,Gói 3,Rong Biển - Tảo Biển,Thực Phẩm Khô,39700.0,41300.0,81,1.0,0.0387409200968523,0.0,1,0.0,1,1,1,81,81.0,0,Miwon,household_giant,0,1,1,0,domestic,0,0,0,10,count,3,False,,5.0,1.6094379124341003,,264666.6666666667,12.486226451561164,,275333.3333333334,12.525737763835005
Lốc 3 Miwon lá lim trẻ em 5g,Gói 3,Rong Biển - Tảo Biển,Thực Phẩm Khô,39692.5,41300.0,80,1.0,0.0389225181598062,0.0016900431901491,2,0.0151133501259446,1,1,1,80,80.0,0,Miwon,household_giant,0,1,1,0,domestic,0,0,0,8,count,3,False,,5.0,1.6094379124341003,,264616.6666666667,12.486037516837548,,275333.3333333334,12.525737763835005
Lốc 3 gói r ong biển Tohogenkai truyền thống Dasol Kim 4g,Gói 3,Rong Biển - Tảo Biển,Thực Phẩm Khô,33300.0,33300.0,67,0.0,,0.0,1,0.0,0,0,1,0,0.0,0,Tohogenkai,niche_professional,1,0,1,0,domestic,0,0,0,12,count,3,False,,4.0,1.3862943611198906,,277500.0,12.533576212168626,,277500.0,12.533576212168626
Lốc 3 gói rong biển lá xanh Tohogenkai 4g,Gói 3,Rong Biển - Tảo Biển,Thực Phẩm Khô,33300.0,33300.0,65,0.0,,0.0,1,0.0,0,0,1,0,0.0,0,Tohogenkai,niche_professional,1,0,1,0,domestic,0,0,0,9,count,3,False,,4.0,1.3862943611198906,,277500.0,12.533576212168626,,277500.0,12.533576212168626
Lốc 4 gói xốt gia vị hoàn chỉnh gà chiên nước mắm Chin-su gói 70g,Gói 4,Thực Phẩm Đóng Hộp,Thực Phẩm Khô,29000.0,29000.0,60,0.0,,0.0,1,0.0,0,0,1,0,0.0,0,Chin-Su,household_giant,0,1,1,0,domestic,0,0,0,15,count,4,False,,70.0,4.248495242049359,,10357.142857142859,9.245431691787452,,10357.142857142859,9.245431691787452
Mứt dâu Bonne Maman 30g,Lọ,Thực Phẩm Đóng Hộp,Thực Phẩm Khô,20500.0,20500.0,69,0.0,,0.0,1,0.0,0,0,1,0,0.0,0,,,0,0,0,0,domestic,0,0,0,5,count,1,False,,30.0,3.4011973816621555,,68333.33333333334,11.132152969452436,,68333.33333333334,11.132152969452436
Mực khô to SSA gói 200g,Gói,Thực Phẩm Đóng Hộp,Thực Phẩm Khô,439000.0,439000.0,55,0.0,,0.0,1,0.0,0,0,1,0,0.0,0,,,0,0,0,0,domestic,0,0,0,6,count,1,False,,200.0,5.298317366548036,,219500.0,12.299107511497363,,219500.0,12.299107511497363
Mực rim me Hải Nam 100g,Hộp,Thực Phẩm Đóng Hộp,Thực Phẩm Khô,47636.36363636364,53493.506493506495,77,0.5324675324675324,0.2037037037037037,0.1066012981140701,3,0.2558139534883721,1,0,2,41,41.0,1,Hải Nam,local_value,0,0,1,0,domestic,0,0,0,6,count,1,False,,100.0,4.605170185988092,,47636.36363636364,10.771351690504808,,53493.506493506495,10.887315551564534
Mực sẽ tẩm sấy giòn ăn liền An Vĩnh 200g,Hộp,Thực Phẩm Đóng Hộp,Thực Phẩm Khô,127852.45901639343,127852.45901639343,61,0.0,,0.0302870812989379,2,0.1217391304347825,0,0,2,0,0.0,1,An Vĩnh,local_value,0,0,1,0,domestic,0,0,0,10,count,1,False,,200.0,5.298317366548036,,63926.22950819672,11.065485033579378,,63926.22950819672,11.065485033579378
Mực xé tẩm sấy giòn ăn liền An Vĩnh gói 100g,Hộp,Thực Phẩm Đóng Hộp,Thực Phẩm Khô,68193.54838709677,68193.54838709677,62,0.0,,0.0402548653796282,2,0.1694915254237288,0,0,2,0,0.0,1,An Vĩnh,local_value,0,0,1,0,domestic,0,0,0,11,count,1,False,,100.0,4.605170185988092,,68193.54838709677,11.130105240927174,,68193.54838709677,11.130105240927174
Mực ống ghim An Vĩnh 400g,Gói,Thực Phẩm Đóng Hộp,Thực Phẩm Khô,106000.0,106000.0,62,0.0,,0.0,1,0.0,0,0,1,0,0.0,0,An Vĩnh,local_value,0,0,1,0,domestic,0,0,0,6,count,1,False,,400.0,5.991464547107982,,26500.0,10.184900011974314,,26500.0,10.184900011974314
Ngũ cốc Bakalland Muesli 5 Dried Fruits & Honey gói 300g,Gói,Ngũ Cốc - Yến Mạch,Thực Phẩm Khô,115600.0,115600.0,17,0.0,,0.0,1,0.0,0,0,1,0,0.0,0,Bakalland,niche_professional,1,0,1,0,domestic,0,0,0,11,count,1,False,,300.0,5.703782474656201,,38533.333333333336,10.559278946552304,,38533.333333333336,10.559278946552304
Ngũ cốc Bakalland Muesli 5 Nuts & Honey gói 300g,Gói,Ngũ Cốc - Yến Mạch,Thực Phẩm Khô,115600.0,115600.0,47,0.0,,0.0,1,0.0,0,0,1,0,0.0,0,Bakalland,niche_professional,1,0,1,0,domestic,0,0,0,10,count,1,False,,300.0,5.703782474656201,,38533.333333333336,10.559278946552304,,38533.333333333336,10.559278946552304
Ngũ cốc Bakalland Muesli 5 Tropical Fruits & Honey gói 300g,Gói,Ngũ Cốc - Yến Mạch,Thực Phẩm Khô,115600.0,115600.0,2,0.0,,0.0,1,0.0,0,0,1,0,0.0,0,Bakalland,niche_professional,1,0,1,0,domestic,0,0,0,11,count,1,False,,300.0,5.703782474656201,,38533.333333333336,10.559278946552304,,38533.333333333336,10.559278946552304
Ngũ cốc Kellogg's AS Corn Flaké 500g,Hộp,Ngũ Cốc - Yến Mạch,Thực Phẩm Khô,125608.69565217392,129000.0,69,0.1304347826086956,0.2015503875968992,0.0702217293024601,2,0.2524271844660195,1,0,1,9,9.0,0,Kellogg,niche_professional,1,0,1,0,domestic,0,0,0,7,count,1,False,,500.0,6.214608098422191,,25121.739130434784,10.131488851085122,,25800.0,10.158129770909708
Ngũ cốc Trái cây CalBee 700g,Gói,Ngũ Cốc - Yến Mạch,Thực Phẩm Khô,262000.0,262000.0,68,0.0,,0.0,1,0.0,0,0,1,0,0.0,0,Calbee,niche_professional,1,0,1,0,domestic,0,0,0,6,count,1,False,,700.0,6.551080335043404,,37428.57142857143,10.53018963368792,,37428.57142857143,10.53018963368792
Ngũ cốc Trái cây Calbee 482g,Gói,Ngũ Cốc - Yến Mạch,Thực Phẩm Khô,181000.0,181000.0,48,0.0,,0.0,1,0.0,0,0,1,0,0.0,0,Calbee,niche_professional,1,0,1,0,domestic,0,0,0,6,count,1,False,,482.0,6.1779441140506,,37551.86721991701,10.533478382185454,,37551.86721991701,10.533478382185454
Ngũ cốc Trái cây ít đường Calbee 600g,Gói,Ngũ Cốc - Yến Mạch,Thực Phẩm Khô,262000.0,262000.0,68,0.0,,0.0,1,0.0,0,0,1,0,0.0,0,Calbee,niche_professional,1,0,1,0,domestic,0,1,0,8,count,1,False,,600.0,6.396929655216146,,43666.666666666664,10.684340313515179,,43666.666666666664,10.684340313515179
Ngũ cốc dinh dưỡng Froot Loops Kellogg's hộp 160g,Hộp,Ngũ Cốc - Yến Mạch,Thực Phẩm Khô,93445.7627118644,99500.0,59,0.3220338983050847,0.1889447236180904,0.0948123758987718,2,0.2329615861214373,1,0,1,19,19.0,0,Kellogg,niche_professional,1,0,1,0,domestic,0,1,0,9,count,1,False,,160.0,5.075173815233827,,58403.60169491525,10.975132839772764,,62187.5,11.037909293900949
Ngũ cốc dinh dưỡng Froot Loops hộp 300g,Hộp,Ngũ Cốc - Yến Mạch,Thực Phẩm Khô,136347.0588235294,140000.0,68,0.1323529411764706,0.1971428571428571,0.0691064702046304,2,0.2455516014234875,1,0,1,9,9.0,0,,,0,0,0,0,domestic,0,1,0,8,count,1,False,,300.0,5.703782474656201,,45449.01960784313,10.724346528588443,,46666.666666666664,10.750785412923332
Ngũ cốc dinh dưỡng Mueslix Orchard Beauty Kellogg's hộp 375g,Hộp,Ngũ Cốc - Yến Mạch,Thực Phẩm Khô,128138.57142857143,139000.0,70,0.4,0.1953494347379239,0.1046782485346698,4,0.25,1,0,1,18,9.333333333333334,0,Kellogg,niche_professional,1,0,1,0,domestic,0,1,0,10,count,1,False,,375.0,5.926926025970411,,34170.28571428572,10.439111706627957,,37066.666666666664,10.520473372130509
Ngũ cốc mật ong Honey Stars hộp 300g,Hộp,Ngũ Cốc - Yến Mạch,Thực Phẩm Khô,110948.0,115000.0,75,0.2133333333333333,0.1651630434782608,0.070911505627624,3,0.2029288702928871,1,0,1,15,8.0,0,,,0,0,0,0,domestic,0,0,0,8,count,1,False,,300.0,5.703782474656201,,36982.666666666664,10.518204613392257,,38333.333333333336,10.554075118677277
Ngũ cốc ăn sáng Corn Flakes Nestlé hộp 275g,Hộp,Ngũ Cốc - Yến Mạch,Thực Phẩm Khô,66451.35135135135,72800.0,74,0.3918918918918919,0.2225274725274725,0.1198227170632413,2,0.2862190812720848,1,0,1,15,14.5,0,Nestlé,household_giant,0,1,1,0,domestic,0,0,0,9,count,1,False,,275.0,5.616771097666572,,24164.127764127763,10.092624488619581,,26472.727272727272,10.183870322506298
Ngũ cốc ăn sáng Koko Krunch Nestlé hộp 170g,Hộp,Ngũ Cốc - Yến Mạch,Thực Phẩm Khô,64908.333333333336,70500.0,72,0.3055555555555556,0.2595744680851063,0.1307830772795372,2,0.3505747126436782,1,0,1,22,22.0,0,Nestlé,household_giant,0,1,1,0,domestic,0,0,0,9,count,1,False,,170.0,5.135798437050262,,38181.37254901961,10.550103046057869,,41470.58823529412,10.63273973773819
Ngũ cốc ăn sáng Koko Krunch vị sô cô la Nestlé hộp 330g,Hộp,Ngũ Cốc - Yến Mạch,Thực Phẩm Khô,111102.7397260274,115000.0,73,0.2054794520547945,0.164927536231884,0.0697728308694194,3,0.2029288702928871,1,0,1,14,7.5,0,Nestlé,household_giant,0,1,1,0,domestic,0,0,0,13,count,1,False,,330.0,5.799092654460526,,33667.49688667497,10.42428816685148,,34848.48484848485,10.458764938872953
Ngũ cốc ăn sáng Milo Nestlé hộp 330g,Gói,Ngũ Cốc - Yến Mạch,Thực Phẩm Khô,110948.0,115000.0,75,0.2133333333333333,0.1651630434782608,0.070911505627624,3,0.2029288702928871,1,0,1,15,8.0,0,Milo,household_giant,0,1,1,0,domestic,0,0,0,8,count,1,False,,330.0,5.799092654460526,,33620.606060606064,10.422894433587933,,34848.48484848485,10.458764938872953
Ngũ cốc ăn sáng Milo hộp 170g,Hộp,Ngũ Cốc - Yến Mạch,Thực Phẩm Khô,64579.41176470588,70500.0,68,0.3235294117647059,0.2595744680851063,0.1335535398236611,2,0.3505747126436782,1,0,1,22,22.0,0,Milo,household_giant,0,1,1,0,domestic,0,0,0,7,count,1,False,,170.0,5.135798437050262,,37987.8892733564,10.545022684579097,,41470.58823529412,10.63273973773819
Ngũ cốc ăn sáng Nestlé Honey Star hộp 150g,Hộp,Ngũ Cốc - Yến Mạch,Thực Phẩm Khô,63209.375,69500.0,64,0.34375,0.2633093525179856,0.1385942834582764,2,0.357421875,1,0,1,22,22.0,0,Nestlé,household_giant,0,1,1,0,domestic,0,0,0,9,count,1,False,,150.0,5.0106352940962555,,42139.583333333336,10.648742799633297,,46333.333333333336,10.74361692344472
Nấm hương Đông Nam Việt 100g,Gói,Gạo - Nông Sản Khô,Thực Phẩm Khô,53600.0,53600.0,55,0.0,,0.0,1,0.0,0,0,1,0,0.0,0,,,0,0,0,0,domestic,0,0,0,6,count,1,False,,100.0,4.605170185988092,,53600.0,10.889304347058893,,53600.0,10.889304347058893
Nấm hương Đông Nam Việt 200g,Gói,Gạo - Nông Sản Khô,Thực Phẩm Khô,104100.0,104100.0,55,0.0,,0.0,1,0.0,0,0,1,0,0.0,0,,,0,0,0,0,domestic,0,0,0,6,count,1,False,,200.0,5.298317366548036,,52050.0,10.859960074043116,,52050.0,10.859960074043116
Pate gan HaLong Canfoco hộp 90g,Hộp,Thực Phẩm Đóng Hộp,Thực Phẩm Khô,24500.0,24500.0,17,0.0,,0.0,1,0.0,0,0,1,0,0.0,0,,,0,0,0,0,domestic,0,0,0,6,count,1,False,,90.0,4.499809670330265,,27222.222222222223,10.211788912190645,,27222.222222222223,10.211788912190645
Pate gan hộp Halong Canfoco hộp 170g,Hộp,Thực Phẩm Đóng Hộp,Thực Phẩm Khô,34500.0,34500.0,17,0.0,,0.0,1,0.0,0,0,1,0,0.0,0,,,0,0,0,0,domestic,0,0,0,7,count,1,False,,170.0,5.135798437050262,,20294.117647058825,9.91808635195728,,20294.117647058825,9.91808635195728
Pate thịt heo Vissan hộp 170g,Hộp,Thực Phẩm Đóng Hộp,Thực Phẩm Khô,32434.666666666668,33200.0,75,0.1866666666666666,0.1234939759036144,0.0495857471489543,2,0.1408934707903779,1,0,1,13,7.0,0,Vissan,household_giant,0,1,1,0,domestic,0,0,0,6,count,1,False,,170.0,5.135798437050262,,19079.21568627451,9.856354837567991,,19529.41176470588,9.879676903842409
Patê Cột Đèn Hải Phòng 150g,Hộp,Thực Phẩm Đóng Hộp,Thực Phẩm Khô,24900.0,28900.0,18,1.0,0.1384083044982699,0.0,1,0.0,1,1,1,18,18.0,0,,,0,0,0,0,domestic,0,0,0,6,count,1,False,,150.0,5.0106352940962555,,16600.0,9.717157974344635,,19266.666666666668,9.866131765992359
Patê Cột Đèn Hải Phòng 90g,Hộp,Thực Phẩm Đóng Hộp,Thực Phẩm Khô,22800.0,22800.0,17,0.0,,0.0,1,0.0,0,0,1,0,0.0,0,,,0,0,0,0,domestic,0,0,0,6,count,1,False,,90.0,4.499809670330265,,25333.333333333332,10.139876330600359,,25333.333333333332,10.139876330600359
Rong Biển Giòn Trộn Gia Vị Miwon 30g,Gói,Rong Biển - Tảo Biển,Thực Phẩm Khô,36348.148148148146,37900.0,81,1.0,0.0409459591517639,0.0147714555966144,3,0.1232876712328767,1,1,1,81,81.0,0,Miwon,household_giant,0,1,1,0,domestic,0,0,0,8,count,1,False,,30.0,3.4011973816621555,,121160.49382716049,11.704871340959548,,126333.33333333334,11.746679195396453
Rong Biển Giòn Trộn Hải Sản gói 30g,Gói,Rong Biển - Tảo Biển,Thực Phẩm Khô,39700.0,41200.0,82,1.0,0.0364077669902912,0.0,1,0.0,1,1,1,82,82.0,0,,,0,0,0,0,domestic,0,0,0,8,count,1,False,,30.0,3.4011973816621555,,132333.33333333334,11.793079271001218,,137333.33333333334,11.830166339663554
"Rong Biển Giòn Trộn Óc Chó, Hạnh Nhân 30g",Gói,Rong Biển - Tảo Biển,Thực Phẩm Khô,39641.46341463415,41200.0,82,1.0,0.0378285578972294,0.0133716386707252,2,0.1209068010075566,1,1,1,82,82.0,0,,,0,0,0,0,domestic,0,0,0,9,count,1,False,,30.0,3.4011973816621555,,132138.21138211383,11.791603709712895,,137333.33333333334,11.830166339663554
Rong biển Bibigo vị truyền thống 5g/4g,Gói 3,Rong Biển - Tảo Biển,Thực Phẩm Khô,30342.465753424654,30900.0,73,0.5068493150684932,0.0355987055016181,0.0182501420383875,2,0.0369127516778522,1,0,1,25,12.333333333333334,0,Bibigo,niche_professional,1,0,1,0,domestic,0,0,0,7,count,3,False,,4.0,1.3862943611198906,,252853.88127853879,12.440567056513073,,257500.0,12.458774999085929
Rong biển Green World gói 20g,Gói,Rong Biển - Tảo Biển,Thực Phẩm Khô,43500.0,43500.0,62,0.0,,0.0,1,0.0,0,0,1,0,0.0,0,,,0,0,0,0,domestic,0,0,0,6,count,1,False,,20.0,2.995732273553991,,217500.0,12.289954129510877,,217500.0,12.289954129510877
Rong biển Hàn Quốc (cắt sẵn) Miwon gói 20g,Gói,Rong Biển - Tảo Biển,Thực Phẩm Khô,24800.0,24800.0,47,0.0,,0.0,1,0.0,0,0,1,0,0.0,0,Miwon,household_giant,0,1,1,0,domestic,0,0,0,9,count,1,False,,20.0,2.995732273553991,,124000.0,11.728036844587175,,124000.0,11.728036844587175
Rong biển Hàn Quốc Miwon gói 100g,Gói,Rong Biển - Tảo Biển,Thực Phẩm Khô,99986.66666666669,117000.0,75,0.72,0.2019626464070908,0.1077158180119649,4,0.2843029637760703,1,0,1,22,18.0,0,Miwon,household_giant,0,1,1,0,domestic,0,0,0,7,count,1,False,,100.0,4.605170185988092,,99986.66666666669,11.512792122747216,,117000.0,11.669929213779893
Rong biển Hàn Quốc Miwon gói 50g,Gói,Rong Biển - Tảo Biển,Thực Phẩm Khô,51743.24324324324,60600.0,74,0.7297297297297297,0.2002811392250336,0.1058003022011662,4,0.2811839323467231,1,0,1,22,18.0,0,Miwon,household_giant,0,1,1,0,domestic,0,0,0,7,count,1,False,,50.0,3.912023005428146,,103486.48648648648,11.547196317815207,,121200.0,11.70519735261735
Rong biển Miwon cuộn nướng vị mực 6g,Gói,Rong Biển - Tảo Biển,Thực Phẩm Khô,14281.818181818182,15700.0,66,0.4090909090909091,0.2208067940552017,0.1205587205387192,3,0.2975206611570247,1,0,1,18,13.5,0,Miwon,household_giant,0,1,1,0,domestic,0,0,0,8,count,1,False,,6.0,1.791759469228055,,238030.30303030304,12.380153268205378,,261666.6666666667,12.474826708096435
Rong biển Miwon cuộn nướng vị pho mai 6g,Gói,Rong Biển - Tảo Biển,Thực Phẩm Khô,14302.985074626866,15700.0,67,0.4029850746268656,0.2208067940552017,0.1200774204501167,3,0.2975206611570247,1,0,1,18,13.5,0,Miwon,household_giant,0,1,1,0,domestic,0,0,0,9,count,1,False,,6.0,1.791759469228055,,238383.08457711444,12.381634257700924,,261666.6666666667,12.474826708096435
Rong biển Miwon cuộn nướng vị truyền thống 6g,Gói,Rong Biển - Tảo Biển,Thực Phẩm Khô,14302.985074626866,15700.0,67,0.4029850746268656,0.2208067940552017,0.1200774204501167,3,0.2975206611570247,1,0,1,18,13.5,0,Miwon,household_giant,0,1,1,0,domestic,0,0,0,9,count,1,False,,6.0,1.791759469228055,,238383.08457711444,12.381634257700924,,261666.6666666667,12.474826708096435
Rong biển Tasami xốt Wasabi 27.5g,Hộp,Rong Biển - Tảo Biển,Thực Phẩm Khô,104400.0,104400.0,65,0.0,,0.0,1,0.0,0,0,1,0,0.0,0,Tasami,local_value,0,0,1,0,domestic,0,0,0,6,count,1,False,,27.5,3.3141860046725258,,379636.3636363636,12.84696913574624,,379636.3636363636,12.84696913574624
Rong biển Tohogenkai trộn cơm đậu nành kinako gói 40g,Gói,Rong Biển - Tảo Biển,Thực Phẩm Khô,53700.0,53700.0,67,0.0,,0.0,1,0.0,0,0,1,0,0.0,0,Tohogenkai,niche_professional,1,0,1,0,domestic,0,0,0,10,count,1,False,,40.0,3.6888794541139363,,134250.0,11.807459012371112,,134250.0,11.807459012371112
Rong biển cuộn cơm Tohogenkai 22g(10 lá),Gói,Rong Biển - Tảo Biển,Thực Phẩm Khô,44800.0,44800.0,67,0.0,,0.0,1,0.0,0,0,1,0,0.0,0,Tohogenkai,niche_professional,1,0,1,0,domestic,0,0,0,7,count,1,False,,22.0,3.091042453358316,,203636.36363636365,12.224091151032852,,203636.36363636365,12.224091151032852
Rong biển em bé cười hạt hướng dương và hạnh nhân Humanwell gói 50g,Gói,Rong Biển - Tảo Biển,Thực Phẩm Khô,44525.0,44525.0,68,0.0,,0.0478473571586901,2,0.1175115207373271,0,0,2,0,0.0,1,Humanwell,local_value,0,0,1,0,domestic,0,0,0,14,count,1,False,,50.0,3.912023005428146,,89050.0,11.396953288717807,,89050.0,11.396953288717807
Rong biển em bé cười tôm và cá cơm Humanwell gói 50g,Gói,Rong Biển - Tảo Biển,Thực Phẩm Khô,44525.0,44525.0,68,0.0,,0.0478473571586901,2,0.1175115207373271,0,0,2,0,0.0,1,Humanwell,local_value,0,0,1,0,domestic,0,0,0,12,count,1,False,,50.0,3.912023005428146,,89050.0,11.396953288717807,,89050.0,11.396953288717807
Rong biển giòn trộn gia vị Daesang Miwon 50g,Gói,Rong Biển - Tảo Biển,Thực Phẩm Khô,67674.19354838709,67800.0,62,0.0161290322580645,0.1150442477876106,0.0146377952755832,2,0.1150442477876105,1,0,1,1,1.0,0,Miwon,household_giant,0,1,1,0,domestic,0,0,0,9,count,1,False,,50.0,3.912023005428146,,135348.38709677418,11.815607378434867,,135600.0,11.817464654488433
Rong biển giòn trộn khô gà Miwon gói 30g,Gói,Rong Biển - Tảo Biển,Thực Phẩm Khô,39597.560975609755,41200.0,82,1.0,0.0388941510774331,0.0062866576554779,2,0.0179487179487178,1,1,1,82,82.0,0,Miwon,household_giant,0,1,1,0,domestic,0,0,0,9,count,1,False,,30.0,3.4011973816621555,,131991.8699186992,11.790495608146665,,137333.33333333334,11.830166339663554
Rong biển nấu canh Ottogi gói 50g,Gói,Rong Biển - Tảo Biển,Thực Phẩm Khô,45634.28571428572,54100.0,35,0.7428571428571429,0.2106497938290914,0.110960260735591,4,0.2610722610722611,1,0,1,23,13.0,0,Ottogi,niche_professional,1,0,1,0,domestic,0,0,0,7,count,1,False,,50.0,3.912023005428146,,91268.57142857143,11.421561773241734,,108200.0,11.591736645394517
Rong biển trộn cơm Phúc Thịnh Food gói 50g,Gói,Rong Biển - Tảo Biển,Thực Phẩm Khô,47540.0,47540.0,60,0.0,,0.0196990288346364,2,0.0509554140127388,0,0,2,0,0.0,1,,,0,0,0,0,domestic,0,0,0,9,count,1,False,,50.0,3.912023005428146,,95080.0,11.46247392147413,,95080.0,11.46247392147413
Rong biển trộn cơm hải sản kimnori Tohogenkai 50g,Gói,Rong Biển - Tảo Biển,Thực Phẩm Khô,53700.0,53700.0,66,0.0,,0.0,1,0.0,0,0,1,0,0.0,0,Tohogenkai,niche_professional,1,0,1,0,domestic,0,0,0,9,count,1,False,,50.0,3.912023005428146,,107400.0,11.584315461056901,,107400.0,11.584315461056901
Rong biển trộn cơm rau củ kimnori Tohogenkai gói 50g,Gói,Rong Biển - Tảo Biển,Thực Phẩm Khô,55100.0,55100.0,65,0.0,,0.0,1,0.0,0,0,1,0,0.0,0,Tohogenkai,niche_professional,1,0,1,0,domestic,0,0,0,10,count,1,False,,50.0,3.912023005428146,,110200.0,11.610052175700952,,110200.0,11.610052175700952
"Rong biển tẩm gia vị Daesang Miwon 8 gói x 2,3g",Gói,Rong Biển - Tảo Biển,Thực Phẩm Khô,53500.0,53500.0,36,0.0,,0.0,1,0.0,0,0,1,0,0.0,0,Miwon,household_giant,0,1,1,0,domestic,0,0,0,11,count,8,False,,2.3,0.8329091229351039,,290760.8695652174,12.580256454257249,,290760.8695652174,12.580256454257249
Rong biển tẩm gia vị ăn liền Ottogi 4.2g,Gói,Rong Biển - Tảo Biển,Thực Phẩm Khô,30770.422535211263,31700.0,71,0.7746478873239436,0.0378548895899053,0.0164100886728913,2,0.0393442622950819,1,0,1,37,27.5,0,Ottogi,niche_professional,1,0,1,0,domestic,0,0,0,9,count,1,False,,4.2,1.4350845252893227,,732629.1079812205,13.504394860971637,,754761.9047619047,13.534157620564141
Rong nho Tasami 100g 20g*5 gói,Hộp,Rong Biển - Tảo Biển,Thực Phẩm Khô,77100.0,77100.0,64,0.0,,0.0,1,0.0,0,0,1,0,0.0,0,Tasami,local_value,0,0,1,0,domestic,0,0,0,6,count,5,False,,20.0,2.995732273553991,,77100.0,11.25285855955142,,77100.0,11.25285855955142
Rong nho Tasami 75g,Hộp,Rong Biển - Tảo Biển,Thực Phẩm Khô,44800.0,44800.0,58,0.0,,0.0,1,0.0,0,0,1,0,0.0,0,Tasami,local_value,0,0,1,0,domestic,0,0,0,4,count,1,False,,75.0,4.31748811353631,,59733.333333333336,10.997645490854858,,59733.333333333336,10.997645490854858
Rong nho sốt mè rang Tasami 35g*5,Hộp,Rong Biển - Tảo Biển,Thực Phẩm Khô,104400.0,104400.0,65,0.0,,0.0,1,0.0,0,0,1,0,0.0,0,Tasami,local_value,0,0,1,0,domestic,0,0,0,7,count,1,False,,35.0,3.5553480614894135,,298285.7142857143,12.605807078929352,,298285.7142857143,12.605807078929352
Ruốc khô An Vĩnh 100g,Gói,Thực Phẩm Đóng Hộp,Thực Phẩm Khô,25866.666666666668,26000.0,60,0.0333333333333333,0.1538461538461538,0.0279928352658854,2,0.1818181818181818,1,0,1,2,2.0,0,An Vĩnh,local_value,0,0,1,0,domestic,0,0,0,5,count,1,False,,100.0,4.605170185988092,,25866.666666666668,10.1607104175032,,26000.0,10.165851817003619
Sương sáo đen 3K gói 50g,Gói,Bột Các Loại,Thực Phẩm Khô,16400.0,16400.0,69,0.0,,0.0,1,0.0,0,0,1,0,0.0,0,,,0,0,0,0,domestic,0,0,0,6,count,1,False,,50.0,3.912023005428146,,32800.0,10.398183794372235,,32800.0,10.398183794372235
Sườn non lúa mạch chay An Nhiên 150g,Gói,Thực Phẩm Chay,Thực Phẩm Khô,69390.16393442624,69390.16393442624,61,0.0,,0.0368711619493481,2,0.096774193548387,0,0,2,0,0.0,1,,,0,0,0,0,domestic,0,0,0,8,count,1,False,,150.0,5.0106352940962555,,46260.10928961749,10.742035298290583,,46260.10928961749,10.742035298290583
Thạch rau câu pha sẵn vị khoai môn 3K 140g,Hộp,Bột Các Loại,Thực Phẩm Khô,17100.0,17100.0,56,0.0,,0.0,1,0.0,0,0,1,0,0.0,0,,,0,0,0,0,domestic,0,0,0,10,count,1,False,,140.0,4.941642422609304,,12214.285714285716,9.410361505869538,,12214.285714285716,9.410361505869538
Thịt heo viên 3 phút Heo Cao Bồi Masan hộp 200g,Hộp,Thực Phẩm Đóng Hộp,Thực Phẩm Khô,29340.0,31200.0,70,0.3,0.1987179487179486,0.0975361709113059,2,0.248,1,0,1,21,21.0,0,Heo Cao Bồi,local_value,0,0,1,0,domestic,0,0,0,11,count,1,False,,200.0,5.298317366548036,,14670.0,9.593559871137028,,15600.0,9.655026193237628
Thịt hộp Spam Classic hộp 340g,Hộp,Thực Phẩm Đóng Hộp,Thực Phẩm Khô,147400.0,147400.0,54,0.0,,0.0,1,0.0,0,0,1,0,0.0,0,Spam,niche_professional,1,0,1,0,domestic,0,0,0,6,count,1,False,,340.0,5.8289456176102075,,43352.94117647059,10.677129827115257,,43352.94117647059,10.677129827115257
Thịt viên 3 phút Heo Cao Bồi Masan hộp 200g,Hộp,Thực Phẩm Đóng Hộp,Thực Phẩm Khô,31500.0,31500.0,65,0.0,,0.0,1,0.0,0,0,1,0,0.0,0,Heo Cao Bồi,local_value,0,0,1,0,domestic,0,0,0,10,count,1,False,,200.0,5.298317366548036,,15750.0,9.66459564425378,,15750.0,9.66459564425378
Thịt xay Halong Canfoco hộp 170g,Hộp,Thực Phẩm Đóng Hộp,Thực Phẩm Khô,32400.0,32400.0,17,0.0,,0.0,1,0.0,0,0,1,0,0.0,0,,,0,0,0,0,domestic,0,0,0,6,count,1,False,,170.0,5.135798437050262,,19058.823529411766,9.85528545071825,,19058.823529411766,9.85528545071825
Thịt áp chảo Ponnie 340g,Hộp,Thực Phẩm Đóng Hộp,Thực Phẩm Khô,97461.53846153848,99000.0,65,0.0615384615384615,0.2525252525252525,0.0621233681587654,2,0.3378378378378379,1,0,1,4,4.0,0,Ponnie,local_value,0,0,1,0,domestic,0,0,0,5,count,1,False,,340.0,5.8289456176102075,,28665.158371040732,10.263437670219623,,29117.64705882353,10.279099697494612
Thịt áp chảo Ponnie hộp 200g,Hộp,Thực Phẩm Đóng Hộp,Thực Phẩm Khô,62189.795918367345,66700.0,49,0.3469387755102041,0.1949025487256371,0.1005321595500879,2,0.2420856610800745,1,0,1,17,17.0,0,Ponnie,local_value,0,0,1,0,domestic,0,0,0,6,count,1,False,,200.0,5.298317366548036,,31094.897959183672,10.344799031949833,,33350.0,10.414813051343769
Tinh bột bắp làm bánh STFood 200g,Gói,Bột Các Loại,Thực Phẩm Khô,17700.0,17700.0,65,0.0,,0.0,1,0.0,0,0,1,0,0.0,0,Stfood,local_value,0,0,1,0,domestic,0,0,0,7,count,1,False,,200.0,5.298317366548036,,8850.0,9.088172738001974,,8850.0,9.088172738001974
Trái oliu xanh Latino Bella không hạt 450g,Lọ,Gạo - Nông Sản Khô,Thực Phẩm Khô,118000.0,118000.0,75,0.0,,0.0,1,0.0,0,0,1,0,0.0,0,Latino Bella,niche_professional,1,0,1,0,domestic,0,0,0,8,count,1,False,,450.0,6.1092475827643655,,26222.222222222223,10.174362506671528,,26222.222222222223,10.174362506671528
Trái ôliu xanh Latino Bella không hạt 235g,Lọ,Gạo - Nông Sản Khô,Thực Phẩm Khô,71500.0,71500.0,50,0.0,,0.0,1,0.0,0,0,1,0,0.0,0,Latino Bella,niche_professional,1,0,1,0,domestic,0,0,0,8,count,1,False,,235.0,5.459585514144159,,30425.531914893614,10.323037400526031,,30425.531914893614,10.323037400526031
Tép moi Hùng Vương Lenger 65g,Gói,Thực Phẩm Đóng Hộp,Thực Phẩm Khô,24000.0,24000.0,60,0.0,,0.0,1,0.0,0,0,1,0,0.0,0,Lenger,local_value,0,0,1,0,domestic,0,0,0,6,count,1,False,,65.0,4.174387269895637,,36923.07692307692,10.516592025422536,,36923.07692307692,10.516592025422536
Tép sấy giòn Hải Nam 90g,Gói,Thực Phẩm Đóng Hộp,Thực Phẩm Khô,51741.17647058824,51741.17647058824,51,0.0,,0.0357233800427336,2,0.3402061855670102,0,0,2,0,0.0,1,Hải Nam,local_value,0,0,1,0,domestic,0,0,0,6,count,1,False,,90.0,4.499809670330265,,57490.19607843137,10.959369709264353,,57490.19607843137,10.959369709264353
Tôm khô An Vĩnh hộp 100g,Hộp,Thực Phẩm Đóng Hộp,Thực Phẩm Khô,107714.28571428572,118000.0,77,0.5714285714285714,0.1525423728813559,0.0832396697894552,2,0.1799999999999999,1,0,1,40,14.666666666666666,0,An Vĩnh,local_value,0,0,1,0,domestic,0,0,0,6,count,1,False,,100.0,4.605170185988092,,107714.28571428572,11.58723749793478,,118000.0,11.678439903447801
Tôm khô An Vĩnh hộp 200g,Hộp,Thực Phẩm Đóng Hộp,Thực Phẩm Khô,236000.0,236000.0,68,0.0,,0.0,1,0.0,0,0,1,0,0.0,0,An Vĩnh,local_value,0,0,1,0,domestic,0,0,0,6,count,1,False,,200.0,5.298317366548036,,118000.0,11.678439903447801,,118000.0,11.678439903447801
Tôm khô nhỏ An Vĩnh hộp 150g,Hộp,Thực Phẩm Đóng Hộp,Thực Phẩm Khô,130000.0,130000.0,63,0.0,,0.0,1,0.0,0,0,1,0,0.0,0,An Vĩnh,local_value,0,0,1,0,domestic,0,0,0,7,count,1,False,,150.0,5.0106352940962555,,86666.66666666667,11.369824621329554,,86666.66666666667,11.369824621329554
Tôm nõn khô hộp 100g,Hộp,Thực Phẩm Đóng Hộp,Thực Phẩm Khô,103957.53424657536,113000.0,73,0.5616438356164384,0.1424778761061947,0.0773765114143368,2,0.1661506707946336,1,0,1,22,13.666666666666666,0,,,0,0,0,0,domestic,0,0,0,5,count,1,False,,100.0,4.605170185988092,,103957.53424657536,11.551737770184179,,113000.0,11.635143097694478
Tôm nõn khô hộp 200g,Hộp,Thực Phẩm Đóng Hộp,Thực Phẩm Khô,205000.0,205000.0,60,0.0,,0.0,1,0.0,0,0,1,0,0.0,0,,,0,0,0,0,domestic,0,0,0,5,count,1,False,,200.0,5.298317366548036,,102500.0,11.5376180775606,,102500.0,11.5376180775606
Tảo Mi Yuk Godbawee 50g*36,Gói,Rong Biển - Tảo Biển,Thực Phẩm Khô,56600.0,56600.0,62,0.0,,0.0,1,0.0,0,0,1,0,0.0,0,Godbawee,local_value,0,0,1,0,domestic,0,0,0,5,count,1,False,,50.0,3.912023005428146,,113200.0,11.63691144475122,,113200.0,11.63691144475122
Tảo biển Godbawee gói 3 x 15g,Gói 3,Rong Biển - Tảo Biển,Thực Phẩm Khô,43965.71428571428,44000.0,70,0.0142857142857142,0.0545454545454545,0.0065245128141466,2,0.0545454545454545,1,0,1,1,1.0,0,Godbawee,local_value,0,0,1,0,domestic,0,0,0,7,count,3,False,,15.0,2.70805020110221,,97701.5873015873,11.489673084588635,,97777.77777777778,11.49045260911817
Tảo biển Green Sonka túi 3 gói x 4g,Gói 3,Rong Biển - Tảo Biển,Thực Phẩm Khô,42100.0,43500.0,71,0.1971830985915492,0.1632183908045977,0.0675770927867814,2,0.1632183908045976,1,0,1,14,14.0,0,Green Sonka,local_value,0,0,1,0,domestic,0,0,0,9,count,3,False,,4.0,1.3862943611198906,,350833.3333333334,12.768066555870565,,362500.0,12.800779753276867
Tảo biển Mini Type Godbawee gói 8 x 2g,Gói 8,Rong Biển - Tảo Biển,Thực Phẩm Khô,52600.0,52600.0,70,0.0,,0.0,1,0.0,0,0,1,0,0.0,0,Godbawee,local_value,0,0,1,0,domestic,0,0,0,9,count,8,False,,2.0,0.6931471805599453,,328750.0,12.703052862474111,,328750.0,12.703052862474111
Tảo biển Wild Sonka túi 3 gói x 4g,Gói 3,Rong Biển - Tảo Biển,Thực Phẩm Khô,44898.57142857143,45000.0,70,0.0142857142857142,0.1577777777777777,0.0189006528632534,2,0.1577777777777778,1,0,1,1,1.0,0,,,0,0,0,0,domestic,0,0,0,9,count,3,False,,4.0,1.3862943611198906,,374154.7619047619,12.83242479268867,,375000.0,12.834681304952548
Tảo cuốn cơm Godbawee 20g*130,Gói,Rong Biển - Tảo Biển,Thực Phẩm Khô,49957.142857142855,50000.0,63,0.0158730158730158,0.054,0.0068091969687107,2,0.054,1,0,1,1,1.0,0,Godbawee,local_value,0,0,1,0,domestic,0,0,0,5,count,1,False,,20.0,2.995732273553991,,249785.71428571426,12.428358686430254,,250000.0,12.429216196844383
Tảo truyền thống Jaban 40g,Gói,Rong Biển - Tảo Biển,Thực Phẩm Khô,65800.0,65800.0,65,0.0,,0.0,1,0.0,0,0,1,0,0.0,0,,,0,0,0,0,domestic,0,0,0,5,count,1,False,,40.0,3.6888794541139363,,164500.0,12.010665849187564,,164500.0,12.010665849187564
Yến Mạch Hạnh nhân Phô mai Oatta gói 300g,Gói,Ngũ Cốc - Yến Mạch,Thực Phẩm Khô,129353.125,129900.0,64,0.015625,0.2694380292532717,0.033822143840746,2,0.2694380292532717,1,0,1,1,1.0,0,Oatta,niche_professional,1,0,1,0,domestic,0,0,0,9,count,1,False,,300.0,5.703782474656201,,43117.708333333336,10.671689057912063,,43300.0,10.675907913990581
Yến Mạch Oatta Trái Cây 300g,Gói,Ngũ Cốc - Yến Mạch,Thực Phẩm Khô,89496.20253164557,101000.0,79,0.6582278481012658,0.173038842345773,0.0943753093077053,3,0.2423124231242313,1,0,1,34,26.0,0,Oatta,niche_professional,1,0,1,0,domestic,0,0,0,6,count,1,False,,300.0,5.703782474656201,,29832.067510548524,10.30333918488065,,33666.666666666664,10.424263507155286
Yến Mạch Trái Cây Oatta gói 800g,Gói,Ngũ Cốc - Yến Mạch,Thực Phẩm Khô,207100.0,207100.0,65,0.0,,0.0,1,0.0,0,0,1,0,0.0,0,Oatta,niche_professional,1,0,1,0,domestic,0,0,0,7,count,1,False,,800.0,6.684611727667927,,25887.5,10.16151550570384,,25887.5,10.16151550570384
Yến Mạch nguyên chất Oganic Xuân An gói 400g,Gói,Ngũ Cốc - Yến Mạch,Thực Phẩm Khô,94550.0,113000.0,66,0.6363636363636364,0.2565739570164349,0.1486830415842032,4,0.3516746411483253,1,0,1,18,10.5,0,Xuân An,local_value,0,0,1,0,domestic,0,0,1,9,count,1,False,,400.0,5.991464547107982,,23637.5,10.070589712966713,,28250.0,10.248848736574587
Yến mạch mật ong Xuân An hộp 384g,Hộp,Ngũ Cốc - Yến Mạch,Thực Phẩm Khô,85000.0,85000.0,65,0.0,,0.0,1,0.0,0,0,1,0,0.0,0,Xuân An,local_value,0,0,1,0,domestic,0,0,0,8,count,1,False,,384.0,5.950642552587727,,22135.416666666668,10.004934168872818,,22135.416666666668,10.004934168872818
Yến mạch nguyên chất ăn liền Xuân An 800g,Hộp,Ngũ Cốc - Yến Mạch,Thực Phẩm Khô,130397.2602739726,147000.0,73,0.410958904109589,0.2748299319727891,0.1534899961806541,2,0.3789868667917448,1,0,1,15,15.0,0,Xuân An,local_value,0,0,1,0,domestic,0,0,1,9,count,1,False,,800.0,6.684611727667927,,16299.657534246575,9.698899376405215,,18375.0,9.818746324081037
Yến mạch nguyên chất ăn liền nhập khẩu Úc Xuân An hộp 400g,Hộp,Ngũ Cốc - Yến Mạch,Thực Phẩm Khô,69500.0,83100.0,69,0.6086956521739131,0.2688671136324566,0.1580809047780622,3,0.3735537190082645,1,0,1,18,10.5,0,Xuân An,local_value,0,0,1,0,domestic,0,0,1,13,count,1,False,,400.0,5.991464547107982,,17375.0,9.762787670432992,,20775.0,9.94150561972365
Yến mạch Úc nguyên chất Xuân An gói 400g,Gói,Ngũ Cốc - Yến Mạch,Thực Phẩm Khô,67639.53488372093,81200.0,86,0.6046511627906976,0.2761936339522546,0.1630918272192077,3,0.3856655290102388,1,0,1,22,17.333333333333332,0,Xuân An,local_value,0,0,1,0,domestic,0,0,1,9,count,1,False,,400.0,5.991464547107982,,16909.883720930233,9.7356535655195,,20300.0,9.918376165029878
Đậu xanh bóc vỏ Thu Dung gói 500g,Gói,Gạo - Nông Sản Khô,Thực Phẩm Khô,42640.0,43500.0,80,0.5375,0.0367816091954023,0.0188269226066198,2,0.0381861575178996,1,0,1,43,43.0,0,,,0,0,0,0,domestic,0,0,0,8,count,1,False,,500.0,6.214608098422191,,8528.0,9.051110146405625,,8700.0,9.071078304642676
Trứng chim cút 729 Ba Vì hộp 30 quả,Hộp,Trứng,Trứng - Đậu Hũ,39779.5918367347,39779.5918367347,49,0.0,,0.0187767764322081,2,0.0723860589812332,0,0,2,0,0.0,1,Ba Vì,household_giant,0,1,1,0,domestic,0,0,0,9,count,1,False,,,,,,,,,
Trứng gà Ba Huân hộp 10 quả,Hộp,Trứng,Trứng - Đậu Hũ,32243.90243902439,32243.90243902439,41,0.0,,0.0433250819950251,3,0.1029411764705882,0,0,3,0,0.0,1,Ba Huân,local_value,0,0,1,0,domestic,0,0,0,7,count,1,False,,,,,,,,,
Trứng gà DHA Dabaco hộp 10 quả,Hộp,Trứng,Trứng - Đậu Hũ,58268.852459016394,58268.852459016394,61,0.0,,0.0597053552511163,3,0.1695906432748537,0,0,3,0,0.0,1,Dabaco,local_value,0,0,1,0,domestic,0,1,0,7,count,1,False,,,,,,,,,
Trứng gà J Dabaco giỏ 10 quả,Bộ,Trứng,Trứng - Đậu Hũ,53500.0,53500.0,77,0.0,,0.0,1,0.0,0,0,1,0,0.0,0,Dabaco,local_value,0,0,1,0,domestic,0,0,0,7,bundle,1,False,,,,,,,,,
Trứng gà Omega 3 Dabaco hộp 10 quả,Hộp,Trứng,Trứng - Đậu Hũ,55706.75675675676,55706.75675675676,74,0.0,,0.0467186626420104,3,0.1098265895953756,0,0,3,0,0.0,1,Dabaco,local_value,0,0,1,0,domestic,0,1,0,8,count,1,False,,,,,,,,,
Trứng gà quê Dabaco 10 quả,Hộp,Trứng,Trứng - Đậu Hũ,51272.15189873418,51272.15189873418,79,0.0,,0.0283943668527846,4,0.0857740585774058,0,0,4,0,0.0,1,Dabaco,local_value,0,0,1,0,domestic,0,0,0,6,count,1,False,,,,,,,,,
Trứng gà quê Dabaco giỏ 10 quả,Bộ,Trứng,Trứng - Đậu Hũ,55554.545454545456,55554.545454545456,77,0.0,,0.0363384065053108,2,0.1013645224171539,0,0,2,0,0.0,1,Dabaco,local_value,0,0,1,0,domestic,0,0,0,7,bundle,1,False,,,,,,,,,
Trứng gà so 729 Ba Vì giỏ 10 quả,Bộ,Trứng,Trứng - Đậu Hũ,55127.5,55127.5,80,0.0,,0.0145346854739,2,0.0848585690515807,0,0,2,0,0.0,0,Ba Vì,household_giant,0,1,1,0,domestic,0,0,0,9,bundle,1,False,,,,,,,,,
Trứng gà sạch O'LALA hộp 10 quả,Hộp,Trứng,Trứng - Đậu Hũ,38572.22222222222,38572.22222222222,18,0.0,,0.0143054878999713,2,0.029023746701847,0,0,2,0,0.0,1,,,0,0,0,0,domestic,0,0,1,7,count,1,False,,,,,,,,,
Trứng gà ta Ba Vì 729 Omega 3,Bộ,Trứng,Trứng - Đậu Hũ,60085.71428571428,60085.71428571428,84,0.0,,0.0091891323621056,2,0.0566037735849056,0,0,2,0,0.0,0,Ba Vì,household_giant,0,1,1,0,domestic,0,1,0,8,bundle,1,False,,,,,,,,,
Trứng gà ta quê 729 Ba Vì giỏ 10 quả,Bộ,Trứng,Trứng - Đậu Hũ,53706.779661016946,53706.779661016946,59,0.0,,0.0207306608097202,2,0.1023489932885906,0,0,2,0,0.0,0,Ba Vì,household_giant,0,1,1,0,domestic,0,0,0,10,bundle,1,False,,,,,,,,,
Trứng gà ta quê 729 Ba Vì hộp 10 quả,Hộp,Trứng,Trứng - Đậu Hũ,53000.0,53000.0,71,0.0,,0.0,1,0.0,0,0,1,0,0.0,0,Ba Vì,household_giant,0,1,1,0,domestic,0,0,0,10,count,1,False,,,,,,,,,
Trứng gà tươi Dabaco hộp 10 quả,Hộp,Trứng,Trứng - Đậu Hũ,33570.0,33570.0,80,0.0,,0.0568751177760852,4,0.1363636363636364,0,0,4,0,0.0,1,Dabaco,local_value,0,0,1,0,domestic,0,0,1,7,count,1,False,,,,,,,,,
Trứng gà vỏ DABACO xanh hộp 12 quả,Hộp,Trứng,Trứng - Đậu Hũ,79873.13432835821,79873.13432835821,67,0.0,,0.001931986508929,2,0.0113924050632912,0,0,2,0,0.0,1,Dabaco,local_value,0,0,1,0,domestic,0,0,0,8,count,1,False,,,,,,,,,
Trứng gà ác 729 ba Vì giỏ 10 quả,Bộ,Trứng,Trứng - Đậu Hũ,61000.0,61000.0,66,0.0,,0.0,1,0.0,0,0,1,0,0.0,0,Ba Vì,household_giant,0,1,1,0,domestic,0,0,0,9,bundle,1,False,,,,,,,,,
Tàu hũ bổ dưỡng Tafu gói 300g,Cái,Đậu hũ,Trứng - Đậu Hũ,10465.78947368421,10465.78947368421,76,0.0,,0.1081305565409968,2,0.3580246913580247,0,0,2,0,0.0,1,,,0,0,0,0,domestic,0,0,0,7,count,1,False,,300.0,5.703782474656201,,3488.59649122807,8.157254782801287,,3488.59649122807,8.157254782801287
Tàu hũ chiên Ichiban hộp 300g,Hộp,Đậu hũ,Trứng - Đậu Hũ,14800.0,14800.0,66,0.0,,0.0,1,0.0,0,0,1,0,0.0,0,Ichiban,local_value,0,0,1,0,domestic,0,0,0,6,count,1,False,,300.0,5.703782474656201,,4933.333333333333,8.503770171084097,,4933.333333333333,8.503770171084097
Tàu hũ mềm Ichiban hộp 300g,Hộp,Đậu hũ,Trứng - Đậu Hũ,13900.0,13900.0,73,0.0,,0.0,1,0.0,0,0,1,0,0.0,0,Ichiban,local_value,0,0,1,0,domestic,0,0,0,6,count,1,False,,300.0,5.703782474656201,,4633.333333333333,8.441031830450674,,4633.333333333333,8.441031830450674
Tàu hũ trứng Ichiban Fuji San gói 240g,Cái,Đậu hũ,Trứng - Đậu Hũ,19500.0,19500.0,83,0.0,,0.0,1,0.0,0,0,1,0,0.0,0,Ichiban,local_value,0,0,1,0,domestic,0,0,0,8,count,1,False,,240.0,5.480638923341991,,8125.0,9.002701007197938,,8125.0,9.002701007197938
Tàu hũ trứng bổ dưỡng Ichiban gói 240g,Cái,Đậu hũ,Trứng - Đậu Hũ,19000.0,19000.0,84,0.0,,0.0,1,0.0,0,0,1,0,0.0,0,Ichiban,local_value,0,0,1,0,domestic,0,0,0,8,count,1,False,,240.0,5.480638923341991,,7916.666666666667,8.976725520794677,,7916.666666666667,8.976725520794677
Đâu phụ ABC non làng mơ 300g,Hộp,Đậu hũ,Trứng - Đậu Hũ,11000.0,11000.0,82,0.0,,0.0,1,0.0,0,0,1,0,0.0,0,Làng Mơ,local_value,0,0,1,0,domestic,0,0,0,7,count,1,False,,300.0,5.703782474656201,,3666.6666666666665,8.207038263112398,,3666.6666666666665,8.207038263112398
Đậu hũ đậu hũ Làng Mơ Thai corp,Hộp,Đậu hũ,Trứng - Đậu Hũ,15900.0,15900.0,74,0.0,,0.0,1,0.0,0,0,1,0,0.0,0,Làng Mơ,local_value,0,0,1,0,domestic,0,0,0,8,count,1,False,,,,,,,,,
Đậu phụ tươi Làng Mơ hộp 400g,Hộp,Đậu hũ,Trứng - Đậu Hũ,12000.0,12000.0,74,0.0,,0.0,1,0.0,0,0,1,0,0.0,0,Làng Mơ,local_value,0,0,1,0,domestic,0,0,1,7,count,1,False,,400.0,5.991464547107982,,3000.0,8.006367567650246,,3000.0,8.006367567650246
Đậu thanh truyền thống ABC 500g,Gói,Đậu hũ,Trứng - Đậu Hũ,21702.38095238095,21702.38095238095,84,0.0,,0.0253791648963278,2,0.0521327014218009,0,0,2,0,0.0,1,,,0,0,0,0,domestic,0,0,0,6,count,1,False,,500.0,6.214608098422191,,4340.47619047619,8.375739342383387,,4340.47619047619,8.375739342383387
Ba chỉ bò mỹ cắt cuộn chấm sốt sukiyaki Orifood khay 500g,Khay,Thịt Đông Lạnh,Thực Phẩm Đông Lạnh,195300.0,195300.0,74,0.0,,0.0,1,0.0,0,0,1,0,0.0,0,Orifood,niche_professional,1,0,1,0,domestic,0,0,0,12,unknown,1,False,,500.0,6.214608098422191,,39060.0,10.57285420443067,,39060.0,10.57285420443067
Bao tử cá basa,1KG,Hải Sản Đông Lạnh,Thực Phẩm Đông Lạnh,128909.09090909093,128909.09090909093,33,0.0,,0.0040511725292933,2,0.0238095238095237,0,0,2,0,0.0,1,,,0,0,0,0,domestic,0,0,0,4,weight,1,False,,,,,,,,,
Bánh khoai khen vàng WinMart Good 230g,Khay,Thực Phẩm Đông Lạnh Khác,Thực Phẩm Đông Lạnh,45000.0,45000.0,43,0.0,,0.0,1,0.0,0,0,1,0,0.0,0,,,0,0,0,0,domestic,0,0,0,7,unknown,1,False,,230.0,5.438079308923196,,19565.217391304348,9.881508645817354,,19565.217391304348,9.881508645817354
Bánh xếp Hàn Quốc Bibigo nhân hải sản 350g,Gói,Thực Phẩm Đông Lạnh Khác,Thực Phẩm Đông Lạnh,64144.444444444445,66500.0,54,0.2222222222222222,0.1593984962406015,0.069346934977082,2,0.1896243291592128,1,0,1,11,6.0,0,Bibigo,niche_professional,1,0,1,0,Hàn,1,0,0,9,count,1,False,,350.0,5.857933154483459,,18326.984126984127,9.816129795217437,,19000.0,9.852194258148577
Bánh xếp Hàn Quốc Bibigo nhân thịt 350g (gói 10 cái),Gói,Thực Phẩm Đông Lạnh Khác,Thực Phẩm Đông Lạnh,64500.0,64500.0,66,0.0,,0.0,1,0.0,0,0,1,0,0.0,0,Bibigo,niche_professional,1,0,1,0,Hàn,1,0,0,11,count,1,False,,350.0,5.857933154483459,,18428.571428571428,9.821657534288496,,18428.571428571428,9.821657534288496
Bánh xếp Hàn Quốc Bibigo nhân thịt gói 175g,Gói,Thực Phẩm Đông Lạnh Khác,Thực Phẩm Đông Lạnh,35000.0,35000.0,64,0.0,,0.0,1,0.0,0,0,1,0,0.0,0,Bibigo,niche_professional,1,0,1,0,Hàn,1,0,0,9,count,1,False,,175.0,5.1647859739235145,,20000.0,9.903487552536127,,20000.0,9.903487552536127
Bánh xếp Hàn Quốc Bibigo nhân thịt và bắp 175g,Gói,Thực Phẩm Đông Lạnh Khác,Thực Phẩm Đông Lạnh,35000.0,35000.0,63,0.0,,0.0,1,0.0,0,0,1,0,0.0,0,Bibigo,niche_professional,1,0,1,0,Hàn,1,0,0,10,count,1,False,,175.0,5.1647859739235145,,20000.0,9.903487552536127,,20000.0,9.903487552536127
Bánh xếp Hàn Quốc CJ Foods nhân nấm 300g,Gói,Thực Phẩm Đông Lạnh Khác,Thực Phẩm Đông Lạnh,56600.0,56600.0,73,0.0,,0.0,1,0.0,0,0,1,0,0.0,0,Cj Foods,local_value,0,0,1,0,Hàn,1,0,0,9,count,1,False,,300.0,5.703782474656201,,18866.666666666668,9.845151975523164,,18866.666666666668,9.845151975523164
Bánh xếp Hàn Quốc CJ Foods nhân tôm 300g,Gói,Thực Phẩm Đông Lạnh Khác,Thực Phẩm Đông Lạnh,69991.56626506025,77500.0,83,0.4939759036144578,0.1961290322580645,0.1092366761318062,2,0.2439807383627608,1,0,1,22,20.5,0,Cj Foods,local_value,0,0,1,0,Hàn,1,0,0,9,count,1,False,,300.0,5.703782474656201,,23330.522088353417,10.057517743177145,,25833.333333333332,10.159420926673329
Bánh xếp kiểu Hàn Quốc Bibigo nhân hải sản gói 175g,Gói,Thực Phẩm Đông Lạnh Khác,Thực Phẩm Đông Lạnh,35463.23529411765,37000.0,68,0.2794117647058823,0.1486486486486486,0.0701079581477596,2,0.1746031746031746,1,0,1,19,19.0,0,Bibigo,niche_professional,1,0,1,0,domestic,0,0,0,11,count,1,False,,175.0,5.1647859739235145,,20264.705882352944,9.916636025379635,,21142.85714285714,9.959057403690938
Bánh xếp nhân thịt và bắp CJ Foods 350g,Gói,Thực Phẩm Đông Lạnh Khác,Thực Phẩm Đông Lạnh,65000.0,65000.0,63,0.0,,0.0,1,0.0,0,0,1,0,0.0,0,Cj Foods,local_value,0,0,1,0,domestic,0,0,0,9,count,1,False,,350.0,5.857933154483459,,18571.428571428572,9.829379580382406,,18571.428571428572,9.829379580382406
Bò viên Thaibifood túi 500g,Gói,Cá - Bò Viên,Thực Phẩm Đông Lạnh,85900.0,85900.0,82,0.0,,0.0,1,0.0,0,0,1,0,0.0,0,Thaibifood,niche_professional,1,0,1,0,domestic,0,0,0,5,count,1,False,,500.0,6.214608098422191,,17180.0,9.751501195538246,,17180.0,9.751501195538246
Bò viên Xì Tin gói 340g,Gói,Cá - Bò Viên,Thực Phẩm Đông Lạnh,82000.0,82000.0,37,0.0,,0.0,1,0.0,0,0,1,0,0.0,0,,,0,0,0,0,domestic,0,0,0,6,count,1,False,,340.0,5.8289456176102075,,24117.64705882353,10.090699094624275,,24117.64705882353,10.090699094624275
Bò viên gân Hoa Doanh khay 250g,Gói,Cá - Bò Viên,Thực Phẩm Đông Lạnh,53000.0,53000.0,52,0.0,,0.0,1,0.0,0,0,1,0,0.0,0,Hoa Doanh,local_value,0,0,1,0,domestic,0,0,0,7,count,1,False,,250.0,5.521460917862246,,21200.0,9.961756460660103,,21200.0,9.961756460660103
Bò viên ngon Cầu Tre 500g,Gói,Cá - Bò Viên,Thực Phẩm Đông Lạnh,88000.0,88000.0,79,0.0,,0.0,1,0.0,0,0,1,0,0.0,0,Cầu Tre,household_giant,0,1,1,0,domestic,0,0,0,6,count,1,False,,500.0,6.214608098422191,,17600.0,9.775654181026242,,17600.0,9.775654181026242
Chả cá chiên Quy Nhơn 200g,Gói,Chả Giò,Thực Phẩm Đông Lạnh,42000.0,42000.0,52,0.0,,0.0,1,0.0,0,0,1,0,0.0,0,,,0,0,0,0,domestic,0,0,0,6,count,1,False,,200.0,5.298317366548036,,21000.0,9.95227771670556,,21000.0,9.95227771670556
Chả cá thác lác HN gói 500g,Gói,Chả Giò,Thực Phẩm Đông Lạnh,150812.5,150812.5,64,0.0,,0.0400794231210278,2,0.0827586206896551,0,0,2,0,0.0,1,,,0,0,0,0,domestic,0,0,0,7,count,1,False,,500.0,6.214608098422191,,30162.5,10.314354709933287,,30162.5,10.314354709933287
Chả cá thát lát Kitkool 200g,Gói,Chả Giò,Thực Phẩm Đông Lạnh,69000.0,69000.0,72,0.0,,0.0,1,0.0,0,0,1,0,0.0,0,Kitkool,local_value,0,0,1,0,domestic,0,0,0,6,count,1,False,,200.0,5.298317366548036,,34500.0,10.448714603019452,,34500.0,10.448714603019452
Chả cá thát lát Long Nhi gói 300g,Gói,Chả Giò,Thực Phẩm Đông Lạnh,74000.0,74000.0,68,0.0,,0.0,1,0.0,0,0,1,0,0.0,0,Long Nhi,local_value,0,0,1,0,domestic,0,0,0,8,count,1,False,,300.0,5.703782474656201,,24666.666666666668,10.113208083518197,,24666.666666666668,10.113208083518197
Chả cá viên Thaibifood gói 500g,Gói,Chả Giò,Thực Phẩm Đông Lạnh,52500.0,52500.0,82,0.0,,0.0,1,0.0,0,0,1,0,0.0,0,Thaibifood,niche_professional,1,0,1,0,domestic,0,0,0,6,count,1,False,,500.0,6.214608098422191,,10500.0,9.259130536145614,,10500.0,9.259130536145614
Chả cốm Ngọc Thơm 300g,Gói,Chả Giò,Thực Phẩm Đông Lạnh,97781.81818181818,98000.0,55,0.0181818181818181,0.1224489795918367,0.0165478582828464,2,0.1224489795918367,1,0,1,1,1.0,0,Ngọc Thơm,local_value,0,0,1,0,domestic,0,0,0,5,count,1,False,,300.0,5.703782474656201,,32593.939393939392,10.391881641910366,,32666.666666666668,10.3941104689846
Chả giò Real hải sản gói 400g,Gói,Chả Giò,Thực Phẩm Đông Lạnh,71330.88235294117,74000.0,68,0.2205882352941176,0.1635135135135135,0.0708597279665661,2,0.1954765751211631,1,0,1,15,15.0,0,,,0,0,0,0,domestic,0,0,0,7,count,1,False,,400.0,5.991464547107982,,17832.720588235294,9.788790284087478,,18500.0,9.825526011066415
Chả giò Real thịt gói 400g,Gói,Chả Giò,Thực Phẩm Đông Lạnh,68020.54794520549,71300.0,73,0.2876712328767123,0.1598877980364656,0.0763920854528926,2,0.1903171953255424,1,0,1,21,21.0,0,,,0,0,0,0,domestic,0,0,0,6,count,1,False,,400.0,5.991464547107982,,17005.13698630137,9.741270753057268,,17825.0,9.788357245282496
Chả giò da xốp chay Cầu Tre gói 400g,Gói,Chả Giò,Thực Phẩm Đông Lạnh,45800.0,45800.0,74,0.0,,0.0,1,0.0,0,0,1,0,0.0,0,Cầu Tre,household_giant,0,1,1,0,domestic,0,0,0,9,count,1,False,,400.0,5.991464547107982,,11450.0,9.345745008982385,,11450.0,9.345745008982385
Chả giò da xốp tôm thịt Cầu Tre gói 400g,Gói,Chả Giò,Thực Phẩm Đông Lạnh,69545.67901234567,76900.0,81,0.4567901234567901,0.2093628088426528,0.1160367139882078,2,0.2648026315789473,1,0,1,22,18.5,0,Cầu Tre,household_giant,0,1,1,0,domestic,0,0,0,10,count,1,False,,400.0,5.991464547107982,,17386.41975308642,9.763444706513702,,19225.0,9.863966794373844
Chả giò rế Cầu Tre tôm cua (hải sản) 500g,Gói,Chả Giò,Thực Phẩm Đông Lạnh,74900.0,74900.0,51,0.0,,0.0,1,0.0,0,0,1,0,0.0,0,Cầu Tre,household_giant,0,1,1,0,domestic,0,0,0,10,count,1,False,,500.0,6.214608098422191,,14980.0,9.61447125707121,,14980.0,9.61447125707121
Chả giò đặc biệt hải sản Thực Phẩm Cầu Tre gói 500g,Gói,Chả Giò,Thực Phẩm Đông Lạnh,74503.44827586207,80400.0,87,0.4827586206896552,0.1519189765458422,0.0824453735899979,3,0.1840942562592047,1,0,1,22,14.0,0,Cầu Tre,household_giant,0,1,1,0,domestic,0,0,0,12,count,1,False,,500.0,6.214608098422191,,14900.689655172415,9.609162776444448,,16080.0,9.685331542732957
Chả heo Lá Chuối Hoa Doanh gói 200g,Gói,Chả Giò,Thực Phẩm Đông Lạnh,49000.0,49000.0,33,0.0,,0.0,1,0.0,0,0,1,0,0.0,0,Hoa Doanh,local_value,0,0,1,0,domestic,0,0,0,8,count,1,False,,200.0,5.298317366548036,,24500.0,10.106428396532818,,24500.0,10.106428396532818
Chả lụa quết thượng hạng Cầu Tre gói 500g,Cái,Chả Giò,Thực Phẩm Đông Lạnh,144500.0,144500.0,13,0.0,,0.0,1,0.0,0,0,1,0,0.0,0,Cầu Tre,household_giant,0,1,1,0,domestic,0,0,0,9,count,1,False,,500.0,6.214608098422191,,28900.0,10.271596874100524,,28900.0,10.271596874100524
Chả mực giã tay Đôi Đũa Vàng gói 480g,Gói,Chả Giò,Thực Phẩm Đông Lạnh,218307.14285714287,229700.0,84,0.1785714285714285,0.2777535916412711,0.112601511075652,2,0.2777535916412712,1,0,1,15,15.0,0,Đôi Đũa Vàng,niche_professional,1,0,1,0,domestic,0,0,0,9,count,1,False,,480.0,6.173786103901937,,45480.65476190476,10.725042344460594,,47854.16666666667,10.775913470763344
Chả nướng Ngọc Thơm 300g,Gói,Chả Giò,Thực Phẩm Đông Lạnh,94600.0,94600.0,53,0.0,,0.0,1,0.0,0,0,1,0,0.0,0,Ngọc Thơm,local_value,0,0,1,0,domestic,0,0,0,5,count,1,False,,300.0,5.703782474656201,,31533.333333333332,10.35880046637186,,31533.333333333332,10.35880046637186
Chả ram tôm đất Bình Định (size to) 500g,Khay,Chả Giò,Thực Phẩm Đông Lạnh,159000.0,159000.0,66,0.0,,0.0,1,0.0,0,0,1,0,0.0,0,,,0,0,0,0,domestic,0,0,0,9,unknown,1,False,,500.0,6.214608098422191,,31800.0,10.367221568768269,,31800.0,10.367221568768269
Chả tôm gói Long Nhi gói 300g,Gói,Chả Giò,Thực Phẩm Đông Lạnh,79000.0,79000.0,66,0.0,,0.0,1,0.0,0,0,1,0,0.0,0,Long Nhi,local_value,0,0,1,0,domestic,0,0,0,7,count,1,False,,300.0,5.703782474656201,,26333.333333333332,10.178590842781048,,26333.333333333332,10.178590842781048
Chả viên thát lát bắp Phạm Nghĩa 200g,Gói,Chả Giò,Thực Phẩm Đông Lạnh,55666.666666666664,59000.0,12,0.6666666666666666,0.0847457627118644,0.0442244877770057,2,0.0925925925925925,1,0,1,8,8.0,0,Phạm Nghĩa,local_value,0,0,1,0,domestic,0,0,0,8,count,1,False,,200.0,5.298317366548036,,27833.333333333332,10.233989622170837,,29500.0,10.292145542327912
Chả viên thát lát cà rốt Phạm Nghĩa 200g,Gói,Chả Giò,Thực Phẩm Đông Lạnh,57571.42857142857,59000.0,28,0.2857142857142857,0.0847457627118644,0.0399541680347103,2,0.0925925925925925,1,0,1,8,8.0,0,Phạm Nghĩa,local_value,0,0,1,0,domestic,0,0,0,9,count,1,False,,200.0,5.298317366548036,,28785.714285714286,10.267634511313561,,29500.0,10.292145542327912
Chả ốc Hoa Doanh 200g,Gói,Chả Giò,Thực Phẩm Đông Lạnh,39900.0,39900.0,58,0.0,,0.0,1,0.0,0,0,1,0,0.0,0,Hoa Doanh,local_value,0,0,1,0,domestic,0,0,0,5,count,1,False,,200.0,5.298317366548036,,19950.0,9.90098442231801,,19950.0,9.90098442231801
Chả ốc Hoa Doanh 300g,Gói,Chả Giò,Thực Phẩm Đông Lạnh,62000.0,62000.0,4,0.0,,0.0,1,0.0,0,0,1,0,0.0,0,Hoa Doanh,local_value,0,0,1,0,domestic,0,0,0,5,count,1,False,,300.0,5.703782474656201,,20666.666666666668,9.936277375359118,,20666.666666666668,9.936277375359118
Cua đồng tinh chất Minh Tiến gói 200g,Gói,Hải Sản Đông Lạnh,Thực Phẩm Đông Lạnh,71700.0,71700.0,84,0.0,,0.0,1,0.0,0,0,1,0,0.0,0,Minh Tiến,local_value,0,0,1,0,domestic,0,0,0,8,count,1,False,,200.0,5.298317366548036,,35850.0,10.487098846027767,,35850.0,10.487098846027767
Cua đồng xay Minh Tiến gói 500g,Gói,Hải Sản Đông Lạnh,Thực Phẩm Đông Lạnh,80700.0,80700.0,83,0.0,,0.0,1,0.0,0,0,1,0,0.0,0,Minh Tiến,local_value,0,0,1,0,domestic,0,0,0,7,count,1,False,,500.0,6.214608098422191,,16140.0,9.68905594182394,,16140.0,9.68905594182394
Cá trứng Home Food 100% có trứng đông lạnh 500g,Khay,Hải Sản Đông Lạnh,Thực Phẩm Đông Lạnh,97000.0,97000.0,3,0.0,,0.0,1,0.0,0,0,1,0,0.0,0,Home Food,niche_professional,1,0,1,0,domestic,0,0,0,10,unknown,1,False,,500.0,6.214608098422191,,19400.0,9.87302834505142,,19400.0,9.87302834505142
Cá trứng Nauy Thaibifood khay 450g,Khay,Hải Sản Đông Lạnh,Thực Phẩm Đông Lạnh,62000.0,62000.0,34,0.0,,0.0,1,0.0,0,0,1,0,0.0,0,Thaibifood,niche_professional,1,0,1,0,domestic,0,0,0,6,unknown,1,False,,450.0,6.1092475827643655,,13777.777777777777,9.530812267250955,,13777.777777777777,9.530812267250955
Cá trứng SG Food khay 200g,Khay,Hải Sản Đông Lạnh,Thực Phẩm Đông Lạnh,48400.0,48400.0,12,0.0,,0.0,1,0.0,0,0,1,0,0.0,0,SG Food,local_value,0,0,1,0,domestic,0,0,0,6,unknown,1,False,,200.0,5.298317366548036,,24200.0,10.094107912144779,,24200.0,10.094107912144779
Cá viên Hoa Doanh gói 200g,Gói,Cá - Bò Viên,Thực Phẩm Đông Lạnh,24488.636363636364,25000.0,44,0.1136363636363636,0.18,0.0589935662986811,2,0.2195121951219512,1,0,1,5,5.0,0,Hoa Doanh,local_value,0,0,1,0,domestic,0,0,0,6,count,1,False,,200.0,5.298317366548036,,12244.318181818182,9.412817286481834,,12500.0,9.433483923290392
Cá viên Kitkool 200g,Gói,Cá - Bò Viên,Thực Phẩm Đông Lạnh,35627.27272727273,36900.0,77,0.1818181818181818,0.1897018970189702,0.0762777010951421,2,0.234113712374582,1,0,1,14,14.0,0,Kitkool,local_value,0,0,1,0,domestic,0,0,0,4,count,1,False,,200.0,5.298317366548036,,17813.636363636364,9.787719530829406,,18450.0,9.822819649468673
Cá viên biển Quy Nhơn Hoa Doanh gói 300g,Gói,Cá - Bò Viên,Thực Phẩm Đông Lạnh,51200.0,55000.0,55,0.3454545454545454,0.2,0.1031032963272351,2,0.25,1,0,1,19,19.0,0,Hoa Doanh,local_value,0,0,1,0,domestic,0,0,0,9,count,1,False,,300.0,5.703782474656201,,17066.666666666668,9.74488252235949,,18333.333333333332,9.816476175546498
Cá viên cốm non Hoa Doanh 500g,Gói,Cá - Bò Viên,Thực Phẩm Đông Lạnh,55000.0,55000.0,48,0.0,,0.0,1,0.0,0,0,1,0,0.0,0,Hoa Doanh,local_value,0,0,1,0,domestic,0,0,0,7,count,1,False,,500.0,6.214608098422191,,11000.0,9.305650551780507,,11000.0,9.305650551780507
Cá viên nhân tôm SG Food gói 500g,Gói,Cá - Bò Viên,Thực Phẩm Đông Lạnh,92700.0,92700.0,33,0.0,,0.0,1,0.0,0,0,1,0,0.0,0,SG Food,local_value,0,0,1,0,domestic,0,0,0,8,count,1,False,,500.0,6.214608098422191,,18540.0,9.827685839119846,,18540.0,9.827685839119846
Cơm chiên hải sản ngũ sắc SG Food 200g,Gói,Thực Phẩm Đông Lạnh Khác,Thực Phẩm Đông Lạnh,27100.0,27100.0,78,0.0,,0.0,1,0.0,0,0,1,0,0.0,0,SG Food,local_value,0,0,1,0,domestic,0,0,0,9,count,1,False,,200.0,5.298317366548036,,13550.0,9.514141826307847,,13550.0,9.514141826307847
Giò bò Vissan cây 500g,Cái,Chả Giò,Thực Phẩm Đông Lạnh,139065.21739130435,143300.0,69,0.4202898550724637,0.0703130639844069,0.0361973507900243,3,0.0815094339622641,1,0,1,15,14.5,0,Vissan,household_giant,0,1,1,0,domestic,0,0,0,5,count,1,False,,500.0,6.214608098422191,,27813.04347826087,10.23326037950908,,28660.0,10.263257701382162
Giò bò đặc biệt Vissan cây 500g,Cái,Chả Giò,Thực Phẩm Đông Lạnh,156600.0,156600.0,59,0.0,,0.0,1,0.0,0,0,1,0,0.0,0,Vissan,household_giant,0,1,1,0,domestic,0,0,0,7,count,1,False,,500.0,6.214608098422191,,31320.0,10.35201215010474,,31320.0,10.35201215010474
Giò lụa Vissan cây 250g,Cái,Chả Giò,Thực Phẩm Đông Lạnh,58400.0,58400.0,88,0.0,,0.0,1,0.0,0,0,1,0,0.0,0,Vissan,household_giant,0,1,1,0,domestic,0,0,0,5,count,1,False,,250.0,5.521460917862246,,23360.0,10.058780436942163,,23360.0,10.058780436942163
Giò lụa hảo hạng 300g,Gói,Chả Giò,Thực Phẩm Đông Lạnh,62384.90566037736,65300.0,53,0.2830188679245283,0.1577335375191424,0.0750854042427805,2,0.1872727272727272,1,0,1,15,15.0,0,,,0,0,0,0,domestic,0,0,0,5,count,1,False,,300.0,5.703782474656201,,20794.96855345912,9.942466339959427,,21766.666666666668,9.988135026596412
Giò tai lưỡi xào Thu Hằng Food gói 250g,Gói,Chả Giò,Thực Phẩm Đông Lạnh,62886.95652173913,65900.0,69,0.3043478260869565,0.1502276176024279,0.0729668976781991,2,0.1767857142857143,1,0,1,21,21.0,0,,,0,0,0,0,domestic,0,0,0,9,count,1,False,,250.0,5.521460917862246,,25154.782608695652,10.132803320816745,,26360.0,10.179602988616443
Giò xào HanoiFoods gói 300g,Cái,Chả Giò,Thực Phẩm Đông Lạnh,77500.0,77500.0,38,0.0,,0.0,1,0.0,0,0,1,0,0.0,0,,,0,0,0,0,domestic,0,0,0,5,count,1,False,,300.0,5.703782474656201,,25833.333333333332,10.159420926673329,,25833.333333333332,10.159420926673329
Gà Viên Lá Chanh Hoa Doanh 200g,Gói,Cá - Bò Viên,Thực Phẩm Đông Lạnh,30000.0,30000.0,52,0.0,,0.0,1,0.0,0,0,1,0,0.0,0,Hoa Doanh,local_value,0,0,1,0,domestic,0,0,0,7,count,1,False,,200.0,5.298317366548036,,15000.0,9.615805480084347,,15000.0,9.615805480084347
Hàu nướng phô mai Hausubi đông lạnh 300g,Khay,Hải Sản Đông Lạnh,Thực Phẩm Đông Lạnh,72000.0,72000.0,55,0.0,,0.0,1,0.0,0,0,1,0,0.0,0,Hasubi,local_value,0,0,1,0,domestic,0,0,0,8,unknown,1,False,,300.0,5.703782474656201,,24000.0,10.085809109330082,,24000.0,10.085809109330082
Hàu sữa Nhật Minh túi 280g,Gói,Hải Sản Đông Lạnh,Thực Phẩm Đông Lạnh,64322.22222222222,72000.0,36,0.6666666666666666,0.1599537037037037,0.0882943882059467,4,0.2435233160621761,1,0,1,13,8.0,0,,,0,0,0,0,Nhật,1,0,0,6,count,1,False,,280.0,5.634789603169249,,22972.222222222223,10.042041035549719,,25714.285714285717,10.154801980817034
Hàu sữa Thái Bình Dương Hasubi gói 330g,Gói,Hải Sản Đông Lạnh,Thực Phẩm Đông Lạnh,77000.0,77000.0,46,0.0,,0.0,1,0.0,0,0,1,0,0.0,0,Hasubi,local_value,0,0,1,0,Thái,1,0,0,8,count,1,False,,330.0,5.799092654460526,,23333.333333333336,10.057638232363386,,23333.333333333336,10.057638232363386
Hàu sữa ruột tách vỏ gói 300g,Gói,Hải Sản Đông Lạnh,Thực Phẩm Đông Lạnh,77000.0,77000.0,12,0.0,,0.0,1,0.0,0,0,1,0,0.0,0,,,0,0,0,0,domestic,0,0,0,7,count,1,False,,300.0,5.703782474656201,,25666.666666666668,10.152948412167712,,25666.666666666668,10.152948412167712
Há cảo Cầu Tre nhân tôm cải bó xôi 300g,Gói,Thực Phẩm Đông Lạnh Khác,Thực Phẩm Đông Lạnh,73700.0,73700.0,66,0.0,,0.0,1,0.0,0,0,1,0,0.0,0,Cầu Tre,household_giant,0,1,1,0,domestic,0,0,0,10,count,1,False,,300.0,5.703782474656201,,24566.666666666668,10.109145789509318,,24566.666666666668,10.109145789509318
Há cảo Cầu Tre nhân tôm củ dền 300g,Gói,Thực Phẩm Đông Lạnh Khác,Thực Phẩm Đông Lạnh,74500.0,74500.0,74,0.0,,0.0,1,0.0,0,0,1,0,0.0,0,Cầu Tre,household_giant,0,1,1,0,domestic,0,0,0,9,count,1,False,,300.0,5.703782474656201,,24833.333333333332,10.11994211569954,,24833.333333333332,10.11994211569954
Há cảo Cầu Tre thượng hạng 300gr,Gói,Thực Phẩm Đông Lạnh Khác,Thực Phẩm Đông Lạnh,81300.0,81300.0,63,0.0,,0.0,1,0.0,0,0,1,0,0.0,0,Cầu Tre,household_giant,0,1,1,0,domestic,0,0,0,7,count,1,False,,300.0,5.703782474656201,,27100.0,10.207289006867793,,27100.0,10.207289006867793
Há cảo Dong Won meat dumpling for boilin,Gói,Thực Phẩm Đông Lạnh Khác,Thực Phẩm Đông Lạnh,63000.0,63000.0,79,0.0,,0.0,1,0.0,0,0,1,0,0.0,0,,,0,0,0,0,domestic,0,0,0,8,count,1,False,,,,,,,,,
Há cảo DongWon tôm đặc biệt,Gói,Thực Phẩm Đông Lạnh Khác,Thực Phẩm Đông Lạnh,94500.0,94500.0,77,0.0,,0.0,1,0.0,0,0,1,0,0.0,0,,,0,0,0,0,domestic,0,0,0,6,count,1,False,,,,,,,,,
Há cảo Hồng Kông Tân Việt Sin gói 500g,Gói,Thực Phẩm Đông Lạnh Khác,Thực Phẩm Đông Lạnh,50700.0,50700.0,81,0.0,,0.0,1,0.0,0,0,1,0,0.0,0,Tân Việt Sin,local_value,0,0,1,0,domestic,0,0,0,9,count,1,False,,500.0,6.214608098422191,,10140.0,9.224243277145174,,10140.0,9.224243277145174
Há cảo Thực Phẩm Cầu Tre gói 500g,Gói,Thực Phẩm Đông Lạnh Khác,Thực Phẩm Đông Lạnh,58200.0,58200.0,86,0.0,,0.0,1,0.0,0,0,1,0,0.0,0,Cầu Tre,household_giant,0,1,1,0,domestic,0,0,0,8,count,1,False,,500.0,6.214608098422191,,11640.0,9.36220272128543,,11640.0,9.36220272128543
Há cảo mini Thực Phẩm Cầu Tre gói 500g,Gói,Thực Phẩm Đông Lạnh Khác,Thực Phẩm Đông Lạnh,75101.17647058824,78800.0,85,0.2823529411764706,0.166243654822335,0.0789852483076895,2,0.1993911719939116,1,0,1,15,12.0,0,Cầu Tre,household_giant,0,1,1,0,domestic,0,0,0,9,count,1,False,,500.0,6.214608098422191,,15020.235294117647,9.61715359058275,,15760.0,9.66523036341187
Há cảo tôm cua Thực Phẩm Cầu Tre gói 500g,Gói,Thực Phẩm Đông Lạnh Khác,Thực Phẩm Đông Lạnh,76946.05263157895,80500.0,76,0.2631578947368421,0.1677639751552795,0.0778001786598765,3,0.2014925373134328,1,0,1,19,10.0,0,Cầu Tre,household_giant,0,1,1,0,domestic,0,0,0,10,count,1,False,,500.0,6.214608098422191,,15389.21052631579,9.641421927681915,,16100.0,9.686574550972555
Khoai môn Lệ Phố đông lạnh Đôi Đũa Vàng gói 300g,Gói,Thực Phẩm Đông Lạnh Khác,Thực Phẩm Đông Lạnh,60200.0,60200.0,81,0.0,,0.0,1,0.0,0,0,1,0,0.0,0,Đôi Đũa Vàng,niche_professional,1,0,1,0,domestic,0,0,0,11,count,1,False,,300.0,5.703782474656201,,20066.666666666668,9.906815342628803,,20066.666666666668,9.906815342628803
Khoai tây Golden Longs McCain 750g,Gói,Thực Phẩm Đông Lạnh Khác,Thực Phẩm Đông Lạnh,94895.40229885056,106600.0,87,0.4712643678160919,0.2329886056834302,0.1339756226939831,3,0.368421052631579,1,0,1,22,20.5,0,Mccain,niche_professional,1,0,1,0,domestic,0,0,0,6,count,1,False,,750.0,6.620073206530356,,12652.720306513407,9.445627515030175,,14213.333333333334,9.561935770171617
Khoai tây chiên đông lạnh Đôi Đũa Vàng gói 500g,Gói,Thực Phẩm Đông Lạnh Khác,Thực Phẩm Đông Lạnh,39135.294117647056,43500.0,85,0.4117647058823529,0.2436781609195402,0.1340933317634125,2,0.3221884498480243,1,0,1,35,35.0,0,Đôi Đũa Vàng,niche_professional,1,0,1,0,domestic,0,0,0,10,count,1,False,,500.0,6.214608098422191,,7827.058823529411,8.965342089239662,,8700.0,9.071078304642676
Khoai tây cắt sợi Shoestring Farm Best 1kg,Gói,Thực Phẩm Đông Lạnh Khác,Thực Phẩm Đông Lạnh,79572.91666666667,84600.0,48,0.3958333333333333,0.1501182033096926,0.0788759668382651,2,0.1766342141863699,1,0,1,19,19.0,0,,,0,0,0,0,domestic,0,0,0,8,count,1,False,,1000.0,6.907755278982137,,7957.291666666667,8.981843978061615,,8460.0,9.04310445260027
Khoai tây cắt thẳng Straight Cut Farm Best 1kg,Gói,Thực Phẩm Đông Lạnh Khác,Thực Phẩm Đông Lạnh,78733.33333333333,83800.0,48,0.3958333333333333,0.152744630071599,0.0803447646366028,2,0.180281690140845,1,0,1,19,19.0,0,,,0,0,0,0,domestic,0,0,0,9,count,1,False,,1000.0,6.907755278982137,,7873.333333333333,8.971236801083244,,8380.0,9.033603193476129
Khoai tây đông lạnh sợi lớn Fries - Frites Lutosa túi 1kg,Gói,Thực Phẩm Đông Lạnh Khác,Thực Phẩm Đông Lạnh,89550.0,92000.0,84,0.25,0.1065217391304347,0.0476718184389016,2,0.119221411192214,1,0,1,21,21.0,0,Lutosa,niche_professional,1,0,1,0,domestic,0,0,0,12,count,1,False,,1000.0,6.907755278982137,,8955.0,9.099967314494812,,9200.0,9.126958763037132
Lõi vai bò beefsteak Orifood 350g,Khay,Thịt Đông Lạnh,Thực Phẩm Đông Lạnh,313000.0,313000.0,70,0.0,,0.0,1,0.0,0,0,1,0,0.0,0,Orifood,niche_professional,1,0,1,0,domestic,0,0,0,6,unknown,1,False,,350.0,5.857933154483459,,89428.57142857143,11.401195501026923,,89428.57142857143,11.401195501026923
Lõi vai bò lúc lắc Orifood 275g,Khay,Thịt Đông Lạnh,Thực Phẩm Đông Lạnh,216000.0,216000.0,70,0.0,,0.0,1,0.0,0,0,1,0,0.0,0,Orifood,niche_professional,1,0,1,0,domestic,0,0,0,7,unknown,1,False,,275.0,5.616771097666572,,78545.45454545454,11.271432774987822,,78545.45454545454,11.271432774987822
Lẩu Thái SGFood Việt Nam 500g,Khay,Thực Phẩm Đông Lạnh Khác,Thực Phẩm Đông Lạnh,84800.0,84800.0,87,0.0,,0.0,1,0.0,0,0,1,0,0.0,0,SG Food,local_value,0,0,1,0,domestic,0,0,0,6,unknown,1,False,,500.0,6.214608098422191,,16960.0,9.738612909345894,,16960.0,9.738612909345894
Lẩu Tomyum ba chỉ bò Mỹ Orifood 1.3kg,Hộp,Thực Phẩm Đông Lạnh Khác,Thực Phẩm Đông Lạnh,281026.76056338026,292000.0,71,0.2957746478873239,0.1270547945205479,0.060679596966275,2,0.1455472734405649,1,0,1,21,21.0,0,Orifood,niche_professional,1,0,1,0,domestic,0,0,0,8,count,1,False,,1300.0,7.170119543449628,,21617.44312026002,9.981255819641579,,22461.53846153846,10.019559723788882
Lẩu thả Cầu Tre Long Cung 300g,Gói,Thực Phẩm Đông Lạnh Khác,Thực Phẩm Đông Lạnh,55200.0,55200.0,77,0.0,,0.0,1,0.0,0,0,1,0,0.0,0,Cầu Tre,household_giant,0,1,1,0,domestic,0,0,0,7,count,1,False,,300.0,5.703782474656201,,18400.0,9.820105943597078,,18400.0,9.820105943597078
MEATDELI Giò sống 200g,Gói,Chả Giò,Thực Phẩm Đông Lạnh,33971.153846153844,39000.0,52,0.6538461538461539,0.197209653092006,0.1097935310408755,3,0.25,1,0,1,33,17.0,0,Meatdeli,household_giant,0,1,1,0,domestic,0,0,0,4,count,1,False,,200.0,5.298317366548036,,16985.576923076922,9.740119846639963,,19500.0,9.878169744551839
Mực nướng Hải Nam cán duỗi tẩm ớt 60g,Gói,Hải Sản Đông Lạnh,Thực Phẩm Đông Lạnh,90411.76470588236,90411.76470588236,68,0.0,,0.0157854578994428,2,0.0459770114942528,0,0,2,0,0.0,1,Hải Nam,local_value,0,0,1,0,domestic,0,0,0,9,count,1,False,,60.0,4.0943445622221,,150686.27450980394,11.922955302230507,,150686.27450980394,11.922955302230507
Mực trứng Minh Tiến gói 400g,Khay,Hải Sản Đông Lạnh,Thực Phẩm Đông Lạnh,109200.0,109200.0,83,0.0,,0.0,1,0.0,0,0,1,0,0.0,0,Minh Tiến,local_value,0,0,1,0,domestic,0,0,0,6,unknown,1,False,,400.0,5.991464547107982,,27300.0,10.21464198117305,,27300.0,10.21464198117305
Mực trứng cơm xôi đông lạnh NTF khay 400g,Khay,Thực Phẩm Đông Lạnh Khác,Thực Phẩm Đông Lạnh,226000.0,226000.0,46,0.0,,0.0,1,0.0,0,0,1,0,0.0,0,,,0,0,0,0,domestic,0,0,0,9,unknown,1,False,,400.0,5.991464547107982,,56500.0,10.941995917134532,,56500.0,10.941995917134532
Mực trứng đông lạnh Thaibifood loại A khay 450g,Khay,Hải Sản Đông Lạnh,Thực Phẩm Đông Lạnh,124000.0,124000.0,76,0.0,,0.0,1,0.0,0,0,1,0,0.0,0,Thaibifood,niche_professional,1,0,1,0,domestic,0,0,0,9,unknown,1,False,,450.0,6.1092475827643655,,27555.555555555555,10.2239594478109,,27555.555555555555,10.2239594478109
Mực viên Hoa Doanh gói 200g,Gói,Cá - Bò Viên,Thực Phẩm Đông Lạnh,37000.0,37000.0,48,0.0,,0.0,1,0.0,0,0,1,0,0.0,0,Hoa Doanh,local_value,0,0,1,0,domestic,0,0,0,6,count,1,False,,200.0,5.298317366548036,,18500.0,9.825526011066415,,18500.0,9.825526011066415
Mực viên Kitkool 200g,Gói,Cá - Bò Viên,Thực Phẩm Đông Lạnh,38046.26865671642,39000.0,67,0.1343283582089552,0.182051282051282,0.0641168475044662,2,0.2225705329153604,1,0,1,4,3.0,0,Kitkool,local_value,0,0,1,0,domestic,0,0,0,4,count,1,False,,200.0,5.298317366548036,,19023.13432835821,9.85341111370883,,19500.0,9.878169744551839
Mực ống size 10-12 Hải Nam 500g,Gói,Hải Sản Đông Lạnh,Thực Phẩm Đông Lạnh,179900.0,179900.0,84,0.0,,0.0,1,0.0,0,0,1,0,0.0,0,Hải Nam,local_value,0,0,1,0,domestic,0,0,0,7,count,1,False,,500.0,6.214608098422191,,35980.0,10.490718507504525,,35980.0,10.490718507504525
Mỳ spaghetti bò bằm phô mai LC Food 270g,Hộp,Thịt Đông Lạnh,Thực Phẩm Đông Lạnh,36600.0,36600.0,72,0.0,,0.0,1,0.0,0,0,1,0,0.0,0,Lc Food,local_value,0,0,1,0,domestic,0,0,0,9,count,1,False,,270.0,5.598421958998375,,13555.555555555555,9.514551746379174,,13555.555555555555,9.514551746379174
Mỳ Ý sốt bò bằm SG Food 250g,Gói,Thực Phẩm Đông Lạnh Khác,Thực Phẩm Đông Lạnh,32400.0,32400.0,67,0.0,,0.0,1,0.0,0,0,1,0,0.0,0,SG Food,local_value,0,0,1,0,domestic,0,0,0,8,count,1,False,,250.0,5.521460917862246,,12960.0,9.469622969906265,,12960.0,9.469622969906265
Nem chua Hà Nội Foods vỉ 200g,VỈ,Thực Phẩm Đông Lạnh Khác,Thực Phẩm Đông Lạnh,39900.0,39900.0,4,0.0,,0.0,1,0.0,0,0,1,0,0.0,0,,,0,0,0,0,domestic,0,0,0,7,bundle,1,False,,200.0,5.298317366548036,,19950.0,9.90098442231801,,19950.0,9.90098442231801
Nem chua Vissan cây 200g,Cái,Thực Phẩm Đông Lạnh Khác,Thực Phẩm Đông Lạnh,40594.366197183095,41700.0,71,0.352112676056338,0.0752997601918465,0.037214841853478,3,0.0831168831168831,1,0,1,15,12.5,0,Vissan,household_giant,0,1,1,0,domestic,0,0,0,5,count,1,False,,200.0,5.298317366548036,,20297.183098591548,9.918237391785137,,20850.0,9.945109227226947
Nem chua cây Hà Nội Food 200g,Cái,Thực Phẩm Đông Lạnh Khác,Thực Phẩm Đông Lạnh,35200.0,35200.0,13,0.0,,0.0,1,0.0,0,0,1,0,0.0,0,,,0,0,0,0,domestic,0,0,0,7,count,1,False,,200.0,5.298317366548036,,17600.0,9.775654181026242,,17600.0,9.775654181026242
Nem chua rán Đôi Đũa Vàng gói 240g,Hộp,Thực Phẩm Đông Lạnh Khác,Thực Phẩm Đông Lạnh,75700.0,75700.0,81,0.0,,0.0,1,0.0,0,0,1,0,0.0,0,Đôi Đũa Vàng,niche_professional,1,0,1,0,domestic,0,0,0,8,count,1,False,,240.0,5.480638923341991,,31541.666666666668,10.35906470207164,,31541.666666666668,10.35906470207164
Nem chua Ước Lễ Thủy Hùng cây 200g,Cái,Thực Phẩm Đông Lạnh Khác,Thực Phẩm Đông Lạnh,49100.0,49100.0,45,0.0,,0.0,1,0.0,0,0,1,0,0.0,0,,,0,0,0,0,domestic,0,0,0,8,count,1,False,,200.0,5.298317366548036,,24550.0,10.108467133222666,,24550.0,10.108467133222666
Nem chua Ước Lễ Thủy Hùng gói 200g,Gói,Thực Phẩm Đông Lạnh Khác,Thực Phẩm Đông Lạnh,54200.0,54200.0,48,0.0,,0.0,1,0.0,0,0,1,0,0.0,0,,,0,0,0,0,domestic,0,0,0,8,count,1,False,,200.0,5.298317366548036,,27100.0,10.207289006867793,,27100.0,10.207289006867793
Nem tôm cua Đôi Đũa Vàng gói 480g,Gói,Thực Phẩm Đông Lạnh Khác,Thực Phẩm Đông Lạnh,80500.0,80500.0,82,0.0,,0.0,1,0.0,0,0,1,0,0.0,0,Đôi Đũa Vàng,niche_professional,1,0,1,0,domestic,0,0,0,8,count,1,False,,480.0,6.173786103901937,,16770.833333333336,9.727396545492809,,16770.833333333336,9.727396545492809
Nugget mực vòng chiên giòn KitKool 300g,Gói,Chả Giò,Thực Phẩm Đông Lạnh,56000.0,56000.0,72,0.0,,0.0,1,0.0,0,0,1,0,0.0,0,Kitkool,local_value,0,0,1,0,domestic,0,0,0,7,count,1,False,,300.0,5.703782474656201,,18666.666666666668,9.834494681049177,,18666.666666666668,9.834494681049177
Nước lẩu nấm Icook Ashima gói 1L,Gói,Thực Phẩm Đông Lạnh Khác,Thực Phẩm Đông Lạnh,116118.6046511628,126000.0,86,0.3837209302325581,0.2043771043771043,0.1085316538261926,3,0.2663316582914572,1,0,1,19,16.5,0,,,0,0,0,0,domestic,0,0,0,7,count,1,False,1000.0,,6.907755278982137,11611.860465116279,,9.359782308633834,12600.0,,9.441452092939569
Phô mai que WinMart Good 300g,Khay,Thực Phẩm Đông Lạnh Khác,Thực Phẩm Đông Lạnh,104100.0,104100.0,74,0.0,,0.0,1,0.0,0,0,1,0,0.0,0,,,0,0,0,0,domestic,0,0,0,6,unknown,1,False,,300.0,5.703782474656201,,34700.0,10.45449496593495,,34700.0,10.45449496593495
Phô mai que hương sữa Tân Việt Sin,Gói,Thực Phẩm Đông Lạnh Khác,Thực Phẩm Đông Lạnh,107000.0,107000.0,43,0.0,,0.0,1,0.0,0,0,1,0,0.0,0,Tân Việt Sin,local_value,0,0,1,0,domestic,0,0,0,8,count,1,False,,,,,,,,,
Phô mai que Đôi Đũa Vàng khay 300g,Khay,Thực Phẩm Đông Lạnh Khác,Thực Phẩm Đông Lạnh,106200.0,106200.0,82,0.0,,0.0,1,0.0,0,0,1,0,0.0,0,Đôi Đũa Vàng,niche_professional,1,0,1,0,domestic,0,0,0,8,unknown,1,False,,300.0,5.703782474656201,,35400.0,10.474467099121865,,35400.0,10.474467099121865
Pizza Manna thập cẩm thịt 200g,Hộp,Thực Phẩm Đông Lạnh Khác,Thực Phẩm Đông Lạnh,64800.0,64800.0,63,0.0,,0.0,1,0.0,0,0,1,0,0.0,0,,,0,0,0,0,domestic,0,0,0,6,count,1,False,,200.0,5.298317366548036,,32400.0,10.38591370178042,,32400.0,10.38591370178042
Pizza phô mai Manna hộp 200g,Hộp,Thực Phẩm Đông Lạnh Khác,Thực Phẩm Đông Lạnh,70800.0,70800.0,7,0.0,,0.0,1,0.0,0,0,1,0,0.0,0,,,0,0,0,0,domestic,0,0,0,6,count,1,False,,200.0,5.298317366548036,,35400.0,10.474467099121865,,35400.0,10.474467099121865
Pizza xúc xích phô mai Kitkool 140g,Hộp,Thực Phẩm Đông Lạnh Khác,Thực Phẩm Đông Lạnh,39000.0,39000.0,16,0.0,,0.0,1,0.0,0,0,1,0,0.0,0,Kitkool,local_value,0,0,1,0,domestic,0,0,0,7,count,1,False,,140.0,4.941642422609304,,27857.14285714286,10.23484468849057,,27857.14285714286,10.23484468849057
Pizza Đôi Đũa Vàng nhân hải sản hộp 350g,Hộp,Thực Phẩm Đông Lạnh Khác,Thực Phẩm Đông Lạnh,102300.0,110700.0,85,0.3529411764705882,0.2149954832881662,0.1190806829547688,3,0.2782294489611563,1,0,1,15,15.0,0,Đôi Đũa Vàng,niche_professional,1,0,1,0,domestic,0,0,0,9,count,1,False,,350.0,5.857933154483459,,29228.571428571428,10.28290198344435,,31628.571428571428,10.36181615020136
Pizza Đôi Đũa Vàng nhân thịt hộp 350g,Hộp,Thực Phẩm Đông Lạnh Khác,Thực Phẩm Đông Lạnh,102300.0,102300.0,82,0.0,,0.0,1,0.0,0,0,1,0,0.0,0,Đôi Đũa Vàng,niche_professional,1,0,1,0,domestic,0,0,0,8,count,1,False,,350.0,5.857933154483459,,29228.571428571428,10.28290198344435,,29228.571428571428,10.28290198344435
Que Surimi Kani Supreme hương cua gói 250g,Gói,Hải Sản Đông Lạnh,Thực Phẩm Đông Lạnh,92226.74418604652,95000.0,86,0.1744186046511628,0.1673684210526315,0.0658046164913466,2,0.2010113780025284,1,0,1,15,15.0,0,Kani Supreme,local_value,0,0,1,0,domestic,0,0,0,8,count,1,False,,250.0,5.521460917862246,,36890.69767441861,10.515714702702985,,38000.0,10.545341438708522
Que surimi Kani Fresh hương cua gói 250g,Gói,Hải Sản Đông Lạnh,Thực Phẩm Đông Lạnh,89000.0,89000.0,82,0.0,,0.0,1,0.0,0,0,1,0,0.0,0,Kani Fresh,local_value,0,0,1,0,domestic,0,0,0,8,count,1,False,,250.0,5.521460917862246,,35600.0,10.480100916840122,,35600.0,10.480100916840122
Rau sắc màu đậu Hà Lan Đôi Đũa Vàng 400g,Gói,Thực Phẩm Đông Lạnh Khác,Thực Phẩm Đông Lạnh,54700.0,54700.0,82,0.0,,0.0,1,0.0,0,0,1,0,0.0,0,Đôi Đũa Vàng,niche_professional,1,0,1,0,domestic,0,0,0,10,count,1,False,,400.0,5.991464547107982,,13675.0,9.523324627290181,,13675.0,9.523324627290181
Thanh cua surimi Mayumi gói 500g,Gói,Hải Sản Đông Lạnh,Thực Phẩm Đông Lạnh,121806.17283950618,128200.0,81,0.345679012345679,0.1442779139737018,0.072889735354685,3,0.17722681359045,1,0,1,19,14.0,0,,,0,0,0,0,domestic,0,0,0,6,count,1,False,,500.0,6.214608098422191,,24361.234567901236,10.100748400666948,,25640.0,10.151908911034607
Thịt bò Bít tết Fuji gói 200g,Gói,Thịt Đông Lạnh,Thực Phẩm Đông Lạnh,192334.61538461535,208000.0,26,0.7307692307692307,0.1030617408906882,0.0717214576837392,4,0.2235294117647059,1,0,1,19,19.0,0,,,0,0,0,0,domestic,0,0,0,7,count,1,False,,200.0,5.298317366548036,,96167.30769230767,11.473844742017862,,104000.0,11.55214617812351
Thịt bò Fuji nướng xiên 200g,Gói,Thịt Đông Lạnh,Thực Phẩm Đông Lạnh,219800.0,219800.0,19,0.0,,0.0,1,0.0,0,0,1,0,0.0,0,,,0,0,0,0,domestic,0,0,0,6,count,1,False,,200.0,5.298317366548036,,109900.0,11.607326140391713,,109900.0,11.607326140391713
Thịt bò nướng mỏng Fuji 200g,Gói,Thịt Đông Lạnh,Thực Phẩm Đông Lạnh,219800.0,219800.0,43,0.0,,0.0,1,0.0,0,0,1,0,0.0,0,,,0,0,0,0,domestic,0,0,0,6,count,1,False,,200.0,5.298317366548036,,109900.0,11.607326140391713,,109900.0,11.607326140391713
Thịt bò viên khay Hoa Doanh 300g,Cái,Cá - Bò Viên,Thực Phẩm Đông Lạnh,47869.565217391304,52000.0,46,0.4130434782608695,0.1923076923076923,0.1039953753785093,2,0.2380952380952381,1,0,1,19,19.0,0,Hoa Doanh,local_value,0,0,1,0,domestic,0,0,0,7,count,1,False,,300.0,5.703782474656201,,15956.521739130434,9.677622911107557,,17333.333333333332,9.760386708895455
Thịt cua đồng xay tinh chế Vinacua gói 250g,Gói,Hải Sản Đông Lạnh,Thực Phẩm Đông Lạnh,77700.0,77700.0,54,0.0,,0.0,1,0.0,0,0,1,0,0.0,0,,,0,0,0,0,domestic,0,0,0,9,count,1,False,,250.0,5.521460917862246,,31080.0,10.344319804481584,,31080.0,10.344319804481584
Thịt càng ghẹ đông lạnh Liên Việt Xanh khay 200g,Khay,Hải Sản Đông Lạnh,Thực Phẩm Đông Lạnh,102000.0,102000.0,21,0.0,,0.0,1,0.0,0,0,1,0,0.0,0,,,0,0,0,0,domestic,0,0,0,10,unknown,1,False,,200.0,5.298317366548036,,51000.0,10.839580911706463,,51000.0,10.839580911706463
Thịt hến làm sạch,1KG,Hải Sản Đông Lạnh,Thực Phẩm Đông Lạnh,164900.0,164900.0,47,0.0,,0.0,1,0.0,0,0,1,0,0.0,0,,,0,0,0,0,domestic,0,0,1,4,weight,1,False,,,,,,,,,
Thịt nghêu Lenger 200g,Gói,Hải Sản Đông Lạnh,Thực Phẩm Đông Lạnh,68938.27160493827,70234.56790123456,81,0.0864197530864197,0.2054794520547945,0.0942131762155841,3,0.2586206896551724,1,0,2,7,7.0,1,Lenger,local_value,0,0,1,0,domestic,0,0,0,4,count,1,False,,200.0,5.298317366548036,,34469.135802469136,10.447819588191962,,35117.28395061728,10.4664487085004
Thịt ốc làm sạch,1KG,Hải Sản Đông Lạnh,Thực Phẩm Đông Lạnh,85000.0,85000.0,25,0.0,,0.0,1,0.0,0,0,1,0,0.0,0,,,0,0,0,0,domestic,0,0,1,4,weight,1,False,,,,,,,,,
Tôm sú tươi Minh Tiến size 41/50 450g,Khay,Hải Sản Đông Lạnh,Thực Phẩm Đông Lạnh,159000.0,159000.0,70,0.0,,0.0,1,0.0,0,0,1,0,0.0,0,Minh Tiến,local_value,0,0,1,0,domestic,0,0,1,8,unknown,1,False,,450.0,6.1092475827643655,,35333.333333333336,10.472582084426094,,35333.333333333336,10.472582084426094
Tôm sú tươi Minh Tiến size 61/70 450g,Khay,Hải Sản Đông Lạnh,Thực Phẩm Đông Lạnh,137300.0,137300.0,64,0.0,,0.0,1,0.0,0,0,1,0,0.0,0,Minh Tiến,local_value,0,0,1,0,domestic,0,0,1,8,unknown,1,False,,450.0,6.1092475827643655,,30511.11111111111,10.325846194979789,,30511.11111111111,10.325846194979789
Tôm thịt 31/40 Đôi Đũa Vàngkhay 252g,Khay,Hải Sản Đông Lạnh,Thực Phẩm Đông Lạnh,167000.0,167000.0,87,0.0,,0.0,1,0.0,0,0,1,0,0.0,0,Đôi Đũa Vàng,niche_professional,1,0,1,0,domestic,0,0,0,7,unknown,1,False,,252.0,5.529429087511423,,66269.84126984127,11.10149018987556,,66269.84126984127,11.10149018987556
Tôm thịt 51/70 Đôi Đũa Vàng khay 252g,Khay,Hải Sản Đông Lạnh,Thực Phẩm Đông Lạnh,143000.0,143000.0,88,0.0,,0.0,1,0.0,0,0,1,0,0.0,0,Đôi Đũa Vàng,niche_professional,1,0,1,0,domestic,0,0,0,8,unknown,1,False,,252.0,5.529429087511423,,56746.031746031746,10.946341007718713,,56746.031746031746,10.946341007718713
Tôm thịt Home Food 16/20 450g,Khay,Hải Sản Đông Lạnh,Thực Phẩm Đông Lạnh,218261.36363636365,229000.0,88,0.3863636363636363,0.1213716927819162,0.0629137999321664,3,0.1410064773293473,1,0,1,19,11.333333333333334,0,Home Food,niche_professional,1,0,1,0,domestic,0,0,0,6,unknown,1,False,,450.0,6.1092475827643655,,48502.52525252526,10.78937114263251,,50888.88888888889,10.837399885760103
Tôm thịt Home Food sixe 41/50 gói 450g,Khay,Hải Sản Đông Lạnh,Thực Phẩm Đông Lạnh,174441.17647058822,178200.0,85,0.1764705882352941,0.1195286195286195,0.0468248225361039,2,0.1357552581261949,1,0,1,15,15.0,0,Home Food,niche_professional,1,0,1,0,domestic,0,0,0,8,unknown,1,False,,450.0,6.1092475827643655,,38764.70588235294,10.565265469428429,,39600.0,10.586584397242571
Tôm thịt Home Food size 71/90 khay 450g,Khay,Hải Sản Đông Lạnh,Thực Phẩm Đông Lạnh,163600.0,163600.0,86,0.0,,0.0,1,0.0,0,0,1,0,0.0,0,Home Food,niche_professional,1,0,1,0,domestic,0,0,0,8,unknown,1,False,,450.0,6.1092475827643655,,36355.555555555555,10.50110230637451,,36355.555555555555,10.50110230637451
Tôm thịt THABIFOOD size 26/30 khay 450g,Khay,Hải Sản Đông Lạnh,Thực Phẩm Đông Lạnh,174600.0,174600.0,86,0.0,,0.0,1,0.0,0,0,1,0,0.0,0,Thaibifood,niche_professional,1,0,1,0,domestic,0,0,0,7,unknown,1,False,,450.0,6.1092475827643655,,38800.0,10.566175525611365,,38800.0,10.566175525611365
Tôm thịt THABIFOOD size 8/12 khay 450g,Khay,Hải Sản Đông Lạnh,Thực Phẩm Đông Lạnh,235900.0,235900.0,88,0.0,,0.0,1,0.0,0,0,1,0,0.0,0,Thaibifood,niche_professional,1,0,1,0,domestic,0,0,0,7,unknown,1,False,,450.0,6.1092475827643655,,52422.22222222222,10.867085868619492,,52422.22222222222,10.867085868619492
Tôm thịt Thaibifood size 31/40 khay 450g,Khay,Hải Sản Đông Lạnh,Thực Phẩm Đông Lạnh,157300.0,157300.0,86,0.0,,0.0,1,0.0,0,0,1,0,0.0,0,Thaibifood,niche_professional,1,0,1,0,domestic,0,0,0,7,unknown,1,False,,450.0,6.1092475827643655,,34955.555555555555,10.461832692270095,,34955.555555555555,10.461832692270095
Tôm viên Hoa Doanh gói 200g,Gói,Cá - Bò Viên,Thực Phẩm Đông Lạnh,30212.068965517243,32000.0,58,0.293103448275862,0.190625,0.092707385203644,2,0.2355212355212355,1,0,1,14,8.5,0,Hoa Doanh,local_value,0,0,1,0,domestic,0,0,0,6,count,1,False,,200.0,5.298317366548036,,15106.034482758621,9.622849577590145,,16000.0,9.680344001221918
Tôm viên Kikool gói 200g,Gói,Cá - Bò Viên,Thực Phẩm Đông Lạnh,38621.739130434784,40500.0,46,0.1956521739130435,0.237037037037037,0.0996956825353494,2,0.3106796116504855,1,0,1,9,9.0,0,,,0,0,0,0,domestic,0,0,0,5,count,1,False,,200.0,5.298317366548036,,19310.869565217392,9.868423406268697,,20250.0,9.915910072534686
Viên chả tôm Phạm Nghĩa 200g,Gói,Chả Giò,Thực Phẩm Đông Lạnh,61523.80952380953,62000.0,42,0.0952380952380952,0.0806451612903225,0.0241452666443872,2,0.087719298245614,1,0,1,4,4.0,0,Phạm Nghĩa,local_value,0,0,1,0,domestic,0,0,0,6,count,1,False,,200.0,5.298317366548036,,30761.904761904763,10.334032345041315,,31000.0,10.341742483467284
Viên hải sản rau củ Thabifood gói 500g,Gói,Cá - Bò Viên,Thực Phẩm Đông Lạnh,64000.0,64000.0,86,0.0,,0.0,1,0.0,0,0,1,0,0.0,0,Thaibifood,niche_professional,1,0,1,0,domestic,0,0,0,8,count,1,False,,500.0,6.214608098422191,,12800.0,9.457200449907708,,12800.0,9.457200449907708
Viên thả lẩu phô mai trứng muối LCFoods 500g,Gói,Cá - Bò Viên,Thực Phẩm Đông Lạnh,84200.0,84200.0,41,0.0,,0.0,1,0.0,0,0,1,0,0.0,0,,,0,0,0,0,domestic,0,0,0,9,count,1,False,,500.0,6.214608098422191,,16840.0,9.731512287796317,,16840.0,9.731512287796317
Viên thả lẩu răng mực LCFoods 500g,Gói,Cá - Bò Viên,Thực Phẩm Đông Lạnh,84200.0,84200.0,41,0.0,,0.0,1,0.0,0,0,1,0,0.0,0,,,0,0,0,0,domestic,0,0,0,7,count,1,False,,500.0,6.214608098422191,,16840.0,9.731512287796317,,16840.0,9.731512287796317
Xíu mại Thực Phẩm Cầu Tre Gói 500g,Gói,Thực Phẩm Đông Lạnh Khác,Thực Phẩm Đông Lạnh,76170.93023255814,78800.0,86,0.2209302325581395,0.1510152284263959,0.0651948387231812,2,0.1778774289985052,1,0,1,19,19.0,0,Cầu Tre,household_giant,0,1,1,0,domestic,0,0,0,8,count,1,False,,500.0,6.214608098422191,,15234.186046511628,9.631297263442619,,15760.0,9.66523036341187
Ốc viên Hoa Doanh gói 200g,Gói,Cá - Bò Viên,Thực Phẩm Đông Lạnh,38000.0,38000.0,68,0.0,,0.0,1,0.0,0,0,1,0,0.0,0,Hoa Doanh,local_value,0,0,1,0,domestic,0,0,0,6,count,1,False,,200.0,5.298317366548036,,19000.0,9.852194258148577,,19000.0,9.852194258148577
3 MIỀN Gold Mì tôm chua cay ĐB 75g,Thùng,Mì,Mì - Thực Phẩm Ăn Liền,141270.58823529413,150000.0,17,0.4117647058823529,0.1413333333333333,0.0761287458748332,2,0.1645962732919255,1,0,1,7,7.0,0,,,0,0,0,0,domestic,0,0,0,9,unknown,1,True,,75.0,4.31748811353631,,188360.7843137255,12.146114468256899,,200000.0,12.206072645530174
Bánh gạo Topokki cay ngọt Young Poong hộp 140g,Gói,Mì,Mì - Thực Phẩm Ăn Liền,42180.0,44000.0,20,0.35,0.1181818181818181,0.0603289360273561,2,0.134020618556701,1,0,1,7,7.0,0,Young Poong,local_value,0,0,1,0,domestic,0,0,0,9,count,1,False,,140.0,4.941642422609304,,30128.57142857143,10.313229217411553,,31428.57142857143,10.355472676279186
Bánh gạo Topokki vị phô mai Young Poong hộp 120g,Hộp,Mì,Mì - Thực Phẩm Ăn Liền,42152.94117647059,44500.0,17,0.4117647058823529,0.1280898876404494,0.0685980137948394,2,0.1469072164948452,1,0,1,7,7.0,0,Young Poong,local_value,0,0,1,0,domestic,0,0,0,10,count,1,False,,120.0,4.787491742782046,,35127.45098039216,10.46673818300282,,37083.333333333336,10.520922911360376
Bánh gạo Young Poong Topokki vị phô mai 120g,Hộp,Mì,Mì - Thực Phẩm Ăn Liền,40876.470588235294,43100.0,17,0.4117647058823529,0.1252900232018561,0.0670169930044364,2,0.1432360742705569,1,0,1,7,7.0,0,Young Poong,local_value,0,0,1,0,domestic,0,0,0,9,count,1,False,,120.0,4.787491742782046,,34063.72549019608,10.435988328452249,,35916.66666666667,10.488956719297885
Bánh gạo tokpokki tròn O'food vị phô mai ly 105g,Hộp,Mì,Mì - Thực Phẩm Ăn Liền,28118.75,34245.3125,64,0.890625,0.2016732693820661,0.0939743783896781,2,0.3088235294117647,1,0,2,57,57.0,1,,,0,0,0,0,domestic,0,0,0,10,count,1,False,,105.0,4.653960350157523,,26779.761904761905,10.19540172842005,,32614.583333333332,10.392514808840707
Bánh phở khô Bông Lúa Vàng Vifon gói 400g,Gói,Phở - Bún,Mì - Thực Phẩm Ăn Liền,35905.0,38200.0,20,0.45,0.1335078534031413,0.0725005070665257,2,0.1540785498489425,1,0,1,9,9.0,0,Vifon,household_giant,0,1,1,0,domestic,0,0,0,9,count,1,False,,400.0,5.991464547107982,,8976.25,9.102337479424527,,9550.0,9.164296433474776
Bánh tráng Safoco Việt Nam gói 200g,Gói,Mì,Mì - Thực Phẩm Ăn Liền,13653.57142857143,15500.0,28,1.0,0.1191244239631336,0.0037197190701371,2,0.0073529411764705,1,1,1,28,28.0,0,Safoco,local_value,0,0,1,0,domestic,0,0,0,7,count,1,False,,200.0,5.298317366548036,,6826.785714285715,8.828609228949356,,7750.0,8.955448122347393
Bánh tráng Safoco gói 300g,Gói,Mì,Mì - Thực Phẩm Ăn Liền,19853.571428571428,22600.0,28,1.0,0.1215233881163084,0.0025581014580202,2,0.0050505050505049,1,1,1,28,28.0,0,Safoco,local_value,0,0,1,0,domestic,0,0,0,5,count,1,False,,300.0,5.703782474656201,,6617.857142857142,8.797526902098246,,7533.333333333333,8.927092896592267
Bánh tráng Tinh Nguyên 200g,Gói,Mì,Mì - Thực Phẩm Ăn Liền,17500.0,17500.0,15,0.0,,0.0,1,0.0,0,0,1,0,0.0,0,Tinh Nguyên,local_value,0,0,1,0,domestic,0,0,0,5,count,1,False,,200.0,5.298317366548036,,8750.0,9.07680897935166,,8750.0,9.07680897935166
Bánh tráng Việt San gói 280g,Gói,Mì,Mì - Thực Phẩm Ăn Liền,18800.0,20400.0,5,1.0,0.0784313725490196,0.0,1,0.0,1,1,1,5,5.0,0,,,0,0,0,0,domestic,0,0,0,6,count,1,False,,280.0,5.634789603169249,,6714.285714285715,8.811992731636883,,7285.714285714286,8.89367076265115
Bánh tráng siêu mỏng Tinh Nguyên 180g,Gói,Mì,Mì - Thực Phẩm Ăn Liền,19900.0,19900.0,12,0.0,,0.0,1,0.0,0,0,1,0,0.0,0,Tinh Nguyên,local_value,0,0,1,0,domestic,0,0,0,7,count,1,False,,180.0,5.19295685089021,,11055.555555555555,9.310688345810465,,11055.555555555555,9.310688345810465
Bánh đa Việt San gói 300g,Gói,Miến - Hủ Tíu - Bánh Canh,Mì - Thực Phẩm Ăn Liền,12700.0,12700.0,19,0.0,,0.0,1,0.0,0,0,1,0,0.0,0,,,0,0,0,0,domestic,0,0,0,6,count,1,False,,300.0,5.703782474656201,,4233.333333333333,8.350744983778572,,4233.333333333333,8.350744983778572
Bánh đa cua Hoàng Gia gói 120g,Gói,Miến - Hủ Tíu - Bánh Canh,Mì - Thực Phẩm Ăn Liền,21123.07692307692,25200.0,39,0.7692307692307693,0.2103174603174603,0.1070967937723037,2,0.2663316582914572,1,0,1,15,15.0,0,Hoàng Gia,local_value,0,0,1,0,domestic,0,0,0,7,count,1,False,,120.0,4.787491742782046,,17602.564102564098,9.775799858060516,,21000.0,9.95227771670556
Bánh đa cua Vifon bát 125g,Gói,Miến - Hủ Tíu - Bánh Canh,Mì - Thực Phẩm Ăn Liền,29400.0,29400.0,22,0.0,,0.0,1,0.0,0,0,1,0,0.0,0,Vifon,household_giant,0,1,1,0,domestic,0,0,0,6,count,1,False,,125.0,4.8283137373023015,,23520.0,10.065606402012563,,23520.0,10.065606402012563
Bánh đa cua ăn liền Vifon gói 60g,Gói,Miến - Hủ Tíu - Bánh Canh,Mì - Thực Phẩm Ăn Liền,8500.0,8500.0,3,0.0,,0.0,1,0.0,0,0,1,0,0.0,0,Vifon,household_giant,0,1,1,0,domestic,0,0,0,8,count,1,False,,60.0,4.0943445622221,,14166.666666666668,9.558647066244399,,14166.666666666668,9.558647066244399
Bánh đa khô Vifon 300g,Gói,Miến - Hủ Tíu - Bánh Canh,Mì - Thực Phẩm Ăn Liền,30400.0,30400.0,12,0.0,,0.0,1,0.0,0,0,1,0,0.0,0,Vifon,household_giant,0,1,1,0,domestic,0,0,0,5,count,1,False,,300.0,5.703782474656201,,10133.333333333334,9.223585598726203,,10133.333333333334,9.223585598726203
Bánh đa nem 200g dày Thiên Nhiên Xanh,Gói,Miến - Hủ Tíu - Bánh Canh,Mì - Thực Phẩm Ăn Liền,28121.739130434784,29900.0,23,1.0,0.0594736076777664,0.0055666434988911,3,0.0142857142857142,1,1,1,23,23.0,0,Thiên Nhiên Xanh,local_value,0,0,1,0,domestic,0,0,0,8,count,1,False,,200.0,5.298317366548036,,14060.869565217392,9.551151010195994,,14950.0,9.612466578818832
Bánh đa nem Thiên Nhiên Xanh gói 75g (gói 40 chiếc),Gói,Miến - Hủ Tíu - Bánh Canh,Mì - Thực Phẩm Ăn Liền,16500.0,16500.0,15,0.0,,0.0,1,0.0,0,0,1,0,0.0,0,Thiên Nhiên Xanh,local_value,0,0,1,0,domestic,0,0,0,11,count,1,False,,75.0,4.31748811353631,,22000.0,9.998797732340453,,22000.0,9.998797732340453
Bún bò Huế Hằng Nga gói 73g,Gói,Phở - Bún,Mì - Thực Phẩm Ăn Liền,9191.304347826086,9300.0,23,0.217391304347826,0.053763440860215,0.0229424003317004,2,0.0568181818181818,1,0,1,5,5.0,0,,,0,0,0,0,domestic,0,0,0,7,count,1,False,,73.0,4.290459441148391,,12590.827873734364,9.440723881328825,,12739.72602739726,9.452480423981047
Bún bò Huế Vifon Hoàng Gia gói 120g,Gói,Phở - Bún,Mì - Thực Phẩm Ăn Liền,19000.0,25200.0,31,1.0,0.246031746031746,0.0,1,0.0,1,1,1,31,31.0,0,Vifon,household_giant,0,1,1,0,domestic,0,0,0,8,count,1,False,,120.0,4.787491742782046,,15833.333333333334,9.669872701354622,,21000.0,9.95227771670556
Bún bò Huế Vifon gói 65g,Gói,Phở - Bún,Mì - Thực Phẩm Ăn Liền,8685.714285714286,9200.0,21,0.4285714285714285,0.1304347826086956,0.0700588395367059,2,0.1499999999999999,1,0,1,9,9.0,0,Vifon,household_giant,0,1,1,0,domestic,0,0,0,6,count,1,False,,65.0,4.174387269895637,,13362.637362637362,9.5002178349914,,14153.846153846154,9.557741679129586
Bún khô Hùng Lô Thiên Nhiên Xanh 500g,Gói,Phở - Bún,Mì - Thực Phẩm Ăn Liền,36200.0,36200.0,15,0.0,,0.0,1,0.0,0,0,1,0,0.0,0,Thiên Nhiên Xanh,local_value,0,0,1,0,domestic,0,0,0,8,count,1,False,,500.0,6.214608098422191,,7240.0,8.887376485379763,,7240.0,8.887376485379763
Bún khô Safoco gói 400g,Gói,Phở - Bún,Mì - Thực Phẩm Ăn Liền,26300.0,30000.0,29,1.0,0.1233333333333333,0.0,1,0.0,1,1,1,29,29.0,0,Safoco,local_value,0,0,1,0,domestic,0,0,0,5,count,1,False,,400.0,5.991464547107982,,6575.0,8.791029857045965,,7500.0,8.922658299524402
Bún khô Thu Dung làm từ gạo lứt 500g,Gói,Phở - Bún,Mì - Thực Phẩm Ăn Liền,36400.0,36400.0,18,0.0,,0.0,1,0.0,0,0,1,0,0.0,0,,,0,0,0,0,domestic,0,0,0,9,count,1,False,,500.0,6.214608098422191,,7280.0,8.892886141190731,,7280.0,8.892886141190731
Bún riêu cua ăn liền Vifon thùng 30 gói x 80g,Thùng,Phở - Bún,Mì - Thực Phẩm Ăn Liền,322900.0,322900.0,21,0.0,,0.0,1,0.0,0,0,1,0,0.0,0,Vifon,household_giant,0,1,1,0,domestic,0,0,0,11,unknown,30,False,,80.0,4.382026634673881,,13454.166666666666,9.507044126398421,,13454.166666666666,9.507044126398421
Bún tươi Safoco gói 300g,Gói,Phở - Bún,Mì - Thực Phẩm Ăn Liền,19051.724137931036,21800.0,29,1.0,0.1260677000949066,0.002669299765385,2,0.0052631578947368,1,1,1,29,29.0,0,Safoco,local_value,0,0,1,0,domestic,0,0,1,5,count,1,False,,300.0,5.703782474656201,,6350.574712643679,8.75630059371946,,7266.666666666667,8.891052960109072
Cháo SGFood bổ dưỡng bồ câu yến mạch hạt sen 240g,Gói,Cháo,Mì - Thực Phẩm Ăn Liền,33200.0,33200.0,17,0.0,,0.0,1,0.0,0,0,1,0,0.0,0,SG Food,local_value,0,0,1,0,domestic,0,0,0,11,count,1,False,,240.0,5.480638923341991,,13833.333333333334,9.53483641755068,,13833.333333333334,9.53483641755068
Cháo SGFood bổ dưỡng tổ yến cá hồi 240g,Gói,Cháo,Mì - Thực Phẩm Ăn Liền,33200.0,33200.0,15,0.0,,0.0,1,0.0,0,0,1,0,0.0,0,SG Food,local_value,0,0,1,0,domestic,0,0,0,9,count,1,False,,240.0,5.480638923341991,,13833.333333333334,9.53483641755068,,13833.333333333334,9.53483641755068
Cháo SGFood bổ dưỡng tổ yến hạt sen lá dứa 240g,Gói,Cháo,Mì - Thực Phẩm Ăn Liền,33200.0,33200.0,15,0.0,,0.0,1,0.0,0,0,1,0,0.0,0,SG Food,local_value,0,0,1,0,domestic,0,0,0,11,count,1,False,,240.0,5.480638923341991,,13833.333333333334,9.53483641755068,,13833.333333333334,9.53483641755068
Cháo bổ dưỡng gà ác nhân sâm SG Food gói 240g,Gói,Cháo,Mì - Thực Phẩm Ăn Liền,33200.0,33200.0,15,0.0,,0.0,1,0.0,0,0,1,0,0.0,0,SG Food,local_value,0,0,1,0,domestic,0,0,0,11,count,1,False,,240.0,5.480638923341991,,13833.333333333334,9.53483641755068,,13833.333333333334,9.53483641755068
Cháo gà Vifon gói 50g,Gói,Cháo,Mì - Thực Phẩm Ăn Liền,3300.0,3800.0,27,1.0,0.131578947368421,0.0,1,0.0,1,1,1,27,27.0,0,Vifon,household_giant,0,1,1,0,domestic,0,0,0,5,count,1,False,,50.0,3.912023005428146,,6600.0,8.794824928014517,,7600.0,8.935903526274423
Cháo nấm đông cô ăn liền Vifon gói 70g,Gói,Cháo,Mì - Thực Phẩm Ăn Liền,10000.0,10000.0,19,0.0,,0.0,1,0.0,0,0,1,0,0.0,0,Vifon,household_giant,0,1,1,0,domestic,0,0,0,9,count,1,False,,70.0,4.248495242049359,,14285.714285714286,9.567015315914915,,14285.714285714286,9.567015315914915
Cháo thịt bò Vifon gói 70g,Gói,Cháo,Mì - Thực Phẩm Ăn Liền,10000.0,10000.0,16,0.0,,0.0,1,0.0,0,0,1,0,0.0,0,Vifon,household_giant,0,1,1,0,domestic,0,0,0,6,count,1,False,,70.0,4.248495242049359,,14285.714285714286,9.567015315914915,,14285.714285714286,9.567015315914915
Cháo thịt bằm Vifon gói 50g,Gói,Cháo,Mì - Thực Phẩm Ăn Liền,3300.0,3800.0,27,1.0,0.131578947368421,0.0,1,0.0,1,1,1,27,27.0,0,Vifon,household_giant,0,1,1,0,domestic,0,0,0,6,count,1,False,,50.0,3.912023005428146,,6600.0,8.794824928014517,,7600.0,8.935903526274423
Cháo thịt bằm Vifon gói 70g,Gói,Cháo,Mì - Thực Phẩm Ăn Liền,8392.307692307691,10000.0,26,0.8461538461538461,0.1899999999999999,0.0833022746540519,2,0.2345679012345678,1,0,1,15,11.0,0,Vifon,household_giant,0,1,1,0,domestic,0,0,0,6,count,1,False,,70.0,4.248495242049359,,11989.010989010989,9.391745758298358,,14285.714285714286,9.567015315914915
Cháo thịt gà Vifon gói 70g,Gói,Cháo,Mì - Thực Phẩm Ăn Liền,8392.307692307691,10000.0,26,0.8461538461538461,0.1899999999999999,0.0833022746540519,2,0.2345679012345678,1,0,1,15,11.0,0,Vifon,household_giant,0,1,1,0,domestic,0,0,0,6,count,1,False,,70.0,4.248495242049359,,11989.010989010989,9.391745758298358,,14285.714285714286,9.567015315914915
Cháo tươi SG Food baby gà cà rốt gói 240g,Gói,Cháo,Mì - Thực Phẩm Ăn Liền,25400.0,25400.0,15,0.0,,0.0,1,0.0,0,0,1,0,0.0,0,SG Food,local_value,0,0,1,0,domestic,0,0,1,10,count,1,False,,240.0,5.480638923341991,,10583.333333333334,9.267035715652728,,10583.333333333334,9.267035715652728
Cháo tươi Saigonfood thịt thăm và bí đỏ 270g/240g,Gói,Cháo,Mì - Thực Phẩm Ăn Liền,22425.0,24000.0,20,0.35,0.1875,0.0981994284139651,2,0.2307692307692308,1,0,1,7,7.0,0,,,0,0,0,0,domestic,0,0,1,9,count,1,False,,240.0,5.480638923341991,,9343.75,9.142462949573098,,10000.0,9.210340371976184
Cháo tươi baby bò đậu Hà Lan cà rốt SG Food gói 240g,Gói,Cháo,Mì - Thực Phẩm Ăn Liền,25000.0,25000.0,10,0.0,,0.0,1,0.0,0,0,1,0,0.0,0,SG Food,local_value,0,0,1,0,domestic,0,0,1,13,count,1,False,,240.0,5.480638923341991,,10416.666666666668,9.251162366496438,,10416.666666666668,9.251162366496438
Cháo tươi cá hồi và cải bó xôi SG Food gói 240g,Gói,Cháo,Mì - Thực Phẩm Ăn Liền,25000.0,25000.0,15,0.0,,0.0,1,0.0,0,0,1,0,0.0,0,SG Food,local_value,0,0,1,0,domestic,0,0,1,12,count,1,False,,240.0,5.480638923341991,,10416.666666666668,9.251162366496438,,10416.666666666668,9.251162366496438
Cháo tươi thịt bằm và bí đỏ SG Food gói 240g,Gói,Cháo,Mì - Thực Phẩm Ăn Liền,25400.0,25400.0,15,0.0,,0.0,1,0.0,0,0,1,0,0.0,0,SG Food,local_value,0,0,1,0,domestic,0,0,1,11,count,1,False,,240.0,5.480638923341991,,10583.333333333334,9.267035715652728,,10583.333333333334,9.267035715652728
Cháo tổ yến rong biển thịt bằm LC Foods 50g,Gói,Cháo,Mì - Thực Phẩm Ăn Liền,7500.0,10300.0,54,1.0,0.2718446601941747,0.0,1,0.0,1,1,1,54,54.0,0,Lc Food,local_value,0,0,1,0,domestic,0,0,0,10,count,1,False,,50.0,3.912023005428146,,15000.0,9.615805480084347,,20600.0,9.933046354777673
Cháo yến Yến Việt thịt bằm nest IQ 50g,Gói,Cháo,Mì - Thực Phẩm Ăn Liền,9100.0,10500.0,27,1.0,0.1333333333333333,0.0,1,0.0,1,1,1,27,27.0,0,Yến Việt,local_value,0,0,1,0,domestic,0,0,0,9,count,1,False,,50.0,3.912023005428146,,18200.0,9.809176873064887,,21000.0,9.95227771670556
Cháo yến chay rau nấm Yến Việt gói 50g,Gói,Cháo,Mì - Thực Phẩm Ăn Liền,9200.0,10500.0,28,1.0,0.1238095238095238,0.0,1,0.0,1,1,1,28,28.0,0,Yến Việt,local_value,0,0,1,0,domestic,0,0,0,9,count,1,False,,50.0,3.912023005428146,,18400.0,9.820105943597078,,21000.0,9.95227771670556
Cháo yến thịt bằm Yến Việt gói 50g,Gói,Cháo,Mì - Thực Phẩm Ăn Liền,9200.0,10500.0,28,1.0,0.1238095238095238,0.0,1,0.0,1,1,1,28,28.0,0,Yến Việt,local_value,0,0,1,0,domestic,0,0,0,8,count,1,False,,50.0,3.912023005428146,,18400.0,9.820105943597078,,21000.0,9.95227771670556
Cháo yến vị gà Yến Việt gói 50g,Gói,Cháo,Mì - Thực Phẩm Ăn Liền,9200.0,10500.0,22,1.0,0.1238095238095238,0.0,1,0.0,1,1,1,22,22.0,0,Yến Việt,local_value,0,0,1,0,domestic,0,0,0,8,count,1,False,,50.0,3.912023005428146,,18400.0,9.820105943597078,,21000.0,9.95227771670556
Cháo yến đậu xanh gà hầm hạt sen Yến Việt ly 50g,Ly,Cháo,Mì - Thực Phẩm Ăn Liền,14700.0,16800.0,27,1.0,0.125,0.0,1,0.0,1,1,1,27,27.0,0,Yến Việt,local_value,0,0,1,0,domestic,0,0,0,12,unknown,1,False,,50.0,3.912023005428146,,29400.0,10.288749953326773,,33600.0,10.422281345951296
Hoàng Gia Miến Cua Vifon gói 105g,Gói,Miến - Hủ Tíu - Bánh Canh,Mì - Thực Phẩm Ăn Liền,22850.0,25200.0,18,0.4444444444444444,0.2098214285714285,0.1183215218687674,3,0.2663316582914572,1,0,1,7,4.0,0,Vifon,household_giant,0,1,1,0,domestic,0,0,0,7,count,1,False,,105.0,4.653960350157523,,21761.90476190476,9.98791623215292,,24000.0,10.085809109330082
Hảo Hảo Mì lẩu kim chi Hàn Quốc 75g,Thùng,Mì,Mì - Thực Phẩm Ăn Liền,128000.0,128000.0,16,0.0,,0.0,1,0.0,0,0,1,0,0.0,0,Hảo Hảo,household_giant,0,1,1,0,domestic,0,0,0,9,unknown,1,True,,75.0,4.31748811353631,,170666.66666666666,12.047467615353534,,170666.66666666666,12.047467615353534
Hủ tiếu Nam Vang Hoàng Gia Vifon thùng 18 gói x 120g,Thùng,Miến - Hủ Tíu - Bánh Canh,Mì - Thực Phẩm Ăn Liền,460000.0,460000.0,39,0.0,,0.0,1,0.0,0,0,1,0,0.0,0,Vifon,household_giant,0,1,1,0,domestic,0,0,0,12,unknown,18,False,,120.0,4.787491742782046,,21296.296296296296,9.966288453775158,,21296.296296296296,9.966288453775158
Jumbo Koreno Mì nấm 1kg,Gói,Mì,Mì - Thực Phẩm Ăn Liền,81400.0,90000.0,27,1.0,0.0955555555555555,0.0,1,0.0,1,1,1,27,27.0,0,Koreno,local_value,0,0,1,0,domestic,0,0,0,5,count,1,False,,1000.0,6.907755278982137,,8140.0,9.004545458996587,,9000.0,9.104979856318357
Lốc 5 gói Mì Nongshim Ramyun 120g,"Lốc, Lô, Lố",Mì,Mì - Thực Phẩm Ăn Liền,132100.0,132100.0,16,0.0,,0.0,1,0.0,0,0,1,0,0.0,0,Nongshim,prestige_leader,1,1,1,0,domestic,0,0,0,7,unknown,5,False,,120.0,4.787491742782046,,22016.666666666668,9.999555021282362,,22016.666666666668,9.999555021282362
MEIZAN Mì Chay Cao Cấp Meizan 250g,Gói,Mì,Mì - Thực Phẩm Ăn Liền,13300.0,16300.0,29,1.0,0.1840490797546012,0.0,1,0.0,1,1,1,29,29.0,0,Meizan,household_giant,0,1,1,0,domestic,0,0,0,7,count,1,False,,250.0,5.521460917862246,,5320.0,8.57922858233569,,6520.0,8.782629654920699
"MEIZAN Nui cao cấp-chữ ""C"" 200g",Gói,Mì,Mì - Thực Phẩm Ăn Liền,13400.0,13400.0,4,0.0,,0.0,1,0.0,0,0,1,0,0.0,0,Meizan,household_giant,0,1,1,0,domestic,0,0,0,6,count,1,False,,200.0,5.298317366548036,,6700.0,8.809862805379057,,6700.0,8.809862805379057
Miến Măng Vịt Vifon gói 105g,Gói,Miến - Hủ Tíu - Bánh Canh,Mì - Thực Phẩm Ăn Liền,9694.736842105263,10500.0,19,0.4736842105263157,0.1619047619047619,0.0899541280465539,2,0.1931818181818181,1,0,1,9,9.0,0,Vifon,household_giant,0,1,1,0,domestic,0,0,0,6,count,1,False,,105.0,4.653960350157523,,9233.082706766918,9.13054825946747,,10000.0,9.210340371976184
Miến Phú Hương Hương vị Gà gói 53g,Gói,Miến - Hủ Tíu - Bánh Canh,Mì - Thực Phẩm Ăn Liền,11450.0,11500.0,12,0.0833333333333333,0.0521739130434782,0.0151270812888111,2,0.0521739130434782,1,0,1,1,1.0,0,,,0,0,0,0,domestic,0,0,0,8,count,1,False,,53.0,3.970291913552122,,21603.77358490566,9.980623281418355,,21698.11320754717,9.98498058678731
Miến Phú Hương Yến tiệc Vina Acecook gói 210g,Gói,Miến - Hủ Tíu - Bánh Canh,Mì - Thực Phẩm Ăn Liền,36300.0,36300.0,23,0.0,,0.0,1,0.0,0,0,1,0,0.0,0,Acecook,household_giant,0,1,1,0,domestic,0,0,0,9,count,1,False,,210.0,5.3471075307174685,,17285.714285714286,9.757635675523565,,17285.714285714286,9.757635675523565
Miến Sườn Heo Vifon Miến Sườn Heo 50g gói 50g,Gói,Miến - Hủ Tíu - Bánh Canh,Mì - Thực Phẩm Ăn Liền,9694.736842105263,10500.0,19,0.4736842105263157,0.1619047619047619,0.0899541280465539,2,0.1931818181818181,1,0,1,9,9.0,0,Vifon,household_giant,0,1,1,0,domestic,0,0,0,10,count,1,False,,50.0,3.912023005428146,,19389.473684210527,9.872485604196848,,21000.0,9.95227771670556
Miến dong Bắc Kạn Thiên Nhiên Xanh 500g,Gói,Miến - Hủ Tíu - Bánh Canh,Mì - Thực Phẩm Ăn Liền,77923.80952380953,84400.0,21,1.0,0.0767321146468065,0.0376271116162408,3,0.0858310626702998,1,1,1,21,21.0,0,Thiên Nhiên Xanh,local_value,0,0,1,0,domestic,0,0,0,8,count,1,False,,500.0,6.214608098422191,,15584.761904761905,9.654048914879857,,16880.0,9.733884768149949
Miến dong Na Rì Thiên Nhiên Xanh 500g,Gói,Miến - Hủ Tíu - Bánh Canh,Mì - Thực Phẩm Ăn Liền,75800.0,75800.0,15,0.0,,0.0,1,0.0,0,0,1,0,0.0,0,Thiên Nhiên Xanh,local_value,0,0,1,0,domestic,0,0,0,8,count,1,False,,500.0,6.214608098422191,,15160.0,9.626415659196363,,15160.0,9.626415659196363
Miến khô Vifon gói 300g,Gói,Miến - Hủ Tíu - Bánh Canh,Mì - Thực Phẩm Ăn Liền,36000.0,36000.0,16,0.0,,0.0,1,0.0,0,0,1,0,0.0,0,Vifon,household_giant,0,1,1,0,domestic,0,0,0,5,count,1,False,,300.0,5.703782474656201,,12000.0,9.392661928770137,,12000.0,9.392661928770137
Miến lẩu Thái Vifon gói 60g,Gói,Miến - Hủ Tíu - Bánh Canh,Mì - Thực Phẩm Ăn Liền,9694.736842105263,10500.0,19,0.4736842105263157,0.1619047619047619,0.0899541280465539,2,0.1931818181818181,1,0,1,9,9.0,0,Vifon,household_giant,0,1,1,0,domestic,0,0,0,6,count,1,False,,60.0,4.0943445622221,,16157.894736842107,9.690164047402893,,17500.0,9.769956159911606
Miến ăn liền Phú Hương vị sườn heo Acecook gói 58g,Gói,Miến - Hủ Tíu - Bánh Canh,Mì - Thực Phẩm Ăn Liền,11472.727272727272,11500.0,22,0.0454545454545454,0.0521739130434782,0.0111499582246198,2,0.0521739130434782,1,0,1,1,1.0,0,Acecook,household_giant,0,1,1,0,domestic,0,0,0,11,count,1,False,,58.0,4.060443010546419,,19780.564263322885,9.892455131732552,,19827.586206896554,9.894829489793013
Miến ăn liền Phú Hương vị thịt bằm Acecook gói 58g,Gói,Miến - Hủ Tíu - Bánh Canh,Mì - Thực Phẩm Ăn Liền,11500.0,11500.0,22,0.0,,0.0,1,0.0,0,0,1,0,0.0,0,Acecook,household_giant,0,1,1,0,domestic,0,0,0,11,count,1,False,,58.0,4.060443010546419,,19827.586206896554,9.894829489793013,,19827.586206896554,9.894829489793013
Mì Bistro Spaghetti xốt phomai Ý 100g,Gói,Mì,Mì - Thực Phẩm Ăn Liền,10800.0,10800.0,14,0.0,,0.0,1,0.0,0,0,1,0,0.0,0,,,0,0,0,0,Ý,1,0,0,7,count,1,False,,100.0,4.605170185988092,,10800.0,9.287301413112312,,10800.0,9.287301413112312
Mì Chapaghetti Nongshim gói 140g,Gói,Mì,Mì - Thực Phẩm Ăn Liền,29559.090909090908,32300.0,22,0.4090909090909091,0.2074303405572755,0.1140658582711132,2,0.26171875,1,0,1,9,9.0,0,Nongshim,prestige_leader,1,1,1,0,domestic,0,0,0,5,count,1,False,,140.0,4.941642422609304,,21113.636363636364,9.957674383877714,,23071.428571428572,10.046350272589535
Mì Cung Đình Kool spaghetti gói 105g,Gói,Mì,Mì - Thực Phẩm Ăn Liền,8900.0,8900.0,16,0.0,,0.0,1,0.0,0,0,1,0,0.0,0,Cung Đình,prestige_leader,1,1,1,0,domestic,0,0,0,7,count,1,False,,105.0,4.653960350157523,,8476.190476190475,9.0450163915508,,8476.190476190475,9.0450163915508
Mì Hảo Hảo mini handy tôm chua cay 47g,Hộp,Mì,Mì - Thực Phẩm Ăn Liền,7762.5,7800.0,16,0.0625,0.0769230769230769,0.0193236714975845,2,0.0769230769230768,1,0,1,1,1.0,0,Hảo Hảo,household_giant,0,1,1,0,domestic,0,0,0,9,count,1,False,,47.0,3.8501476017100584,,16515.957446808512,9.712082310519767,,16595.744680851065,9.716901596955715
Mì Khô Gà Cay Vị Cream Carbonara gói 140g,Gói,Mì,Mì - Thực Phẩm Ăn Liền,37800.0,37800.0,12,0.0,,0.0,1,0.0,0,0,1,0,0.0,0,,,0,0,0,0,domestic,0,0,0,9,count,1,False,,140.0,4.941642422609304,,27000.0,10.203592144986466,,27000.0,10.203592144986466
Mì Kimchi gói 8 bịch,Gói 8,Mì,Mì - Thực Phẩm Ăn Liền,74379.31034482758,91100.0,29,1.0,0.1835421476967334,0.0124284875590161,4,0.0206327372764787,1,1,1,29,29.0,0,,,0,0,0,0,domestic,0,0,0,5,count,8,False,,,,,,,,,
Mì Kokomi Đại Tôm Chua Cay 65g,Hộp,Mì,Mì - Thực Phẩm Ăn Liền,7500.0,7500.0,15,0.0,,0.0,1,0.0,0,0,1,0,0.0,0,Kokomi,local_value,0,0,1,0,domestic,0,0,0,7,count,1,False,,65.0,4.174387269895637,,11538.461538461537,9.353441215616856,,11538.461538461537,9.353441215616856
Mì Kool Cung Đình BBQ Châu Á 105g,Hộp,Mì,Mì - Thực Phẩm Ăn Liền,15600.0,15600.0,10,0.0,,0.0,1,0.0,0,0,1,0,0.0,0,Cung Đình,prestige_leader,1,1,1,0,domestic,0,0,0,8,count,1,False,,105.0,4.653960350157523,,14857.142857142857,9.606236029068196,,14857.142857142857,9.606236029068196
Mì Koreno jumbo hải sản túi 1kg,Gói,Mì,Mì - Thực Phẩm Ăn Liền,81400.0,90000.0,27,1.0,0.0955555555555555,0.0,1,0.0,1,1,1,27,27.0,0,Koreno,local_value,0,0,1,0,domestic,0,0,0,7,count,1,False,,1000.0,6.907755278982137,,8140.0,9.004545458996587,,9000.0,9.104979856318357
Mì Koreno vị tôm gói 1kg,Gói,Mì,Mì - Thực Phẩm Ăn Liền,81400.0,90000.0,27,1.0,0.0955555555555555,0.0,1,0.0,1,1,1,27,27.0,0,Koreno,local_value,0,0,1,0,domestic,0,0,0,6,count,1,False,,1000.0,6.907755278982137,,8140.0,9.004545458996587,,9000.0,9.104979856318357
Mì Ly Khô Gà Cay Carbonara 80g,Ly,Mì,Mì - Thực Phẩm Ăn Liền,36700.0,36700.0,12,0.0,,0.0,1,0.0,0,0,1,0,0.0,0,,,0,0,0,0,domestic,0,0,0,7,unknown,1,False,,80.0,4.382026634673881,,45875.0,10.733675585356872,,45875.0,10.733675585356872
Mì Omachi trộn xốt Spaghetti 105g,Hộp,Mì,Mì - Thực Phẩm Ăn Liền,17900.0,17900.0,6,0.0,,0.0,1,0.0,0,0,1,0,0.0,0,Omachi,prestige_leader,1,1,1,0,domestic,0,0,0,6,count,1,False,,105.0,4.653960350157523,,17047.619047619046,9.743765827659415,,17047.619047619046,9.743765827659415
Mì Ottogi Jin tương đen vị bò 135g,Gói,Mì,Mì - Thực Phẩm Ăn Liền,13930.76923076923,15200.0,26,0.4230769230769231,0.1973684210526315,0.1085004277889308,2,0.2459016393442623,1,0,1,11,11.0,0,Ottogi,niche_professional,1,0,1,0,domestic,0,0,0,8,count,1,False,,135.0,4.90527477843843,,10319.088319088318,9.241750693959629,,11259.25925925926,9.32894611438403
Mì Ottogi không gói gia vị 110g,Gói,Mì,Mì - Thực Phẩm Ăn Liền,8900.0,8900.0,15,0.0,,0.0,1,0.0,0,0,1,0,0.0,0,Ottogi,niche_professional,1,0,1,0,domestic,0,0,0,7,count,1,False,,110.0,4.700480365792417,,8090.90909090909,8.998496375915906,,8090.90909090909,8.998496375915906
Mì Shin Nongshim ly 75g,Ly,Mì,Mì - Thực Phẩm Ăn Liền,24812.5,28500.0,24,0.625,0.2070175438596491,0.1175922859355711,2,0.2070175438596491,1,0,1,15,15.0,0,Nongshim,prestige_leader,1,1,1,0,domestic,0,0,0,5,unknown,1,False,,75.0,4.31748811353631,,33083.333333333336,10.406784909881328,,38000.0,10.545341438708522
Mì Siukay vị gà cay phô mai Acecook 129g,Gói,Mì,Mì - Thực Phẩm Ăn Liền,13000.0,13000.0,11,0.0,,0.0,1,0.0,0,0,1,0,0.0,0,Acecook,household_giant,0,1,1,0,domestic,0,0,0,9,count,1,False,,129.0,4.859812404361672,,10077.519379844962,9.218062418070094,,10077.519379844962,9.218062418070094
Mì Spaghetti Barilla số 5 hộp 500g,Gói,Mì,Mì - Thực Phẩm Ăn Liền,65838.46153846153,72300.0,26,0.5769230769230769,0.1549100968188105,0.0857084502445162,2,0.1549100968188105,1,0,1,15,15.0,0,Barilla,niche_professional,1,0,1,0,domestic,0,0,0,7,count,1,False,,500.0,6.214608098422191,,13167.692307692307,9.485521555974064,,14460.0,9.579141495712756
Mì Spaghetti Bistro xốt bò bằm Ý 95g,Gói,Mì,Mì - Thực Phẩm Ăn Liền,10800.0,10800.0,1,0.0,,,1,0.0,0,0,1,0,0.0,0,,,0,0,0,0,Ý,1,0,0,8,count,1,False,,95.0,4.553876891600541,,11368.42105263158,9.338594707499862,,11368.42105263158,9.338594707499862
Mì Spaghetti Olivoilà sợi N.5 500g,Hộp,Mì,Mì - Thực Phẩm Ăn Liền,40910.71428571428,47300.0,28,1.0,0.1350800362428269,0.002240210882987,3,0.0097799511002445,1,1,1,28,28.0,0,Olivoilà,niche_professional,1,0,1,0,domestic,0,0,0,6,count,1,False,,500.0,6.214608098422191,,8182.142857142857,9.009709358266383,,9460.0,9.154827662045925
Mì Spaghettini n.3 Barilla hộp 500g,Gói,Mì,Mì - Thực Phẩm Ăn Liền,66077.77777777778,72300.0,27,0.5555555555555556,0.1549100968188105,0.0858282564335241,2,0.1549100968188105,1,0,1,15,15.0,0,Barilla,niche_professional,1,0,1,0,domestic,0,0,0,6,count,1,False,,500.0,6.214608098422191,,13215.555555555557,9.489149865924364,,14460.0,9.579141495712756
Mì Trộn Tương Đen Paldo gói 78g,Gói,Mì,Mì - Thực Phẩm Ăn Liền,7484.210526315789,8100.0,19,0.4736842105263157,0.1604938271604938,0.089105714825961,2,0.1911764705882352,1,0,1,9,9.0,0,Paldo,local_value,0,0,1,0,domestic,0,0,0,7,count,1,False,,78.0,4.356708826689592,,9595.141700404858,9.169012176483337,,10384.615384615385,9.24808069995903
Mì Udon Sưki Sưki Teriyaki 82g,Gói,Mì,Mì - Thực Phẩm Ăn Liền,9360.0,9800.0,20,0.55,0.0816326530612244,0.0436254517550461,2,0.0816326530612244,1,0,1,11,11.0,0,,,0,0,0,0,domestic,0,0,0,6,count,1,False,,82.0,4.406719247264253,,11414.634146341465,9.342651508195477,,11951.219512195123,9.388588603382502
Mì Yeul Cay Ottgi lốc 5 gói,"Lốc, Lô, Lố",Mì,Mì - Thực Phẩm Ăn Liền,63000.0,63000.0,9,0.0,,0.0,1,0.0,0,0,1,0,0.0,0,,,0,0,0,0,domestic,0,0,0,7,unknown,5,False,,,,,,,,,
Mì bò cay phô mai Nissin 70g,Gói,Mì,Mì - Thực Phẩm Ăn Liền,7388.235294117647,8000.0,17,0.7058823529411765,0.1083333333333333,0.0593620236508238,3,0.1428571428571428,1,0,1,11,6.0,0,Nissin,local_value,0,0,1,0,domestic,0,0,0,7,count,1,False,,70.0,4.248495242049359,,10554.621848739496,9.264319132898752,,11428.57142857143,9.343871764600705
Mì bò hầm Ottogi 120g,Gói,Mì,Mì - Thực Phẩm Ăn Liền,12500.0,12500.0,12,0.0,,0.0,1,0.0,0,0,1,0,0.0,0,Ottogi,niche_professional,1,0,1,0,domestic,0,0,0,5,count,1,False,,120.0,4.787491742782046,,10416.666666666668,9.251162366496438,,10416.666666666668,9.251162366496438
Mì bò hầm Ottogi Lốc 8 gói x 120g,"Lốc, Lô, Lố",Mì,Mì - Thực Phẩm Ăn Liền,75166.66666666667,91100.0,9,1.0,0.1748993779729235,0.0066518847006651,2,0.02,1,1,1,9,9.0,0,Ottogi,niche_professional,1,0,1,0,domestic,0,0,0,9,unknown,8,False,,120.0,4.787491742782046,,7829.861111111112,8.96570005078297,,9489.583333333334,9.157949984774259
Mì chay rau nấm Vifon gói 65g,Gói,Mì,Mì - Thực Phẩm Ăn Liền,3600.0,4200.0,29,1.0,0.1428571428571428,0.0,1,0.0,1,1,1,29,29.0,0,Vifon,household_giant,0,1,1,0,domestic,0,0,0,7,count,1,False,,65.0,4.174387269895637,,5538.461538461538,8.619472040536655,,6461.538461538461,8.773622720363914
Mì chũ Thiên Nhiên Xanh gói 1kg,Gói,Mì,Mì - Thực Phẩm Ăn Liền,78500.0,78500.0,15,0.0,,0.0,1,0.0,0,0,1,0,0.0,0,Thiên Nhiên Xanh,local_value,0,0,1,0,domestic,0,0,0,7,count,1,False,,1000.0,6.907755278982137,,7850.0,8.968268810776454,,7850.0,8.968268810776454
Mì chũ Thiên Nhiên Xanh gói 500g,Gói,Mì,Mì - Thực Phẩm Ăn Liền,40200.0,40200.0,15,0.0,,0.0,1,0.0,0,0,1,0,0.0,0,Thiên Nhiên Xanh,local_value,0,0,1,0,domestic,0,0,0,7,count,1,False,,500.0,6.214608098422191,,8040.0,8.992184362173012,,8040.0,8.992184362173012
Mì gói khô gà cay Carbonara Samyang 130g,Gói,Mì,Mì - Thực Phẩm Ăn Liền,39100.0,39100.0,13,0.0,,0.0,1,0.0,0,0,1,0,0.0,0,Samyang,prestige_leader,1,1,1,0,domestic,0,0,0,8,count,1,False,,130.0,4.867534450455582,,30076.923076923074,10.311513481505965,,30076.923076923074,10.311513481505965
Mì gói ăn liền hai tôm chính hiệu Vifon thùng 30 gói x75g,Thùng,Mì,Mì - Thực Phẩm Ăn Liền,138000.0,138000.0,16,0.0,,0.0,1,0.0,0,0,1,0,0.0,0,Vifon,household_giant,0,1,1,0,domestic,0,0,0,13,unknown,30,False,,75.0,4.31748811353631,,6133.333333333333,8.721493654928967,,6133.333333333333,8.721493654928967
Mì gói ăn liền khoai tây vị xốt bò hầm Omachi thùng 30 gói x 80g,Thùng,Mì,Mì - Thực Phẩm Ăn Liền,229090.9090909091,247500.0,22,0.8181818181818182,0.0909090909090909,0.0387721534529863,2,0.1,1,0,1,11,9.0,0,Omachi,prestige_leader,1,1,1,0,domestic,0,0,0,16,unknown,30,False,,80.0,4.382026634673881,,9545.454545454546,9.16382035634129,,10312.5,9.241112030642936
Mì gói ăn liền vị gà cay Samyang 145g,Gói,Mì,Mì - Thực Phẩm Ăn Liền,40000.0,40000.0,5,0.0,,0.0,1,0.0,0,0,1,0,0.0,0,Samyang,prestige_leader,1,1,1,0,domestic,0,0,0,9,count,1,False,,145.0,4.976733742420574,,27586.206896551725,10.22507117666359,,27586.206896551725,10.22507117666359
Mì gói ăn liền cay Shin Ramyun Nongshim 114g,Gói,Mì,Mì - Thực Phẩm Ăn Liền,27800.0,27800.0,19,0.0,,0.0,1,0.0,0,0,1,0,0.0,0,Nongshim,prestige_leader,1,1,1,0,domestic,0,0,0,9,count,1,False,,114.0,4.736198448394496,,24385.964912280702,10.101763037272324,,24385.964912280702,10.101763037272324
Mì hộp ăn liền Cung Đình Kool Micoem Spaghetti sốt bò bằm bát 105g,Hộp,Mì,Mì - Thực Phẩm Ăn Liền,15600.0,15600.0,11,0.0,,0.0,1,0.0,0,0,1,0,0.0,0,Cung Đình,prestige_leader,1,1,1,0,domestic,0,0,0,14,count,1,False,,105.0,4.653960350157523,,14857.142857142857,9.606236029068196,,14857.142857142857,9.606236029068196
Mì khoai tây Cung Đình vị lẩu tôm chua cay Micoem 65g,Cái,Mì,Mì - Thực Phẩm Ăn Liền,9500.0,9500.0,6,0.0,,0.0,1,0.0,0,0,1,0,0.0,0,Cung Đình,prestige_leader,1,1,1,0,domestic,0,0,0,12,count,1,False,,65.0,4.174387269895637,,14615.384615384615,9.589829993681086,,14615.384615384615,9.589829993681086
Mì khoai tây Micoem hương măng gói 79g,Gói,Mì,Mì - Thực Phẩm Ăn Liền,8400.0,8400.0,3,0.0,,0.0,1,0.0,0,0,1,0,0.0,0,,,0,0,0,0,domestic,0,0,0,8,count,1,False,,79.0,4.3694478524670215,,10632.911392405063,9.271709318352475,,10632.911392405063,9.271709318352475
Mì khoai tây Omachi Special bò hầm xốt vang thùng 30 gói x 92g,Thùng,Mì,Mì - Thực Phẩm Ăn Liền,271900.0,271900.0,15,0.0,,0.0,1,0.0,0,0,1,0,0.0,0,Omachi,prestige_leader,1,1,1,0,domestic,0,0,0,14,unknown,30,False,,92.0,4.5217885770490405,,9851.449275362318,9.195373857897458,,9851.449275362318,9.195373857897458
Mì khô gà Samyang cực cay 140g,Gói,Mì,Mì - Thực Phẩm Ăn Liền,36000.0,36000.0,15,0.0,,0.0,1,0.0,0,0,1,0,0.0,0,Samyang,prestige_leader,1,1,1,0,domestic,0,0,0,7,count,1,False,,140.0,4.941642422609304,,25714.285714285717,10.154801980817034,,25714.285714285717,10.154801980817034
Mì khô gà cay Samyang ly 70g,Ly,Mì,Mì - Thực Phẩm Ăn Liền,31243.478260869564,33800.0,23,0.6086956521739131,0.1242603550295858,0.0670810617102725,2,0.1242603550295857,1,0,1,14,14.0,0,Samyang,prestige_leader,1,1,1,0,domestic,0,0,0,7,unknown,1,False,,70.0,4.248495242049359,,44633.54037267081,10.706240881671139,,48285.71428571429,10.784891025409843
Mì khô gà cay vị phô mai Samyang gói 140g,Gói,Mì,Mì - Thực Phẩm Ăn Liền,31500.0,39300.0,32,1.0,0.1984732824427481,0.0,1,0.0,1,1,1,32,32.0,0,Samyang,prestige_leader,1,1,1,0,domestic,0,0,0,10,count,1,False,,140.0,4.941642422609304,,22500.0,10.021270588192511,,28071.428571428572,10.24250756123614
Mì khô gà phô mai Quattro Samyang gói 145g,Gói,Mì,Mì - Thực Phẩm Ăn Liền,38700.0,38700.0,16,0.0,,0.0,1,0.0,0,0,1,0,0.0,0,Samyang,prestige_leader,1,1,1,0,domestic,0,0,0,9,count,1,False,,145.0,4.976733742420574,,26689.655172413793,10.19203132258539,,26689.655172413793,10.19203132258539
Mì ly Handy hương vị Tomyum Hảo Hảo ly 67g,Ly,Mì,Mì - Thực Phẩm Ăn Liền,9363.157894736842,9600.0,19,0.4736842105263157,0.0520833333333333,0.027394025702105,2,0.0549450549450549,1,0,1,9,9.0,0,Hảo Hảo,household_giant,0,1,1,0,domestic,0,0,0,10,unknown,1,False,,67.0,4.204692619390966,,13974.862529457972,9.545015461084612,,14328.358208955224,9.569995944053053
Mì ly Mini Doraemon vị Hải Sản Chua Ngọt 53g,Ly,Mì,Mì - Thực Phẩm Ăn Liền,10518.75,10800.0,16,0.3125,0.0833333333333333,0.0409594484601641,2,0.0909090909090908,1,0,1,5,5.0,0,,,0,0,0,0,domestic,0,0,0,10,unknown,1,False,,53.0,3.970291913552122,,19846.698113207545,9.895792930375086,,20377.358490566035,9.922179685548281
Mì ly mini Doraemon hàu sữa phô mai 48g,Ly,Mì,Mì - Thực Phẩm Ăn Liền,10500.0,10800.0,15,0.3333333333333333,0.0833333333333333,0.0418242888406514,2,0.0909090909090908,1,0,1,5,5.0,0,,,0,0,0,0,domestic,0,0,0,9,unknown,1,False,,48.0,3.871201010907891,,21875.0,9.993099711225815,,22500.0,10.021270588192511
Mì ly đại Kokomi tôm chua cay có thịt 90g,Hộp,Mì,Mì - Thực Phẩm Ăn Liền,9900.0,9900.0,17,0.0,,0.0,1,0.0,0,0,1,0,0.0,0,Kokomi,local_value,0,0,1,0,domestic,0,0,0,10,count,1,False,,90.0,4.499809670330265,,11000.0,9.305650551780507,,11000.0,9.305650551780507
Mì lẩu nấm chua cay Reeva gói 85g,Gói,Mì,Mì - Thực Phẩm Ăn Liền,8362.5,9300.0,24,0.625,0.1612903225806451,0.0887058932819444,2,0.1612903225806451,1,0,1,15,15.0,0,Reeva,local_value,0,0,1,0,domestic,0,0,0,8,count,1,False,,85.0,4.442651256490317,,9838.235294117647,9.194031633934259,,10941.176470588236,9.300288608639121
Mì lẩu thái hương vị chua cay Koreno 74g,Gói,Mì,Mì - Thực Phẩm Ăn Liền,7884.210526315789,8500.0,19,0.4736842105263157,0.1529411764705882,0.0845849976518802,2,0.1805555555555555,1,0,1,9,9.0,0,Koreno,local_value,0,0,1,0,domestic,0,0,0,9,count,1,False,,74.0,4.30406509320417,,10654.338549075392,9.273722463682738,,11486.486486486487,9.34892653526233
Mì spaghetti số 25 Santa Lucia gói 500g,Gói,Mì,Mì - Thực Phẩm Ăn Liền,40440.74074074074,47000.0,27,0.8518518518518519,0.1638297872340425,0.0689282069086411,2,0.1638297872340425,1,0,1,23,23.0,0,Santa Lucia,local_value,0,0,1,0,domestic,0,0,0,8,count,1,False,,500.0,6.214608098422191,,8088.148148148148,8.998155077563728,,9400.0,9.148464968258095
Mì sợi tròn spaghetti Golden Farm gói 500g,Gói,Mì,Mì - Thực Phẩm Ăn Liền,41700.0,41700.0,18,0.0,,0.0,1,0.0,0,0,1,0,0.0,0,Golden Farm,local_value,0,0,1,0,domestic,0,0,0,8,count,1,False,,500.0,6.214608098422191,,8340.0,9.028818495352793,,8340.0,9.028818495352793
Mì trộn Ottogi BBQ vị bò 75g,Gói,Mì,Mì - Thực Phẩm Ăn Liền,9300.0,9300.0,16,0.0,,0.0,1,0.0,0,0,1,0,0.0,0,Ottogi,niche_professional,1,0,1,0,domestic,0,0,0,7,count,1,False,,75.0,4.31748811353631,,12400.0,9.425451751593128,,12400.0,9.425451751593128
Mì trộn trứng muối cay Vifon gói 105g,Gói,Mì,Mì - Thực Phẩm Ăn Liền,13400.0,13400.0,16,0.0,,0.0,1,0.0,0,0,1,0,0.0,0,Vifon,household_giant,0,1,1,0,domestic,0,0,0,8,count,1,False,,105.0,4.653960350157523,,12761.904761904761,9.45421982176957,,12761.904761904761,9.45421982176957
Mì trộn tương đen Samyang gói 140g,Gói,Mì,Mì - Thực Phẩm Ăn Liền,32584.21052631579,32900.0,19,0.0526315789473684,0.182370820668693,0.0422442152499499,2,0.182370820668693,1,0,1,1,1.0,0,Samyang,prestige_leader,1,1,1,0,domestic,0,0,0,7,count,1,False,,140.0,4.941642422609304,,23274.436090225565,10.05511087371967,,23500.0,10.06475570013225
Mì trộn tương đen cay koreno gói 78g,Gói,Mì,Mì - Thực Phẩm Ăn Liền,7884.210526315789,8500.0,19,0.4736842105263157,0.1529411764705882,0.0845849976518802,2,0.1805555555555555,1,0,1,9,9.0,0,Koreno,local_value,0,0,1,0,domestic,0,0,0,8,count,1,False,,78.0,4.356708826689592,,10107.96221322537,9.221078730197314,,10897.435897435897,9.296282801776908
Mì trộn ăn liền Jjajangmen Paldo gói 200g,Gói,Mì,Mì - Thực Phẩm Ăn Liền,28812.5,31500.0,24,0.625,0.1365079365079365,0.0738048425753202,2,0.1365079365079364,1,0,1,15,15.0,0,Paldo,local_value,0,0,1,0,domestic,0,0,0,8,count,1,False,,200.0,5.298317366548036,,14406.25,9.57541741917906,,15750.0,9.66459564425378
Mì trộn ăn liền tương đen Koreno Jjajangmen Paldo gói 115g,Gói,Mì,Mì - Thực Phẩm Ăn Liền,13100.0,13100.0,15,0.0,,0.0,1,0.0,0,0,1,0,0.0,0,Koreno,local_value,0,0,1,0,domestic,0,0,0,11,count,1,False,,115.0,4.74493212836325,,11391.304347826088,9.340605566814084,,11391.304347826088,9.340605566814084
Mì trứng cao cấp Meizan 500g,Gói,Mì,Mì - Thực Phẩm Ăn Liền,28075.86206896552,33800.0,29,1.0,0.1693531932258722,0.0058413765416821,3,0.0214285714285714,1,1,1,29,29.0,0,Meizan,household_giant,0,1,1,0,domestic,0,0,0,6,count,1,False,,500.0,6.214608098422191,,5615.172413793104,8.63322757263044,,6760.0,8.81877816903701
Mì trứng cao cấp Meizan gói 250g,Gói,Mì,Mì - Thực Phẩm Ăn Liền,12875.862068965518,16400.0,58,1.0,0.2148864592094196,0.0194806716879558,3,0.0387596899224806,1,1,1,58,58.0,0,Meizan,household_giant,0,1,1,0,domestic,0,0,0,7,count,1,False,,250.0,5.521460917862246,,5150.344827586207,8.54681894822913,,6560.0,8.788745881938135
Mì tôm chanh Omni gói 75g,Gói,Mì,Mì - Thực Phẩm Ăn Liền,4600.0,4600.0,4,0.0,,0.0,1,0.0,0,0,1,0,0.0,0,,,0,0,0,0,domestic,0,0,0,6,count,1,False,,75.0,4.31748811353631,,6133.333333333333,8.721493654928967,,6133.333333333333,8.721493654928967
Mì tôm chanh Omni ly 65g,Cái,Mì,Mì - Thực Phẩm Ăn Liền,11100.0,11100.0,19,0.0,,0.0,1,0.0,0,0,1,0,0.0,0,,,0,0,0,0,domestic,0,0,0,6,count,1,False,,65.0,4.174387269895637,,17076.923076923078,9.74548330339288,,17076.923076923078,9.74548330339288
Mì tương đen Bắc Kinh Ottogi gói 83g,Gói,Mì,Mì - Thực Phẩm Ăn Liền,7841.176470588235,8500.0,17,0.4117647058823529,0.188235294117647,0.103515008616116,2,0.2318840579710144,1,0,1,7,7.0,0,Ottogi,niche_professional,1,0,1,0,domestic,0,0,0,8,count,1,False,,83.0,4.418840607796598,,9447.200566973777,9.153473740302077,,10240.963855421687,9.234151020669902
Mì tương đen Ottogi Bắc Kinh 135g,Gói,Mì,Mì - Thực Phẩm Ăn Liền,14900.0,14900.0,13,0.0,,0.0,1,0.0,0,0,1,0,0.0,0,Ottogi,niche_professional,1,0,1,0,domestic,0,0,0,7,count,1,False,,135.0,4.90527477843843,,11037.037037037036,9.309011899483213,,11037.037037037036,9.309011899483213
Mì vị bò cay Koreno Paldo gói 100g,Gói,Mì,Mì - Thực Phẩm Ăn Liền,12000.0,12000.0,23,0.0,,0.0,1,0.0,0,0,1,0,0.0,0,Koreno,local_value,0,0,1,0,domestic,0,0,0,8,count,1,False,,100.0,4.605170185988092,,12000.0,9.392661928770137,,12000.0,9.392661928770137
Mì vị bò cay Paldo gói 1kg,Gói,Mì,Mì - Thực Phẩm Ăn Liền,81011.11111111111,90000.0,27,1.0,0.0998765432098765,0.0082687932293426,2,0.0187734668335419,1,1,1,27,27.0,0,Paldo,local_value,0,0,1,0,domestic,0,0,0,7,count,1,False,,1000.0,6.907755278982137,,8101.111111111111,8.999756505464257,,9000.0,9.104979856318357
Mì vị tôm chua cay Hảo 100 gói 65g,Gói,Mì,Mì - Thực Phẩm Ăn Liền,3300.0,3300.0,23,0.0,,0.0,1,0.0,0,0,1,0,0.0,0,,,0,0,0,0,domestic,0,0,0,9,count,1,False,,65.0,4.174387269895637,,5076.923076923077,8.532460663547026,,5076.923076923077,8.532460663547026
Mì xào NISSIN hương vị gà cay Hàn quốc gói 71g,Gói,Mì,Mì - Thực Phẩm Ăn Liền,7778.9473684210525,8000.0,19,0.3684210526315789,0.075,0.0382258373256442,2,0.0810810810810811,1,0,1,7,7.0,0,Nissin,local_value,0,0,1,0,Hàn,1,0,0,11,count,1,False,,71.0,4.2626798770413155,,10956.263899184582,9.301666617276574,,11267.605633802817,9.329687129608748
Mì xào NISSIN hương vị gà cay phô mai Hàn Quốc gói 72g,Gói,Mì,Mì - Thực Phẩm Ăn Liền,7400.0,8000.0,21,0.7142857142857143,0.105,0.0573329822583687,3,0.1428571428571428,1,0,1,14,7.5,0,Nissin,local_value,0,0,1,0,Hàn,1,0,0,13,count,1,False,,72.0,4.276666119016055,,10277.777777777777,9.237739346164297,,11111.111111111111,9.315700887634009
Mì xào khô vị bò cay Indomie gói 91g,Gói,Mì,Mì - Thực Phẩm Ăn Liền,5766.666666666667,6000.0,21,0.3333333333333333,0.1166666666666666,0.0586356284527896,2,0.1320754716981131,1,0,1,7,7.0,0,Indomie,prestige_leader,1,1,1,0,domestic,0,0,0,9,count,1,False,,91.0,4.51085950651685,,6336.996336996337,8.754160171289001,,6593.406593406593,8.793825427681433
Mì xào tương đen Vifon khay 90g,Gói,Mì,Mì - Thực Phẩm Ăn Liền,12412.5,13600.0,24,0.625,0.1397058823529411,0.0756992688490631,2,0.1397058823529411,1,0,1,15,15.0,0,Vifon,household_giant,0,1,1,0,domestic,0,0,0,7,count,1,False,,90.0,4.499809670330265,,13791.666666666666,9.531819824011254,,15111.111111111111,9.62318558738197
Mì xốt tương đen Ottogi 75g,Gói,Mì,Mì - Thực Phẩm Ăn Liền,9300.0,9300.0,11,0.0,,0.0,1,0.0,0,0,1,0,0.0,0,Ottogi,niche_professional,1,0,1,0,domestic,0,0,0,6,count,1,False,,75.0,4.31748811353631,,12400.0,9.425451751593128,,12400.0,9.425451751593128
Mì Ý Agnesi Spaghettini N’2 500g,Gói,Mì,Mì - Thực Phẩm Ăn Liền,57428.57142857143,64000.0,21,0.7142857142857143,0.14375,0.0756153440476152,3,0.1851851851851851,1,0,1,15,15.0,0,Agnesi,niche_professional,1,0,1,0,Ý,1,0,0,6,count,1,False,,500.0,6.214608098422191,,11485.714285714286,9.348859306111745,,12800.0,9.457200449907708
Mì Ý Agnesi Spaghettini N’3 500g,Gói,Mì,Mì - Thực Phẩm Ăn Liền,57728.57142857143,64300.0,21,0.7142857142857143,0.1430793157076205,0.0752223912574643,3,0.1841620626151012,1,0,1,15,15.0,0,Agnesi,niche_professional,1,0,1,0,Ý,1,0,0,6,count,1,False,,500.0,6.214608098422191,,11545.714285714286,9.35406958957715,,12860.0,9.46187699779161
Mì Ý Angel Hair Barilla hộp 500g,Gói,Mì,Mì - Thực Phẩm Ăn Liền,76303.57142857143,83000.0,28,0.5357142857142857,0.1506024096385542,0.0831996606899974,2,0.1506024096385542,1,0,1,15,15.0,0,Barilla,niche_professional,1,0,1,0,Ý,1,0,0,7,count,1,False,,500.0,6.214608098422191,,15260.714285714286,9.633037111456913,,16600.0,9.717157974344635
Mì Ý Ottogi 500g,Gói,Mì,Mì - Thực Phẩm Ăn Liền,43400.0,43400.0,15,0.0,,0.0,1,0.0,0,0,1,0,0.0,0,Ottogi,niche_professional,1,0,1,0,Ý,1,0,0,4,count,1,False,,500.0,6.214608098422191,,8680.0,9.068776807654396,,8680.0,9.068776807654396
Mì Ý Reggia Spaghetti 19 Pasta 500g,Gói,Mì,Mì - Thực Phẩm Ăn Liền,32268.75,33300.0,16,0.375,0.0825825825825826,0.043115007795395,3,0.105105105105105,1,0,1,5,3.0,0,Reggia,local_value,0,0,1,0,Ý,1,0,0,7,count,1,False,,500.0,6.214608098422191,,6453.75,8.772416636193858,,6660.0,8.803874763534434
Mì Ý spaghetti số 3 Pasta Zara gói 500g,Gói,Mì,Mì - Thực Phẩm Ăn Liền,39785.18518518518,44100.0,27,0.5925925925925926,0.1651077097505669,0.0920849218675659,3,0.2016348773841962,1,0,1,15,8.0,0,,,0,0,0,0,Ý,1,0,0,9,count,1,False,,500.0,6.214608098422191,,7957.0370370370365,8.981811978015067,,8820.0,9.084777149000837
Mì ăn liền Bongoyang​​​​​​​ Hanil Food gói 200g,Gói,Mì,Mì - Thực Phẩm Ăn Liền,18500.0,18500.0,14,0.0,,0.0,1,0.0,0,0,1,0,0.0,0,,,0,0,0,0,domestic,0,0,0,8,count,1,False,,200.0,5.298317366548036,,9250.0,9.132378830506472,,9250.0,9.132378830506472
Mì ăn liền Koreno Jumbo vị kim chi Paldo túi 1kg,Gói,Mì,Mì - Thực Phẩm Ăn Liền,81011.11111111111,90000.0,27,1.0,0.0998765432098765,0.0082687932293426,2,0.0187734668335419,1,1,1,27,27.0,0,Koreno,local_value,0,0,1,0,domestic,0,0,0,11,count,1,False,,1000.0,6.907755278982137,,8101.111111111111,8.999756505464257,,9000.0,9.104979856318357
Mì ăn liền Koreno vị gà Paldo túi 1kg,Gói,Mì,Mì - Thực Phẩm Ăn Liền,81400.0,90000.0,27,1.0,0.0955555555555555,0.0,1,0.0,1,1,1,27,27.0,0,Koreno,local_value,0,0,1,0,domestic,0,0,0,9,count,1,False,,1000.0,6.907755278982137,,8140.0,9.004545458996587,,9000.0,9.104979856318357
Mì ăn liền Koreno vị kim chi Paldo gói 100g,Gói,Mì,Mì - Thực Phẩm Ăn Liền,12000.0,12000.0,21,0.0,,0.0,1,0.0,0,0,1,0,0.0,0,Koreno,local_value,0,0,1,0,domestic,0,0,0,10,count,1,False,,100.0,4.605170185988092,,12000.0,9.392661928770137,,12000.0,9.392661928770137
Mì ăn liền khoai tây Cung Đình Micoem vị lẩu tôm chua cay gói 80g,Gói,Mì,Mì - Thực Phẩm Ăn Liền,7896.0,8400.0,25,0.36,0.1666666666666666,0.0868613383965666,2,0.1999999999999999,1,0,1,9,9.0,0,Cung Đình,prestige_leader,1,1,1,0,domestic,0,0,0,15,count,1,False,,80.0,4.382026634673881,,9870.0,9.197255132427527,,10500.0,9.259130536145614
Mì ăn liền khoai tây Cung Đình Micoem vị sườn hầm ngũ quả gói 80g,Gói,,,8400.0,8400.0,1,0.0,,,1,0.0,0,0,1,0,0.0,0,Cung Đình,prestige_leader,1,1,1,0,domestic,0,0,0,15,count,1,False,,80.0,4.382026634673881,,10500.0,9.259130536145614,,10500.0,9.259130536145614
Mì ăn liền khoai tây sườn ngủ quả Omachi thùng 30 gói x 80g,Thùng,Mì,Mì - Thực Phẩm Ăn Liền,228913.0434782609,247500.0,23,0.8260869565217391,0.0909090909090909,0.0380928543644297,2,0.1,1,0,1,12,9.5,0,Omachi,prestige_leader,1,1,1,0,domestic,0,0,0,14,unknown,30,False,,80.0,4.382026634673881,,9538.04347826087,9.163043657273118,,10312.5,9.241112030642936
Mỳ Jin JjaJang OTTOGI 135g,Gói,Mì,Mì - Thực Phẩm Ăn Liền,18847.058823529413,20900.0,17,0.5882352941176471,0.1669856459330143,0.0939475312927693,3,0.2011494252873562,1,0,1,9,5.0,0,Ottogi,niche_professional,1,0,1,0,domestic,0,0,0,5,count,1,False,,135.0,4.90527477843843,,13960.78431372549,9.544007557669786,,15481.48148148148,9.647399845502564
Mỳ ly khô gà cay Samyang vị phô mai 70g,Ly,Mì,Mì - Thực Phẩm Ăn Liền,36700.0,36700.0,6,0.0,,0.0,1,0.0,0,0,1,0,0.0,0,Samyang,prestige_leader,1,1,1,0,domestic,0,0,0,10,unknown,1,False,,70.0,4.248495242049359,,52428.571428571435,10.867206977981395,,52428.571428571435,10.867206977981395
Nui cao cấp Meizan chữ C 400g,Gói,Mì,Mì - Thực Phẩm Ăn Liền,20700.0,25600.0,29,1.0,0.19140625,0.0,1,0.0,1,1,1,29,29.0,0,Meizan,household_giant,0,1,1,0,domestic,0,0,0,7,count,1,False,,400.0,5.991464547107982,,5175.0,8.55159461813357,,6400.0,8.764053269347762
Nui hình xoắn Meizan gói 300g,Gói,Mì,Mì - Thực Phẩm Ăn Liền,23166.666666666668,25500.0,21,0.7142857142857143,0.1402002861230329,0.2192632973422817,4,0.5346534653465347,1,0,2,14,7.5,1,Meizan,household_giant,0,1,1,0,domestic,0,0,0,6,count,1,False,,300.0,5.703782474656201,,7722.222222222223,8.951857454216665,,8500.0,9.047821442478408
Nui xoắn Safoco gói 300g,Gói,Mì,Mì - Thực Phẩm Ăn Liền,18800.0,21400.0,22,1.0,0.1214953271028037,0.0,1,0.0,1,1,1,22,22.0,0,Safoco,local_value,0,0,1,0,domestic,0,0,0,5,count,1,False,,300.0,5.703782474656201,,6266.666666666667,8.742999860149931,,7133.333333333333,8.872533912341833
Nui ống Meizan gói 200g,Gói,Mì,Mì - Thực Phẩm Ăn Liền,10648.275862068966,13600.0,29,1.0,0.2170385395537525,0.025176788595222,3,0.0666666666666666,1,1,1,29,29.0,0,Meizan,household_giant,0,1,1,0,domestic,0,0,0,5,count,1,False,,200.0,5.298317366548036,,5324.137931034483,8.580006086586339,,6800.0,8.824677891164198
Nui ống Meizan gói 400g,Gói,Mì,Mì - Thực Phẩm Ăn Liền,20112.068965517243,25600.0,58,1.0,0.2143723060344827,0.0255927296989015,4,0.0402010050251255,1,1,1,58,58.0,0,Meizan,household_giant,0,1,1,0,domestic,0,0,0,5,count,1,False,,400.0,5.991464547107982,,5028.017241379311,8.522780998777312,,6400.0,8.764053269347762
Nui ống lớn Safoco gói 200g,Gói,Mì,Mì - Thực Phẩm Ăn Liền,12800.0,14500.0,22,1.0,0.1172413793103448,0.0,1,0.0,1,1,1,22,22.0,0,Safoco,local_value,0,0,1,0,domestic,0,0,0,6,count,1,False,,200.0,5.298317366548036,,6400.0,8.764053269347762,,7250.0,8.88875674784872
OMACHI Lẩu tự sôi bắpbòriêucua 276g/300g,Hộp,Mì,Mì - Thực Phẩm Ăn Liền,105900.0,105900.0,16,0.0,,0.0,1,0.0,0,0,1,0,0.0,0,Omachi,prestige_leader,1,1,1,0,domestic,0,0,0,6,count,1,False,,300.0,5.703782474656201,,35300.0,10.471638242921388,,35300.0,10.471638242921388
Phở Bò Chin Su Story 72g,Gói,Phở - Bún,Mì - Thực Phẩm Ăn Liền,9200.0,9200.0,16,0.0,,0.0,1,0.0,0,0,1,0,0.0,0,Chin-Su,household_giant,0,1,1,0,domestic,0,0,0,6,count,1,False,,72.0,4.276666119016055,,12777.777777777777,9.455462830009168,,12777.777777777777,9.455462830009168
Phở Bò Chin su Story có thịt gói 131g,Gói,Phở - Bún,Mì - Thực Phẩm Ăn Liền,29200.0,29200.0,16,0.0,,0.0,1,0.0,0,0,1,0,0.0,0,Chin-Su,household_giant,0,1,1,0,domestic,0,0,0,9,count,1,False,,131.0,4.875197323201151,,22290.07633587786,10.011896851043312,,22290.07633587786,10.011896851043312
Phở Bò Chin su Story có thịt tô 131g,Tô,Phở - Bún,Mì - Thực Phẩm Ăn Liền,33700.0,33700.0,16,0.0,,0.0,1,0.0,0,0,1,0,0.0,0,Chin-Su,household_giant,0,1,1,0,domestic,0,0,0,9,unknown,1,False,,131.0,4.875197323201151,,25725.190839694656,10.155225979127392,,25725.190839694656,10.155225979127392
Phở Có Gói Xốt Thịt Vị Bò 70g,Gói,Phở - Bún,Mì - Thực Phẩm Ăn Liền,9775.0,10900.0,24,0.625,0.1651376146788991,0.0910653339216688,2,0.1651376146788991,1,0,1,15,15.0,0,,,0,0,0,0,domestic,0,0,0,8,count,1,False,,70.0,4.248495242049359,,13964.285714285716,9.5442583287923,,15571.428571428572,9.653193012155967
Phở Có Gói Xốt Thịt Vị Gà 70g,Gói,Phở - Bún,Mì - Thực Phẩm Ăn Liền,9775.0,10900.0,24,0.625,0.1651376146788991,0.0910653339216688,2,0.1651376146788991,1,0,1,15,15.0,0,,,0,0,0,0,domestic,0,0,0,8,count,1,False,,70.0,4.248495242049359,,13964.285714285716,9.5442583287923,,15571.428571428572,9.653193012155967
Phở Hà Nội Cung Đình hương vị bò 68g*30,Gói,Phở - Bún,Mì - Thực Phẩm Ăn Liền,9600.0,9600.0,14,0.0,,0.0,1,0.0,0,0,1,0,0.0,0,Cung Đình,prestige_leader,1,1,1,0,domestic,0,0,0,9,count,1,False,,68.0,4.219507705176107,,14117.647058823528,9.555180858267912,,14117.647058823528,9.555180858267912
Phở Hà Nội Cung Đình hương vị gà 68g*30,Gói,Phở - Bún,Mì - Thực Phẩm Ăn Liền,9600.0,9600.0,14,0.0,,0.0,1,0.0,0,0,1,0,0.0,0,Cung Đình,prestige_leader,1,1,1,0,domestic,0,0,0,9,count,1,False,,68.0,4.219507705176107,,14117.647058823528,9.555180858267912,,14117.647058823528,9.555180858267912
Phở bò LC Food 75g,Gói,Phở - Bún,Mì - Thực Phẩm Ăn Liền,10700.0,10700.0,16,0.0,,0.0,1,0.0,0,0,1,0,0.0,0,Lc Food,local_value,0,0,1,0,domestic,0,0,0,5,count,1,False,,75.0,4.31748811353631,,14266.666666666666,9.565681092901778,,14266.666666666666,9.565681092901778
Phở bò ăn liền Đệ Nhất Vina Acecook gói 65g/68g,Gói,Phở - Bún,Mì - Thực Phẩm Ăn Liền,8100.0,8100.0,22,0.0,,0.0,1,0.0,0,0,1,0,0.0,0,Acecook,household_giant,0,1,1,0,domestic,0,0,0,10,count,1,False,,68.0,4.219507705176107,,11911.764705882351,9.385281821472514,,11911.764705882351,9.385281821472514
Phở chay rau nấm Vifon gói 65g,Gói,Phở - Bún,Mì - Thực Phẩm Ăn Liền,9200.0,9200.0,18,0.0,,0.0,1,0.0,0,0,1,0,0.0,0,Vifon,household_giant,0,1,1,0,domestic,0,0,0,7,count,1,False,,65.0,4.174387269895637,,14153.846153846154,9.557741679129586,,14153.846153846154,9.557741679129586
Phở gà Đệ Nhất gói 65g,Gói,Phở - Bún,Mì - Thực Phẩm Ăn Liền,8100.0,8100.0,22,0.0,,0.0,1,0.0,0,0,1,0,0.0,0,,,0,0,0,0,domestic,0,0,0,6,count,1,False,,65.0,4.174387269895637,,12461.538461538461,9.430402256752984,,12461.538461538461,9.430402256752984
Phở thịt bò Hoàng gia gói 120g,Gói,Phở - Bún,Mì - Thực Phẩm Ăn Liền,23481.25,25200.0,32,0.34375,0.1984126984126984,0.1027540493872375,2,0.2475247524752475,1,0,1,11,11.0,0,Hoàng Gia,local_value,0,0,1,0,domestic,0,0,0,7,count,1,False,,120.0,4.787491742782046,,19567.708333333336,9.881635952528324,,21000.0,9.95227771670556
Phở thịt bò Vifon bát 120g,Gói,Phở - Bún,Mì - Thực Phẩm Ăn Liền,29400.0,29400.0,19,0.0,,0.0,1,0.0,0,0,1,0,0.0,0,Vifon,household_giant,0,1,1,0,domestic,0,0,0,6,count,1,False,,120.0,4.787491742782046,,24500.0,10.106428396532818,,24500.0,10.106428396532818
Phở thịt bò Vifon gói 65g,Gói,Phở - Bún,Mì - Thực Phẩm Ăn Liền,8820.833333333334,9200.0,24,0.2916666666666667,0.1413043478260869,0.0684286036391645,2,0.1645569620253164,1,0,1,7,7.0,0,Vifon,household_giant,0,1,1,0,domestic,0,0,0,6,count,1,False,,65.0,4.174387269895637,,13570.51282051282,9.515654542867464,,14153.846153846154,9.557741679129586
Phở thịt gà Hoàng Gia Vifon thùng 18 gói x 120g,Thùng,Phở - Bún,Mì - Thực Phẩm Ăn Liền,440000.0,440000.0,31,0.0,,0.0,1,0.0,0,0,1,0,0.0,0,Vifon,household_giant,0,1,1,0,domestic,0,0,0,11,unknown,18,False,,120.0,4.787491742782046,,20370.37037037037,9.921836691204325,,20370.37037037037,9.921836691204325
Phở thịt gà Vifon bát 120g,Gói,Phở - Bún,Mì - Thực Phẩm Ăn Liền,29400.0,29400.0,20,0.0,,0.0,1,0.0,0,0,1,0,0.0,0,Vifon,household_giant,0,1,1,0,domestic,0,0,0,6,count,1,False,,120.0,4.787491742782046,,24500.0,10.106428396532818,,24500.0,10.106428396532818
Phở trộn Đệ Nhất hương vị bò gói 84g,Gói,Phở - Bún,Mì - Thực Phẩm Ăn Liền,10000.0,10400.0,18,0.5,0.0769230769230769,0.0411596604342021,2,0.0833333333333332,1,0,1,9,9.0,0,,,0,0,0,0,domestic,0,0,0,9,count,1,False,,84.0,4.430816798843313,,11904.761904761905,9.38469375912096,,12380.952380952382,9.423914472274243
Phở trộn Đệ Nhất hương vị thập cẩm cay gói 84g,Gói,Phở - Bún,Mì - Thực Phẩm Ăn Liền,10000.0,10400.0,18,0.5,0.0769230769230769,0.0411596604342021,2,0.0833333333333332,1,0,1,9,9.0,0,,,0,0,0,0,domestic,0,0,0,11,count,1,False,,84.0,4.430816798843313,,11904.761904761905,9.38469375912096,,12380.952380952382,9.423914472274243
Phở tươi thịt bò hầm LC Foods 90g,Gói,Phở - Bún,Mì - Thực Phẩm Ăn Liền,14900.0,14900.0,16,0.0,,0.0,1,0.0,0,0,1,0,0.0,0,Lc Food,local_value,0,0,1,0,domestic,0,0,1,8,count,1,False,,90.0,4.499809670330265,,16555.555555555555,9.714477007591377,,16555.555555555555,9.714477007591377
Soup Marukome Miso rong biển 152g,Gói,Cháo,Mì - Thực Phẩm Ăn Liền,98200.0,98200.0,16,0.0,,0.0,1,0.0,0,0,1,0,0.0,0,Marukome,niche_professional,1,0,1,0,domestic,0,0,0,6,count,1,False,,152.0,5.0238805208462765,,64605.26315789473,11.076051159484372,,64605.26315789473,11.076051159484372
Soup Marukome Miso rong biển đậu hũ 152g,Gói,Cháo,Mì - Thực Phẩm Ăn Liền,98200.0,98200.0,16,0.0,,0.0,1,0.0,0,0,1,0,0.0,0,Marukome,niche_professional,1,0,1,0,domestic,0,0,0,8,count,1,False,,152.0,5.0238805208462765,,64605.26315789473,11.076051159484372,,64605.26315789473,11.076051159484372
Thùng 12 hộp mì Omachi trộn phô mai trứng muối 105g,Thùng,Mì,Mì - Thực Phẩm Ăn Liền,200000.0,200000.0,11,0.0,,0.0,1,0.0,0,0,1,0,0.0,0,Omachi,prestige_leader,1,1,1,0,domestic,0,0,0,11,unknown,12,False,,105.0,4.653960350157523,,15873.015873015873,9.672375831572742,,15873.015873015873,9.672375831572742
Thùng 12 hộp mì Omachi trộn xốt Spaghetti 105g,Thùng,Mì,Mì - Thực Phẩm Ăn Liền,200000.0,200000.0,6,0.0,,0.0,1,0.0,0,0,1,0,0.0,0,Omachi,prestige_leader,1,1,1,0,domestic,0,0,0,9,unknown,12,False,,105.0,4.653960350157523,,15873.015873015873,9.672375831572742,,15873.015873015873,9.672375831572742
Thùng 18 hộp mì Omachi khoai tây xốt bò hầm 92/93g,Thùng,Mì,Mì - Thực Phẩm Ăn Liền,244500.0,244500.0,12,0.0,,0.0,1,0.0,0,0,1,0,0.0,0,Omachi,prestige_leader,1,1,1,0,domestic,0,0,0,11,unknown,18,False,,93.0,4.532599493153256,,14605.734767025091,9.589169522835734,,14605.734767025091,9.589169522835734
Thùng 18 hộp mì Omachi sườn hầm ngũ quả 92/95g,Thùng,Mì,Mì - Thực Phẩm Ăn Liền,244500.0,244500.0,10,0.0,,0.0,1,0.0,0,0,1,0,0.0,0,Omachi,prestige_leader,1,1,1,0,domestic,0,0,0,10,unknown,18,False,,95.0,4.553876891600541,,14298.245614035086,9.56789212438845,,14298.245614035086,9.56789212438845
Thùng 20 gói mì Acecook ăn liền Siukay cay 7 cấp độ vị hải sản 128g,Thùng,Mì,Mì - Thực Phẩm Ăn Liền,305100.0,305100.0,15,0.0,,0.0,1,0.0,0,0,1,0,0.0,0,Acecook,household_giant,0,1,1,0,domestic,0,0,0,16,unknown,20,False,,128.0,4.852030263919617,,11917.96875,9.385802519219244,,11917.96875,9.385802519219244
Thùng 24 gói Mì spaghetti Bistro xốt bò bằm kiểu Ý 95g,Thùng,Mì,Mì - Thực Phẩm Ăn Liền,254300.0,254300.0,12,0.0,,0.0,1,0.0,0,0,1,0,0.0,0,,,0,0,0,0,Ý,1,0,0,12,unknown,24,False,,95.0,4.553876891600541,,11153.508771929824,9.319509415449815,,11153.508771929824,9.319509415449815
Thùng 24 gói mì vị gà Koreno Paldo 100g,Thùng,Mì,Mì - Thực Phẩm Ăn Liền,278000.0,278000.0,23,0.0,,0.0,1,0.0,0,0,1,0,0.0,0,Koreno,local_value,0,0,1,0,domestic,0,0,0,9,unknown,24,False,,100.0,4.605170185988092,,11583.333333333334,9.357322562324828,,11583.333333333334,9.357322562324828
Thùng 24 gói mì ăn liền Siukay cay 7 cấp độ vị bò Acecook 127g,Thùng,Mì,Mì - Thực Phẩm Ăn Liền,305100.0,305100.0,15,0.0,,0.0,1,0.0,0,0,1,0,0.0,0,Acecook,household_giant,0,1,1,0,domestic,0,0,0,15,unknown,24,False,,127.0,4.844187086458591,,10009.842519685038,9.211324139886315,,10009.842519685038,9.211324139886315
Thùng 24 gói mì ăn liền Udon Nhật Bản Acecook 75g,Thùng,Mì,Mì - Thực Phẩm Ăn Liền,227000.0,227000.0,20,0.0,,0.0,1,0.0,0,0,1,0,0.0,0,Acecook,household_giant,0,1,1,0,domestic,0,0,0,11,unknown,24,False,,75.0,4.31748811353631,,12611.111111111111,9.442333538567375,,12611.111111111111,9.442333538567375
Thùng 24 ly mì Handy Hảo Hảo chay Acecook vị lẩu nấm thập cẩm 66g,Thùng,Mì,Mì - Thực Phẩm Ăn Liền,220000.0,220000.0,18,0.0,,0.0,1,0.0,0,0,1,0,0.0,0,Hảo Hảo,household_giant,0,1,1,0,domestic,0,0,0,15,unknown,24,False,,66.0,4.189654742026425,,13888.888888888889,9.53884443894822,,13888.888888888889,9.53884443894822
Thùng 24 ly mì Hảo Hảo vị tôm chua cay Acecook 67g,Thùng,Mì,Mì - Thực Phẩm Ăn Liền,220000.0,220000.0,21,0.0,,0.0,1,0.0,0,0,1,0,0.0,0,Hảo Hảo,household_giant,0,1,1,0,domestic,0,0,0,12,unknown,24,False,,67.0,4.204692619390966,,13681.592039800997,9.523806561583678,,13681.592039800997,9.523806561583678
Thùng 24 ly mì hương vị lẩu Thái tôm Modern Vina Acecook 67g,Thùng,Mì,Mì - Thực Phẩm Ăn Liền,198000.0,198000.0,19,0.0,,0.0,1,0.0,0,0,1,0,0.0,0,Acecook,household_giant,0,1,1,0,domestic,0,0,0,13,unknown,24,False,,67.0,4.204692619390966,,12313.432835820897,9.418446045925853,,12313.432835820897,9.418446045925853
Thùng 24 ly mì liền khoai tây Cung Đình Micoem vị lẩu tôm chua cay 71g,Thùng,Mì,Mì - Thực Phẩm Ăn Liền,220000.0,220000.0,13,0.0,,0.0,1,0.0,0,0,1,0,0.0,0,Cung Đình,prestige_leader,1,1,1,0,domestic,0,0,0,16,unknown,24,False,,71.0,4.2626798770413155,,12910.798122065728,9.465819303933328,,12910.798122065728,9.465819303933328
Thùng 30 gói bánh đa cua Vifon 60g,Thùng,Miến - Hủ Tíu - Bánh Canh,Mì - Thực Phẩm Ăn Liền,244000.0,244000.0,21,0.0,,0.0,1,0.0,0,0,1,0,0.0,0,Vifon,household_giant,0,1,1,0,domestic,0,0,0,8,unknown,30,False,,60.0,4.0943445622221,,13555.555555555555,9.514551746379174,,13555.555555555555,9.514551746379174
Thùng 30 gói hương vị sa tế hành tím Hảo Hảo 75g,Thùng,Mì,Mì - Thực Phẩm Ăn Liền,128000.0,128000.0,18,0.0,,0.0,1,0.0,0,0,1,0,0.0,0,Hảo Hảo,household_giant,0,1,1,0,domestic,0,0,0,12,unknown,30,False,,75.0,4.31748811353631,,5688.888888888889,8.64627023369138,,5688.888888888889,8.64627023369138
Thùng 30 gói mì Kokomi Đại 90 Tôm chua cay 90g,Thùng,Mì,Mì - Thực Phẩm Ăn Liền,122235.29411764706,128000.0,17,0.4117647058823529,0.109375,0.0581026555219549,2,0.1228070175438595,1,0,1,7,7.0,0,Kokomi,local_value,0,0,1,0,domestic,0,0,0,11,unknown,30,False,,90.0,4.499809670330265,,4527.23311546841,8.417866240580764,,4740.740740740741,8.463948676897425
Thùng 30 gói mì hương vị thịt bằm Đệ Nhất gói 83g,Thùng,Mì,Mì - Thực Phẩm Ăn Liền,242000.0,242000.0,26,0.0,,0.0,1,0.0,0,0,1,0,0.0,0,,,0,0,0,0,domestic,0,0,0,12,unknown,30,False,,83.0,4.418840607796598,,9718.875502008033,9.181825201668161,,9718.875502008033,9.181825201668161
Thùng 30 gói mì khoai tây hương vị thịt hầm nấm Cung Đình 79g,Thùng,Mì,Mì - Thực Phẩm Ăn Liền,241000.0,241000.0,27,0.0,,0.0,1,0.0,0,0,1,0,0.0,0,Cung Đình,prestige_leader,1,1,1,0,domestic,0,0,0,14,unknown,30,False,,79.0,4.3694478524670215,,10168.776371308017,9.227077164331707,,10168.776371308017,9.227077164331707
Thùng 30 gói mì khoai tây vị cua bể rau răm Cung Đình 79g,Thùng,Mì,Mì - Thực Phẩm Ăn Liền,241000.0,241000.0,26,0.0,,0.0,1,0.0,0,0,1,0,0.0,0,Cung Đình,prestige_leader,1,1,1,0,domestic,0,0,0,14,unknown,30,False,,79.0,4.3694478524670215,,10168.776371308017,9.227077164331707,,10168.776371308017,9.227077164331707
Thùng 30 gói mì lẩu Thái hương vị tôm Vina 80g/81g,Thùng,Mì,Mì - Thực Phẩm Ăn Liền,246000.0,246000.0,20,0.0,,0.0,1,0.0,0,0,1,0,0.0,0,,,0,0,0,0,Thái,1,0,0,11,unknown,30,False,,81.0,4.394449154672439,,10123.456790123457,9.222610464567998,,10123.456790123457,9.222610464567998
Thùng 30 gói mì trộn khoai tây sốt spaghetti Omachi 91g,Thùng,Mì,Mì - Thực Phẩm Ăn Liền,255913.0434782609,270000.0,23,0.391304347826087,0.1333333333333333,0.0701972490825715,2,0.1538461538461537,1,0,1,9,9.0,0,Omachi,prestige_leader,1,1,1,0,domestic,0,0,0,11,unknown,30,False,,91.0,4.51085950651685,,9374.104156712852,9.145706289655491,,9890.10989010989,9.199290535789597
Thùng 30 gói mì tôm chua cay Hảo Hảo Vina Acecook 75g,Thùng,Mì,Mì - Thực Phẩm Ăn Liền,128000.0,128000.0,21,0.0,,0.0,1,0.0,0,0,1,0,0.0,0,Hảo Hảo,household_giant,0,1,1,0,domestic,0,0,0,12,unknown,30,False,,75.0,4.31748811353631,,5688.888888888889,8.64627023369138,,5688.888888888889,8.64627023369138
Thùng 30 gói mì xào khô vị tôm xào chua ngọt Hảo Hảo 75g,Thùng,Mì,Mì - Thực Phẩm Ăn Liền,128000.0,128000.0,22,0.0,,0.0,1,0.0,0,0,1,0,0.0,0,Hảo Hảo,household_giant,0,1,1,0,domestic,0,0,0,14,unknown,30,False,,75.0,4.31748811353631,,5688.888888888889,8.64627023369138,,5688.888888888889,8.64627023369138
Thùng 30 gói mì ăn liền Doraemon vị bò cuộn phô mai Acecook 62g,Thùng,Mì,Mì - Thực Phẩm Ăn Liền,131500.0,131500.0,19,0.0,,0.0,1,0.0,0,0,1,0,0.0,0,Acecook,household_giant,0,1,1,0,domestic,0,0,0,14,unknown,30,False,,62.0,4.127134385045092,,7069.892473118279,8.8636005498808,,7069.892473118279,8.8636005498808
Thùng 30 gói mì ăn liền khoai tây Cung Đình Micoem lẩu tôm chua cay 77g,Thùng,Mì,Mì - Thực Phẩm Ăn Liền,241000.0,241000.0,21,0.0,,0.0,1,0.0,0,0,1,0,0.0,0,Cung Đình,prestige_leader,1,1,1,0,domestic,0,0,0,16,unknown,30,False,,77.0,4.343805421853684,,10432.900432900433,9.252719594945043,,10432.900432900433,9.252719594945043
Thùng 30 gói mì ăn liền khoai tây Cung Đình Micoem vị gà hầm 79g,Thùng,Mì,Mì - Thực Phẩm Ăn Liền,241000.0,241000.0,27,0.0,,0.0,1,0.0,0,0,1,0,0.0,0,Cung Đình,prestige_leader,1,1,1,0,domestic,0,0,0,15,unknown,30,False,,79.0,4.3694478524670215,,10168.776371308017,9.227077164331707,,10168.776371308017,9.227077164331707
Thùng 30 gói mì ăn liền khoai tây Cung Đình Micoem vị sườn heo hầm măng 79g,Thùng,Mì,Mì - Thực Phẩm Ăn Liền,241000.0,241000.0,24,0.0,,0.0,1,0.0,0,0,1,0,0.0,0,Cung Đình,prestige_leader,1,1,1,0,domestic,0,0,0,17,unknown,30,False,,79.0,4.3694478524670215,,10168.776371308017,9.227077164331707,,10168.776371308017,9.227077164331707
Thùng 30 gói mì ăn liền khoai tây Cung Đình xương hầm ngũ quả 80g,Thùng,Mì,Mì - Thực Phẩm Ăn Liền,241000.0,241000.0,19,0.0,,0.0,1,0.0,0,0,1,0,0.0,0,Cung Đình,prestige_leader,1,1,1,0,domestic,0,0,0,15,unknown,30,False,,80.0,4.382026634673881,,10041.666666666666,9.214498382124846,,10041.666666666666,9.214498382124846
Thùng 30 gói mì ăn liền vị gà vàng Hảo Hảo 74g,Thùng,Mì,Mì - Thực Phẩm Ăn Liền,128000.0,128000.0,18,0.0,,0.0,1,0.0,0,0,1,0,0.0,0,Hảo Hảo,household_giant,0,1,1,0,domestic,0,0,0,12,unknown,30,False,,74.0,4.30406509320417,,5765.7657657657655,8.659693254023521,,5765.7657657657655,8.659693254023521
Thùng 30 gói mì ăn liền vị sườn heo tỏi phi Hảo Hảo 73g,Thùng,Mì,Mì - Thực Phẩm Ăn Liền,128000.0,128000.0,18,0.0,,0.0,1,0.0,0,0,1,0,0.0,0,Hảo Hảo,household_giant,0,1,1,0,domestic,0,0,0,14,unknown,30,False,,73.0,4.290459441148391,,5844.748858447489,8.6732989060793,,5844.748858447489,8.6732989060793
Thùng 30 gói mì ăn liền vị tôm chua cay Reeva gói 65g,Thùng,Mì,Mì - Thực Phẩm Ăn Liền,101000.0,101000.0,19,0.0,,0.0,1,0.0,0,0,1,0,0.0,0,Reeva,local_value,0,0,1,0,domestic,0,0,0,13,unknown,30,False,,65.0,4.174387269895637,,5179.48717948718,8.552461330253696,,5179.48717948718,8.552461330253696
Thùng 30 gói mì ăn liền vị gà nấm Micoem 70g,Thùng,Mì,Mì - Thực Phẩm Ăn Liền,122000.0,122000.0,24,0.0,,0.0,1,0.0,0,0,1,0,0.0,0,,,0,0,0,0,domestic,0,0,0,11,unknown,30,False,,70.0,4.248495242049359,,5809.523809523809,8.66725388599197,,5809.523809523809,8.66725388599197
Thùng 30 gói phở gà ăn liền Vifon 65g,Thùng,Phở - Bún,Mì - Thực Phẩm Ăn Liền,251750.0,264000.0,24,0.2916666666666667,0.1590909090909091,0.0774611165937498,2,0.1891891891891892,1,0,1,7,7.0,0,Vifon,household_giant,0,1,1,0,domestic,0,0,0,9,unknown,30,False,,65.0,4.174387269895637,,12910.25641025641,9.465777345011107,,13538.461538461539,9.513289916558753
Thùng 30 gói phở thịt gà Vina Acecook gói 60g,Thùng,Phở - Bún,Mì - Thực Phẩm Ăn Liền,129000.0,129000.0,23,0.0,,0.0,1,0.0,0,0,1,0,0.0,0,Acecook,household_giant,0,1,1,0,domestic,0,0,0,10,unknown,30,False,,60.0,4.0943445622221,,7166.666666666667,8.877195925447644,,7166.666666666667,8.877195925447644
Thùng 40 gói mì xào khô Goreng indomie đặc biệt 85g,Thùng,Mì,Mì - Thực Phẩm Ăn Liền,234000.0,234000.0,20,0.0,,0.0,1,0.0,0,0,1,0,0.0,0,Indomie,prestige_leader,1,1,1,0,domestic,0,0,0,11,unknown,40,False,,85.0,4.442651256490317,,6882.35294117647,8.836715869723678,,6882.35294117647,8.836715869723678
Thùng 40 gói mì xào khô vị cay nồng Goreng Pedas indomie 79g,Thùng,Mì,Mì - Thực Phẩm Ăn Liền,234000.0,234000.0,20,0.0,,0.0,1,0.0,0,0,1,0,0.0,0,Indomie,prestige_leader,1,1,1,0,domestic,0,0,0,13,unknown,40,False,,79.0,4.3694478524670215,,7405.06329113924,8.909919273746972,,7405.06329113924,8.909919273746972
Thùng 40 gói mì xào khô ăn liền vị sườn Goreng Rasa Iga Penyet Indomie 80g,Thùng,Mì,Mì - Thực Phẩm Ăn Liền,234000.0,234000.0,20,0.0,,0.0,1,0.0,0,0,1,0,0.0,0,Indomie,prestige_leader,1,1,1,0,domestic,0,0,0,16,unknown,40,False,,80.0,4.382026634673881,,7312.5,8.897340491540112,,7312.5,8.897340491540112
Tokpokki Hàn Quốc vị chua ngọt hộp 105g,Hộp,Mì,Mì - Thực Phẩm Ăn Liền,35600.0,35600.0,17,0.0,,0.0,1,0.0,0,0,1,0,0.0,0,,,0,0,0,0,Hàn,1,0,0,8,count,1,False,,105.0,4.653960350157523,,33904.7619047619,10.43131075267069,,33904.7619047619,10.43131075267069
Tokpokki Hàn Quốc vị phô mai gói 140g,Gói,Mì,Mì - Thực Phẩm Ăn Liền,28118.75,34245.3125,64,0.890625,0.2016732693820661,0.0939743783896781,2,0.3088235294117647,1,0,2,57,57.0,1,,,0,0,0,0,Hàn,1,0,0,8,count,1,False,,140.0,4.941642422609304,,20084.82142857143,9.90771965596827,,24460.9375,10.104832736388925
Tokpokki Hàn Quốc vị truyền thống gói 140g,Gói,Mì,Mì - Thực Phẩm Ăn Liền,28075.0,34289.583333333336,48,0.8958333333333334,0.202986388438613,0.0923653761988994,2,0.3088235294117647,1,0,2,43,43.0,1,,,0,0,0,0,Hàn,1,0,0,8,count,1,False,,140.0,4.941642422609304,,20053.57142857143,9.906162542985431,,24492.559523809527,10.106124657503056
Tokpokki MiWon Hàn Quốc vị phô mai gói 140g,Gói,Mì,Mì - Thực Phẩm Ăn Liền,28057.14285714286,34281.63265306123,49,0.8979591836734694,0.2028648822921469,0.0915647943489367,2,0.3088235294117647,1,0,2,44,44.0,1,Miwon,household_giant,0,1,1,0,domestic,0,0,0,9,count,1,False,,140.0,4.941642422609304,,20040.816326530614,9.905526289225977,,24486.880466472307,10.105892761941824
Tokpokki MiWon Hàn Quốc vị phô mai hộp 105g,Hộp,Mì,Mì - Thực Phẩm Ăn Liền,28007.69230769231,34259.61538461538,52,0.903846153846154,0.2025313866986545,0.0892789616705096,2,0.3088235294117647,1,0,2,47,47.0,1,Miwon,household_giant,0,1,1,0,domestic,0,0,0,9,count,1,False,,105.0,4.653960350157523,,26673.992673992674,10.191444312532557,,32628.205128205125,10.392932381277168
Tokpokki vị phô mai Miwon gói 300g,Gói,Mì,Mì - Thực Phẩm Ăn Liền,63100.0,63100.0,16,0.0,,0.0,1,0.0,0,0,1,0,0.0,0,Miwon,household_giant,0,1,1,0,domestic,0,0,0,7,count,1,False,,300.0,5.703782474656201,,21033.333333333332,9.953863759861195,,21033.333333333332,9.953863759861195
Tokpokki vị truyền thống Miwon gói 300g,Gói,Mì,Mì - Thực Phẩm Ăn Liền,63100.0,63100.0,16,0.0,,0.0,1,0.0,0,0,1,0,0.0,0,Miwon,household_giant,0,1,1,0,domestic,0,0,0,7,count,1,False,,300.0,5.703782474656201,,21033.333333333332,9.953863759861195,,21033.333333333332,9.953863759861195
Topokki Hàn Quốc vị truyền thống OFood hộp 105g,Hộp,Mì,Mì - Thực Phẩm Ăn Liền,27936.842105263157,34228.070175438595,57,0.912280701754386,0.2020610724001397,0.0858138141628122,2,0.3088235294117647,1,0,2,52,52.0,1,,,0,0,0,0,Hàn,1,0,0,9,count,1,False,,105.0,4.653960350157523,,26606.516290726813,10.188911438104316,,32598.16207184628,10.392011187601266
​​​​​​​Mì xào khô ăn liền vị gà cay Samyang 140g,Gói,Mì,Mì - Thực Phẩm Ăn Liền,35550.0,36000.0,16,0.0625,0.2,0.050632911392405,2,0.1999999999999999,1,0,1,1,1.0,0,Samyang,prestige_leader,1,1,1,0,domestic,0,0,0,10,count,1,False,,140.0,4.941642422609304,,25392.857142857145,10.142223198610175,,25714.285714285717,10.154801980817034
Ba chỉ hun khói Ông Già Ika gói 300g,Gói,Xúc xích - Thịt Nguội,Thực Phẩm Chế Biến,112000.0,112000.0,77,0.0,,0.0,1,0.0,0,0,1,0,0.0,0,Ông Già Ika,niche_professional,1,0,1,0,domestic,0,0,0,9,count,1,False,,300.0,5.703782474656201,,37333.333333333336,10.527641861609123,,37333.333333333336,10.527641861609123
Ba rọi nạc xông khói Le Gourmet gói 200g,Gói,Xúc xích - Thịt Nguội,Thực Phẩm Chế Biến,82200.0,82200.0,34,0.0,,0.0,1,0.0,0,0,1,0,0.0,0,Le Gourmet,niche_professional,1,0,1,0,domestic,0,0,0,9,count,1,False,,200.0,5.298317366548036,,41100.0,10.623763400484325,,41100.0,10.623763400484325
Ba rọi xông khói Angst-Trường Vinh gói 200g,Gói,Xúc xích - Thịt Nguội,Thực Phẩm Chế Biến,62232.5,64000.0,40,0.175,0.1578125,0.0624522107736858,2,0.1873840445269017,1,0,1,7,7.0,0,Angst,local_value,0,0,1,0,domestic,0,0,0,8,count,1,False,,200.0,5.298317366548036,,31116.25,10.345485469746118,,32000.0,10.373491181781864
Ba rọi xông khói Le Gourmet gói 200g,Gói,Xúc xích - Thịt Nguội,Thực Phẩm Chế Biến,64986.666666666664,71900.0,45,0.8222222222222222,0.1169416983047024,0.0501457670964319,4,0.132283464566929,1,0,1,37,37.0,0,Le Gourmet,niche_professional,1,0,1,0,domestic,0,0,0,8,count,1,False,,200.0,5.298317366548036,,32493.333333333332,10.388790219071034,,35950.0,10.489884363149192
Ba rọi xông khói Việt Nam Angst-Trường Vinh gói 500g,Gói,Xúc xích - Thịt Nguội,Thực Phẩm Chế Biến,154500.0,159000.0,50,0.18,0.1572327044025157,0.0627974004031721,2,0.1865671641791044,1,0,1,9,9.0,0,Angst,local_value,0,0,1,0,domestic,0,0,0,10,count,1,False,,500.0,6.214608098422191,,30900.0,10.338511462885837,,31800.0,10.367221568768269
Bánh Bông lan Maruto Castella 191g,Gói,Thực Phẩm Chế Biến Khác,Thực Phẩm Chế Biến,143000.0,143000.0,58,0.0,,0.0,1,0.0,0,0,1,0,0.0,0,Maruto,local_value,0,0,1,0,domestic,0,0,0,6,count,1,False,,191.0,5.25227342804663,,74869.10994764398,11.223496667183506,,74869.10994764398,11.223496667183506
Bánh Bông lan Maruto Cheese 210g,Gói,Thực Phẩm Chế Biến Khác,Thực Phẩm Chế Biến,138187.71929824562,143000.0,57,0.2280701754385964,0.1475524475524475,0.0646367600709098,2,0.1730926989335521,1,0,1,13,13.0,0,Maruto,local_value,0,0,1,0,domestic,0,0,0,6,count,1,False,,210.0,5.3471075307174685,,65803.67585630744,11.09443097983069,,68095.23809523809,11.128662564512666
Bánh Dorayaki Marukyo dâu 310g,Gói,Thực Phẩm Chế Biến Khác,Thực Phẩm Chế Biến,143500.0,143500.0,66,0.0,,0.0,1,0.0,0,0,1,0,0.0,0,Marukyo,niche_professional,1,0,1,0,domestic,0,0,0,5,count,1,False,,310.0,5.736572297479192,,46290.32258064516,10.742688202690712,,46290.32258064516,10.742688202690712
Bánh Dorayaki Marukyo truyền thống 310g,Gói,Thực Phẩm Chế Biến Khác,Thực Phẩm Chế Biến,143500.0,143500.0,66,0.0,,0.0,1,0.0,0,0,1,0,0.0,0,Marukyo,niche_professional,1,0,1,0,domestic,0,0,0,6,count,1,False,,310.0,5.736572297479192,,46290.32258064516,10.742688202690712,,46290.32258064516,10.742688202690712
Bánh Dorayaki Marukyo trà xanh 310g,Gói,Thực Phẩm Chế Biến Khác,Thực Phẩm Chế Biến,143500.0,143500.0,53,0.0,,0.0,1,0.0,0,0,1,0,0.0,0,Marukyo,niche_professional,1,0,1,0,domestic,0,0,0,6,count,1,False,,310.0,5.736572297479192,,46290.32258064516,10.742688202690712,,46290.32258064516,10.742688202690712
Bánh Sandwich nhỏ Bảo Ngọc gói 275g,Gói,Bánh mì,Thực Phẩm Chế Biến,18536.0,20000.0,25,0.24,0.305,0.1434467174989108,2,0.4388489208633093,1,0,1,6,6.0,0,Bảo Ngọc,local_value,0,0,1,0,domestic,0,0,0,7,count,1,False,,275.0,5.616771097666572,,6740.363636363636,8.815869154433733,,7272.727272727273,8.891886640857647
Bánh bao Malai nhân xíu mại thịt heo 300g,Gói,Bánh bao,Thực Phẩm Chế Biến,34600.0,34600.0,24,0.0,,0.0,1,0.0,0,0,1,0,0.0,0,Malai,local_value,0,0,1,0,domestic,0,0,0,9,count,1,False,,300.0,5.703782474656201,,11533.333333333334,9.352996672377706,,11533.333333333334,9.352996672377706
Bánh bao Malai xíu mại trứng cút 6 cái 300g,Gói,Bánh bao,Thực Phẩm Chế Biến,35300.0,35300.0,23,0.0,,0.0,1,0.0,0,0,1,0,0.0,0,Malai,local_value,0,0,1,0,domestic,0,0,0,10,count,1,False,,300.0,5.703782474656201,,11766.666666666666,9.37302595425328,,11766.666666666666,9.37302595425328
Bánh bao Phú Mỹ Bakery thập cẩm trứng cút 280g,Gói,Bánh bao,Thực Phẩm Chế Biến,33000.0,33000.0,63,0.0,,0.0,1,0.0,0,0,1,0,0.0,0,Phú Mỹ Bakery,local_value,0,0,1,0,Mỹ,1,0,0,10,count,1,False,,280.0,5.634789603169249,,11785.714285714286,9.37464342326746,,11785.714285714286,9.37464342326746
Bánh bao chay bơ sữa Phú Mỹ Bakery 270g,Gói,Bánh bao,Thực Phẩm Chế Biến,32098.0,32098.0,50,0.0,,0.0132997921347362,2,0.0344827586206897,0,0,2,0,0.0,1,Phú Mỹ Bakery,local_value,0,0,1,0,Mỹ,1,0,0,9,count,1,False,,270.0,5.598421958998375,,11888.148148148148,9.383297228870818,,11888.148148148148,9.383297228870818
Bánh bao chay sữa dừa Phú Mỹ Bakery 200g,Gói,Bánh bao,Thực Phẩm Chế Biến,19601.85185185185,19601.85185185185,54,0.0,,0.0103697588625348,2,0.0256410256410255,0,0,2,0,0.0,1,Phú Mỹ Bakery,local_value,0,0,1,0,Mỹ,1,0,0,9,count,1,False,,200.0,5.298317366548036,,9800.925925925925,9.190232142432837,,9800.925925925925,9.190232142432837
Bánh bao chay trắng Malai 40 chiếc 600g,Gói,Bánh bao,Thực Phẩm Chế Biến,38600.0,38600.0,52,0.0,,0.0,1,0.0,0,0,1,0,0.0,0,Malai,local_value,0,0,1,0,domestic,0,0,0,8,count,1,False,,600.0,6.396929655216146,,6433.333333333333,8.769248086224867,,6433.333333333333,8.769248086224867
Bánh bao kim sa Kitkool 240g,Gói,Bánh bao,Thực Phẩm Chế Biến,39000.0,39000.0,54,0.0,,0.0,1,0.0,0,0,1,0,0.0,0,Kitkool,local_value,0,0,1,0,domestic,0,0,0,6,count,1,False,,240.0,5.480638923341991,,16250.0,9.695848187757884,,16250.0,9.695848187757884
Bánh bao nhân gà quay Phú Mỹ Bakery 300g,Gói,Bánh bao,Thực Phẩm Chế Biến,37882.97872340425,37882.97872340425,47,0.0,,0.0626976100377286,2,0.1788617886178862,0,0,2,0,0.0,1,Phú Mỹ Bakery,local_value,0,0,1,0,Mỹ,1,0,0,9,count,1,False,,300.0,5.703782474656201,,12627.659574468084,9.443644891321801,,12627.659574468084,9.443644891321801
Bánh bao nhân thịt heo trứng cút Thọ Phát gói 250g,Gói,Bánh bao,Thực Phẩm Chế Biến,27807.246376811596,29500.0,69,0.4927536231884058,0.1164506480558325,0.0632642385677498,3,0.1389961389961389,1,0,1,34,34.0,0,Thọ Phát,local_value,0,0,1,0,domestic,0,0,0,11,count,1,False,,250.0,5.521460917862246,,11122.898550724638,9.316761194874775,,11800.0,9.375854810453756
Bánh bao nhân xíu mại Phú Mỹ Bakery 300g,Gói,Bánh bao,Thực Phẩm Chế Biến,31748.958333333332,31748.958333333332,48,0.0,,0.1050189889329581,2,0.2621035058430718,0,0,2,0,0.0,1,Phú Mỹ Bakery,local_value,0,0,1,0,Mỹ,1,0,0,9,count,1,False,,300.0,5.703782474656201,,10582.986111111111,9.26700290671557,,10582.986111111111,9.26700290671557
Bánh bông nhài Bảo Minh gói 180g,Gói,Thực Phẩm Chế Biến Khác,Thực Phẩm Chế Biến,33900.0,33900.0,81,0.0,,0.0,1,0.0,0,0,1,0,0.0,0,Bảo Minh,local_value,0,0,1,0,domestic,0,0,0,7,count,1,False,,180.0,5.19295685089021,,18833.333333333332,9.843383628466423,,18833.333333333332,9.843383628466423
Bánh chưng Kay Nọi 800g,Cái,Thực Phẩm Chế Biến Khác,Thực Phẩm Chế Biến,72758.33333333333,72758.33333333333,24,0.0,,0.0095387299570069,2,0.0489208633093525,0,0,2,0,0.0,1,,,0,0,0,0,domestic,0,0,0,5,count,1,False,,800.0,6.684611727667927,,9094.791666666666,9.115457184331063,,9094.791666666666,9.115457184331063
Bánh cốm Bảo Minh hộp 85g,Hộp,Thực Phẩm Chế Biến Khác,Thực Phẩm Chế Biến,10800.0,10800.0,55,0.0,,0.0,1,0.0,0,0,1,0,0.0,0,Bảo Minh,local_value,0,0,1,0,domestic,0,0,0,6,count,1,False,,85.0,4.442651256490317,,12705.882352941177,9.449820342610087,,12705.882352941177,9.449820342610087
Bánh cốm sầu riêng Bảo Minh 85g,Cái,Thực Phẩm Chế Biến Khác,Thực Phẩm Chế Biến,11200.0,11200.0,57,0.0,,0.0,1,0.0,0,0,1,0,0.0,0,Bảo Minh,local_value,0,0,1,0,domestic,0,0,0,7,count,1,False,,85.0,4.442651256490317,,13176.470588235294,9.48618798678096,,13176.470588235294,9.48618798678096
Bánh cốm đậu xanh trần Bảo Minh 85g,Cái,Thực Phẩm Chế Biến Khác,Thực Phẩm Chế Biến,10000.0,10000.0,52,0.0,,0.0,1,0.0,0,0,1,0,0.0,0,Bảo Minh,local_value,0,0,1,0,domestic,0,0,0,8,count,1,False,,85.0,4.442651256490317,,11764.705882352942,9.372859301473957,,11764.705882352942,9.372859301473957
Bánh mì chà bông Staff gói 60g,Gói,Bánh mì,Thực Phẩm Chế Biến,8700.0,8700.0,51,0.0,,0.0,1,0.0,0,0,1,0,0.0,0,Staff,local_value,0,0,1,0,domestic,0,0,0,7,count,1,False,,60.0,4.0943445622221,,14500.0,9.581903928408666,,14500.0,9.581903928408666
Bánh mì hoa cúc OTTO gói 300g,Gói,Bánh mì,Thực Phẩm Chế Biến,41270.37037037037,45900.0,54,0.4629629629629629,0.2178649237472766,0.1219539361991265,2,0.2785515320334262,1,0,1,15,12.5,0,,,0,0,0,0,domestic,0,0,0,7,count,1,False,,300.0,5.703782474656201,,13756.79012345679,9.529287808362707,,15300.0,9.635608107380527
Bánh mì mềm thịt xông khói Staff Plus gói 68g,Cái,Bánh mì,Thực Phẩm Chế Biến,12200.0,12200.0,53,0.0,,0.0,1,0.0,0,0,1,0,0.0,0,Staff,local_value,0,0,1,0,domestic,0,0,0,10,count,1,False,,68.0,4.219507705176107,,17941.176470588234,9.794853711533333,,17941.176470588234,9.794853711533333
Bánh mì sandwich Staff gói 275g,Gói,Bánh mì,Thực Phẩm Chế Biến,19000.0,19000.0,67,0.0,,0.0,1,0.0,0,0,1,0,0.0,0,Staff,local_value,0,0,1,0,domestic,0,0,0,6,count,1,False,,275.0,5.616771097666572,,6909.090909090909,8.840593346470097,,6909.090909090909,8.840593346470097
Bánh mì tươi 6 múi Kinh Đô vị chà bông 90g,Cái,Bánh mì,Thực Phẩm Chế Biến,14000.0,14000.0,57,0.0,,0.0,1,0.0,0,0,1,0,0.0,0,Kinh Đô,household_giant,0,1,1,0,domestic,0,0,1,11,count,1,False,,90.0,4.499809670330265,,15555.555555555555,9.652173124255222,,15555.555555555555,9.652173124255222
Bánh mì tươi Kinh Đô xốt Pizza XX phô mai 70g,Cái,Bánh mì,Thực Phẩm Chế Biến,11900.0,11900.0,65,0.0,,0.0,1,0.0,0,0,1,0,0.0,0,Kinh Đô,household_giant,0,1,1,0,domestic,0,0,1,11,count,1,False,,70.0,4.248495242049359,,17000.0,9.740968623038354,,17000.0,9.740968623038354
Bánh mỳ Paket Bảo Ngọc gói 108g,Gói,Thực Phẩm Chế Biến Khác,Thực Phẩm Chế Biến,12200.0,12200.0,16,0.0,,0.0,1,0.0,0,0,1,0,0.0,0,Bảo Ngọc,local_value,0,0,1,0,domestic,0,0,0,7,count,1,False,,108.0,4.68213122712422,,11296.296296296296,9.33223018958522,,11296.296296296296,9.33223018958522
Bánh ngon Nue vị sữa tươi 33g,Cái,Thực Phẩm Chế Biến Khác,Thực Phẩm Chế Biến,7000.0,7000.0,58,0.0,,0.0,1,0.0,0,0,1,0,0.0,0,Nue,local_value,0,0,1,0,domestic,0,0,1,7,count,1,False,,33.0,3.4965075614664802,,21212.121212121212,9.962328052559062,,21212.121212121212,9.962328052559062
Bánh ngon vị dâu Nue 45g,Cái,Thực Phẩm Chế Biến Khác,Thực Phẩm Chế Biến,7000.0,7000.0,59,0.0,,0.0,1,0.0,0,0,1,0,0.0,0,Nue,local_value,0,0,1,0,domestic,0,0,0,6,count,1,False,,45.0,3.8066624897703196,,15555.555555555555,9.652173124255222,,15555.555555555555,9.652173124255222
Bánh ngon vị phô mai Nue 38g,Cái,Thực Phẩm Chế Biến Khác,Thực Phẩm Chế Biến,8000.0,8000.0,58,0.0,,0.0,1,0.0,0,0,1,0,0.0,0,Nue,local_value,0,0,1,0,domestic,0,0,0,7,count,1,False,,38.0,3.6375861597263857,,21052.631578947367,9.95478084692368,,21052.631578947367,9.95478084692368
Bánh phồng tôm Sa Giang gói 100g,Gói,Thực Phẩm Chế Biến Khác,Thực Phẩm Chế Biến,12200.0,12200.0,69,0.0,,0.0,1,0.0,0,0,1,0,0.0,0,Sa Giang,local_value,0,0,1,0,domestic,0,0,0,7,count,1,False,,100.0,4.605170185988092,,12200.0,9.409191230721348,,12200.0,9.409191230721348
Bánh phồng tôm Sa Giang gói 200g,Gói,Thực Phẩm Chế Biến Khác,Thực Phẩm Chế Biến,18444.285714285714,19000.0,70,0.3857142857142857,0.0758284600389863,0.0544575247345904,3,0.2025316455696202,1,0,1,19,13.5,0,Sa Giang,local_value,0,0,1,0,domestic,0,0,0,7,count,1,False,,200.0,5.298317366548036,,9222.142857142857,9.129362703553506,,9500.0,9.159047077588632
Bánh phồng tôm hạt sen Sa Giang 100g,Gói,Thực Phẩm Chế Biến Khác,Thực Phẩm Chế Biến,10900.0,10900.0,66,0.0,,0.0,1,0.0,0,0,1,0,0.0,0,Sa Giang,local_value,0,0,1,0,domestic,0,0,0,8,count,1,False,,100.0,4.605170185988092,,10900.0,9.296518068217235,,10900.0,9.296518068217235
Bánh phồng tôm rau củ Sa Giang 100g,Gói,Thực Phẩm Chế Biến Khác,Thực Phẩm Chế Biến,10183.333333333334,10400.0,48,0.5416666666666666,0.0384615384615384,0.0197787343844527,2,0.04,1,0,1,19,13.0,0,Sa Giang,local_value,0,0,1,0,domestic,0,0,0,8,count,1,False,,100.0,4.605170185988092,,10183.333333333334,9.228507675931631,,10400.0,9.249561085129464
Bánh pía Cơm Dừa Sữa Mỹ Ngọc 90g,Gói,Thực Phẩm Chế Biến Khác,Thực Phẩm Chế Biến,21900.0,21900.0,62,0.0,,0.0,1,0.0,0,0,1,0,0.0,0,Mỹ Ngọc,local_value,0,0,1,0,domestic,0,0,0,8,count,1,False,,90.0,4.499809670330265,,24333.333333333332,10.099602431462419,,24333.333333333332,10.099602431462419
Bánh pía Mỹ Ngọc chà bông trứng muối phô mai 90g,Gói,Thực Phẩm Chế Biến Khác,Thực Phẩm Chế Biến,20250.0,21900.0,64,0.375,0.2009132420091324,0.1060237116289764,2,0.2514285714285713,1,0,1,13,12.0,0,Mỹ Ngọc,local_value,0,0,1,0,domestic,0,0,0,11,count,1,False,,90.0,4.499809670330265,,22500.0,10.021270588192511,,24333.333333333332,10.099602431462419
Bánh pía chay Bảo Minh gói 300g,Gói,Thực Phẩm Chế Biến Khác,Thực Phẩm Chế Biến,55200.0,55200.0,51,0.0,,0.0,1,0.0,0,0,1,0,0.0,0,Bảo Minh,local_value,0,0,1,0,domestic,0,0,0,7,count,1,False,,300.0,5.703782474656201,,18400.0,9.820105943597078,,18400.0,9.820105943597078
Bánh pía sầu riêng Thiên Lương chay số 11-400g,Gói,Thực Phẩm Chế Biến Khác,Thực Phẩm Chế Biến,65500.0,65500.0,53,0.0,,0.0,1,0.0,0,0,1,0,0.0,0,Thiên Lương,local_value,0,0,1,0,domestic,0,0,0,9,count,1,False,,400.0,5.991464547107982,,16375.0,9.703511060503452,,16375.0,9.703511060503452
Bánh pía sầu riêng Thiên Lương số 9 gói 500g,Gói,Thực Phẩm Chế Biến Khác,Thực Phẩm Chế Biến,97000.0,97000.0,50,0.0,,0.0,1,0.0,0,0,1,0,0.0,0,Thiên Lương,local_value,0,0,1,0,domestic,0,0,0,10,count,1,False,,500.0,6.214608098422191,,19400.0,9.87302834505142,,19400.0,9.87302834505142
Bánh pía sầu riêng Thiên Lương Đặc biệt Số 7-400g,Gói,Thực Phẩm Chế Biến Khác,Thực Phẩm Chế Biến,76000.0,76000.0,48,0.0,,0.0,1,0.0,0,0,1,0,0.0,0,Thiên Lương,local_value,0,0,1,0,domestic,0,0,0,10,count,1,False,,400.0,5.991464547107982,,19000.0,9.852194258148577,,19000.0,9.852194258148577
Bánh pía trứng Bảo Minh gói 300g,Gói,Thực Phẩm Chế Biến Khác,Thực Phẩm Chế Biến,62900.0,62900.0,57,0.0,,0.0,1,0.0,0,0,1,0,0.0,0,Bảo Minh,local_value,0,0,1,0,domestic,0,0,0,7,count,1,False,,300.0,5.703782474656201,,20966.666666666668,9.950689154020422,,20966.666666666668,9.950689154020422
Bánh sừng bò Bauli Moonfils Dâu 45g,Cái,Bánh mì,Thực Phẩm Chế Biến,8932.467532467532,10600.0,77,0.6103896103896104,0.2577278201525492,0.15443623156507,3,0.394736842105263,1,0,1,21,15.666666666666666,0,Bauli,local_value,0,0,1,0,domestic,0,0,0,7,count,1,False,,45.0,3.8066624897703196,,19849.927849927848,9.89595565134439,,23555.555555555555,10.06711697631793
Bánh sừng bò Bauli Moonfils Socola 45g,Cái,Bánh mì,Thực Phẩm Chế Biến,8941.666666666666,10600.0,72,0.6111111111111112,0.2560034305317324,0.1534881638507259,3,0.394736842105263,1,0,1,21,14.666666666666666,0,Bauli,local_value,0,0,1,0,domestic,0,0,0,7,count,1,False,,45.0,3.8066624897703196,,19870.37037037037,9.89698497504856,,23555.555555555555,10.06711697631793
Bánh sừng bò Bauli Moonfils Vanilla 47g,Cái,Bánh mì,Thực Phẩm Chế Biến,8863.157894736842,10600.0,57,0.5789473684210527,0.2830188679245283,0.1686024642862424,2,0.394736842105263,1,0,1,21,16.5,0,Bauli,local_value,0,0,1,0,domestic,0,0,0,7,count,1,False,,47.0,3.8501476017100584,,18857.78275475924,9.844680985901956,,22553.191489361703,10.023631864378192
Bánh sừng hươu Bảo Ngọc gói 175g,Gói,Thực Phẩm Chế Biến Khác,Thực Phẩm Chế Biến,16044.444444444443,17200.0,27,0.2222222222222222,0.3023255813953488,0.1373078529794319,2,0.4333333333333333,1,0,1,6,6.0,0,Bảo Ngọc,local_value,0,0,1,0,domestic,0,0,0,7,count,1,False,,175.0,5.1647859739235145,,9168.253968253968,9.12350214016922,,9828.57142857143,9.193048874866122
Bánh tráng mắm ruốc Vị gói 125g,Gói,Thực Phẩm Chế Biến Khác,Thực Phẩm Chế Biến,28267.241379310344,28267.241379310344,58,0.0,,0.0283740497980977,3,0.0746268656716417,0,0,3,0,0.0,1,,,0,0,0,0,domestic,0,0,0,7,count,1,False,,125.0,4.8283137373023015,,22613.793103448275,10.026315313406212,,22613.793103448275,10.026315313406212
Bánh tráng sốt tôm Vị gói 125g,Gói,Thực Phẩm Chế Biến Khác,Thực Phẩm Chế Biến,33559.32203389831,33559.32203389831,59,0.0,,0.0322984328846498,2,0.0718749999999999,0,0,2,0,0.0,1,,,0,0,0,0,domestic,0,0,0,7,count,1,False,,125.0,4.8283137373023015,,26847.457627118645,10.197926407450788,,26847.457627118645,10.197926407450788
Bánh trứng tươi sợi thịt gà Fasty túi 6gói x 26g,Gói 6,Thực Phẩm Chế Biến Khác,Thực Phẩm Chế Biến,31900.0,41500.0,85,1.0,0.2313253012048192,0.0,1,0.0,1,1,1,85,85.0,0,Fasty,local_value,0,0,1,0,domestic,0,0,1,11,count,6,False,,26.0,3.258096538021482,,20448.71794871795,9.92567546751149,,26602.5641025641,10.188762884957344
Bánh đậu Hoàng Gia,Hộp,Thực Phẩm Chế Biến Khác,Thực Phẩm Chế Biến,41500.0,41500.0,54,0.0,,0.0,1,0.0,0,0,1,0,0.0,0,Hoàng Gia,local_value,0,0,1,0,domestic,0,0,0,4,count,1,False,,,,,,,,,
Bóng bì Thiên Nhiên Xanh gói 100g,Gói,Thực Phẩm Chế Biến Khác,Thực Phẩm Chế Biến,86000.0,86000.0,66,0.0,,0.0,1,0.0,0,0,1,0,0.0,0,Thiên Nhiên Xanh,local_value,0,0,1,0,domestic,0,0,0,7,count,1,False,,100.0,4.605170185988092,,86000.0,11.362102575235644,,86000.0,11.362102575235644
Bông lan trứng muối Sapo hộp 215g,Hộp,Thực Phẩm Chế Biến Khác,Thực Phẩm Chế Biến,50500.0,50500.0,8,0.0,,0.0,1,0.0,0,0,1,0,0.0,0,,,0,0,0,0,domestic,0,0,0,7,count,1,False,,215.0,5.3706380281276624,,23488.372093023256,10.06426077312388,,23488.372093023256,10.06426077312388
Bắp bò Ông già Ika hun khói gói 200g,Gói,Xúc xích - Thịt Nguội,Thực Phẩm Chế Biến,122700.0,122700.0,73,0.0,,0.0,1,0.0,0,0,1,0,0.0,0,Ông Già Ika,niche_professional,1,0,1,0,domestic,0,0,0,9,count,1,False,,200.0,5.298317366548036,,61350.0,11.024350450139057,,61350.0,11.024350450139057
Bịch 6 gói Karo Bánh trứng chà bông phô mai 26g,Gói,Thực Phẩm Chế Biến Khác,Thực Phẩm Chế Biến,33194.666666666664,38800.0,75,0.7466666666666667,0.1934830633284241,0.1065020632617647,3,0.2976588628762542,1,0,1,30,28.0,0,Karo,local_value,0,0,1,0,domestic,0,0,0,11,count,1,False,,26.0,3.258096538021482,,127671.79487179486,11.75721814739651,,149230.76923076922,11.913249173577974
Chà bông heo sạch Ponnie hộp 100g,Hộp,Thực Phẩm Chế Biến Khác,Thực Phẩm Chế Biến,67400.0,67400.0,64,0.0,,0.0,1,0.0,0,0,1,0,0.0,0,Ponnie,local_value,0,0,1,0,domestic,0,0,1,7,count,1,False,,100.0,4.605170185988092,,67400.0,11.118400296900399,,67400.0,11.118400296900399
Chà bông keo sạch Ponnie gói 100g,Gói,Thực Phẩm Chế Biến Khác,Thực Phẩm Chế Biến,51585.71428571428,53900.0,70,0.2142857142857142,0.2003710575139146,0.0865262169140538,2,0.2505800464037122,1,0,1,15,15.0,0,Ponnie,local_value,0,0,1,0,domestic,0,0,1,7,count,1,False,,100.0,4.605170185988092,,51585.71428571428,10.851000058210236,,53900.0,10.89488575689709
Chân giò heo muối Ngọc Thơm 300g,Gói,Xúc xích - Thịt Nguội,Thực Phẩm Chế Biến,93551.35135135136,96300.0,74,0.2432432432432432,0.1173416407061266,0.0521772702373732,2,0.1329411764705883,1,0,1,18,18.0,0,Ngọc Thơm,local_value,0,0,1,0,domestic,0,0,0,7,count,1,False,,300.0,5.703782474656201,,31183.783783783787,10.347653488160702,,32100.0,10.376611309118108
Chân giò hun khói Thanh Nga 300g,Gói,Xúc xích - Thịt Nguội,Thực Phẩm Chế Biến,84500.0,84500.0,35,0.0,,0.0,1,0.0,0,0,1,0,0.0,0,Thanh Nga,local_value,0,0,1,0,domestic,0,0,0,7,count,1,False,,300.0,5.703782474656201,,28166.666666666668,10.245894524677155,,28166.666666666668,10.245894524677155
Chân giò hun khói Ông Già Ika gói 400g,Gói,Xúc xích - Thịt Nguội,Thực Phẩm Chế Biến,131800.0,131800.0,79,0.0,,0.0,1,0.0,0,0,1,0,0.0,0,Ông Già Ika,niche_professional,1,0,1,0,domestic,0,0,0,9,count,1,False,,400.0,5.991464547107982,,32950.0,10.402746539930654,,32950.0,10.402746539930654
Chân giò xông khói rút xương Đức Việt 300g,Gói,Xúc xích - Thịt Nguội,Thực Phẩm Chế Biến,91225.0,98881.25,80,0.5125,0.1508992362650899,0.0823039867567194,5,0.1616161616161616,1,0,2,41,41.0,1,Đức Việt,household_giant,0,1,1,0,domestic,0,0,0,9,count,1,False,,300.0,5.703782474656201,,30408.333333333332,10.322471972636539,,32960.416666666664,10.403062625529264
Chân giò ủ muối Đức Việt gói 450g,Gói,Xúc xích - Thịt Nguội,Thực Phẩm Chế Biến,92346.15384615384,92540.0,65,0.2153846153846154,0.0100558659217877,0.0531164713789555,3,0.1162011173184358,1,0,2,14,14.0,1,Đức Việt,household_giant,0,1,1,0,domestic,0,0,0,8,count,1,False,,450.0,6.1092475827643655,,20521.36752136752,9.929221940405634,,20564.444444444445,9.931318865684716
Chân gà bách thảo Hey Yo 40g,Cái,Thực Phẩm Chế Biến Khác,Thực Phẩm Chế Biến,11300.0,11300.0,61,0.0,,0.0,1,0.0,0,0,1,0,0.0,0,Hey Yo,local_value,0,0,1,0,domestic,0,0,0,7,count,1,False,,40.0,3.6888794541139363,,28250.0,10.248848736574587,,28250.0,10.248848736574587
Chân gà nhất tâm trắng Hey Yo 40g,Cái,Thực Phẩm Chế Biến Khác,Thực Phẩm Chế Biến,11300.0,11300.0,59,0.0,,0.0,1,0.0,0,0,1,0,0.0,0,Hey Yo,local_value,0,0,1,0,domestic,0,0,0,8,count,1,False,,40.0,3.6888794541139363,,28250.0,10.248848736574587,,28250.0,10.248848736574587
Chân gà vị cay Chef Biggy 30g,Cái,Thực Phẩm Chế Biến Khác,Thực Phẩm Chế Biến,10800.0,10800.0,55,0.0,,0.0,1,0.0,0,0,1,0,0.0,0,Chef Biggy,local_value,0,0,1,0,domestic,0,0,0,7,count,1,False,,30.0,3.4011973816621555,,36000.0,10.491274217438248,,36000.0,10.491274217438248
Chân gà vị mật ong Chef Biggy 30g,Cái,Thực Phẩm Chế Biến Khác,Thực Phẩm Chế Biến,10800.0,10800.0,57,0.0,,0.0,1,0.0,0,0,1,0,0.0,0,Chef Biggy,local_value,0,0,1,0,domestic,0,0,0,8,count,1,False,,30.0,3.4011973816621555,,36000.0,10.491274217438248,,36000.0,10.491274217438248
Chả cốm làng vòng Hoa Doanh gói 200g,Gói,Thực Phẩm Chế Biến Khác,Thực Phẩm Chế Biến,40000.0,40000.0,25,0.0,,0.0,1,0.0,0,0,1,0,0.0,0,Hoa Doanh,local_value,0,0,1,0,domestic,0,0,0,8,count,1,False,,200.0,5.298317366548036,,20000.0,9.903487552536127,,20000.0,9.903487552536127
Cánh gà tây hun khói Nguyễn Hồng 500/600g,Gói,Xúc xích - Thịt Nguội,Thực Phẩm Chế Biến,336000.0,336000.0,66,0.0,,0.0,1,0.0,0,0,1,0,0.0,0,,,0,0,0,0,domestic,0,0,0,8,count,1,False,,600.0,6.396929655216146,,56000.0,10.933106969717286,,56000.0,10.933106969717286
Da cá trứng muối cay Feddy 25g,Gói,Thực Phẩm Chế Biến Khác,Thực Phẩm Chế Biến,18336.842105263157,20400.0,38,0.3684210526315789,0.2745098039215686,0.1492933488574138,2,0.3783783783783783,1,0,1,14,14.0,0,Feddy,local_value,0,0,1,0,domestic,0,0,0,7,count,1,False,,25.0,3.2188758248682006,,73347.36842105263,11.202961905913934,,81600.0,11.309584540952198
Da cá trứng muối cay Feddy 50g,Gói,Thực Phẩm Chế Biến Khác,Thực Phẩm Chế Biến,36233.333333333336,39500.0,42,0.3333333333333333,0.2481012658227848,0.1290459105266119,2,0.32996632996633,1,0,1,14,14.0,0,Feddy,local_value,0,0,1,0,domestic,0,0,0,7,count,1,False,,50.0,3.912023005428146,,72466.66666666667,11.190881965001136,,79000.0,11.27720313144916
Da cá vị trứng muối Feddy G gói 25g,Gói,Thực Phẩm Chế Biến Khác,Thực Phẩm Chế Biến,18639.655172413793,19400.0,58,0.1551724137931034,0.2525773195876288,0.0960121237809932,2,0.3379310344827586,1,0,1,9,9.0,0,Feddy,local_value,0,0,1,0,domestic,0,0,0,9,count,1,False,,25.0,3.2188758248682006,,74558.62068965517,11.219340949854335,,77600.0,11.25932270617131
Da cá vị trứng muối Feddy gói 50g,Gói,Thực Phẩm Chế Biến Khác,Thực Phẩm Chế Biến,34203.38983050847,35500.0,59,0.1525423728813559,0.2394366197183098,0.0901189306480697,2,0.3148148148148149,1,0,1,9,9.0,0,Feddy,local_value,0,0,1,0,domestic,0,0,0,8,count,1,False,,50.0,3.912023005428146,,68406.77966101695,11.133227216549917,,71000.0,11.170435156023453
Dăm bông vai Angst-Trường Vinh gói 200g,Gói,Xúc xích - Thịt Nguội,Thực Phẩm Chế Biến,58500.0,58500.0,53,0.0,,0.0,1,0.0,0,0,1,0,0.0,0,Angst,local_value,0,0,1,0,domestic,0,0,0,7,count,1,False,,200.0,5.298317366548036,,29250.0,10.283634852660002,,29250.0,10.283634852660002
Dăm bông đùi Angst-Trường Vinh gói 200g,Gói,Xúc xích - Thịt Nguội,Thực Phẩm Chế Biến,51596.0,53000.0,75,0.1733333333333333,0.1528301886792452,0.0598260065429308,2,0.1804008908685967,1,0,1,13,13.0,0,Angst,local_value,0,0,1,0,domestic,0,0,0,7,count,1,False,,200.0,5.298317366548036,,25798.0,10.158052248525081,,26500.0,10.184900011974314
Dọi quế hong khói Đức Việt gói 200g,Gói,Xúc xích - Thịt Nguội,Thực Phẩm Chế Biến,40290.90909090909,40290.90909090909,77,0.0,,0.0522454810724541,2,0.1105263157894735,0,0,2,0,0.0,1,Đức Việt,household_giant,0,1,1,0,domestic,0,0,0,8,count,1,False,,200.0,5.298317366548036,,20145.454545454544,9.910733961056895,,20145.454545454544,9.910733961056895
Gà hun khói Ông Già Ika gói 450g,Gói,Xúc xích - Thịt Nguội,Thực Phẩm Chế Biến,156812.98701298705,157100.0,77,0.0129870129870129,0.1406747294716741,0.0160607152999988,2,0.1406747294716741,1,0,1,1,1.0,0,Ông Già Ika,niche_professional,1,0,1,0,domestic,0,0,0,8,count,1,False,,450.0,6.1092475827643655,,34847.33044733046,10.458731812030269,,34911.11111111111,10.460560427467438
Gà muối Ngọc Thơm 500g,Gói,Xúc xích - Thịt Nguội,Thực Phẩm Chế Biến,128387.03703703704,150051.85185185185,54,0.7222222222222222,0.2009130525005187,0.1620030633033475,5,0.5815815815815817,1,0,2,18,13.0,1,Ngọc Thơm,local_value,0,0,1,0,domestic,0,0,0,5,count,1,False,,500.0,6.214608098422191,,25677.40740740741,10.153366795051856,,30010.370370370372,10.309298279923414
Gà xì dầu Ngọc Thơm 500g,Gói,Thực Phẩm Chế Biến Khác,Thực Phẩm Chế Biến,149500.0,149500.0,52,0.0,,0.0,1,0.0,0,0,1,0,0.0,0,Ngọc Thơm,local_value,0,0,1,0,domestic,0,0,0,6,count,1,False,,500.0,6.214608098422191,,29900.0,10.305613759378778,,29900.0,10.305613759378778
Jambong vai xông khói Angst Trường Vinh,Gói,Xúc xích - Thịt Nguội,Thực Phẩm Chế Biến,63000.0,63000.0,27,0.0,,0.0,1,0.0,0,0,1,0,0.0,0,Angst,local_value,0,0,1,0,domestic,0,0,0,7,count,1,False,,,,,,,,,
Khô Bò vị cà ry miếng 200g,Gói,Thực Phẩm Chế Biến Khác,Thực Phẩm Chế Biến,166376.4705882353,173500.0,68,0.6470588235294118,0.0634529735394288,0.0321651671520229,3,0.0716491661519456,1,0,1,44,44.0,0,,,0,0,0,0,domestic,0,0,0,7,count,1,False,,200.0,5.298317366548036,,83188.23529411765,11.328861214096062,,86750.0,11.370785697809106
Khô Bò vị cà ry sợi 200g,Gói,Thực Phẩm Chế Biến Khác,Thực Phẩm Chế Biến,150276.1194029851,160400.0,67,0.6417910447761194,0.0983442556399698,0.0510954430495969,3,0.1146629603891591,1,0,1,43,43.0,0,,,0,0,0,0,domestic,0,0,0,7,count,1,False,,200.0,5.298317366548036,,75138.05970149254,11.227082496349686,,80200.0,11.292278793854607
Khô bò miếng Kiến Lĩnh vị Tứ Xuyên 200g,Gói,Thực Phẩm Chế Biến Khác,Thực Phẩm Chế Biến,166941.17647058822,175100.0,68,0.6470588235294118,0.0720107990239343,0.0366318517974752,3,0.0815318097591104,1,0,1,44,44.0,0,Kiến Lĩnh,local_value,0,0,1,0,domestic,0,0,0,9,count,1,False,,200.0,5.298317366548036,,83470.58823529411,11.332249612085963,,87550.0,11.379965337713998
Khô bò viên Kiến Lĩnh vị cà ri 200g,Gói,Thực Phẩm Chế Biến Khác,Thực Phẩm Chế Biến,173500.0,173500.0,63,0.0,,0.0,1,0.0,0,0,1,0,0.0,0,Kiến Lĩnh,local_value,0,0,1,0,domestic,0,0,0,9,count,1,False,,200.0,5.298317366548036,,86750.0,11.370785697809106,,86750.0,11.370785697809106
Khô gà lá chanh Chà Bông Việt gói 100g,Gói,Thực Phẩm Chế Biến Khác,Thực Phẩm Chế Biến,50600.0,50600.0,51,0.0,,0.0,1,0.0,0,0,1,0,0.0,0,,,0,0,0,0,domestic,0,0,0,9,count,1,False,,100.0,4.605170185988092,,50600.0,10.831706855275558,,50600.0,10.831706855275558
Kim chi cải thảo Cô Hường 500g,Hộp,Kim chi,Thực Phẩm Chế Biến,44300.0,44300.0,6,0.0,,0.0,1,0.0,0,0,1,0,0.0,0,Cô Hường,local_value,0,0,1,0,domestic,0,0,0,7,count,1,False,,500.0,6.214608098422191,,8860.0,9.089302043599126,,8860.0,9.089302043599126
Kim chi cải thảo King BBQ cắt lát 450g,Hộp,Kim chi,Thực Phẩm Chế Biến,48400.0,48400.0,38,0.0,,0.0,1,0.0,0,0,1,0,0.0,0,,,0,0,0,0,domestic,0,0,0,9,count,1,False,,450.0,6.1092475827643655,,10755.555555555555,9.28317769592845,,10755.555555555555,9.28317769592845
Kim chi cải thảo chay King BBQ 450g,Hộp,Kim chi,Thực Phẩm Chế Biến,50100.0,50100.0,22,0.0,,0.0,1,0.0,0,0,1,0,0.0,0,,,0,0,0,0,domestic,0,0,0,8,count,1,False,,450.0,6.1092475827643655,,11133.333333333334,9.317698890296683,,11133.333333333334,9.317698890296683
Kim chi cải thảo chay cắt King 500g,Gói,Kim chi,Thực Phẩm Chế Biến,45000.0,45000.0,56,0.0,,0.0,1,0.0,0,0,1,0,0.0,0,,,0,0,0,0,domestic,0,0,0,8,count,1,False,,500.0,6.214608098422191,,9000.0,9.104979856318357,,9000.0,9.104979856318357
Kim chi cải thảo chay Ông Kim's hộp 500g,Hộp,Kim chi,Thực Phẩm Chế Biến,48500.0,48500.0,70,0.0,,0.0,1,0.0,0,0,1,0,0.0,0,Ông Kim,local_value,0,0,1,0,domestic,0,0,0,9,count,1,False,,500.0,6.214608098422191,,9700.0,9.179881164491475,,9700.0,9.179881164491475
Kim chi cải thảo cây King BBQ 950g,Gói,Kim chi,Thực Phẩm Chế Biến,97900.0,97900.0,13,0.0,,0.0,1,0.0,0,0,1,0,0.0,0,,,0,0,0,0,domestic,0,0,0,8,count,1,False,,950.0,6.856461984594587,,10305.263157894737,9.240410029912107,,10305.263157894737,9.240410029912107
Kim chi cải thảo cây cao cấp King gói 500g,Gói,Kim chi,Thực Phẩm Chế Biến,45000.0,45000.0,56,0.0,,0.0,1,0.0,0,0,1,0,0.0,0,,,0,0,0,0,domestic,0,0,0,10,count,1,False,,500.0,6.214608098422191,,9000.0,9.104979856318357,,9000.0,9.104979856318357
Kim chi cải thảo cây ÔNG KIM'S gói 1kg,Gói,Kim chi,Thực Phẩm Chế Biến,95900.0,96700.0,42,0.0476190476190476,0.1737331954498449,0.0377588791891132,2,0.2102628285356695,1,0,1,2,2.0,0,Ông Kim,local_value,0,0,1,0,domestic,0,0,0,9,count,1,False,,1000.0,6.907755278982137,,9590.0,9.168476167877484,,9670.0,9.17678358844734
Kim chi cải thảo cắt King 500g,Gói,Kim chi,Thực Phẩm Chế Biến,44000.0,44000.0,56,0.0,,0.0,1,0.0,0,0,1,0,0.0,0,,,0,0,0,0,domestic,0,0,0,7,count,1,False,,500.0,6.214608098422191,,8800.0,9.082507000466299,,8800.0,9.082507000466299
Kim chi cải thảo cắt lát Ông Kim's hộp 500g,Hộp,Kim chi,Thực Phẩm Chế Biến,44591.228070175435,48600.0,57,0.4385964912280701,0.1880658436213992,0.1028840792987328,3,0.249357326478149,1,0,1,13,8.333333333333334,0,Ông Kim,local_value,0,0,1,0,domestic,0,0,0,10,count,1,False,,500.0,6.214608098422191,,8918.245614035088,9.09585452618909,,9720.0,9.181940897454485
Kim chi cải thảo cắt lát Ông Kim's túi 100g,Gói,Kim chi,Thực Phẩm Chế Biến,13815.853658536584,14200.0,82,0.1829268292682926,0.1478873239436619,0.0591255461734036,2,0.1735537190082645,1,0,1,15,15.0,0,Ông Kim,local_value,0,0,1,0,domestic,0,0,0,10,count,1,False,,100.0,4.605170185988092,,13815.853658536584,9.533572027597327,,14200.0,9.560997243589352
Kim chi cải thảo ngò Ông Kim's hộp 500g,Hộp,Kim chi,Thực Phẩm Chế Biến,49000.0,49000.0,56,0.0,,0.0,1,0.0,0,0,1,0,0.0,0,Ông Kim,local_value,0,0,1,0,domestic,0,0,0,9,count,1,False,,500.0,6.214608098422191,,9800.0,9.190137664658664,,9800.0,9.190137664658664
LC Xúc Xích LC Yummy St 200g,Gói,Xúc xích - Thịt Nguội,Thực Phẩm Chế Biến,29700.0,29700.0,63,0.0,,0.0,1,0.0,0,0,1,0,0.0,0,,,0,0,0,0,domestic,0,0,0,7,count,1,False,,200.0,5.298317366548036,,14850.0,9.605755144230846,,14850.0,9.605755144230846
Long nhi Chả cốm ngon 300g,Gói,Thực Phẩm Chế Biến Khác,Thực Phẩm Chế Biến,59000.0,59000.0,57,0.0,,0.0,1,0.0,0,0,1,0,0.0,0,Long Nhi,local_value,0,0,1,0,domestic,0,0,0,6,count,1,False,,300.0,5.703782474656201,,19666.666666666668,9.886680434219747,,19666.666666666668,9.886680434219747
Lạp sườn hun khói Cao Bằng Tâm Hòa 500g,Gói,Xúc xích - Thịt Nguội,Thực Phẩm Chế Biến,178600.0,178600.0,52,0.0,,0.0,1,0.0,0,0,1,0,0.0,0,Tâm Hòa,local_value,0,0,1,0,domestic,0,0,0,9,count,1,False,,500.0,6.214608098422191,,35720.0,10.483466034990435,,35720.0,10.483466034990435
Lạp xưởng Mai Quế Lộ Vissan gói 500g,Gói,Xúc xích - Thịt Nguội,Thực Phẩm Chế Biến,118272.0,119900.0,75,0.52,0.0261115031757233,0.0146086830474272,4,0.036697247706422,1,0,1,26,19.5,0,Vissan,household_giant,0,1,1,0,domestic,0,0,0,8,count,1,False,,500.0,6.214608098422191,,23654.4,10.0713044231272,,23980.0,10.084975428581505
Lạp xưởng VISSAN Mai Quế Lộ gói 200g,Gói,Xúc xích - Thịt Nguội,Thực Phẩm Chế Biến,48512.0,49200.0,75,0.52,0.0268918073796122,0.014441193839163,4,0.0345528455284552,1,0,1,26,19.5,0,Vissan,household_giant,0,1,1,0,domestic,0,0,0,8,count,1,False,,200.0,5.298317366548036,,24256.0,10.096419288442098,,24600.0,10.110501721920453
Lạp xưởng Vissan 3 bông mai gói 500g,Gói,Xúc xích - Thịt Nguội,Thực Phẩm Chế Biến,103300.0,103300.0,73,0.0,,0.0,1,0.0,0,0,1,0,0.0,0,Vissan,household_giant,0,1,1,0,domestic,0,0,0,8,count,1,False,,500.0,6.214608098422191,,20660.0,9.93595474267363,,20660.0,9.93595474267363
Lạp xưởng Vissan gói 500g,Gói,Xúc xích - Thịt Nguội,Thực Phẩm Chế Biến,113700.0,113700.0,70,0.0,,0.0,1,0.0,0,0,1,0,0.0,0,Vissan,household_giant,0,1,1,0,domestic,0,0,0,5,count,1,False,,500.0,6.214608098422191,,22740.0,10.031880767304527,,22740.0,10.031880767304527
Lạp xưởng tôm Vissan gói 500g,Gói,Xúc xích - Thịt Nguội,Thực Phẩm Chế Biến,155800.0,155800.0,70,0.0,,0.0,1,0.0,0,0,1,0,0.0,0,Vissan,household_giant,0,1,1,0,domestic,0,0,0,6,count,1,False,,500.0,6.214608098422191,,31160.0,10.346890499984685,,31160.0,10.346890499984685
Lốc 6 gói bánh trứng Karo chà bông 26g,Gói 6,Thực Phẩm Chế Biến Khác,Thực Phẩm Chế Biến,33340.25974025974,38800.0,77,0.7272727272727273,0.1934830633284241,0.1080392209956715,3,0.2976588628762542,1,0,1,30,28.0,0,Karo,local_value,0,0,1,0,domestic,0,0,0,9,count,6,False,,26.0,3.258096538021482,,21371.96137196137,9.969835125662655,,24871.79487179487,10.12148970434992
Măng muối ớt muối dổ Kim bôi lọ 750g,Lọ,Thực Phẩm Chế Biến Khác,Thực Phẩm Chế Biến,43900.0,43900.0,45,0.0,,0.0,1,0.0,0,0,1,0,0.0,0,Kim Bôi,local_value,0,0,1,0,domestic,0,0,0,9,count,1,False,,750.0,6.620073206530356,,5853.333333333333,8.674766578520998,,5853.333333333333,8.674766578520998
Mỳ spaghetti bò bằm phô mai LC Food 270g,Hộp,Thực Phẩm Chế Biến Khác,Thực Phẩm Chế Biến,36600.0,36600.0,54,0.0,,0.0,1,0.0,0,0,1,0,0.0,0,Lc Food,local_value,0,0,1,0,domestic,0,0,0,9,count,1,False,,270.0,5.598421958998375,,13555.555555555555,9.514551746379174,,13555.555555555555,9.514551746379174
Nem Bùi ABC Kinh bắc 170g,Gói,Thực Phẩm Chế Biến Khác,Thực Phẩm Chế Biến,35000.0,35000.0,56,0.0,,0.0,1,0.0,0,0,1,0,0.0,0,,,0,0,0,0,domestic,0,0,0,6,count,1,False,,170.0,5.135798437050262,,20588.235294117647,9.93247508940938,,20588.235294117647,9.93247508940938
Nem Bùi Hải Tuyết 100g,Cái,Thực Phẩm Chế Biến Khác,Thực Phẩm Chế Biến,34900.0,34900.0,58,0.0,,0.0,1,0.0,0,0,1,0,0.0,0,,,0,0,0,0,domestic,0,0,0,5,count,1,False,,100.0,4.605170185988092,,34900.0,10.460242108190519,,34900.0,10.460242108190519
Nugget mực vòng chiên giòn KitKool 300g,Gói,Thực Phẩm Chế Biến Khác,Thực Phẩm Chế Biến,56000.0,56000.0,54,0.0,,0.0,1,0.0,0,0,1,0,0.0,0,Kitkool,local_value,0,0,1,0,domestic,0,0,0,7,count,1,False,,300.0,5.703782474656201,,18666.666666666668,9.834494681049177,,18666.666666666668,9.834494681049177
Salami khô Ông già Ika gói 100g,Gói,Xúc xích - Thịt Nguội,Thực Phẩm Chế Biến,49300.0,49300.0,56,0.0,,0.0,1,0.0,0,0,1,0,0.0,0,Ông Già Ika,niche_professional,1,0,1,0,domestic,0,0,0,7,count,1,False,,100.0,4.605170185988092,,49300.0,10.805679360030782,,49300.0,10.805679360030782
Salami khô Ông già Ika tiêu đỏ 200g,Gói,Xúc xích - Thịt Nguội,Thực Phẩm Chế Biến,96137.03703703704,103100.0,54,0.4444444444444444,0.1519560297445845,0.0817843457154461,3,0.1850574712643677,1,0,1,24,24.0,0,Ông Già Ika,niche_professional,1,0,1,0,domestic,0,0,0,8,count,1,False,,200.0,5.298317366548036,,48068.51851851852,10.780382741160297,,51550.0,10.850307489445106
Sanwhich khoai tây gạo lứt Momiji 300g,Gói,Bánh mì,Thực Phẩm Chế Biến,24721.81818181818,27000.0,55,0.4181818181818181,0.2017713365539452,0.1104174133500459,3,0.291866028708134,1,0,1,15,11.5,0,Momiji,local_value,0,0,1,0,domestic,0,0,0,7,count,1,False,,300.0,5.703782474656201,,8240.60606060606,9.016829171243197,,9000.0,9.104979856318357
Seoul's Hotdog Đức Việt nhân phô mai 250g,Gói,Thực Phẩm Chế Biến Khác,Thực Phẩm Chế Biến,49903.125,52725.0,64,0.21875,0.2443181818181818,0.1075781210695841,3,0.3233082706766916,1,0,2,14,14.0,1,Đức Việt,household_giant,0,1,1,0,domestic,0,0,0,8,count,1,False,,250.0,5.521460917862246,,19961.25,9.901548173155076,,21090.0,9.95655427347282
Sữa bắp non Sài Gòn 300ml,Chai,Thực Phẩm Chế Biến Khác,Thực Phẩm Chế Biến,14840.0,15800.0,55,0.2,0.3037974683544304,0.1305725220095953,2,0.4363636363636363,1,0,1,11,11.0,0,,,0,0,0,0,domestic,0,0,0,6,count,1,False,300.0,,5.703782474656201,4946.666666666667,,8.506469228053263,5266.666666666667,,8.569152930346949
Tai heo muối Ngọc Thơm 200g,Gói,Xúc xích - Thịt Nguội,Thực Phẩm Chế Biến,72515.9420289855,72800.0,69,0.0289855072463768,0.1346153846153846,0.022838416037347,2,0.1555555555555554,1,0,1,2,2.0,0,Ngọc Thơm,local_value,0,0,1,0,domestic,0,0,0,6,count,1,False,,200.0,5.298317366548036,,36257.97101449275,10.498414526165519,,36400.0,10.502324053624832
Thanh cơm lứt Nue Ngũ cốc rong biển 15g,Cái,Thực Phẩm Chế Biến Khác,Thực Phẩm Chế Biến,4500.0,4500.0,49,0.0,,0.0,1,0.0,0,0,1,0,0.0,0,Nue,local_value,0,0,1,0,domestic,0,0,0,9,count,1,False,,15.0,2.70805020110221,,30000.0,10.308952660644293,,30000.0,10.308952660644293
Thăn lưng xông khói Angst-Trường Vinh gói 200g,Gói,Xúc xích - Thịt Nguội,Thực Phẩm Chế Biến,69000.0,69000.0,45,0.0,,0.0,1,0.0,0,0,1,0,0.0,0,Angst,local_value,0,0,1,0,domestic,0,0,0,8,count,1,False,,200.0,5.298317366548036,,34500.0,10.448714603019452,,34500.0,10.448714603019452
Thạch đen Cao Bằng Thạch An 230g,Hộp,Thực Phẩm Chế Biến Khác,Thực Phẩm Chế Biến,24900.0,24900.0,52,0.0,,0.0,1,0.0,0,0,1,0,0.0,0,,,0,0,0,0,domestic,0,0,0,7,count,1,False,,230.0,5.438079308923196,,10826.08695652174,9.289713959517695,,10826.08695652174,9.289713959517695
Thạch đen Cao Bằng Thạch An 480g,Hộp,Thực Phẩm Chế Biến Khác,Thực Phẩm Chế Biến,30831.50684931507,34100.0,73,0.4246575342465753,0.2257118531832371,0.1260413953866291,3,0.3372549019607842,1,0,1,17,15.5,0,,,0,0,0,0,domestic,0,0,0,7,count,1,False,,480.0,6.173786103901937,,6423.230593607306,8.767676477844452,,7104.166666666667,8.868436745357762
Thạch đen trân châu Thạch An ly 280g,Ly,Thực Phẩm Chế Biến Khác,Thực Phẩm Chế Biến,21000.0,21000.0,57,0.0,,0.0,1,0.0,0,0,1,0,0.0,0,,,0,0,0,0,domestic,0,0,0,8,unknown,1,False,,280.0,5.634789603169249,,7500.000000000001,8.922658299524402,,7500.000000000001,8.922658299524402
Thịt lợn hun khói Tâm Hòa Cao bằng gói 500g,Gói,Xúc xích - Thịt Nguội,Thực Phẩm Chế Biến,192500.0,192500.0,52,0.0,,0.0,1,0.0,0,0,1,0,0.0,0,Tâm Hòa,local_value,0,0,1,0,domestic,0,0,0,10,count,1,False,,500.0,6.214608098422191,,38500.0,10.558413520275876,,38500.0,10.558413520275876
Trà sữa Go Thái Sơn 330ml,Chai,Thực Phẩm Chế Biến Khác,Thực Phẩm Chế Biến,16579.245283018867,19500.0,53,0.3396226415094339,0.441025641025641,0.2480072418924669,2,0.441025641025641,1,0,1,18,18.0,0,,,0,0,0,0,Thái,1,0,0,6,count,1,False,330.0,,5.799092654460526,5024.01372212693,,8.521984439459379,5909.090909090909,,8.684247276079404
Trà sữa thái Saionmilk chai 300ml,Chai,Thực Phẩm Chế Biến Khác,Thực Phẩm Chế Biến,16065.30612244898,16800.0,49,0.2448979591836734,0.1785714285714285,0.0811344087501668,2,0.2173913043478261,1,0,1,12,12.0,0,,,0,0,0,0,Thái,1,0,0,6,count,1,False,300.0,,5.703782474656201,5355.102040816327,,8.585805037941444,5600.0,,8.630521876723241
Trà xanh Go Thái Sơn 330ml,Chai,Thực Phẩm Chế Biến Khác,Thực Phẩm Chế Biến,19500.0,19500.0,36,0.0,,0.0,1,0.0,0,0,1,0,0.0,0,,,0,0,0,0,Thái,1,0,0,6,count,1,False,330.0,,5.799092654460526,5909.090909090909,,8.684247276079404,5909.090909090909,,8.684247276079404
Xúc Xích Hanns xông khói tự nhiên 200g,Gói,Xúc xích - Thịt Nguội,Thực Phẩm Chế Biến,29800.0,29800.0,55,0.0,,0.0,1,0.0,0,0,1,0,0.0,0,Hanns,local_value,0,0,1,0,domestic,0,0,1,8,count,1,False,,200.0,5.298317366548036,,14900.0,9.60911649193355,,14900.0,9.60911649193355
Xúc Xích Tiệt Trùng cá phô mai Ponnie 45g,Gói,Xúc xích - Thịt Nguội,Thực Phẩm Chế Biến,10007.246376811594,10500.0,69,0.2898550724637681,0.1619047619047619,0.0776369320723073,2,0.1931818181818181,1,0,1,20,20.0,0,Ponnie,local_value,0,0,1,0,domestic,0,0,0,9,count,1,False,,45.0,3.8066624897703196,,22238.325281803543,10.009572443451995,,23333.333333333332,10.057638232363386
Xúc Xích Tiệt Trùng thịt phô mai Ponnie 45g,Gói,Xúc xích - Thịt Nguội,Thực Phẩm Chế Biến,10014.285714285714,10500.0,70,0.2857142857142857,0.1619047619047619,0.0772423321940107,2,0.1931818181818181,1,0,1,20,20.0,0,Ponnie,local_value,0,0,1,0,domestic,0,0,0,9,count,1,False,,45.0,3.8066624897703196,,22253.96825396825,10.010275620185139,,23333.333333333332,10.057638232363386
Xúc xích Coctail Kitkool 200g,Gói,Xúc xích - Thịt Nguội,Thực Phẩm Chế Biến,41300.0,41300.0,7,0.0,,0.0,1,0.0,0,0,1,0,0.0,0,Kitkool,local_value,0,0,1,0,domestic,0,0,0,5,count,1,False,,200.0,5.298317366548036,,20650.0,9.935470598389179,,20650.0,9.935470598389179
Xúc xích Heo Cao Bồi xốt trứng muối cay 15g,Ly,Xúc xích - Thịt Nguội,Thực Phẩm Chế Biến,10450.0,10800.0,68,0.2058823529411764,0.1574074074074074,0.0662676654377961,2,0.1868131868131868,1,0,1,14,14.0,0,Heo Cao Bồi,local_value,0,0,1,0,domestic,0,0,0,10,unknown,1,False,,15.0,2.70805020110221,,69666.66666666667,11.151477242278839,,72000.0,11.184421397998193
Xúc xích Hotdog Đức Việt gói 200g,Gói,Xúc xích - Thịt Nguội,Thực Phẩm Chế Biến,23144.927536231884,23800.0,69,0.1159420289855072,0.2269076305220883,0.0778750105258006,4,0.3105263157894737,1,0,2,7,4.0,1,Đức Việt,household_giant,0,1,1,0,domestic,0,0,0,7,count,1,False,,200.0,5.298317366548036,,11572.463768115942,9.356383742039945,,11900.0,9.38429367909962
Xúc xích Klobasa Ông Già Ika gói 500g,Gói,Xúc xích - Thịt Nguội,Thực Phẩm Chế Biến,142600.0,142600.0,80,0.0,,0.0,1,0.0,0,0,1,0,0.0,0,Ông Già Ika,niche_professional,1,0,1,0,domestic,0,0,0,8,count,1,False,,500.0,6.214608098422191,,28520.0,10.258360874528233,,28520.0,10.258360874528233
Xúc xích Klobasa ông già Ika 500g,Gói,Xúc xích - Thịt Nguội,Thực Phẩm Chế Biến,151600.0,151600.0,65,0.0,,0.0,1,0.0,0,0,1,0,0.0,0,Ông Già Ika,niche_professional,1,0,1,0,domestic,0,0,0,7,count,1,False,,500.0,6.214608098422191,,30320.0,10.319562839756308,,30320.0,10.319562839756308
Xúc xích Mỹ Đức Việt gói 500g,Gói,Xúc xích - Thịt Nguội,Thực Phẩm Chế Biến,53825.30120481928,59339.75903614458,83,0.6867469879518072,0.1344927321096557,0.0656698707439398,5,0.1338983050847457,1,0,2,41,28.5,1,Đức Việt,household_giant,0,1,1,0,domestic,0,0,0,7,count,1,False,,500.0,6.214608098422191,,10765.060240963856,9.284061005785022,,11867.951807228916,9.381596920670155
Xúc xích Pari Đức Việt gói 500g,Gói,Xúc xích - Thịt Nguội,Thực Phẩm Chế Biến,55049.25373134328,58519.40298507463,67,0.4925373134328358,0.1182530635508691,0.0551200480850278,3,0.1240310077519379,1,0,2,18,16.5,1,Đức Việt,household_giant,0,1,1,0,domestic,0,0,0,7,count,1,False,,500.0,6.214608098422191,,11009.850746268656,9.306545673427625,,11703.880597014926,9.367675740752409
Xúc xích Ponnie dinh dưỡng thịt heo 4*70g,Gói,Xúc xích - Thịt Nguội,Thực Phẩm Chế Biến,30515.384615384617,33100.0,39,0.4102564102564102,0.1903323262839879,0.1037312826973345,3,0.2490566037735848,1,0,1,13,8.0,0,Ponnie,local_value,0,0,1,0,domestic,0,1,0,8,count,1,False,,70.0,4.248495242049359,,43593.4065934066,10.682661192979618,,47285.71428571429,10.763963505303886
Xúc xích Roma Đức Việt gói 500g,Gói,Xúc xích - Thịt Nguội,Thực Phẩm Chế Biến,59446.91358024691,62770.37037037037,81,0.345679012345679,0.1492388665352042,0.0772083956538374,3,0.1867469879518072,1,0,2,15,14.0,1,Đức Việt,household_giant,0,1,1,0,domestic,0,0,0,7,count,1,False,,500.0,6.214608098422191,,11889.382716049382,9.383401072109159,,12554.074074074075,9.437800519296111
Xúc xích Vườn Bia Đức Việt gói 500g,Gói,Xúc xích - Thịt Nguội,Thực Phẩm Chế Biến,105808.75,107086.25,80,0.175,0.0680970149253731,0.0276059381542357,3,0.0927624872579,1,0,2,14,14.0,1,Đức Việt,household_giant,0,1,1,0,domestic,0,0,0,8,count,1,False,,500.0,6.214608098422191,,21161.75,9.959950585766125,,21417.25,9.971951951072512
Xúc xích bò Vissan gói 160g,Gói,Xúc xích - Thịt Nguội,Thực Phẩm Chế Biến,17700.0,17700.0,70,0.0,,0.0,1,0.0,0,0,1,0,0.0,0,Vissan,household_giant,0,1,1,0,domestic,0,0,0,6,count,1,False,,160.0,5.075173815233827,,11062.5,9.311316289316185,,11062.5,9.311316289316185
Xúc xích bò Vissan gói 90g,Gói,Xúc xích - Thịt Nguội,Thực Phẩm Chế Biến,10800.0,10800.0,73,0.0,,0.0,1,0.0,0,0,1,0,0.0,0,Vissan,household_giant,0,1,1,0,domestic,0,0,0,6,count,1,False,,90.0,4.499809670330265,,12000.0,9.392661928770137,,12000.0,9.392661928770137
Xúc xích bò tiệt trùng Every Day Halong Canfoco túi 250g,Gói,Xúc xích - Thịt Nguội,Thực Phẩm Chế Biến,28893.333333333332,33000.0,15,0.9333333333333332,0.1333333333333333,0.0393196278802783,2,0.1538461538461537,1,0,1,14,14.0,0,,,0,0,0,0,domestic,0,0,0,11,count,1,False,,250.0,5.521460917862246,,11557.333333333332,9.35507543510803,,13200.0,9.487972108574462
Xúc xích bò tiệt trùng Vissan gói 280g,Gói,Xúc xích - Thịt Nguội,Thực Phẩm Chế Biến,32579.45205479452,33500.0,73,0.3835616438356164,0.0716417910447761,0.0362708423152116,3,0.0776119402985074,1,0,1,14,14.0,0,Vissan,household_giant,0,1,1,0,domestic,0,0,0,8,count,1,False,,280.0,5.634789603169249,,11635.518590998045,9.361817646380239,,11964.285714285716,9.389681300631999
Xúc xích dinh dưỡng bò Vissan gói 175g,Gói,Xúc xích - Thịt Nguội,Thực Phẩm Chế Biến,21864.788732394365,22000.0,71,0.1690140845070422,0.0363636363636363,0.0138096647676282,2,0.0377358490566037,1,0,1,12,12.0,0,Vissan,household_giant,0,1,1,0,domestic,0,1,0,8,count,1,False,,175.0,5.1647859739235145,,12494.164989939638,9.43301701350015,,12571.42857142857,9.43918194440503
Xúc xích dinh dưỡng thịt heo Ponnie (35gr x 5 Cây),Gói,Xúc xích - Thịt Nguội,Thực Phẩm Chế Biến,21613.513513513513,22900.0,74,0.3783783783783784,0.148471615720524,0.0768129043989248,2,0.1743589743589744,1,0,1,15,14.0,0,Ponnie,local_value,0,0,1,0,domestic,0,1,0,11,count,1,False,,35.0,3.5553480614894135,,61752.895752895754,11.030896148174435,,65428.571428571435,11.08871431404101
Xúc xích heo Vissan gòi 90g,Gói,Xúc xích - Thịt Nguội,Thực Phẩm Chế Biến,10800.0,10800.0,71,0.0,,0.0,1,0.0,0,0,1,0,0.0,0,Vissan,household_giant,0,1,1,0,domestic,0,0,0,6,count,1,False,,90.0,4.499809670330265,,12000.0,9.392661928770137,,12000.0,9.392661928770137
Xúc xích heo Vissan gói 160g,Gói,Xúc xích - Thịt Nguội,Thực Phẩm Chế Biến,17700.0,17700.0,70,0.0,,0.0,1,0.0,0,0,1,0,0.0,0,Vissan,household_giant,0,1,1,0,domestic,0,0,0,6,count,1,False,,160.0,5.075173815233827,,11062.5,9.311316289316185,,11062.5,9.311316289316185
Xúc xích heo tiệt trùng Every Day Halong Canfoco túi 250g,Gói,Xúc xích - Thịt Nguội,Thực Phẩm Chế Biến,28966.666666666668,33000.0,12,0.9166666666666666,0.1333333333333333,0.0438493875333893,2,0.1538461538461537,1,0,1,11,11.0,0,,,0,0,0,0,domestic,0,0,0,11,count,1,False,,250.0,5.521460917862246,,11586.666666666668,9.357610290711218,,13200.0,9.487972108574462
Xúc xích hong khói (50g) Đức Việt gói 500g,Gói,Xúc xích - Thịt Nguội,Thực Phẩm Chế Biến,93993.82716049382,95964.1975308642,81,0.2345679012345679,0.0858018386108273,0.0481901758052243,3,0.1112372304199773,1,0,2,19,19.0,1,Đức Việt,household_giant,0,1,1,0,domestic,0,0,0,9,count,1,False,,500.0,6.214608098422191,,18798.765432098764,9.841546478156385,,19192.83950617284,9.862292546068735
Xúc xích lắc Heo Cao Bồi phô mai hộp 4 cây*15g,Hộp,Xúc xích - Thịt Nguội,Thực Phẩm Chế Biến,10800.0,10800.0,57,0.0,,0.0,1,0.0,0,0,1,0,0.0,0,Heo Cao Bồi,local_value,0,0,1,0,domestic,0,0,0,11,count,1,False,,15.0,2.70805020110221,,72000.0,11.184421397998193,,72000.0,11.184421397998193
Xúc xích lắc Heo Cao Bồi thịt nướng phô mai 5*15g,Ly,Xúc xích - Thịt Nguội,Thực Phẩm Chế Biến,10800.0,10800.0,62,0.0,,0.0,1,0.0,0,0,1,0,0.0,0,Heo Cao Bồi,local_value,0,0,1,0,domestic,0,0,0,11,unknown,1,False,,15.0,2.70805020110221,,72000.0,11.184421397998193,,72000.0,11.184421397998193
Xúc xích lắc phô mai bắp bơ Heo Cao Bồi 64g,Ly,Xúc xích - Thịt Nguội,Thực Phẩm Chế Biến,10800.0,10800.0,54,0.0,,0.0,1,0.0,0,0,1,0,0.0,0,Heo Cao Bồi,local_value,0,0,1,0,domestic,0,0,0,11,unknown,1,False,,64.0,4.1588830833596715,,16875.0,9.733588515740731,,16875.0,9.733588515740731
Xúc xích phô mai LC Food 200g,Gói,Xúc xích - Thịt Nguội,Thực Phẩm Chế Biến,52129.09090909091,60000.0,55,0.5636363636363636,0.2327419354838709,0.1341264788160769,3,0.235,1,0,1,31,31.0,0,Lc Food,local_value,0,0,1,0,domestic,0,0,0,7,count,1,False,,200.0,5.298317366548036,,26064.545454545456,10.168331258129964,,30000.0,10.308952660644293
Xúc xích thịt heo Ponnie cây 45g,Gói,Xúc xích - Thịt Nguội,Thực Phẩm Chế Biến,9997.18309859155,10500.0,71,0.2957746478873239,0.1619047619047619,0.0781605722246751,2,0.1931818181818181,1,0,1,21,21.0,0,Ponnie,local_value,0,0,1,0,domestic,0,0,0,7,count,1,False,,45.0,3.8066624897703196,,22215.962441314554,10.00856633837099,,23333.333333333332,10.057638232363386
Xúc xích tiệt trùng Heo Cao Bồi xốt spaghetti 15g*4,Hộp,Xúc xích - Thịt Nguội,Thực Phẩm Chế Biến,10431.666666666666,10800.0,60,0.2166666666666666,0.1574074074074074,0.067703979180335,2,0.1868131868131868,1,0,1,13,13.0,0,Heo Cao Bồi,local_value,0,0,1,0,domestic,0,0,0,10,count,1,False,,15.0,2.70805020110221,,69544.44444444444,11.149721315576574,,72000.0,11.184421397998193
Xúc xích tiệt trùng Heo Cao Bồi xốt tôm sữa 20g,Ly,Xúc xích - Thịt Nguội,Thực Phẩm Chế Biến,10412.280701754386,10800.0,57,0.2280701754385964,0.1574074074074074,0.0691145726161305,2,0.1868131868131868,1,0,1,13,13.0,0,Heo Cao Bồi,local_value,0,0,1,0,domestic,0,0,0,11,unknown,1,False,,20.0,2.995732273553991,,52061.403508771924,10.86017913763141,,54000.0,10.896739325546411
Xúc xích tiệt trùng Vissan lắc kêu phô mai 3 cây,Hộp,Xúc xích - Thịt Nguội,Thực Phẩm Chế Biến,9900.0,9900.0,58,0.0,,0.0,1,0.0,0,0,1,0,0.0,0,Vissan,household_giant,0,1,1,0,domestic,0,0,0,11,count,1,False,,,,,,,,,
Xúc xích tiệt trùng Vissan trộn đều BBQ 3 cây,Hộp,Xúc xích - Thịt Nguội,Thực Phẩm Chế Biến,10000.0,10000.0,58,0.0,,0.0,1,0.0,0,0,1,0,0.0,0,Vissan,household_giant,0,1,1,0,domestic,0,0,0,10,count,1,False,,,,,,,,,
Xúc xích tỏi Angst Trường Vinh xông khói 200g,Gói,Xúc xích - Thịt Nguội,Thực Phẩm Chế Biến,55000.0,55000.0,74,0.0,,0.0,1,0.0,0,0,1,0,0.0,0,Angst,local_value,0,0,1,0,domestic,0,0,0,9,count,1,False,,200.0,5.298317366548036,,27500.0,10.221941283654663,,27500.0,10.221941283654663
Xúc xích tỏi Đức Việt gói 200g,Gói,Xúc xích - Thịt Nguội,Thực Phẩm Chế Biến,38201.38888888889,40891.666666666664,72,0.4027777777777778,0.1553327987169206,0.0585394419342041,4,0.2112676056338027,1,0,2,15,14.5,1,Đức Việt,household_giant,0,1,1,0,domestic,0,0,0,7,count,1,False,,200.0,5.298317366548036,,19100.694444444445,9.857479971721649,,20445.833333333332,9.925534391730048
Xúc xích viên hong khói Đức Việt gói 500g,Gói,Xúc xích - Thịt Nguội,Thực Phẩm Chế Biến,108544.8717948718,109391.02564102564,78,0.1538461538461538,0.0502283105022831,0.0200332523406653,3,0.0841584158415842,1,0,2,12,12.0,1,Đức Việt,household_giant,0,1,1,0,domestic,0,0,0,9,count,1,False,,500.0,6.214608098422191,,21708.97435897436,9.98548101896384,,21878.20512820513,9.993246220639307
Xúc xích Ông già Ika Klobasa mini gói 250g,Gói,Xúc xích - Thịt Nguội,Thực Phẩm Chế Biến,79500.0,79500.0,73,0.0,,0.0,1,0.0,0,0,1,0,0.0,0,Ông Già Ika,niche_professional,1,0,1,0,domestic,0,0,0,9,count,1,False,,250.0,5.521460917862246,,31800.0,10.367221568768269,,31800.0,10.367221568768269
Xúc xích ăn liền Đức Việt Handy vị bò gói 105g,Gói,Xúc xích - Thịt Nguội,Thực Phẩm Chế Biến,10237.31343283582,10832.835820895523,67,0.4925373134328358,0.1119528619528619,0.0656115706845721,4,0.1368421052631578,1,0,2,18,16.5,1,Đức Việt,household_giant,0,1,1,0,domestic,0,0,0,11,count,1,False,,105.0,4.653960350157523,,9749.822316986494,9.185004339927014,,10316.986496090974,9.241546990200709
Xúc xích ăn liền Đức Việt Handy vị heo gói 105g,Gói,Xúc xích - Thịt Nguội,Thực Phẩm Chế Biến,10288.732394366198,11025.352112676055,71,0.5211267605633803,0.1285012285012285,0.0734632544763906,4,0.1578947368421053,1,0,2,21,18.5,1,Đức Việt,household_giant,0,1,1,0,domestic,0,0,0,11,count,1,False,,105.0,4.653960350157523,,9798.792756539235,9.190014468962143,,10500.335345405767,9.25916247329331
Xúc xích Đức Le Gourmet gói 500g,Gói,Xúc xích - Thịt Nguội,Thực Phẩm Chế Biến,101700.0,121500.0,11,1.0,0.1629629629629629,0.0,1,0.0,1,1,1,11,11.0,0,Le Gourmet,niche_professional,1,0,1,0,domestic,0,0,0,7,count,1,False,,500.0,6.214608098422191,,20340.0,9.920344669602551,,24300.0,10.09823162932864
Xúc xích Đức Việt Hotdog gói 500g,Gói,Xúc xích - Thịt Nguội,Thực Phẩm Chế Biến,60953.24675324675,60953.24675324675,77,0.0,,0.0382498821521537,2,0.0796610169491525,0,0,2,0,0.0,1,Đức Việt,household_giant,0,1,1,0,domestic,0,0,0,7,count,1,False,,500.0,6.214608098422191,,12190.64935064935,9.408424490182847,,12190.64935064935,9.408424490182847
Xúc xích Đức Việt Seoul's 350g,Gói,Xúc xích - Thịt Nguội,Thực Phẩm Chế Biến,61151.78571428572,65712.5,56,0.4464285714285714,0.16241653418124,0.1304166558544685,4,0.2309197651663406,1,0,2,25,25.0,1,Đức Việt,household_giant,0,1,1,0,domestic,0,0,0,6,count,1,False,,350.0,5.857933154483459,,17471.938775510203,9.76835137438958,,18775.0,9.840281476632336
Xúc xích Đức Việt nướng gói 500g,Gói,Xúc xích - Thịt Nguội,Thực Phẩm Chế Biến,99670.73170731709,99670.73170731709,82,0.0,,0.0578893795303469,2,0.1229946524064171,0,0,2,0,0.0,1,Đức Việt,household_giant,0,1,1,0,domestic,0,0,0,7,count,1,False,,500.0,6.214608098422191,,19934.146341463416,9.900189436799913,,19934.146341463416,9.900189436799913
Xúc Đức Việt chua mặn ngọt Beclin,Gói,Thực Phẩm Chế Biến Khác,Thực Phẩm Chế Biến,114852.5,114852.5,80,0.0,,0.0114867339128436,2,0.1143410852713178,0,0,2,0,0.0,1,Đức Việt,household_giant,0,1,1,0,domestic,0,0,0,7,count,1,False,,,,,,,,,
Bột Canh 14% Vifon gói 900g,Gói,Gia Vị,Gia Vị,23200.0,23200.0,46,0.0,,0.0,1,0.0,0,0,1,0,0.0,0,Vifon,household_giant,0,1,1,0,domestic,0,0,0,6,count,1,False,,900.0,6.802394763324311,,2577.777777777778,7.854682980318182,,2577.777777777778,7.854682980318182
Bột Vianco Cary 10g,Gói,Gia Vị,Gia Vị,5000.0,5000.0,50,0.0,,0.0,1,0.0,0,0,1,0,0.0,0,,,0,0,0,0,domestic,0,0,0,4,count,1,False,,10.0,2.302585092994046,,50000.0,10.819778284410283,,50000.0,10.819778284410283
Bột canh Hải Châu gói 190g,Gói,Gia Vị,Gia Vị,5200.0,5200.0,55,0.0,,0.0,1,0.0,0,0,1,0,0.0,0,Hải Châu,local_value,0,0,1,0,domestic,0,0,0,6,count,1,False,,190.0,5.247024072160486,,2736.842105263158,7.914560018397124,,2736.842105263158,7.914560018397124
Bột canh Vifon gói 200g,Gói,Gia Vị,Gia Vị,6420.895522388059,6600.0,67,0.1791044776119403,0.1515151515151515,0.0601681966784973,2,0.1785714285714286,1,0,1,12,12.0,0,Vifon,household_giant,0,1,1,0,domestic,0,0,0,5,count,1,False,,200.0,5.298317366548036,,3210.4477611940297,8.074165695864854,,3300.0,8.101677747454572
Bột canh i-ốt Hải Châu gói 190g,Gói,Gia Vị,Gia Vị,5200.0,5200.0,55,0.0,,0.0,1,0.0,0,0,1,0,0.0,0,Hải Châu,local_value,0,0,1,0,domestic,0,0,0,7,count,1,False,,190.0,5.247024072160486,,2736.842105263158,7.914560018397124,,2736.842105263158,7.914560018397124
Bột canh thịt Hà Nội Hanufood gói 500g,Gói,Gia Vị,Gia Vị,17600.0,17600.0,42,0.0,,0.0,1,0.0,0,0,1,0,0.0,0,Hanufood,local_value,0,0,1,0,domestic,0,0,0,8,count,1,False,,500.0,6.214608098422191,,3520.0,8.166216268592143,,3520.0,8.166216268592143
Bột cà ri không cay Ottogi gói 100g,Gói,Gia Vị,Gia Vị,55600.0,55600.0,30,0.0,,0.0,1,0.0,0,0,1,0,0.0,0,Ottogi,niche_professional,1,0,1,0,domestic,0,0,0,8,count,1,False,,100.0,4.605170185988092,,55600.0,10.925938480238674,,55600.0,10.925938480238674
Bột ngọt (mì chính) Ajinomoto 100g,Gói,Gia Vị,Gia Vị,9300.0,9300.0,51,0.0,,0.0,1,0.0,0,0,1,0,0.0,0,Ajinomoto,household_giant,0,1,1,0,domestic,0,0,0,6,count,1,False,,100.0,4.605170185988092,,9300.0,9.137769679141348,,9300.0,9.137769679141348
Bột ngọt (mì chính) Ajinomoto 2kg,Gói,Gia Vị,Gia Vị,129300.0,129300.0,57,0.0,,0.0,1,0.0,0,0,1,0,0.0,0,Ajinomoto,household_giant,0,1,1,0,domestic,0,0,0,6,count,1,False,,2000.0,7.600902459542082,,6465.0,8.774158291205957,,6465.0,8.774158291205957
Bột ngọt (mì chính) Ajinomoto 400g,Gói,Gia Vị,Gia Vị,34100.0,34100.0,57,0.0,,0.0,1,0.0,0,0,1,0,0.0,0,Ajinomoto,household_giant,0,1,1,0,domestic,0,0,0,6,count,1,False,,400.0,5.991464547107982,,8525.0,9.050758302151717,,8525.0,9.050758302151717
"Bột ngọt (mì chính) Ajinomoto gói 1,8kg",Gói,Gia Vị,Gia Vị,133300.0,133300.0,57,0.0,,0.0,1,0.0,0,0,1,0,0.0,0,Ajinomoto,household_giant,0,1,1,0,domestic,0,0,0,7,count,1,False,,1800.0,7.495541943884256,,7405.555555555556,8.909985748270635,,7405.555555555556,8.909985748270635
Bột ngọt (mì chính) Ajinomoto gói 1kg,Gói,Gia Vị,Gia Vị,70588.13559322034,71130.50847457627,59,0.3389830508474576,0.0224808696056942,0.0142763829158421,3,0.0336605890603085,1,0,2,11,10.0,1,Ajinomoto,household_giant,0,1,1,0,domestic,0,0,0,7,count,1,False,,1000.0,6.907755278982137,,7058.813559322034,8.862032265277591,,7113.050847457627,8.869686523232867
Bột ngọt (mì chính) Ajinomoto gói 454g,Gói,Gia Vị,Gia Vị,35543.10344827586,35900.0,58,0.396551724137931,0.0250696378830083,0.0124949257418815,2,0.0257142857142858,1,0,1,16,11.5,0,Ajinomoto,household_giant,0,1,1,0,domestic,0,0,0,7,count,1,False,,454.0,6.118097198041348,,7828.877411514507,8.965574408529417,,7907.488986784141,8.975565562423114
Bột ngọt (mì chính) Miwon gói 1kg,Gói,Gia Vị,Gia Vị,71879.31034482758,74300.0,58,0.3103448275862069,0.1049798115746971,0.0506413791648438,2,0.1172932330827067,1,0,1,12,9.0,0,Miwon,household_giant,0,1,1,0,domestic,0,0,0,7,count,1,False,,1000.0,6.907755278982137,,7187.931034482758,8.88015865332247,,7430.0,8.913281137711804
Bột ngọt (mì chính) Miwon gói 454g,Gói,Gia Vị,Gia Vị,30479.36507936508,35000.0,63,1.0,0.1291609977324263,0.018765761997301,4,0.054421768707483,1,1,1,63,63.0,0,Miwon,household_giant,0,1,1,0,domestic,0,0,0,7,count,1,False,,454.0,6.118097198041348,,6713.516537305084,8.811878166800872,,7709.251101321586,8.950176328418294
Bột ngọt (mì chính) Vedan gói 454g,Gói,Gia Vị,Gia Vị,32675.43859649123,35900.0,57,0.8245614035087719,0.108931428910093,0.0471507818247184,3,0.1149068322981365,1,0,1,18,15.666666666666666,0,Vedan,household_giant,0,1,1,0,domestic,0,0,0,7,count,1,False,,454.0,6.118097198041348,,7197.23317103331,8.881451949348046,,7907.488986784141,8.975565562423114
Bột nước cốt dừa Mikko gói 150g,Gói,Gia Vị,Gia Vị,20800.0,20800.0,50,0.0,,0.0,1,0.0,0,0,1,0,0.0,0,Mikko,local_value,0,0,1,0,domestic,0,0,0,7,count,1,False,,150.0,5.0106352940962555,,13866.666666666666,9.537243157581244,,13866.666666666666,9.537243157581244
Bột ớt Taeyung gói 454g,Gói,Gia Vị,Gia Vị,185800.0,185800.0,50,0.0,,0.0,1,0.0,0,0,1,0,0.0,0,Taeyung,niche_professional,1,0,1,0,domestic,0,0,0,5,count,1,False,,454.0,6.118097198041348,,40925.11013215859,10.619499093308619,,40925.11013215859,10.619499093308619
Dấm gạo lên men Lisa chai 400ml,Chai,Gia Vị,Gia Vị,19200.0,19200.0,47,0.0,,0.0,1,0.0,0,0,1,0,0.0,0,,,0,0,0,0,domestic,0,0,0,7,count,1,False,400.0,,5.991464547107982,4800.0,,8.476371196895983,4800.0,,8.476371196895983
Dấm táo Heinz chai 473ml,Chai,Gia Vị,Gia Vị,93200.0,93200.0,45,0.0,,0.0,1,0.0,0,0,1,0,0.0,0,Heinz,niche_professional,1,0,1,0,domestic,0,0,0,5,count,1,False,473.0,,6.159095388491933,19704.016913319236,,9.888577798169841,19704.016913319236,,9.888577798169841
Dấm táo Ottogi chai 450ml,Chai,Gia Vị,Gia Vị,21476.190476190477,23500.0,42,0.4047619047619047,0.2127659574468085,0.1156619869257814,2,0.2702702702702702,1,0,1,17,17.0,0,Ottogi,niche_professional,1,0,1,0,domestic,0,0,0,5,count,1,False,450.0,,6.1092475827643655,4772.486772486773,,8.47062278398512,5222.222222222223,,8.560678303355976
Dầu Hào Nam Dương chai 270g,Chai,Gia Vị,Gia Vị,12200.0,17100.0,78,1.0,0.2865497076023391,0.0,1,0.0,1,1,1,78,78.0,0,Nam Dương,household_giant,0,1,1,0,domestic,0,0,0,6,count,1,False,,270.0,5.598421958998375,,4518.518518518518,8.415939457711065,,6333.333333333333,8.753581969480468
Dầu Hướng Dương Tsar 1L,Chai,Gia Vị,Gia Vị,77120.0,78000.0,45,0.2666666666666666,0.0423076923076923,0.0191364738738311,2,0.0441767068273093,1,0,1,12,12.0,0,,,0,0,0,0,domestic,0,0,0,5,count,1,False,1000.0,,6.907755278982137,7712.0,,8.950532836290382,7800.0,,8.961879012677683
Dầu dấm trộn salad Cholimex chai 270g,Chai,Gia Vị,Gia Vị,19016.949152542373,20400.0,59,0.576271186440678,0.1176470588235294,0.0628984374556479,2,0.1333333333333333,1,0,1,12,11.333333333333334,0,Cholimex,household_giant,0,1,1,0,domestic,0,0,0,7,count,1,False,,270.0,5.598421958998375,,7043.314500941619,8.859834148148776,,7555.555555555555,8.930038406822025
Dầu dừa tinh khiết Organic Vietcoco 0.5L,Chai,Gia Vị,Gia Vị,90700.0,90700.0,46,0.0,,0.0,1,0.0,0,0,1,0,0.0,0,Vietcoco,local_value,0,0,1,0,domestic,0,1,0,7,count,1,False,500.0,,6.214608098422191,18140.0,,9.805874723669127,18140.0,,9.805874723669127
Dầu gạo lức nguyên chất Simply RBO 1 lít,Chai,Gia Vị,Gia Vị,65528.301886792455,75500.0,53,1.0,0.1320754716981132,0.0058370275266584,2,0.0121580547112462,1,1,1,53,53.0,0,Simply,household_giant,0,1,1,0,domestic,0,0,1,9,count,1,False,1000.0,,6.907755278982137,6552.830188679245,,8.787652325180044,7550.0,,8.92930284224307
Dầu gạo lứt Light 5 dưỡng chất Tường An chai 1 lít,Chai,Gia Vị,Gia Vị,73295.55555555556,78400.0,45,0.7333333333333333,0.0887832405689548,0.042662958095373,3,0.1280575539568345,1,0,1,11,8.25,0,Tường An,household_giant,0,1,1,0,domestic,0,0,0,12,count,1,False,1000.0,,6.907755278982137,7329.555555555557,,8.899670159421062,7840.0,,8.966994113344454
Dầu gạo nguyên chất Simply chai 2L,Chai,Gia Vị,Gia Vị,125305.88235294116,148000.0,68,1.0,0.1533386327503974,0.0374636821936895,3,0.0806722689075629,1,1,1,68,68.0,0,Simply,household_giant,0,1,1,0,domestic,0,0,1,7,count,1,False,2000.0,,7.600902459542082,6265.294117647058,,8.742780812380994,7400.0,,8.909235279192261
Dầu hào Lee Kum Kee Kum Chun chai 255g,Chai,Gia Vị,Gia Vị,26200.0,26200.0,46,0.0,,0.0,1,0.0,0,0,1,0,0.0,0,Lee Kum Kee,niche_professional,1,0,1,0,domestic,0,0,0,9,count,1,False,,255.0,5.541263545158426,,10274.50980392157,9.237421330578854,,10274.50980392157,9.237421330578854
Dầu hào Maggi chai 350g,Chai,Gia Vị,Gia Vị,25226.666666666668,51080.0,60,0.1833333333333333,0.4385463021826659,0.0989949081182468,2,0.32,1,0,2,11,11.0,1,Maggi,household_giant,0,1,1,0,domestic,0,0,0,5,count,1,False,,350.0,5.857933154483459,,7207.619047619048,8.882893946562282,,14594.285714285714,9.588385341651108
Dầu hào Maggi chai 530g,Chai,Gia Vị,Gia Vị,36039.34426229508,40400.0,61,0.4590163934426229,0.2351485148514851,0.132447012841017,2,0.3074433656957929,1,0,1,26,14.0,0,Maggi,household_giant,0,1,1,0,domestic,0,0,0,5,count,1,False,,530.0,6.272877006546167,,6799.876275904733,8.824659696278779,,7622.641509433963,8.938878243391166
Dầu hào Maggi chai 820g,Chai,Gia Vị,Gia Vị,55600.0,55600.0,49,0.0,,0.0,1,0.0,0,0,1,0,0.0,0,Maggi,household_giant,0,1,1,0,domestic,0,0,0,5,count,1,False,,820.0,6.709304340258298,,6780.487804878049,8.821804325968467,,6780.487804878049,8.821804325968467
Dầu hào chay Maggi từ nấm hương chai 350g,Chai,Gia Vị,Gia Vị,30165.74074074074,33700.0,54,0.4444444444444444,0.2359668644906033,0.1374723881709771,5,0.5784543325526932,1,0,1,16,6.0,0,Maggi,household_giant,0,1,1,0,domestic,0,0,0,9,count,1,False,,350.0,5.857933154483459,,8618.783068783068,9.061699178376376,,9628.57142857143,9.172490147845085
Dầu hào chay Maggi từ nấm hương chai 820g,Chai,Gia Vị,Gia Vị,63400.0,63400.0,44,0.0,,0.0,1,0.0,0,0,1,0,0.0,0,Maggi,household_giant,0,1,1,0,domestic,0,0,0,9,count,1,False,,820.0,6.709304340258298,,7731.707317073171,8.95308498615511,,7731.707317073171,8.95308498615511
Dầu hướng dương Mamrukovskoe 1000ml,Chai,Gia Vị,Gia Vị,91200.0,91200.0,24,0.0,,0.0,1,0.0,0,0,1,0,0.0,0,,,0,0,0,0,domestic,0,0,0,5,count,1,False,1000.0,,6.907755278982137,9120.0,,9.118225083068378,9120.0,,9.118225083068378
Dầu hướng dương Organic Sloboda chai 1 lít,Chai,Gia Vị,Gia Vị,70142.85714285714,75000.0,49,0.3469387755102041,0.1866666666666666,0.0959898636368425,2,0.2295081967213115,1,0,1,17,17.0,0,,,0,0,0,0,domestic,0,1,0,8,count,1,False,1000.0,,6.907755278982137,7014.285714285715,,8.855704164727298,7500.0,,8.922658299524402
Dầu hướng dương Sloboda 1.8L,Chai,Gia Vị,Gia Vị,140000.0,140000.0,28,0.0,,0.0,1,0.0,0,0,1,0,0.0,0,,,0,0,0,0,domestic,0,0,0,5,count,1,False,1800.0,,7.495541943884256,7777.777777777777,,8.959025943695277,7777.777777777777,,8.959025943695277
Dầu hướng dương VitaOrganic cao cấp 1L,Chai,Gia Vị,Gia Vị,92400.0,92400.0,26,0.0,,0.0,1,0.0,0,0,1,0,0.0,0,,,0,0,0,0,domestic,0,1,0,7,count,1,False,1000.0,,6.907755278982137,9240.0,,9.131297164635729,9240.0,,9.131297164635729
Dầu hướng dương VitaOrganic cao cấp chai 2L,Chai,Gia Vị,Gia Vị,183400.0,183400.0,24,0.0,,0.0,1,0.0,0,0,1,0,0.0,0,,,0,0,0,0,domestic,0,1,0,8,count,1,False,2000.0,,7.600902459542082,9170.0,,9.123692565250511,9170.0,,9.123692565250511
Dầu hướng dương chai Simply chai 1L,Chai,Gia Vị,Gia Vị,70394.44444444444,84900.0,72,1.0,0.1708546001832221,0.0182870124513224,4,0.0207182320441988,1,1,1,72,72.0,0,Simply,household_giant,0,1,1,0,domestic,0,0,0,7,count,1,False,1000.0,,6.907755278982137,7039.444444444443,,8.859284531896789,8490.0,,9.046644279305394
Dầu hạt cải Simply chai 1 lít,Chai,Gia Vị,Gia Vị,69046.03174603175,79900.0,63,1.0,0.13584440868546,0.0115947204140875,4,0.0358166189111748,1,1,1,63,63.0,0,Simply,household_giant,0,1,1,0,domestic,0,0,0,7,count,1,False,1000.0,,6.907755278982137,6904.603174603175,,8.839943594909302,7990.0,,8.98594603876032
Dầu mè Ottogi chai 110ml,Chai,Gia Vị,Gia Vị,89400.0,89400.0,54,0.0,,0.0,1,0.0,0,0,1,0,0.0,0,Ottogi,niche_professional,1,0,1,0,domestic,0,0,0,5,count,1,False,110.0,,4.700480365792417,81272.72727272726,,11.30556578135728,81272.72727272726,,11.30556578135728
Dầu mè Tường An chai 1L lít,Chai,Gia Vị,Gia Vị,123927.27272727272,125000.0,33,0.1818181818181818,0.0472,0.0186470728513283,2,0.0495382031905962,1,0,1,6,6.0,0,Tường An,household_giant,0,1,1,0,domestic,0,0,0,7,count,1,False,1000.0,,6.907755278982137,12392.727272727272,,9.424865069264772,12500.0,,9.433483923290392
Dầu mè Tường An chai 400ml,Chai,Gia Vị,Gia Vị,56300.0,58100.0,33,0.3333333333333333,0.0929432013769363,0.0459156872281014,2,0.0929432013769363,1,0,1,11,11.0,0,Tường An,household_giant,0,1,1,0,domestic,0,0,0,6,count,1,False,400.0,,5.991464547107982,14075.0,,9.552155453007892,14525.0,,9.583626581720113
Dầu mè thơm hảo hạng Meizan chai 250ml,Chai,Gia Vị,Gia Vị,58966.666666666664,67500.0,51,1.0,0.1264197530864197,0.0064591777759573,2,0.0136286201022146,1,1,1,51,51.0,0,Meizan,household_giant,0,1,1,0,domestic,0,0,0,8,count,1,False,250.0,,5.521460917862246,23586.666666666664,,10.068436859605612,27000.0,,10.203592144986466
Dầu nành Tường An can 5L,Chai,Gia Vị,Gia Vị,321212.5,338000.0,56,0.625,0.0794674556213017,0.0643070966356849,4,0.1822315494928297,1,0,1,12,11.666666666666666,0,Tường An,household_giant,0,1,1,0,domestic,0,0,0,6,count,1,False,5000.0,,8.517193191416238,6424.25,,8.767835171432257,6760.0,,8.81877816903701
Dầu nành Tường An chai 1L,Chai,Gia Vị,Gia Vị,61230.0,69300.0,60,0.6,0.194083694083694,0.1090612959470892,3,0.26,1,0,1,18,9.0,0,Tường An,household_giant,0,1,1,0,domestic,0,0,0,6,count,1,False,1000.0,,6.907755278982137,6123.0,,8.719807451477955,6930.0,,8.84361509218395
Dầu rán o liu Hanoli chai 1L,Chai,Gia Vị,Gia Vị,266161.53846153844,272900.0,39,0.3076923076923077,0.0802491755221692,0.0384722175555697,2,0.0872509960159362,1,0,1,12,12.0,0,,,0,0,0,0,domestic,0,0,0,7,count,1,False,1000.0,,6.907755278982137,26616.153846153844,,10.18927359789478,27290.0,,10.214275613702384
Dầu rán o liu Hanoli chai 3L,Chai,Gia Vị,Gia Vị,701830.4347826086,717300.0,46,0.2608695652173913,0.082671127840513,0.0375117568598473,2,0.0901215805471125,1,0,1,12,12.0,0,,,0,0,0,0,domestic,0,0,0,7,count,1,False,3000.0,,8.006367567650246,23394.347826086956,,10.060249726275165,23910.0,,10.082052060452371
Dầu thực vật Cái Lân tinh luyện can 5L,Can,Gia Vị,Gia Vị,244325.0,261300.0,52,0.9423076923076924,0.0689410092395167,0.0231777858983684,4,0.1062658763759525,1,0,1,38,24.5,0,Cái Lân,household_giant,0,1,1,0,domestic,0,0,0,9,unknown,1,False,5000.0,,8.517193191416238,4886.5,,8.49423157977889,5226.0,,8.561401446080557
Dầu thực vật Cái Lân tinh luyện chai 2L,Chai,Gia Vị,Gia Vị,98732.20338983052,105600.0,59,0.9491525423728814,0.0685200216450216,0.0227447833511249,3,0.1080797481636937,1,0,1,44,28.0,0,Cái Lân,household_giant,0,1,1,0,domestic,0,0,0,9,count,1,False,2000.0,,7.600902459542082,4936.610169491526,,8.504434174130852,5280.0,,8.571681376700306
Dầu thực vật cao cấp Meizan chai 2L,Chai,Gia Vị,Gia Vị,94400.0,116000.0,24,1.0,0.1862068965517241,0.0,1,0.0,1,1,1,24,24.0,0,Meizan,household_giant,0,1,1,0,domestic,0,0,0,8,count,1,False,2000.0,,7.600902459542082,4720.0,,8.459564078579602,5800.0,,8.66561319653451
Dầu ô liu Extra Virgin Latino Bella chai 250ml,Chai,Gia Vị,Gia Vị,124459.45945945944,131000.0,37,0.2972972972972973,0.1679389312977099,0.0819078779546084,2,0.1679389312977098,1,0,1,11,11.0,0,Latino Bella,niche_professional,1,0,1,0,domestic,0,0,0,9,count,1,False,250.0,,5.521460917862246,49783.78378378377,,10.815444583153164,52400.0,,10.866661870309134
Dầu ô liu Extra Virgin Olivoilà chai 250ml,Chai,Gia Vị,Gia Vị,98902.0,107000.0,50,1.0,0.0756822429906542,0.0001429914018293,2,0.0010111223458038,1,1,1,50,50.0,0,Olivoilà,niche_professional,1,0,1,0,domestic,0,0,0,8,count,1,False,250.0,,5.521460917862246,39560.8,,10.585594007979093,42800.0,,10.664293381569887
Dầu ô liu Extra Virgin Tường An chai 250ml,Chai,Gia Vị,Gia Vị,103590.3846153846,106000.0,52,0.3846153846153846,0.0591037735849056,0.0297238471652927,3,0.0610610610610611,1,0,1,11,10.0,0,Tường An,household_giant,0,1,1,0,domestic,0,0,0,9,count,1,False,250.0,,5.521460917862246,41436.15384615384,,10.631909060033196,42400.0,,10.654903641220049
Dầu ô liu Extra Virgin Tường An chai 500ml,Chai,Gia Vị,Gia Vị,204000.0,204000.0,49,0.0,,0.0,1,0.0,0,0,1,0,0.0,0,Tường An,household_giant,0,1,1,0,domestic,0,0,0,9,count,1,False,500.0,,6.214608098422191,40800.0,,10.616437360392252,40800.0,,10.616437360392252
Dầu ô liu Olivoila Pomace chai 750ml,Chai,Gia Vị,Gia Vị,225910.0,250000.0,60,1.0,0.09636,0.0006136843750286,2,0.0013274336283185,1,1,1,60,60.0,0,Olivoilà,niche_professional,1,0,1,0,domestic,0,0,0,7,count,1,False,750.0,,6.620073206530356,30121.333333333332,,10.312988948309004,33333.333333333336,,10.41431317630212
Dầu ôliu Olivoila Extra Virgin chai750ml,Chai,Gia Vị,Gia Vị,297930.76923076925,322000.0,52,1.0,0.0747491638795986,0.0004283904253091,2,0.001006711409396,1,1,1,52,52.0,0,Olivoilà,niche_professional,1,0,1,0,domestic,0,0,0,6,count,1,False,750.0,,6.620073206530356,39724.10256410257,,10.589713399937713,42933.333333333336,,10.66740380398428
Dầu ăn Ajinomoto JP 1000g,Chai,Gia Vị,Gia Vị,131600.0,131600.0,22,0.0,,0.0,1,0.0,0,0,1,0,0.0,0,Ajinomoto,household_giant,0,1,1,0,domestic,0,0,0,5,count,1,False,,1000.0,6.907755278982137,,13160.0,9.484937204879309,,13160.0,9.484937204879309
Dầu ăn Danh Tiếng Tường An chai 2L,Chai,Gia Vị,Gia Vị,114744.44444444444,123000.0,54,0.5,0.1342366757000903,0.0740616344825053,3,0.1781609195402298,1,0,1,12,9.0,0,Tường An,household_giant,0,1,1,0,domestic,0,0,0,8,count,1,False,2000.0,,7.600902459542082,5737.222222222222,,8.654730438769285,6150.0,,8.724207360800564
Dầu ăn Tường An Gold chai 1L,Chai,Gia Vị,Gia Vị,57035.18518518518,63900.0,54,0.6481481481481481,0.1657500558909009,0.0902472922622266,5,0.2288461538461539,1,0,1,18,8.75,0,Tường An,household_giant,0,1,1,0,domestic,0,0,0,7,count,1,False,1000.0,,6.907755278982137,5703.518518518518,,8.648838547331888,6390.0,,8.762489547371581
Dầu ăn Tường An Gold chai 2L,Chai,Gia Vị,Gia Vị,116822.64150943396,127000.0,53,0.660377358490566,0.1213498312710911,0.0739875406780008,4,0.1759259259259258,1,0,1,12,11.666666666666666,0,Tường An,household_giant,0,1,1,0,domestic,0,0,0,7,count,1,False,2000.0,,7.600902459542082,5841.132075471698,,8.672679905575746,6350.0,,8.756210091886738
Dầu ăn Tường An can 5L,Chai,Gia Vị,Gia Vị,282943.3962264151,295000.0,53,0.2830188679245283,0.1444067796610169,0.0686036706409033,3,0.1799999999999999,1,0,1,8,7.5,0,Tường An,household_giant,0,1,1,0,domestic,0,0,0,6,count,1,False,5000.0,,8.517193191416238,5658.867924528302,,8.640979137857672,5900.0,,8.68270762989381
Dầu ăn Tường An chai 1 lít,Chai,Gia Vị,Gia Vị,50086.76470588235,59000.0,68,0.8088235294117647,0.1867796610169491,0.090517284627546,5,0.2579957356076758,1,0,1,16,13.75,0,Tường An,household_giant,0,1,1,0,domestic,0,0,0,7,count,1,False,1000.0,,6.907755278982137,5008.676470588235,,8.518926981650582,5900.0,,8.68270762989381
Dầu ăn cao cấp Coba chai 1L,Chai,Gia Vị,Gia Vị,59895.454545454544,66100.0,22,0.5909090909090909,0.1588502269288955,0.0882200657357406,2,0.1888489208633093,1,0,1,13,13.0,0,Coba,local_value,0,0,1,0,domestic,0,0,0,7,count,1,False,1000.0,,6.907755278982137,5989.545454545454,,8.697770804180982,6610.0,,8.796338932845732
Dầu ăn cao cấp Meizan GOLD 1L,Chai,Gia Vị,Gia Vị,47725.0,60600.0,48,1.0,0.2124587458745874,0.009917890739166,3,0.0248447204968944,1,1,1,48,48.0,0,Meizan,household_giant,0,1,1,0,domestic,0,0,0,7,count,1,False,1000.0,,6.907755278982137,4772.5,,8.470625555599902,6060.0,,8.70946507906336
Dầu ăn cao cấp Meizan GOLD 2L,Chai,Gia Vị,Gia Vị,93710.20408163263,116000.0,49,1.0,0.1921534130893737,0.0126942484778049,3,0.0260869565217392,1,1,1,49,49.0,0,Meizan,household_giant,0,1,1,0,domestic,0,0,0,7,count,1,False,2000.0,,7.600902459542082,4685.510204081632,,8.45223009036145,5800.0,,8.66561319653451
Dầu ăn cao cấp Meizan GOLD 5L,Chai,Gia Vị,Gia Vị,273500.0,278000.0,12,0.0833333333333333,0.1942446043165467,0.0569961874519923,2,0.1942446043165467,1,0,1,1,1.0,0,Meizan,household_giant,0,1,1,0,domestic,0,0,0,7,count,1,False,5000.0,,8.517193191416238,5470.0,,8.607033895416027,5560.0,,8.623353387244627
Dầu ăn cao cấp Meizan Gold chai 1 lít,Chai,Gia Vị,Gia Vị,48300.0,60600.0,25,1.0,0.2029702970297029,0.0,1,0.0,1,1,1,25,25.0,0,Meizan,household_giant,0,1,1,0,domestic,0,0,0,9,count,1,False,1000.0,,6.907755278982137,4830.0,,8.482601746646619,6060.0,,8.70946507906336
Dầu ăn cao cấp Meizan Gold chai 5L,Chai,Gia Vị,Gia Vị,224000.0,278000.0,12,1.0,0.1942446043165467,0.0,1,0.0,1,1,1,12,12.0,0,Meizan,household_giant,0,1,1,0,domestic,0,0,0,8,count,1,False,5000.0,,8.517193191416238,4480.0,,8.40737832540903,5560.0,,8.623353387244627
Dầu ăn dinh dưỡng Marvela Tường An chai 1L,Chai,Gia Vị,Gia Vị,61900.0,61900.0,46,0.0,,0.0,1,0.0,0,0,1,0,0.0,0,Tường An,household_giant,0,1,1,0,domestic,0,1,0,9,count,1,False,1000.0,,6.907755278982137,6190.0,,8.730690365678642,6190.0,,8.730690365678642
Dầu ăn dinh dưỡng Marvela Tường An chai 5L,Chai,Gia Vị,Gia Vị,283186.6666666667,289000.0,45,0.2666666666666666,0.0754325259515571,0.034426961186611,2,0.0815868263473054,1,0,1,12,12.0,0,Tường An,household_giant,0,1,1,0,domestic,0,1,0,9,count,1,False,5000.0,,8.517193191416238,5663.733333333334,,8.641838553285927,5780.0,,8.662158961666423
Dầu ăn hảo hạng Cái Lân chai 1L,Chai,Gia Vị,Gia Vị,47280.0,50400.0,60,1.0,0.0619047619047619,0.0028296224039116,2,0.0063157894736841,1,1,1,60,60.0,0,Cái Lân,household_giant,0,1,1,0,domestic,0,0,0,8,count,1,False,1000.0,,6.907755278982137,4728.0,,8.461257559085935,5040.0,,8.525161361065415
Dầu ăn olive Kiddy cho trẻ em chai 250ml,Chai,Gia Vị,Gia Vị,107163.33333333331,118000.0,60,1.0,0.0918361581920903,0.0058337948651363,4,0.0111940298507462,1,1,1,60,60.0,0,,,0,0,0,0,domestic,0,0,0,9,count,1,False,250.0,,5.521460917862246,42865.33333333333,,10.665818697434734,47200.0,,10.762149171573647
Dầu ăn thượng hạng Neptune Light can 2 lít,Chai,Gia Vị,Gia Vị,110466.66666666669,126133.33333333331,51,0.7647058823529411,0.1613163739147991,0.0754313576225318,5,0.2026515151515151,1,0,2,22,13.0,1,Neptune,household_giant,0,1,1,0,domestic,0,0,0,9,count,1,False,2000.0,,7.600902459542082,5523.333333333334,,8.616736821752498,6306.666666666666,,8.74936255393776
Dầu ăn thượng hạng Neptune Light chai 5L,Chai,Gia Vị,Gia Vị,283932.60869565216,314000.0,46,0.6304347826086957,0.1518888644849549,0.0822065935107139,3,0.1668524712002972,1,0,1,18,14.5,0,Neptune,household_giant,0,1,1,0,domestic,0,0,0,8,count,1,False,5000.0,,8.517193191416238,5678.652173913043,,8.644469190231513,6280.0,,8.745125259462244
Dầu đậu nành Gold Tiara 2L,Chai,Gia Vị,Gia Vị,111700.0,135000.0,9,1.0,0.1725925925925926,0.0,1,0.0,1,1,1,9,9.0,0,,,0,0,0,0,domestic,0,0,0,6,count,1,False,2000.0,,7.600902459542082,5585.0,,8.6278397115033,6750.0,,8.817297783866575
Dầu đậu nành Janbee chai 1L,Chai,Gia Vị,Gia Vị,65764.44444444444,69000.0,45,0.2888888888888888,0.1623188405797101,0.0780622270460169,2,0.1937716262975779,1,0,1,13,13.0,0,,,0,0,0,0,domestic,0,0,0,6,count,1,False,1000.0,,6.907755278982137,6576.444444444443,,8.791249520286206,6900.0,,8.83927669058535
Dầu đậu nành Meizan 1L,Chai,Gia Vị,Gia Vị,43700.0,63900.0,51,1.0,0.3161189358372457,0.0,1,0.0,1,1,1,51,51.0,0,Meizan,household_giant,0,1,1,0,domestic,0,0,0,5,count,1,False,1000.0,,6.907755278982137,4370.0,,8.382518288089635,6390.0,,8.762489547371581
Dầu đậu nành Meizan 2L,Chai,Gia Vị,Gia Vị,80864.28571428571,124323.80952380953,42,0.9047619047619048,0.3723582211342309,0.0435164411806697,2,0.1445396145610278,1,0,2,27,19.0,1,Meizan,household_giant,0,1,1,0,domestic,0,0,0,5,count,1,False,2000.0,,7.600902459542082,4043.2142857142853,,8.304795269896951,6216.190476190476,,8.734912534465785
Dầu đậu nành Meizan 5L,Chai,Gia Vị,Gia Vị,265379.3103448276,284000.0,29,0.4137931034482758,0.1584507042253521,0.08499287532188,2,0.1882845188284518,1,0,1,12,12.0,0,Meizan,household_giant,0,1,1,0,domestic,0,0,0,5,count,1,False,5000.0,,8.517193191416238,5307.586206896552,,8.57689243591306,5680.0,,8.644706511715198
Dầu đậu nành Meizan can 5L,Chai,Gia Vị,Gia Vị,261945.0,284000.0,20,0.55,0.1411971830985915,0.0781375983504744,2,0.1644116441164411,1,0,1,11,11.0,0,Meizan,household_giant,0,1,1,0,domestic,0,0,0,6,count,1,False,5000.0,,8.517193191416238,5238.9,,8.56386683161391,5680.0,,8.644706511715198
Dầu đậu nành Meizan chai 1L,Chai,Gia Vị,Gia Vị,42944.444444444445,63900.0,27,1.0,0.327942966440619,0.0137508695429051,2,0.0282352941176471,1,1,1,27,27.0,0,Meizan,household_giant,0,1,1,0,domestic,0,0,0,6,count,1,False,1000.0,,6.907755278982137,4294.444444444444,,8.365077476679348,6390.0,,8.762489547371581
Dầu đậu nành Meizan chai 2L,Chai,Gia Vị,Gia Vị,85529.62962962964,129000.0,27,1.0,0.3369796152741889,0.0719199416264241,2,0.1545117428924598,1,1,1,27,27.0,0,Meizan,household_giant,0,1,1,0,domestic,0,0,0,6,count,1,False,2000.0,,7.600902459542082,4276.481481481482,,8.360885866713666,6450.0,,8.771835409789817
Dầu đậu nành Simply chai 1 lít,Chai,Gia Vị,Gia Vị,58666.666666666664,66200.0,60,0.6666666666666666,0.1706948640483384,0.0918229777233809,5,0.2058287795992714,1,0,1,28,20.0,0,Simply,household_giant,0,1,1,0,domestic,0,0,0,7,count,1,False,1000.0,,6.907755278982137,5866.666666666666,,8.677041892358133,6620.0,,8.797850648931053
Dầu đậu nành Simply chai 2L,Chai,Gia Vị,Gia Vị,115800.0,130753.44827586209,58,0.6551724137931034,0.1729066985645933,0.0910514689719639,5,0.2233549582947174,1,0,2,32,19.0,1,Simply,household_giant,0,1,1,0,domestic,0,0,0,6,count,1,False,2000.0,,7.600902459542082,5790.0,,8.663887570567042,6537.672413793104,,8.785336481072163
Dầu đậu nành TƯỜNG AN Marvela 1L,Chai,Gia Vị,Gia Vị,68500.0,68500.0,32,0.0,,0.0,1,0.0,0,0,1,0,0.0,0,Tường An,household_giant,0,1,1,0,domestic,0,0,0,7,count,1,False,1000.0,,6.907755278982137,6850.0,,8.83200393125627,6850.0,,8.83200393125627
Dầu đậu nành Tường An chai 2L,Chai,Gia Vị,Gia Vị,116157.35294117648,139000.0,68,0.8088235294117647,0.2031785480706344,0.1013485995083142,5,0.3125590179414541,1,0,1,17,13.75,0,Tường An,household_giant,0,1,1,0,domestic,0,0,0,7,count,1,False,2000.0,,7.600902459542082,5807.867647058823,,8.666968768204145,6950.0,,8.846496938558838
Dầu đậu nành can Simply chai 5L,Chai,Gia Vị,Gia Vị,278400.0,323000.0,45,0.8444444444444444,0.1635163760795176,0.0696596236191826,3,0.2007434944237918,1,0,1,20,19.0,0,Simply,household_giant,0,1,1,0,domestic,0,0,0,7,count,1,False,5000.0,,8.517193191416238,5568.0,,8.624791202014256,6460.0,,8.773384596776648
Dầu đậu nành không biến đổi gen Amur Pearl chai 1L,Chai,Gia Vị,Gia Vị,74800.0,79300.0,28,0.4285714285714285,0.1324085750315258,0.0707420136648286,2,0.1526162790697673,1,0,1,12,12.0,0,,,0,0,0,0,domestic,0,0,0,11,count,1,False,1000.0,,6.907755278982137,7480.0,,8.919988070968524,7930.0,,8.978408314628894
Gia Vị Nấu Phở Bò SG DHFoods 25g,Gói,Gia Vị,Gia Vị,15852.631578947368,16400.0,38,0.2105263157894736,0.1585365853658536,0.0677618012468338,2,0.1884057971014492,1,0,1,8,8.0,0,DH Foods,local_value,0,0,1,0,domestic,0,0,0,8,count,1,False,,25.0,3.2188758248682006,,63410.52631578947,11.057385156861326,,65600.0,11.09133097493218
Gia vị bún bò huế DHFood Natural 25g,Gói,Gia Vị,Gia Vị,15574.468085106382,16000.0,47,0.1702127659574468,0.15625,0.0609784298980324,2,0.1851851851851851,1,0,1,8,8.0,0,,,0,0,0,0,domestic,0,0,0,8,count,1,False,,25.0,3.2188758248682006,,62297.87234042553,11.03968255235328,,64000.0,11.06663836234181
Gia vị hoàn chỉnh Knorr cá kho gói 28g,Gói,Gia Vị,Gia Vị,7300.0,7300.0,54,0.0,,0.0,1,0.0,0,0,1,0,0.0,0,Knorr,household_giant,0,1,1,0,domestic,0,0,0,9,count,1,False,,28.0,3.332204510175204,,26071.42857142857,10.16859530294937,,26071.42857142857,10.16859530294937
Gia vị hoàn chỉnh Knorr cá kho riềng gói 28g,Gói,Gia Vị,Gia Vị,7400.0,7400.0,54,0.0,,0.0,1,0.0,0,0,1,0,0.0,0,Knorr,household_giant,0,1,1,0,domestic,0,0,0,10,count,1,False,,28.0,3.332204510175204,,26428.571428571428,10.182200955005149,,26428.571428571428,10.182200955005149
Gia vị hoàn chỉnh Knorr thịt kho tàu gói 28g,Gói,Gia Vị,Gia Vị,7400.0,7400.0,54,0.0,,0.0,1,0.0,0,0,1,0,0.0,0,Knorr,household_giant,0,1,1,0,domestic,0,0,0,10,count,1,False,,28.0,3.332204510175204,,26428.571428571428,10.182200955005149,,26428.571428571428,10.182200955005149
Gia vị hoàn chỉnh thịt kho dạng xốt Chin-su 70g,Gói 4,Gia Vị,Gia Vị,29000.0,29000.0,42,0.0,,0.0,1,0.0,0,0,1,0,0.0,0,Chin-Su,household_giant,0,1,1,0,domestic,0,0,0,10,count,4,False,,70.0,4.248495242049359,,10357.142857142859,9.245431691787452,,10357.142857142859,9.245431691787452
Gia vị nêm sẵn lẩu Thái Aji-Quick gói 50g,Gói,Gia Vị,Gia Vị,8680.701754385966,9100.0,57,0.5614035087719298,0.0820741758241758,0.0432918033536111,3,0.0963855421686747,1,0,1,17,16.0,0,Ajinomoto,household_giant,0,1,1,0,Thái,1,0,0,9,count,1,False,,50.0,3.912023005428146,,17361.40350877193,9.762004832225864,,18200.0,9.809176873064887
Gia vị wasabi neri S&B 43g,Tuýp,Gia Vị,Gia Vị,30021.428571428572,31500.0,56,0.3214285714285714,0.146031746031746,0.0722069781069204,2,0.171003717472119,1,0,1,18,18.0,0,S&B,niche_professional,1,0,1,0,domestic,0,0,0,6,unknown,1,False,,43.0,3.7612001156935624,,69817.2757475083,11.153636761672479,,73255.81395348837,11.201712895108253
Gói gia vị Lẩu riêu cua bò nanocurcumin SSH gói 70g,Gói,Gia Vị,Gia Vị,27424.074074074073,29600.0,54,0.4629629629629629,0.1587837837837837,0.0862581368359008,2,0.1887550200803212,1,0,1,13,12.5,0,Ssh,local_value,0,0,1,0,domestic,0,0,0,11,count,1,False,,70.0,4.248495242049359,,39177.24867724868,10.575851466400053,,42285.71428571429,10.652204584250883
Gói gia vị lẩu Thái nanocurcumin SSH gói 70g,Gói,Gia Vị,Gia Vị,28600.0,28600.0,29,0.0,,0.0,1,0.0,0,0,1,0,0.0,0,Ssh,local_value,0,0,1,0,domestic,0,0,0,9,count,1,False,,70.0,4.248495242049359,,40857.14285714286,10.617836940746676,,40857.14285714286,10.617836940746676
Gói gia vị lẩu nấm đông trùng hạ thảo Nano Curcumin SSH gói 70g,Gói,Gia Vị,Gia Vị,37500.0,37500.0,46,0.0,,0.0,1,0.0,0,0,1,0,0.0,0,Ssh,local_value,0,0,1,0,domestic,0,0,0,14,count,1,False,,70.0,4.248495242049359,,53571.42857142857,10.888771155897235,,53571.42857142857,10.888771155897235
Hũ xốt gia vị hoàn chỉnh Barona thịt nướng 260g,Hộp,Gia Vị,Gia Vị,38100.0,38100.0,22,0.0,,0.0,1,0.0,0,0,1,0,0.0,0,Barona,local_value,0,0,1,0,domestic,0,0,0,10,count,1,False,,260.0,5.560681631015528,,14653.846153846152,9.592458116087355,,14653.846153846152,9.592458116087355
Hướng dương Simply 2L,Chai,Gia Vị,Gia Vị,133367.64705882352,162000.0,68,1.0,0.1767429193899782,0.0469758014775598,4,0.096,1,1,1,68,68.0,0,Simply,household_giant,0,1,1,0,domestic,0,0,0,4,count,1,False,2000.0,,7.600902459542082,6668.382352941177,,8.805132583699606,8100.0,,8.99961934066053
Hạt Nêm Meizan Vị Heo 1kg,Gói,Gia Vị,Gia Vị,40992.857142857145,65168.57142857143,70,0.9571428571428572,0.3809684608631052,0.046285896617918,3,0.1704260651629072,1,0,2,40,33.5,1,Meizan,household_giant,0,1,1,0,domestic,0,0,0,6,count,1,False,,1000.0,6.907755278982137,,4099.285714285715,8.318568021487149,,6516.857142857143,8.782147505401179
Hạt hêm Chin Su nấm shiitake & tảo kombu 450g,Hộp,Gia Vị,Gia Vị,117300.0,117300.0,44,0.0,,0.0,1,0.0,0,0,1,0,0.0,0,Chin-Su,household_giant,0,1,1,0,domestic,0,0,0,10,count,1,False,,450.0,6.1092475827643655,,26066.666666666668,10.168412637865293,,26066.666666666668,10.168412637865293
Hạt nêm Aji-ngon Ajinomoto gói 900g,Gói,Gia Vị,Gia Vị,64898.181818181816,68900.0,55,0.4,0.1452038527510225,0.076712898445429,3,0.1961805555555555,1,0,1,15,11.0,0,Ajinomoto,household_giant,0,1,1,0,domestic,0,0,0,6,count,1,False,,900.0,6.802394763324311,,7210.909090909091,8.883350309835361,,7655.555555555556,8.94318687966553
Hạt nêm Aji-ngon gói 400g,Gói,Gia Vị,Gia Vị,29490.0,31600.0,60,0.5666666666666667,0.1178332092330603,0.0648002232807648,3,0.1660516605166051,1,0,1,12,11.333333333333334,0,Ajinomoto,household_giant,0,1,1,0,domestic,0,0,0,5,count,1,False,,400.0,5.991464547107982,,7372.5,8.905512140689432,,7900.0,8.974618038455112
Hạt nêm Knorr chay nấm hương organic gói 380g,Gói,Gia Vị,Gia Vị,42870.73170731707,45000.0,41,0.3658536585365853,0.1293333333333333,0.070999118248933,3,0.1666666666666666,1,0,1,8,7.5,0,Knorr,household_giant,0,1,1,0,domestic,0,1,0,9,count,1,False,,380.0,5.940171252720432,,11281.771501925545,9.330943560764341,,11842.105263157895,9.379416702020118
Hạt nêm Knorr thịt thăn xương ống và tủy gói 1.2Kg,Gói,Gia Vị,Gia Vị,100575.0,106000.0,36,0.3333333333333333,0.1535377358490565,0.0773693281517469,3,0.1830357142857142,1,0,1,7,6.0,0,Knorr,household_giant,0,1,1,0,domestic,0,0,0,11,count,1,False,,1200.0,7.090076835776092,,8381.25,9.033752347029989,,8833.333333333334,9.086287723306205
Hạt nêm Knorr thịt thăn xương ống và tủy gói 400g,Gói,Gia Vị,Gia Vị,35391.07142857143,38400.0,56,0.5535714285714286,0.1415490591397849,0.0779799575313543,3,0.1999999999999999,1,0,1,16,10.333333333333334,0,Knorr,household_giant,0,1,1,0,domestic,0,0,0,11,count,1,False,,400.0,5.991464547107982,,8847.767857142857,9.0879204866574,,9600.0,9.169518377455928
Hạt nêm Neptune 4 trong 1 - heo 850g,Gói,Gia Vị,Gia Vị,77300.0,157947.72727272726,66,0.0757575757575757,0.9323028418794064,0.0,1,0.0,1,0,2,5,5.0,1,Neptune,household_giant,0,1,1,0,domestic,0,0,0,9,count,1,False,,850.0,6.745236349484363,,9094.117647058823,9.115383071079243,,18582.085561497326,9.829953253727162
Hạt nêm Neptune nấm 380g,Gói,Gia Vị,Gia Vị,32376.92307692308,40800.0,65,1.0,0.2064479638009049,0.0965823030709347,2,0.342629482071713,1,1,1,65,65.0,0,Neptune,household_giant,0,1,1,0,domestic,0,0,0,5,count,1,False,,380.0,5.940171252720432,,8520.242914979759,9.050200130564786,,10736.842105263158,9.281436293659914
Hạt nêm cao cấp vị nấm hương Maggi gói 450g,Gói,Gia Vị,Gia Vị,50237.93103448276,54100.0,58,0.4827586206896552,0.1478743068391867,0.0892692838258521,3,0.114519427402863,1,0,1,21,14.0,0,Maggi,household_giant,0,1,1,0,domestic,0,0,0,10,count,1,False,,450.0,6.1092475827643655,,11163.984674329502,9.320448221879339,,12022.222222222223,9.3945120680583
Hạt nêm heo Aji ngon 170g,Gói,Gia Vị,Gia Vị,15100.0,15100.0,43,0.0,,0.0,1,0.0,0,0,1,0,0.0,0,,,0,0,0,0,domestic,0,0,0,6,count,1,False,,170.0,5.135798437050262,,8882.35294117647,9.091821771740845,,8882.35294117647,9.091821771740845
Hạt nêm nấm hương Maggi gói 200g,Gói,Gia Vị,Gia Vị,23448.275862068964,26300.0,58,0.4482758620689655,0.2418835916934776,0.136213719169954,3,0.3216080402010051,1,0,1,15,6.5,0,Maggi,household_giant,0,1,1,0,domestic,0,0,0,7,count,1,False,,200.0,5.298317366548036,,11724.137931034482,9.36940506660587,,13150.0,9.48417703760591
"Hạt nêm thịt thăn, xương ống, tủy Knorr 900g",Gói,Gia Vị,Gia Vị,83186.20689655172,86300.0,58,0.3620689655172414,0.0996523754345307,0.0501194404943526,2,0.1106821106821107,1,0,1,11,10.5,0,Knorr,household_giant,0,1,1,0,domestic,0,0,0,9,count,1,False,,900.0,6.802394763324311,,9242.911877394636,9.131612253236275,,9588.888888888889,9.1683602997353
Kewpie Xốt Mayonnaise 1/2 Ít Béo 300g,Chai,Gia Vị,Gia Vị,48673.68421052631,50000.0,57,0.1578947368421052,0.168,0.0634885630937287,2,0.2019230769230768,1,0,1,8,4.5,0,Kewpie,household_giant,0,1,1,0,domestic,0,1,0,7,count,1,False,,300.0,5.703782474656201,,16224.561403508771,9.6942815090657,,16666.666666666668,9.721165995742174
Lốc 4 gói xốt gia vị hoàn chỉnh gà chiên nước mắm Chin-su gói 70g,Gói 4,Gia Vị,Gia Vị,29000.0,29000.0,52,0.0,,0.0,1,0.0,0,0,1,0,0.0,0,Chin-Su,household_giant,0,1,1,0,domestic,0,0,0,15,count,4,False,,70.0,4.248495242049359,,10357.142857142859,9.245431691787452,,10357.142857142859,9.245431691787452
Muối biển Visaco Mặt trời (tinh) 450g,Gói,Gia Vị,Gia Vị,6700.0,6700.0,55,0.0,,0.0,1,0.0,0,0,1,0,0.0,0,Visaco,local_value,0,0,1,0,domestic,0,0,0,7,count,1,False,,450.0,6.1092475827643655,,1488.888888888889,7.305785408602784,,1488.888888888889,7.305785408602784
Muối chấm Tôm chua cay Hảo Hảo 120g,Lọ,Gia Vị,Gia Vị,16090.243902439024,16200.0,41,0.2195121951219512,0.0308641975308642,0.0130221201121203,2,0.0318471337579617,1,0,1,9,9.0,0,Hảo Hảo,household_giant,0,1,1,0,domestic,0,0,0,8,count,1,False,,120.0,4.787491742782046,,13408.536585365853,9.5036468417127,,13500.0,9.51044496442652
Muối chấm hoa quả DHF lọ 110g,Lọ,Gia Vị,Gia Vị,19756.521739130436,20000.0,46,0.1521739130434782,0.08,0.0294107193376037,2,0.0869565217391303,1,0,1,7,7.0,0,,,0,0,0,0,domestic,0,0,0,7,count,1,False,,110.0,4.700480365792417,,17960.474308300396,9.795928750655603,,18181.81818181818,9.808177372731803
Muối hồng Vipep xay nhuyễn 500g,Lọ,Gia Vị,Gia Vị,48600.0,48600.0,32,0.0,,0.0,1,0.0,0,0,1,0,0.0,0,,,0,0,0,0,domestic,0,0,0,6,count,1,False,,500.0,6.214608098422191,,9720.0,9.181940897454485,,9720.0,9.181940897454485
Muối tôm Tây Ninh Dh Foods lọ 120g,Hộp,Gia Vị,Gia Vị,18500.0,18500.0,52,0.0,,0.0,1,0.0,0,0,1,0,0.0,0,DH Foods,local_value,0,0,1,0,domestic,0,0,0,8,count,1,False,,120.0,4.787491742782046,,15416.666666666668,9.643204454272462,,15416.666666666668,9.643204454272462
Muối tôm ớt kiểu Tây Ninh Dh Foods chai 120g,Chai,Gia Vị,Gia Vị,20000.0,20000.0,48,0.0,,0.0,1,0.0,0,0,1,0,0.0,0,DH Foods,local_value,0,0,1,0,domestic,0,0,0,10,count,1,False,,120.0,4.787491742782046,,16666.666666666668,9.721165995742174,,16666.666666666668,9.721165995742174
Muối ô mai Duyên Hải 100g,Hộp,Gia Vị,Gia Vị,15800.0,15800.0,42,0.0,,0.0,1,0.0,0,0,1,0,0.0,0,Duyên Hải,local_value,0,0,1,0,domestic,0,0,0,6,count,1,False,,100.0,4.605170185988092,,15800.0,9.667765219015058,,15800.0,9.667765219015058
Muối ớt Dh Foods lọ 120g,Hộp,Gia Vị,Gia Vị,18785.714285714286,19000.0,49,0.1428571428571428,0.0789473684210526,0.0282304988686644,2,0.0857142857142856,1,0,1,7,7.0,0,DH Foods,local_value,0,0,1,0,domestic,0,0,0,6,count,1,False,,120.0,4.787491742782046,,15654.761904761906,9.658530424750689,,15833.333333333334,9.669872701354622
Muối ớt chanh Nha Trang Dh Foods lọ 200g,Chai,Gia Vị,Gia Vị,24894.736842105263,25800.0,57,0.2105263157894736,0.1666666666666666,0.0710438280343265,2,0.1999999999999999,1,0,1,12,12.0,0,DH Foods,local_value,0,0,1,0,domestic,0,0,0,9,count,1,False,,200.0,5.298317366548036,,12447.368421052632,9.429264507747684,,12900.0,9.464982590349763
Mì chính Ajinomoto Plus gói 1kg,Gói,Gia Vị,Gia Vị,102200.0,102200.0,50,0.0,,0.0,1,0.0,0,0,1,0,0.0,0,Ajinomoto,household_giant,0,1,1,0,domestic,0,0,0,6,count,1,False,,1000.0,6.907755278982137,,10220.0,9.232101863757695,,10220.0,9.232101863757695
Mù tạt Wasabi S&B hộp 43g,Hộp,Gia Vị,Gia Vị,48750.0,50800.0,48,0.25,0.1614173228346456,0.0736057187866298,2,0.192488262910798,1,0,1,12,12.0,0,S&B,niche_professional,1,0,1,0,domestic,0,0,0,6,count,1,False,,43.0,3.7612001156935624,,113372.09302325582,11.638430546720523,,118139.53488372093,11.679621703861102
Mù tạt vàng Heinz chai 255g,Chai,Gia Vị,Gia Vị,80700.0,82900.0,48,0.2291666666666666,0.1158021712907117,0.0505272143219383,2,0.1158021712907116,1,0,1,11,11.0,0,Heinz,niche_professional,1,0,1,0,domestic,0,0,0,6,count,1,False,,255.0,5.541263545158426,,31647.058823529413,10.362400495087705,,32509.80392156863,10.389296981953052
Mật ong hoa chín Honimore miền núi,Chai,Gia Vị,Gia Vị,274761.2244897959,302000.0,49,0.7755102040816326,0.1163035901010805,0.0568458295843964,4,0.1526717557251908,1,0,1,16,12.666666666666666,0,,,0,0,0,0,domestic,0,0,0,7,count,1,False,,,,,,,,,
"Mật ong sữa chúa Vinabee chai 1,4kg",Lọ,Gia Vị,Gia Vị,182800.0,182800.0,34,0.0,,0.0,1,0.0,0,0,1,0,0.0,0,Vinabee,niche_professional,1,0,1,0,domestic,0,0,0,7,count,1,False,,1400.0,7.24422751560335,,13057.142857142857,9.477090608386929,,13057.142857142857,9.477090608386929
"Mật ông hoa rừng Vinabee chai 1,4kg",Lọ,Gia Vị,Gia Vị,173400.0,173400.0,45,0.0,,0.0,1,0.0,0,0,1,0,0.0,0,Vinabee,niche_professional,1,0,1,0,domestic,0,0,0,7,count,1,False,,1400.0,7.24422751560335,,12385.714285714286,9.42429901371332,,12385.714285714286,9.42429901371332
Mắm chay Minh Hà pha sẵn Nhất Tâm250ml,Chai,Gia Vị,Gia Vị,28444.0,28444.0,50,0.0,,0.0458342355047904,2,0.0952380952380953,0,0,2,0,0.0,1,Minh Hà,local_value,0,0,1,0,domestic,0,0,0,8,count,1,False,250.0,,5.521460917862246,11377.6,,9.339401789129253,11377.6,,9.339401789129253
NAM DƯƠNG Tương Cà 500g,Chai,Gia Vị,Gia Vị,15881.333333333334,21600.0,75,1.0,0.2647530864197531,0.0024699916354127,2,0.0062893081761006,1,1,1,75,75.0,0,Nam Dương,household_giant,0,1,1,0,domestic,0,0,0,5,count,1,False,,500.0,6.214608098422191,,3176.266666666667,8.063461781898582,,4320.0,8.371010681238156
NEPTUNE Hạt nêm 4 trong 1 - heo 380g,Gói,Gia Vị,Gia Vị,36100.0,116192.7536231884,69,0.072463768115942,0.9683716203192626,0.0,1,0.0,1,0,2,5,5.0,1,Neptune,household_giant,0,1,1,0,domestic,0,0,0,9,count,1,False,,380.0,5.940171252720432,,9500.0,9.159047077588632,,30577.040427154843,10.328004693476837
NEPTUNE Light Dầu ăn thượng hạng 1L,"Lốc, Lô, Lố",Gia Vị,Gia Vị,125178.84615384616,133000.0,52,0.5192307692307693,0.1132553606237816,0.0609347717531099,4,0.1377245508982036,1,0,1,27,27.0,0,Neptune,household_giant,0,1,1,0,domestic,0,0,0,7,unknown,1,False,1000.0,,6.907755278982137,12517.884615384615,,9.434913669946129,13300.0,,9.495519314209846
Nước Dùng Barona Lẩu Thái Barona 180g,Gói,Gia Vị,Gia Vị,31858.73015873016,38000.0,63,0.9523809523809524,0.1696929824561403,0.0542514154100524,5,0.2258064516129032,1,0,1,51,30.0,0,Barona,local_value,0,0,1,0,domestic,0,0,0,7,count,1,False,,180.0,5.19295685089021,,17699.294532627864,9.781280060853932,,21111.11111111111,9.957554773806404
Nước chấm Nam Ngư nhãn vàng chai 650ml,Chai,Gia Vị,Gia Vị,48291.11111111111,51200.0,45,0.3777777777777777,0.150390625,0.0781797735905017,2,0.1770114942528735,1,0,1,17,17.0,0,Nam Ngư,household_giant,0,1,1,0,domestic,0,0,0,8,count,1,False,650.0,,6.476972362889683,7429.401709401709,,8.913200610835917,7876.923076923077,,8.971692634126008
"Nước chấm Nam Ngư siêu tiết kiệm can 4,8L",Can,Gia Vị,Gia Vị,78800.0,78800.0,43,0.0,,0.0,1,0.0,0,0,1,0,0.0,0,Nam Ngư,household_giant,0,1,1,0,domestic,0,0,0,9,unknown,1,False,4800.0,,8.476371196895983,1641.6666666666667,,7.4034672649380795,1641.6666666666667,,7.4034672649380795
Nước chấm mè rang Kewpie chai 180ml,Chai,Gia Vị,Gia Vị,22048.14814814815,22700.0,54,0.2962962962962963,0.0969162995594713,0.0459904371169961,2,0.1073170731707318,1,0,1,16,16.0,0,Kewpie,household_giant,0,1,1,0,domestic,0,0,0,7,count,1,False,180.0,,5.19295685089021,12248.971193415638,,9.413197228235033,12611.111111111111,,9.442333538567375
Nước chấm tỏi ớt Lý Sơn Nam Ngư 300ml,Chai,Gia Vị,Gia Vị,34753.846153846156,36000.0,52,0.2307692307692307,0.15,0.0661035440742994,2,0.1764705882352941,1,0,1,12,12.0,0,Nam Ngư,household_giant,0,1,1,0,domestic,0,0,0,9,count,1,False,300.0,,5.703782474656201,11584.615384615385,,9.357433236886394,12000.0,,9.392661928770137
Nước cốt dừa tươi Vietcoco 160ml,Lon,Gia Vị,Gia Vị,18000.0,18000.0,20,0.0,,0.0,1,0.0,0,0,1,0,0.0,0,Vietcoco,local_value,0,0,1,0,domestic,0,0,1,6,count,1,False,160.0,,5.075173815233827,11250.0,,9.328123407632566,11250.0,,9.328123407632566
Nước dùng SG Food Cô Đặc Thái chay 150g/180g,Gói,Gia Vị,Gia Vị,21900.0,21900.0,33,0.0,,0.0,1,0.0,0,0,1,0,0.0,0,SG Food,local_value,0,0,1,0,domestic,0,0,0,9,count,1,False,,180.0,5.19295685089021,,12166.666666666666,9.406455250902473,,12166.666666666666,9.406455250902473
Nước dùng cô đặc vị lẩu Thái SG Food gói 150g,Gói,Gia Vị,Gia Vị,21900.0,21900.0,35,0.0,,0.0,1,0.0,0,0,1,0,0.0,0,SG Food,local_value,0,0,1,0,domestic,0,0,0,11,count,1,False,,150.0,5.0106352940962555,,14600.0,9.588776807696428,,14600.0,9.588776807696428
Nước dùng hoàn chỉnh Barona lẩu kim gói 180g,Gói,Gia Vị,Gia Vị,37227.90697674418,38400.0,43,0.2790697674418604,0.109375,0.051202747711392,2,0.1228070175438595,1,0,1,12,12.0,0,Barona,local_value,0,0,1,0,domestic,0,0,0,9,count,1,False,,180.0,5.19295685089021,,20682.170542635657,9.937027281655979,,21333.333333333332,9.968026073673698
Nước dùng hoàn chỉnh Barona lẩu riêu cua 230g,Gói,Gia Vị,Gia Vị,33414.28571428572,40000.0,70,1.0,0.1646428571428571,0.0379727787443909,2,0.1094224924012157,1,1,1,70,70.0,0,Barona,local_value,0,0,1,0,domestic,0,0,0,9,count,1,False,,230.0,5.438079308923196,,14527.950310559008,9.583829680581854,,17391.304347826088,9.76372561016097
Nước lẩu Tomyum Hotpot Story gói 200g,Gói,Gia Vị,Gia Vị,48800.0,48800.0,36,0.0,,0.0,1,0.0,0,0,1,0,0.0,0,Hotpot Story,local_value,0,0,1,0,domestic,0,0,0,7,count,1,False,,200.0,5.298317366548036,,24400.0,10.102338411281293,,24400.0,10.102338411281293
Nước màu dừa Anh Tuấn Khang 150g,Lọ,Gia Vị,Gia Vị,30610.0,30610.0,50,0.0,,0.0575661881303694,2,0.1206896551724137,0,0,2,0,0.0,1,Anh Tuấn Khang,local_value,0,0,1,0,domestic,0,0,0,7,count,1,False,,150.0,5.0106352940962555,,20406.666666666668,9.923616923831293,,20406.666666666668,9.923616923831293
Nước mắm Barona đặc biệt Hải Nhi chai 50ml,Chai,Gia Vị,Gia Vị,26427.083333333332,27700.0,48,0.2708333333333333,0.1696750902527075,0.0798702004582896,2,0.2043478260869564,1,0,1,13,13.0,0,Barona,local_value,0,0,1,0,domestic,0,0,0,9,count,1,False,50.0,,3.912023005428146,52854.166666666664,,10.875291827673529,55400.0,,10.922334872735375
Nước mắm Chin Su cao cấp biển đông khẩu vị Nhật 500m,Chai,Gia Vị,Gia Vị,102000.0,102000.0,43,0.0,,0.0,1,0.0,0,0,1,0,0.0,0,Chin-Su,household_giant,0,1,1,0,domestic,0,0,0,12,count,1,False,,,,,,,,,
Nước mắm Cá Cơm Than Thuận Phát chai 490ml,Chai,Gia Vị,Gia Vị,28394.117647058825,33000.0,68,0.7941176470588235,0.1757575757575757,0.0832086845283783,2,0.1757575757575757,1,0,1,54,54.0,0,Thuận Phát,local_value,0,0,1,0,domestic,0,0,0,9,count,1,False,490.0,,6.194405391104672,5794.717887154862,,8.664702072475787,6734.69387755102,,8.815027635332036
Nước mắm Cá Cơm Thuận Phát 40N chai 490ml,Chai,Gia Vị,Gia Vị,59409.25925925926,68900.0,54,0.3333333333333333,0.4132398000322528,0.2290415409104428,3,0.7268170426065164,1,0,1,17,9.0,0,Thuận Phát,local_value,0,0,1,0,domestic,0,0,0,9,count,1,False,490.0,,6.194405391104672,12124.338624338625,,9.402970167871674,14061.224489795917,,9.551176251885169
Nước mắm Cá Cơm Thuận Phát 60N chai 490ml,Chai,Gia Vị,Gia Vị,138200.0,145000.0,44,0.3636363636363636,0.1289655172413793,0.0658433629654006,2,0.1480601741884402,1,0,1,16,16.0,0,Thuận Phát,local_value,0,0,1,0,domestic,0,0,0,9,count,1,False,490.0,,6.194405391104672,28204.08163265306,,10.247221985199126,29591.836734693876,,10.295253816286131
Nước mắm Hạnh Phúc 40B chai 500ml,Chai,Gia Vị,Gia Vị,83500.0,83500.0,51,0.0,,0.0,1,0.0,0,0,1,0,0.0,0,Hạnh Phúc,local_value,0,0,1,0,domestic,0,0,0,7,count,1,False,500.0,,6.214608098422191,16700.0,,9.723163998404846,16700.0,,9.723163998404846
Nước mắm Hạnh Phúc 60N 50ml,Chai,Gia Vị,Gia Vị,18200.0,18200.0,33,0.0,,0.0,1,0.0,0,0,1,0,0.0,0,Hạnh Phúc,local_value,0,0,1,0,domestic,0,0,0,6,count,1,False,50.0,,3.912023005428146,36400.0,,10.502324053624832,36400.0,,10.502324053624832
Nước mắm Hạnh Phúc 60N chai 250ml,Chai,Gia Vị,Gia Vị,73100.0,73100.0,50,0.0,,0.0,1,0.0,0,0,1,0,0.0,0,Hạnh Phúc,local_value,0,0,1,0,domestic,0,0,0,7,count,1,False,250.0,,5.521460917862246,29240.0,,10.283292913863715,29240.0,,10.283292913863715
Nước mắm Khải Hoàn 38N chai 520ml,Chai,Gia Vị,Gia Vị,114800.0,114800.0,40,0.0,,0.0,1,0.0,0,0,1,0,0.0,0,Khải Hoàn,niche_professional,1,0,1,0,domestic,0,0,0,7,count,1,False,520.0,,6.253828811575473,22076.923076923074,,10.002288137280221,22076.923076923074,,10.002288137280221
Nước mắm Knorr cao cấp 43 độ đạm chai thủy tinh 500ml,Chai,Gia Vị,Gia Vị,114900.0,114900.0,44,0.0,,0.0,1,0.0,0,0,1,0,0.0,0,Knorr,household_giant,0,1,1,0,domestic,0,0,0,12,count,1,False,500.0,,6.214608098422191,22980.0,,10.042379551402746,22980.0,,10.042379551402746
Nước mắm Knorr ngon tròn vị 15 độ đạm 750ml,Chai,Gia Vị,Gia Vị,56254.0,59400.0,50,0.26,0.2037037037037037,0.0953062666137656,2,0.2558139534883721,1,0,1,13,13.0,0,Knorr,household_giant,0,1,1,0,domestic,0,0,0,10,count,1,False,750.0,,6.620073206530356,7500.533333333334,,8.922729408107237,7920.0,,8.977146484808472
Nước mắm Nam Ngư cao cấp ủ chượp và đóng chai tại Phú Quốc chai 500ml,Chai,Gia Vị,Gia Vị,58846.15384615384,65000.0,52,0.6153846153846154,0.1538461538461538,0.0927347966820287,3,0.25,1,0,1,16,16.0,0,Nam Ngư,household_giant,0,1,1,0,domestic,0,0,0,16,count,1,False,500.0,,6.214608098422191,11769.230769230768,,9.373243842913036,13000.0,,9.472704636443673
Nước mắm Nam Ngư chai 1.2L,Chai,Gia Vị,Gia Vị,61062.74509803922,64162.74509803922,51,0.6078431372549019,0.0784615384615384,0.0384887821527061,3,0.1035653650254668,1,0,2,31,31.0,1,Nam Ngư,household_giant,0,1,1,0,domestic,0,0,0,6,count,1,False,1200.0,,7.090076835776092,5088.562091503268,,8.534750572877135,5346.895424836602,,8.584271377031014
Nước mắm Nam Ngư chai 750ml,Chai,Gia Vị,Gia Vị,51611.11111111111,52000.0,54,0.1296296296296296,0.0576923076923076,0.0197079376710918,2,0.0612244897959184,1,0,1,7,7.0,0,Nam Ngư,household_giant,0,1,1,0,domestic,0,0,0,6,count,1,False,750.0,,6.620073206530356,6881.481481481481,,8.836589239357545,6933.333333333333,,8.844095977021299
Nước mắm Nam Ngư chai 900ml,Chai,Gia Vị,Gia Vị,59384.61538461538,60200.0,52,0.1538461538461538,0.0880398671096345,0.0325152047736778,2,0.0965391621129325,1,0,1,8,8.0,0,Nam Ngư,household_giant,0,1,1,0,domestic,0,0,0,6,count,1,False,900.0,,6.802394763324311,6598.290598290598,,8.794565894209157,6688.888888888889,,8.808203053960693
Nước mắm Nam Ngư Đệ nhị 900ml,Chai,Gia Vị,Gia Vị,26500.0,26500.0,54,0.0,,0.0,1,0.0,0,0,1,0,0.0,0,Nam Ngư,household_giant,0,1,1,0,domestic,0,0,0,7,count,1,False,900.0,,6.802394763324311,2944.4444444444443,,7.987675434638094,2944.4444444444443,,7.987675434638094
Nước mắm Phú Quốc Thanh Quốc 35 độ đạm,Chai,Gia Vị,Gia Vị,85900.0,85900.0,43,0.0,,0.0,1,0.0,0,0,1,0,0.0,0,Thanh Quốc,local_value,0,0,1,0,domestic,0,0,0,9,count,1,False,,,,,,,,,
Nước mắm Phú Quốc Thanh Quốc chai 520ml,Chai,Gia Vị,Gia Vị,136300.0,136300.0,45,0.0,,0.0,1,0.0,0,0,1,0,0.0,0,Thanh Quốc,local_value,0,0,1,0,domestic,0,0,0,8,count,1,False,520.0,,6.253828811575473,26211.53846153846,,10.173954992097242,26211.53846153846,,10.173954992097242
Nước mắm Phú Quốc Ông Kỳ 35 độ đạm chai 525ml,Chai,Gia Vị,Gia Vị,109200.0,109200.0,49,0.0,,0.0,1,0.0,0,0,1,0,0.0,0,Ông Kỳ,local_value,0,0,1,0,domestic,0,0,0,11,count,1,False,525.0,,6.263398262591624,20800.0,,9.94270826568941,20800.0,,9.94270826568941
Nước mắm Phú Quốc Ông Kỳ 38 độ đạm chai 525ml,Chai,Gia Vị,Gia Vị,100633.33333333331,118800.0,63,1.0,0.1529180695847362,0.0100280060136307,2,0.0210210210210211,1,1,1,63,63.0,0,Ông Kỳ,local_value,0,0,1,0,domestic,0,0,0,11,count,1,False,525.0,,6.263398262591624,19168.253968253965,,9.861010750423288,22628.571428571428,,10.026968609307149
Nước mắm Phú Quốc Ông Kỳ chai 525ml,Chai,Gia Vị,Gia Vị,134100.0,134100.0,49,0.0,,0.0,1,0.0,0,0,1,0,0.0,0,Ông Kỳ,local_value,0,0,1,0,domestic,0,0,0,8,count,1,False,525.0,,6.263398262591624,25542.85714285714,,10.148112992666238,25542.85714285714,,10.148112992666238
Nước mắm Thanh Quốc Phú Quốc chai 520ml,Chai,Gia Vị,Gia Vị,107000.0,107000.0,49,0.0,,0.0,1,0.0,0,0,1,0,0.0,0,Thanh Quốc,local_value,0,0,1,0,domestic,0,0,0,8,count,1,False,520.0,,6.253828811575473,20576.923076923074,,9.931925487856661,20576.923076923074,,9.931925487856661
Nước mắm cao cấp Barona vị xưa chai 500ml,Chai,Gia Vị,Gia Vị,85428.57142857143,92500.0,56,0.9464285714285714,0.0807751147373788,0.0273073297056119,4,0.0959715639810425,1,0,1,45,26.5,0,Barona,local_value,0,0,1,0,domestic,0,0,0,9,count,1,False,500.0,,6.214608098422191,17085.714285714286,,9.745997971443355,18500.0,,9.825526011066415
Nước mắm cho bé Lê Gia 200ml,Chai,Gia Vị,Gia Vị,75600.0,75600.0,29,0.0,,0.0,1,0.0,0,0,1,0,0.0,0,Lê Gia,niche_professional,1,0,1,0,domestic,0,0,0,7,count,1,False,200.0,,5.298317366548036,37800.0,,10.54006438160768,37800.0,,10.54006438160768
Nước mắm cá cơm 50 độ đạm Hạnh Phúc chai 250ml,Chai,Gia Vị,Gia Vị,53700.0,53700.0,50,0.0,,0.0,1,0.0,0,0,1,0,0.0,0,Hạnh Phúc,local_value,0,0,1,0,domestic,0,0,0,11,count,1,False,250.0,,5.521460917862246,21480.0,,9.974877548622802,21480.0,,9.974877548622802
Nước mắm cá cơm 50 độ đạm Hạnh Phúc chai 500ml,Chai,Gia Vị,Gia Vị,104100.0,104100.0,33,0.0,,0.0,1,0.0,0,0,1,0,0.0,0,Hạnh Phúc,local_value,0,0,1,0,domestic,0,0,0,11,count,1,False,500.0,,6.214608098422191,20820.0,,9.94366934216896,20820.0,,9.94366934216896
Nước mắm cá cơm 60 độ đạm Hạnh Phúc 50ml,Hộp,Gia Vị,Gia Vị,201100.0,201100.0,49,0.0,,0.0,1,0.0,0,0,1,0,0.0,0,Hạnh Phúc,local_value,0,0,1,0,domestic,0,0,0,10,count,1,False,50.0,,3.912023005428146,402200.0,,12.904704756320688,402200.0,,12.904704756320688
Nước mắm cá cơm 60 độ đạm Hạnh Phúc chai 500ml,Chai,Gia Vị,Gia Vị,138000.0,138000.0,39,0.0,,0.0,1,0.0,0,0,1,0,0.0,0,Hạnh Phúc,local_value,0,0,1,0,domestic,0,0,0,11,count,1,False,500.0,,6.214608098422191,27600.0,,10.225571051705241,27600.0,,10.225571051705241
Nước mắm cá cơm Cholimex chai 750g,Chai,Gia Vị,Gia Vị,84300.0,84300.0,50,0.0,,0.0,1,0.0,0,0,1,0,0.0,0,Cholimex,household_giant,0,1,1,0,domestic,0,0,0,7,count,1,False,,750.0,6.620073206530356,,11240.0,9.327234123447681,,11240.0,9.327234123447681
Nước mắm cá cơm Phú Quốc Hồng Hạnh chai 650ml,Chai,Gia Vị,Gia Vị,98300.0,98300.0,57,0.0,,0.0,1,0.0,0,0,1,0,0.0,0,Hồng Hạnh,local_value,0,0,1,0,domestic,0,0,0,10,count,1,False,650.0,,6.476972362889683,15123.076923076924,,9.623977129233667,15123.076923076924,,9.623977129233667
Nước mắm cá cơm Thuận Phát 30N chai 620ml,Chai,Gia Vị,Gia Vị,61605.660377358494,65500.0,53,0.3773584905660377,0.1575572519083969,0.0830720319210677,3,0.1725190839694657,1,0,1,13,10.0,0,Thuận Phát,local_value,0,0,1,0,domestic,0,0,0,9,count,1,False,620.0,,6.429719478039138,9936.396835057822,,9.20395974249184,10564.516129032258,,9.265256129572297
Nước mắm cá cơm Thuận Phát 40 độ đạm chai 610ml,Chai,Gia Vị,Gia Vị,64784.745762711864,82500.0,59,0.7796610169491526,0.2754150197628458,0.1475657058549563,4,0.4102564102564103,1,0,1,19,15.333333333333334,0,Thuận Phát,local_value,0,0,1,0,domestic,0,0,0,11,count,1,False,610.0,,6.413458957167357,10620.450125034733,,9.270536678552597,13524.590163934427,,9.512264801143507
Nước mắm cốt DB Lê Gia chai 525ml,Chai,Gia Vị,Gia Vị,112136.53846153848,118800.0,52,0.4230769230769231,0.1325757575757575,0.0756457032558019,3,0.1999999999999999,1,0,1,13,11.0,0,Lê Gia,niche_professional,1,0,1,0,domestic,0,0,0,8,count,1,False,525.0,,6.263398262591624,21359.34065934066,,9.96924442458931,22628.571428571428,,10.026968609307149
Nước mắm hương cá hồi Chin-su chai 500ml,Chai,Gia Vị,Gia Vị,50400.0,50400.0,54,0.0,,0.0,1,0.0,0,0,1,0,0.0,0,Chin-Su,household_giant,0,1,1,0,domestic,0,0,0,8,count,1,False,500.0,,6.214608098422191,10080.0,,9.21830854162536,10080.0,,9.21830854162536
Nước mắm nhĩ chính hiệu Phú Quốc 35 độ đạm Thanh Hà chai 520ml,Chai,Gia Vị,Gia Vị,112000.0,112000.0,23,0.0,,0.0,1,0.0,0,0,1,0,0.0,0,Thanh Hà,local_value,0,0,1,0,domestic,0,0,0,14,count,1,False,520.0,,6.253828811575473,21538.46153846154,,9.97759552468985,21538.46153846154,,9.97759552468985
Nước mắm nhỉ chánh hiệu Thanh Hà 40 độ đạm chai 520ml,Chai,Gia Vị,Gia Vị,139800.0,139800.0,23,0.0,,0.0,1,0.0,0,0,1,0,0.0,0,Thanh Hà,local_value,0,0,1,0,domestic,0,0,0,12,count,1,False,520.0,,6.253828811575473,26884.615384615383,,10.199309483194465,26884.615384615383,,10.199309483194465
Nước mắm pha tỏi ớt Thanh Hà chai 250ml,Chai,Gia Vị,Gia Vị,41096.55172413793,41096.55172413793,29,0.0,,0.0467984927944353,2,0.0974358974358975,0,0,2,0,0.0,1,Thanh Hà,local_value,0,0,1,0,domestic,0,0,0,9,count,1,False,250.0,,5.521460917862246,16438.62068965517,,9.707388765434386,16438.62068965517,,9.707388765434386
Nước sốt mè rang Kewpie chai 210ml,Chai,Gia Vị,Gia Vị,57963.333333333336,60200.0,60,0.3666666666666666,0.101328903654485,0.0511420332160018,2,0.1127541589648799,1,0,1,11,11.0,0,Kewpie,household_giant,0,1,1,0,domestic,0,0,0,7,count,1,False,210.0,,5.3471075307174685,27601.5873015873,,10.225628560978627,28666.666666666664,,10.263490286567535
Nước tương Kikkoman chai 150ml,Chai,Gia Vị,Gia Vị,97067.24137931036,100900.0,58,0.3275862068965517,0.1159563924677899,0.057065135632117,2,0.1311659192825112,1,0,1,11,9.5,0,Kikkoman,niche_professional,1,0,1,0,domestic,0,0,0,5,count,1,False,150.0,,5.0106352940962555,64711.49425287358,,11.0776941193142,67266.66666666667,,11.116420098233537
Nước tương Nấm Shiitake Chin su chai 330ml,Chai,Gia Vị,Gia Vị,17369.811320754718,18200.0,53,0.4150943396226415,0.1098901098901098,0.057277951240653,2,0.1234567901234569,1,0,1,11,11.0,0,Chin-Su,household_giant,0,1,1,0,domestic,0,0,0,8,count,1,False,330.0,,5.799092654460526,5263.57918810749,,8.568566528340721,5515.151515151515,,8.615254404592452
Nước tương Tam Thái Tử Nhất Ca chai 500ml,Chai,Gia Vị,Gia Vị,20400.0,20400.0,41,0.0,,0.0,1,0.0,0,0,1,0,0.0,0,Tam Thái Tử,local_value,0,0,1,0,domestic,0,0,0,9,count,1,False,500.0,,6.214608098422191,4080.0,,8.313852267398207,4080.0,,8.313852267398207
Nước tương hảo hạng Maggi chai 200ml,Chai,Gia Vị,Gia Vị,23700.0,25100.0,24,0.2916666666666667,0.1912350597609561,0.094036581567096,2,0.2364532019704432,1,0,1,7,7.0,0,Maggi,household_giant,0,1,1,0,domestic,0,0,0,7,count,1,False,200.0,,5.298317366548036,11850.0,,9.380083146563278,12550.0,,9.43747594455993
Nước tương lên men Nam Dương 500ml,Chai,Gia Vị,Gia Vị,17000.0,23400.0,77,1.0,0.2735042735042735,0.0,1,0.0,1,1,1,77,77.0,0,Nam Dương,household_giant,0,1,1,0,domestic,0,0,0,7,count,1,False,500.0,,6.214608098422191,3400.0,,8.131530710604252,4680.0,,8.451053388911692
Nước tương thượng hạng Nam Dương chai 210ml,Chai,Gia Vị,Gia Vị,18123.287671232876,22800.0,73,1.0,0.2051189617880317,0.0087495426533916,2,0.021978021978022,1,1,1,73,73.0,0,Nam Dương,household_giant,0,1,1,0,domestic,0,0,0,8,count,1,False,210.0,,5.3471075307174685,8630.13698630137,,9.063015657219324,10857.142857142857,,9.292578470213154
Nước tương tỏi ớt Chinsu 330ml,Chai,Gia Vị,Gia Vị,19846.808510638297,20800.0,47,0.3404255319148936,0.1346153846153846,0.0675741116903984,2,0.1555555555555554,1,0,1,16,16.0,0,Chin-Su,household_giant,0,1,1,0,domestic,0,0,0,6,count,1,False,330.0,,5.799092654460526,6014.184397163121,,8.701876024395872,6303.030303030303,,8.748785797216975
Nước tương tỏi ớt tươi Nam Dương chai 310g,Chai,Gia Vị,Gia Vị,12962.162162162162,17600.0,74,1.0,0.2635135135135135,0.0060843599424248,2,0.0153846153846153,1,1,1,74,74.0,0,Nam Dương,household_giant,0,1,1,0,domestic,0,0,1,9,count,1,False,,310.0,5.736572297479192,,4181.342632955536,8.33838767800017,,5677.419354838709,8.644252069535142
Nước tương Đậm đặc Maggi 700ml,Chai,Gia Vị,Gia Vị,31972.058823529413,37400.0,68,0.8676470588235294,0.1672709145291398,0.0671298887864413,3,0.1873015873015873,1,0,1,42,29.5,0,Maggi,household_giant,0,1,1,0,domestic,0,0,0,6,count,1,False,700.0,,6.551080335043404,4567.436974789916,,8.426707489534062,5342.857142857143,,8.58351583434731
Nước tương đậm đặc Maggi 300ml,Chai,Gia Vị,Gia Vị,19500.0,19500.0,54,0.0,,0.0,1,0.0,0,0,1,0,0.0,0,Maggi,household_giant,0,1,1,0,domestic,0,0,0,6,count,1,False,300.0,,5.703782474656201,6500.0,,8.779557455883728,6500.0,,8.779557455883728
Nước tương đậm đặc Nam Dương chai 500ml,Chai,Gia Vị,Gia Vị,15981.081081081082,21600.0,74,1.0,0.2601351351351351,0.0024674945276399,2,0.0062499999999999,1,1,1,74,74.0,0,Nam Dương,household_giant,0,1,1,0,domestic,0,0,0,8,count,1,False,500.0,,6.214608098422191,3196.2162162162163,,8.069722956730596,4320.0,,8.371010681238156
Nước tương đậu nành Maggi chai 700ml,Chai,Gia Vị,Gia Vị,27091.304347826088,32900.0,69,0.8695652173913043,0.2030395136778115,0.0997589073228982,3,0.1963636363636363,1,0,1,43,30.0,0,Maggi,household_giant,0,1,1,0,domestic,0,0,0,7,count,1,False,700.0,,6.551080335043404,3870.186335403727,,8.26105793354785,4700.0,,8.45531778769815
Nước xốt KEWPIE mè rang Yuzu &Tắc 210ml,Chai,Gia Vị,Gia Vị,55450.0,58000.0,32,0.25,0.1758620689655172,0.0809269922390155,2,0.213389121338912,1,0,1,8,8.0,0,Kewpie,household_giant,0,1,1,0,domestic,0,0,0,8,count,1,False,210.0,,5.3471075307174685,26404.761904761905,,10.181299648049135,27619.04761904762,,10.22626094479918
Nước xốt mè rang Kewpie chai 1 lít,Chai,Gia Vị,Gia Vị,177792.3076923077,183700.0,39,0.3076923076923077,0.1045182362547632,0.050493638329006,2,0.1167173252279636,1,0,1,12,12.0,0,Kewpie,household_giant,0,1,1,0,domestic,0,0,0,8,count,1,False,1000.0,,6.907755278982137,17779.23076923077,,9.785786244309199,18370.0,,9.818474178209172
Nước xốt mè rang Kewpie chai 500ml,Chai,Gia Vị,Gia Vị,121963.82978723403,125100.0,47,0.2340425531914893,0.1071143085531574,0.047021176724706,2,0.1199641897940912,1,0,1,11,11.0,0,Kewpie,household_giant,0,1,1,0,domestic,0,0,0,7,count,1,False,500.0,,6.214608098422191,24392.765957446805,,10.102041890169433,25020.0,,10.127430784020902
Nước xốt mè rang wasabi và rong biển Kewpie 210ml,Chai,Gia Vị,Gia Vị,62542.857142857145,64000.0,49,0.1428571428571428,0.159375,0.0576603748021008,2,0.1895910780669145,1,0,1,7,7.0,0,Kewpie,household_giant,0,1,1,0,domestic,0,0,0,10,count,1,False,210.0,,5.3471075307174685,29782.312925170067,,10.30166997028621,30476.190476190473,,10.324701017612432
Nước xốt phô mai cay Kewpie chai 210ml,Chai,Gia Vị,Gia Vị,56235.71428571428,58400.0,56,0.2142857142857142,0.172945205479452,0.0743619485007053,2,0.2091097308488612,1,0,1,12,12.0,0,Kewpie,household_giant,0,1,1,0,domestic,0,0,0,8,count,1,False,210.0,,5.3471075307174685,26778.911564625847,,10.195369974827923,27809.52380952381,,10.233133824086941
ORCHID Dầu Thực Vật 1L T12,Chai,Gia Vị,Gia Vị,44500.0,47700.0,59,1.0,0.0670859538784067,0.0,1,0.0,1,1,1,59,59.0,0,Orchid,local_value,0,0,1,0,domestic,0,0,0,6,count,1,False,1000.0,,6.907755278982137,4450.0,,8.400659375160286,4770.0,,8.470101583882387
Sa tế tôm ngon Thuận Phát lọ 85g,Hộp,Gia Vị,Gia Vị,11659.322033898305,12100.0,59,0.2203389830508474,0.1652892561983471,0.0717079467405153,2,0.1652892561983471,1,0,1,13,13.0,0,Thuận Phát,local_value,0,0,1,0,domestic,0,0,0,8,count,1,False,,85.0,4.442651256490317,,13716.849451645065,9.52638024310616,,14235.29411764706,9.563479661082608
Sôt bò bằm Agnesi Bolognese 400g,Hộp,Gia Vị,Gia Vị,142100.0,142100.0,34,0.0,,0.0,1,0.0,0,0,1,0,0.0,0,Agnesi,niche_professional,1,0,1,0,domestic,0,0,0,6,count,1,False,,400.0,5.991464547107982,,35525.0,10.4779919529653,,35525.0,10.4779919529653
Sốt Aij - Mayo mayoinaise ngọtdịu 260g,Tuýp,Gia Vị,Gia Vị,36882.35294117647,39800.0,51,0.6078431372549019,0.1206030150753768,0.0641724133828385,2,0.1371428571428572,1,0,1,16,10.333333333333334,0,Ajinomoto,household_giant,0,1,1,0,domestic,0,0,0,7,unknown,1,False,,260.0,5.560681631015528,,14185.52036199095,9.559977030531405,,15307.692307692307,9.636110746245093
Sốt Arrabbiata Barilla lọ 400g,Lọ,Gia Vị,Gia Vị,123355.1724137931,125600.0,58,0.1206896551724138,0.1480891719745223,0.0495493843799974,2,0.1738317757009346,1,0,1,7,7.0,0,Barilla,niche_professional,1,0,1,0,domestic,0,0,0,5,count,1,False,,400.0,5.991464547107982,,30838.793103448275,10.336528692782073,,31400.0,10.354563171896345
Sốt BBQ Sài Gòn Dh Foods chai 200g,Chai,Gia Vị,Gia Vị,29817.30769230769,30600.0,52,0.2115384615384615,0.1209150326797385,0.0511722847891895,2,0.1209150326797385,1,0,1,11,11.0,0,DH Foods,local_value,0,0,1,0,domestic,0,0,0,8,count,1,False,,200.0,5.298317366548036,,14908.653846153846,9.609697118381268,,15300.0,9.635608107380527
Sốt Lẩu Miwon Tokpokki HQ 180g,Gói,Gia Vị,Gia Vị,31600.0,31600.0,21,0.0,,0.0,1,0.0,0,0,1,0,0.0,0,Miwon,household_giant,0,1,1,0,domestic,0,0,0,6,count,1,False,,180.0,5.19295685089021,,17555.555555555555,9.773125734672885,,17555.555555555555,9.773125734672885
Sốt Spagetti Heinz 400ml,Hộp,Gia Vị,Gia Vị,69022.22222222222,71100.0,45,0.2444444444444444,0.1195499296765119,0.0535221060311228,2,0.1195499296765119,1,0,1,11,11.0,0,Heinz,niche_professional,1,0,1,0,domestic,0,0,0,4,count,1,False,400.0,,5.991464547107982,17255.555555555555,,9.75588943180056,17775.0,,9.785548254671442
Sốt dầu dấm trộn salad Nam Dương chai 250g,Chai,Gia Vị,Gia Vị,16338.235294117649,20200.0,68,1.0,0.1911764705882352,0.0982719347988268,2,0.3600000000000001,1,1,1,68,68.0,0,Nam Dương,household_giant,0,1,1,0,domestic,0,0,0,9,count,1,False,,250.0,5.521460917862246,,6535.2941176470595,8.784972631571506,,8080.0,8.997147151515142
Sốt gia vị Barona canh chua Nam Bộ 80g,Gói,Gia Vị,Gia Vị,12900.0,12900.0,52,0.0,,0.0,1,0.0,0,0,1,0,0.0,0,Barona,local_value,0,0,1,0,domestic,0,0,0,9,count,1,False,,80.0,4.382026634673881,,16125.0,9.688126141663973,,16125.0,9.688126141663973
Sốt gia vị Barona thịt nướng sả gói 180g,Gói,Gia Vị,Gia Vị,11490.16393442623,12700.0,61,1.0,0.0952626823286433,0.0552881809002893,2,0.1181818181818181,1,1,1,61,61.0,0,Barona,local_value,0,0,1,0,domestic,0,0,0,9,count,1,False,,180.0,5.19295685089021,,6383.424408014572,8.761459973412986,,7055.555555555556,8.861570607544564
Sốt gia vị cá thịt kho Barona gói 80g,Gói,Gia Vị,Gia Vị,11986.440677966102,12900.0,59,0.7457627118644068,0.0949612403100775,0.0598496707501888,3,0.0982142857142858,1,0,1,44,44.0,0,Barona,local_value,0,0,1,0,domestic,0,0,0,9,count,1,False,,80.0,4.382026634673881,,14983.050847457627,9.61467489771406,,16125.0,9.688126141663973
Sốt gia vị hoàn chỉnh Barona Bún Bò Huế 80g,Gói,Gia Vị,Gia Vị,16100.0,16100.0,35,0.0,,0.0,1,0.0,0,0,1,0,0.0,0,Barona,local_value,0,0,1,0,domestic,0,0,0,10,count,1,False,,80.0,4.382026634673881,,20125.0,9.909718102286764,,20125.0,9.909718102286764
Sốt gà chiên vị cay Miwon Han Quốc gói 120g,Gói,Gia Vị,Gia Vị,23600.0,23600.0,45,0.0,,0.0,1,0.0,0,0,1,0,0.0,0,Miwon,household_giant,0,1,1,0,domestic,0,0,0,10,count,1,False,,120.0,4.787491742782046,,19666.666666666668,9.886680434219747,,19666.666666666668,9.886680434219747
Sốt gà chiên vị phomai Miwon Hàn Quốc gói 120g,Gói,Gia Vị,Gia Vị,23600.0,23600.0,45,0.0,,0.0,1,0.0,0,0,1,0,0.0,0,Miwon,household_giant,0,1,1,0,domestic,0,0,0,10,count,1,False,,120.0,4.787491742782046,,19666.666666666668,9.886680434219747,,19666.666666666668,9.886680434219747
Sốt lẩu Thái Miwon gói 180g,Gói,Gia Vị,Gia Vị,32000.0,32000.0,44,0.0,,0.0,1,0.0,0,0,1,0,0.0,0,Miwon,household_giant,0,1,1,0,domestic,0,0,0,6,count,1,False,,180.0,5.19295685089021,,17777.777777777777,9.785704516879745,,17777.777777777777,9.785704516879745
Sốt lẩu thập cẩm Miwon 180g,Gói,Gia Vị,Gia Vị,32000.0,32000.0,44,0.0,,0.0,1,0.0,0,0,1,0,0.0,0,Miwon,household_giant,0,1,1,0,domestic,0,0,0,6,count,1,False,,180.0,5.19295685089021,,17777.777777777777,9.785704516879745,,17777.777777777777,9.785704516879745
Sốt mayonnaise Aji - Mayo chai 1kg,Tuýp,Gia Vị,Gia Vị,115100.0,115100.0,56,0.0,,0.0,1,0.0,0,0,1,0,0.0,0,,,0,0,0,0,domestic,0,0,0,7,unknown,1,False,,1000.0,6.907755278982137,,11510.0,9.350971501715929,,11510.0,9.350971501715929
Sốt mayonnaise Aji - Mayo chai 430g,Tuýp,Gia Vị,Gia Vị,60325.0,61200.0,48,0.1458333333333333,0.0980392156862745,0.035475238223365,2,0.108695652173913,1,0,1,7,7.0,0,,,0,0,0,0,domestic,0,0,0,7,unknown,1,False,,430.0,6.063785208687608,,14029.06976744186,9.548886867793716,,14232.558139534884,9.563287445800901
Sốt mayonnaise Kewpie gói 300g,Chai,Gia Vị,Gia Vị,44788.88888888889,46100.0,54,0.2222222222222222,0.1279826464208243,0.0552792543676576,2,0.1467661691542288,1,0,1,12,12.0,0,Kewpie,household_giant,0,1,1,0,domestic,0,0,0,5,count,1,False,,300.0,5.703782474656201,,14929.62962962963,9.611103083100929,,15366.666666666666,9.63995594031663
Sốt mayonnaise Kewpie hương vị Nhật gói 300g,Chai,Gia Vị,Gia Vị,43409.52380952381,46100.0,42,0.5238095238095238,0.1114178662985604,0.0609567265900716,3,0.1467661691542288,1,0,1,12,11.0,0,Kewpie,household_giant,0,1,1,0,Nhật,1,0,0,8,count,1,False,,300.0,5.703782474656201,,14469.84126984127,9.579821849962133,,15366.666666666666,9.63995594031663
Sốt mayonnaise Simply hương gạo rang chai 230g,Chai,Gia Vị,Gia Vị,29644.594594594593,39800.0,74,1.0,0.2551609398343066,0.0736498670450813,5,0.205128205128205,1,1,1,74,74.0,0,Simply,household_giant,0,1,1,0,domestic,0,0,0,8,count,1,False,,230.0,5.438079308923196,,12888.954171562867,9.464125957774504,,17304.347826086956,9.758713068337425
Sốt muối kim chi Hàn Quốc Miwon 180g,Gói,Gia Vị,Gia Vị,37798.181818181816,41012.72727272727,55,0.4727272727272727,0.1904761904761905,0.4437257871446984,3,1.3641456582633054,1,0,2,14,13.0,1,Miwon,household_giant,0,1,1,0,domestic,0,0,0,8,count,1,False,,180.0,5.19295685089021,,20998.989898989897,9.952229615500615,,22784.848484848484,10.033851053899639
Sốt mì Spaghetti Ottogi Fresco lọ 220g,Lọ,Gia Vị,Gia Vị,27302.04081632653,30600.0,49,0.5102040816326531,0.2112418300653594,0.1196721191527955,3,0.2697095435684646,1,0,1,17,12.5,0,Ottogi,niche_professional,1,0,1,0,domestic,0,0,0,7,count,1,False,,220.0,5.393627546352362,,12410.018552875696,9.426259373191549,,13909.090909090908,9.540297927576201
Sốt spaghetti Miwon nguyên bản 220g,Chai,Gia Vị,Gia Vị,41600.0,41600.0,37,0.0,,0.0,1,0.0,0,0,1,0,0.0,0,Miwon,household_giant,0,1,1,0,domestic,0,0,0,6,count,1,False,,220.0,5.393627546352362,,18909.090909090908,9.847398085885084,,18909.090909090908,9.847398085885084
Sốt tiêu đen Lee Kum Kee lọ 230g,Hộp,Gia Vị,Gia Vị,63000.0,63000.0,54,0.0,,0.0,1,0.0,0,0,1,0,0.0,0,Lee Kum Kee,niche_professional,1,0,1,0,domestic,0,0,0,8,count,1,False,,230.0,5.438079308923196,,27391.304347826088,10.217980882438566,,27391.304347826088,10.217980882438566
Sốt uớp Miwon thịt vị truyền thống 240g,Chai,Gia Vị,Gia Vị,35025.0,40500.0,48,0.75,0.1802469135802469,0.0912046627781267,2,0.1802469135802469,1,0,1,36,36.0,0,Miwon,household_giant,0,1,1,0,domestic,0,0,0,8,count,1,False,,240.0,5.480638923341991,,14593.75,9.588348633851307,,16875.0,9.733588515740731
Sốt uớp thịt Hàn Quốc Miwon vị cay 80g,Gói,Gia Vị,Gia Vị,12630.434782608696,14100.0,46,0.5434782608695652,0.19177304964539,0.108131736196616,3,0.2477876106194689,1,0,1,17,12.5,0,Miwon,household_giant,0,1,1,0,domestic,0,0,0,9,count,1,False,,80.0,4.382026634673881,,15788.04347826087,9.667008190659162,,17625.0,9.777073627680469
Sốt uớp thịt vị truyền thống Miwon 80g,Gói,Gia Vị,Gia Vị,12522.222222222224,14100.0,45,0.5555555555555556,0.201418439716312,0.1148312037405899,3,0.2702702702702702,1,0,1,17,12.5,0,Miwon,household_giant,0,1,1,0,domestic,0,0,0,8,count,1,False,,80.0,4.382026634673881,,15652.77777777778,9.658403674005859,,17625.0,9.777073627680469
Sốt đậu hũ Tứ Xuyên Lee Kum Kee 80g,Gói,Gia Vị,Gia Vị,14900.0,14900.0,42,0.0,,0.0,1,0.0,0,0,1,0,0.0,0,Lee Kum Kee,niche_professional,1,0,1,0,domestic,0,0,0,9,count,1,False,,80.0,4.382026634673881,,18625.0,9.83226004324776,,18625.0,9.83226004324776
Sốt ướp đồ nướng Lee Kum Kee lọ 240g,Hộp,Gia Vị,Gia Vị,52500.0,52500.0,54,0.0,,0.0,1,0.0,0,0,1,0,0.0,0,Lee Kum Kee,niche_professional,1,0,1,0,domestic,0,0,0,9,count,1,False,,240.0,5.480638923341991,,21875.0,9.993099711225815,,21875.0,9.993099711225815
Tiêu sọ xay Phú Quốc DH Foods lọ 45g,Chai,Gia Vị,Gia Vị,47611.53846153846,48500.0,52,0.2115384615384615,0.0865979381443299,0.0363779805572734,2,0.0948081264108351,1,0,1,11,11.0,0,DH Foods,local_value,0,0,1,0,domestic,0,0,0,9,count,1,False,,45.0,3.8066624897703196,,105803.4188034188,11.569338111716192,,107777.77777777778,11.587826773143346
Tiêu đen xay DH Foods hũ 45g,Lọ,Gia Vị,Gia Vị,22600.0,22600.0,29,0.0,,0.0,1,0.0,0,0,1,0,0.0,0,DH Foods,local_value,0,0,1,0,domestic,0,0,0,7,count,1,False,,45.0,3.8066624897703196,,50222.22222222222,10.824212881478148,,50222.22222222222,10.824212881478148
Tiêu đen xay DH Foods lọ 80g,Hộp,Gia Vị,Gia Vị,45033.333333333336,45500.0,54,0.1296296296296296,0.0791208791208791,0.0271038846727525,2,0.0859188544152744,1,0,1,7,7.0,0,DH Foods,local_value,0,0,1,0,domestic,0,0,0,7,count,1,False,,80.0,4.382026634673881,,56291.666666666664,10.93830178659439,,56875.0,10.948611156253252
Tiêu đen xay Phú Quốc DH Foods lọ 45g,Chai,Gia Vị,Gia Vị,31600.0,31600.0,49,0.0,,0.0,1,0.0,0,0,1,0,0.0,0,DH Foods,local_value,0,0,1,0,domestic,0,0,0,9,count,1,False,,45.0,3.8066624897703196,,70222.22222222222,11.159420095792775,,70222.22222222222,11.159420095792775
Tương cà Chin-su chai eo 250g,Chai,Gia Vị,Gia Vị,18300.0,18300.0,49,0.0,,0.0,1,0.0,0,0,1,0,0.0,0,Chin-Su,household_giant,0,1,1,0,domestic,0,0,0,6,count,1,False,,250.0,5.521460917862246,,7320.0,8.898365606955357,,7320.0,8.898365606955357
Tương cà Chinsu chai 500g,Chai,Gia Vị,Gia Vị,31620.833333333332,34500.0,48,0.5416666666666666,0.1540691192865105,0.0910654509503019,4,0.2020905923344946,1,0,1,18,13.0,0,Chin-Su,household_giant,0,1,1,0,domestic,0,0,0,5,count,1,False,,500.0,6.214608098422191,,6324.166666666666,8.752133552609958,,6900.0,8.83927669058535
Tương cà Cholimex chai 270g,Chai,Gia Vị,Gia Vị,12906.666666666666,13600.0,60,0.4333333333333333,0.1176470588235294,0.0619484422662282,2,0.1333333333333333,1,0,1,26,26.0,0,Cholimex,household_giant,0,1,1,0,domestic,0,0,0,5,count,1,False,,270.0,5.598421958998375,,4780.246913580247,8.47224747971212,,5037.0370370370365,8.52457329871386
Tương cà Nam Dương chai 265g,Chai,Gia Vị,Gia Vị,8700.0,12800.0,78,1.0,0.3203125,0.0,1,0.0,1,1,1,78,78.0,0,Nam Dương,household_giant,0,1,1,0,domestic,0,0,0,6,count,1,False,,265.0,5.579729825986222,,3283.0188679245284,8.096518664644544,,4830.188679245283,8.482640809909578
Tương cà chai PET Cholimex chai 2.1kg,Chai,Gia Vị,Gia Vị,67767.79661016949,70800.0,59,0.3898305084745763,0.1098624416605256,0.0566496372942565,3,0.1328,1,0,1,12,11.5,0,Cholimex,household_giant,0,1,1,0,domestic,0,0,0,7,count,1,False,,2100.0,7.649692623711514,,3227.037933817595,8.079319947116925,,3371.4285714285716,8.123091841958388
Tương cà chua Heinz chai 300g,Chai,Gia Vị,Gia Vị,34263.46153846154,36600.0,52,0.3846153846153846,0.165983606557377,0.0881613983851954,3,0.2323232323232322,1,0,1,11,10.0,0,Heinz,niche_professional,1,0,1,0,domestic,0,0,0,6,count,1,False,,300.0,5.703782474656201,,11421.153846153846,9.343222515422525,,12200.0,9.409191230721348
Tương đậu Chungjungone Daesang hộp 200g,Hộp,Gia Vị,Gia Vị,32297.14285714286,36700.0,35,0.6571428571428571,0.1825613079019073,0.0999060430987489,2,0.1825613079019074,1,0,1,23,23.0,0,Daesang,local_value,0,0,1,0,domestic,0,0,0,6,count,1,False,,200.0,5.298317366548036,,16148.57142857143,9.689586868303095,,18350.0,9.817384853482716
Tương ớt Chin Su chai 1kg,Chai,Gia Vị,Gia Vị,56359.32203389831,61200.0,59,0.5084745762711864,0.1555555555555555,0.0855576766079238,3,0.2023575638506876,1,0,1,30,30.0,0,Chin-Su,household_giant,0,1,1,0,domestic,0,0,0,6,count,1,False,,1000.0,6.907755278982137,,5635.932203389831,8.636917843739305,,6120.0,8.719317375506371
Tương ớt Chin-su 250g,Chai,Gia Vị,Gia Vị,18300.0,18300.0,54,0.0,,0.0,1,0.0,0,0,1,0,0.0,0,Chin-Su,household_giant,0,1,1,0,domestic,0,0,0,4,count,1,False,,250.0,5.521460917862246,,7320.0,8.898365606955357,,7320.0,8.898365606955357
Tương ớt Chin-su chai eo 500g,Chai,Gia Vị,Gia Vị,32846.34146341463,33900.0,41,0.3902439024390244,0.079646017699115,0.0405961484922809,2,0.0865384615384614,1,0,1,16,16.0,0,Chin-Su,household_giant,0,1,1,0,domestic,0,0,0,6,count,1,False,,500.0,6.214608098422191,,6569.268292682927,8.790157734299726,,6780.0,8.821732380934442
"Tương ớt Cholimex chai 2,1kg",Chai,Gia Vị,Gia Vị,67015.25423728813,69900.0,59,0.3898305084745763,0.105865522174535,0.0543166799135826,2,0.1184,1,0,1,12,11.5,0,Cholimex,household_giant,0,1,1,0,domestic,0,0,0,5,count,1,False,,2100.0,7.649692623711514,,3191.2025827280063,8.068153109919024,,3328.5714285714284,8.11029849049848
Tương ớt Cholimex chai 270g,Chai,Gia Vị,Gia Vị,12206.666666666666,12900.0,60,0.4333333333333333,0.1240310077519379,0.0655009198402064,2,0.1415929203539823,1,0,1,26,26.0,0,Cholimex,household_giant,0,1,1,0,domestic,0,0,0,5,count,1,False,,270.0,5.598421958998375,,4520.9876543209875,8.41648575655011,,4777.777777777777,8.47173081733948
Tương ớt Cholimex chai chai 830g,Chai,Gia Vị,Gia Vị,33400.0,33400.0,51,0.0,,0.0,1,0.0,0,0,1,0,0.0,0,Cholimex,household_giant,0,1,1,0,domestic,0,0,0,6,count,1,False,,830.0,6.721425700790643,,4024.0963855421683,8.30005566416224,,4024.0963855421683,8.30005566416224
Tương ớt Heinz chai 300g,Chai,Gia Vị,Gia Vị,35700.0,35700.0,49,0.0,,0.0,1,0.0,0,0,1,0,0.0,0,Heinz,niche_professional,1,0,1,0,domestic,0,0,0,5,count,1,False,,300.0,5.703782474656201,,11900.0,9.38429367909962,,11900.0,9.38429367909962
Tương ớt Knorr tròn 5 vị cay tê tê hành phi chai 220g,Chai,Gia Vị,Gia Vị,17300.0,17300.0,39,0.0,,0.0,1,0.0,0,0,1,0,0.0,0,Knorr,household_giant,0,1,1,0,domestic,0,0,0,13,count,1,False,,220.0,5.393627546352362,,7863.636363636363,8.970004420121601,,7863.636363636363,8.970004420121601
Tương ớt Miwon Chungjungone gạo lứt 200g,Hộp,Gia Vị,Gia Vị,46000.0,46000.0,30,0.0,,0.0,1,0.0,0,0,1,0,0.0,0,Miwon,household_giant,0,1,1,0,domestic,0,0,0,7,count,1,False,,200.0,5.298317366548036,,23000.0,10.043249494911286,,23000.0,10.043249494911286
Tương ớt Sempio hộp 500g,Hộp,Gia Vị,Gia Vị,88500.0,88500.0,52,0.0,,0.0,1,0.0,0,0,1,0,0.0,0,Sempio,niche_professional,1,0,1,0,domestic,0,0,0,5,count,1,False,,500.0,6.214608098422191,,17700.0,9.78131991856192,,17700.0,9.78131991856192
Tương ớt Vifon chai 560g,Chai,Gia Vị,Gia Vị,18600.0,19200.0,56,0.2142857142857142,0.1458333333333333,0.0623285021341481,2,0.1707317073170731,1,0,1,12,12.0,0,Vifon,household_giant,0,1,1,0,domestic,0,0,0,5,count,1,False,,560.0,6.327936783729195,,3321.4285714285716,8.108150261960189,,3428.571428571429,8.139898960274769
Tương ớt cay vừa Nam Dương 255g,Chai,Gia Vị,Gia Vị,8792.0,12000.0,75,1.0,0.2673333333333333,0.0164888202827831,2,0.0348837209302326,1,1,1,75,75.0,0,Nam Dương,household_giant,0,1,1,0,domestic,0,0,0,7,count,1,False,,255.0,5.541263545158426,,3447.843137254902,8.145504136913123,,4705.882352941177,8.456568569599803
Tương ớt chua ngọt Cholimex PET 2.1kg,Chai,Gia Vị,Gia Vị,65600.0,68900.0,58,0.3793103448275862,0.1262699564586357,0.0649122375098898,2,0.1445182724252491,1,0,1,11,11.0,0,Cholimex,household_giant,0,1,1,0,domestic,0,0,0,7,count,1,False,,2100.0,7.649692623711514,,3123.809523809524,8.046808537208758,,3280.9523809523807,8.095889019278326
Tương ớt chua ngọt Cholimex chai 270g,Chai,Gia Vị,Gia Vị,13806.77966101695,14400.0,59,0.423728813559322,0.0972222222222222,0.0505364931435325,2,0.1076923076923077,1,0,1,25,25.0,0,Cholimex,household_giant,0,1,1,0,domestic,0,0,0,7,count,1,False,,270.0,5.598421958998375,,5113.622096672944,8.539663257280447,,5333.333333333333,8.58173171255381
Tương ớt tròn 5 vị cay đậm Knorr chai 220g,Chai,Gia Vị,Gia Vị,17300.0,17300.0,30,0.0,,0.0,1,0.0,0,0,1,0,0.0,0,Knorr,household_giant,0,1,1,0,domestic,0,0,0,10,count,1,False,,220.0,5.393627546352362,,7863.636363636363,8.970004420121601,,7863.636363636363,8.970004420121601
Tương ớt đặc biệt cay Nam Dương 400g,Gói,Gia Vị,Gia Vị,14481.03448275862,14900.0,58,1.0,0.0281184910900254,0.0027308274471484,2,0.0068965517241379,1,1,1,58,58.0,0,Nam Dương,household_giant,0,1,1,0,domestic,0,0,0,8,count,1,False,,400.0,5.991464547107982,,3620.258620689655,8.194300744447409,,3725.0,8.22282213081366
Tương ớt đặc biệt cay Nam Dương chai 250g,Chai,Gia Vị,Gia Vị,10160.56338028169,12500.0,71,1.0,0.1871549295774648,0.0078874289058039,2,0.0196078431372549,1,1,1,71,71.0,0,Nam Dương,household_giant,0,1,1,0,domestic,0,0,0,9,count,1,False,,250.0,5.521460917862246,,4064.225352112676,8.309978438536104,,5000.0,8.517193191416238
Xốt Basilico Barilla lọ 400g,Lọ,Gia Vị,Gia Vị,123355.1724137931,125600.0,58,0.1206896551724138,0.1480891719745223,0.0495493843799974,2,0.1738317757009346,1,0,1,7,7.0,0,Barilla,niche_professional,1,0,1,0,domestic,0,0,0,5,count,1,False,,400.0,5.991464547107982,,30838.793103448275,10.336528692782073,,31400.0,10.354563171896345
Xốt Mayonnaise Simply Chấm Và Trộn Đều Ngon chai 230g,Chai,Gia Vị,Gia Vị,29356.164383561645,38800.0,73,1.0,0.243397825165937,0.0579177830982959,5,0.1599999999999999,1,1,1,73,73.0,0,Simply,household_giant,0,1,1,0,domestic,0,0,0,10,count,1,False,,230.0,5.438079308923196,,12763.549731983325,9.45434871037222,,16869.565217391304,9.73326640267626
Xốt bò kho Cholimex gói 90g,Gói,Gia Vị,Gia Vị,11100.0,11100.0,48,0.0,,0.0,1,0.0,0,0,1,0,0.0,0,Cholimex,household_giant,0,1,1,0,domestic,0,0,0,6,count,1,False,,90.0,4.499809670330265,,12333.333333333332,9.420060902958252,,12333.333333333332,9.420060902958252
Xốt cà chua thịt bò băm Barilla lọ 400g,Lọ,Gia Vị,Gia Vị,139335.9375,149200.0,64,0.359375,0.1839666627812099,0.0960427063939367,3,0.1977211796246648,1,0,1,23,23.0,0,Barilla,niche_professional,1,0,1,0,domestic,0,0,0,9,count,1,False,,400.0,5.991464547107982,,34833.984375,10.45834875173562,,37300.0,10.526748605631907
Xốt gia vị hoàn chỉnh - Thịt nướng ngũ vị Barona gói 80g,Gói,Gia Vị,Gia Vị,11888.13559322034,12700.0,59,0.7627118644067796,0.0838145231846019,0.0615976695719742,3,0.1181818181818181,1,0,1,45,45.0,0,Barona,local_value,0,0,1,0,domestic,0,0,0,13,count,1,False,,80.0,4.382026634673881,,14860.169491525425,9.606439724096704,,15875.0,9.672500823760892
Xốt gia vị hoàn chỉnh Barona bò kho gói 80g,Gói,Gia Vị,Gia Vị,12652.459016393444,14900.0,61,0.918032786885246,0.1643096836049856,0.0563249545537036,3,0.2113821138211382,1,0,1,32,18.666666666666668,0,Barona,local_value,0,0,1,0,domestic,0,0,0,10,count,1,False,,80.0,4.382026634673881,,15815.573770491805,9.668750415226555,,18625.0,9.83226004324776
Xốt gia vị hoàn chỉnh Barona cà ri gói 80g,Gói,Gia Vị,Gia Vị,11851.923076923076,12900.0,52,0.7115384615384616,0.1141839513932537,0.0615388598265642,3,0.1517857142857142,1,0,1,18,12.333333333333334,0,Barona,local_value,0,0,1,0,domestic,0,0,0,10,count,1,False,,80.0,4.382026634673881,,14814.903846153844,9.603388969683117,,16125.0,9.688126141663973
Xốt gia vị hoàn chỉnh Barona gà chiên nước mắm 80g,Gói,Gia Vị,Gia Vị,11771.698113207549,12800.0,53,0.6981132075471698,0.1150760135135135,0.0625665018249137,3,0.1531531531531531,1,0,1,18,12.333333333333334,0,Barona,local_value,0,0,1,0,domestic,0,0,0,11,count,1,False,,80.0,4.382026634673881,,14714.622641509435,9.596597015860965,,16000.0,9.680344001221918
Xốt gia vị hoàn chỉnh Barona nướng muối ớt 80g,Gói,Gia Vị,Gia Vị,12800.0,12800.0,44,0.0,,0.0,1,0.0,0,0,1,0,0.0,0,Barona,local_value,0,0,1,0,domestic,0,0,0,10,count,1,False,,80.0,4.382026634673881,,16000.0,9.680344001221918,,16000.0,9.680344001221918
Xốt gia vị hoàn chỉnh Barona thịt nướng Hàn Quốc 80g,Gói,Gia Vị,Gia Vị,12814.285714285714,13100.0,42,0.2857142857142857,0.0763358778625954,0.0356812675363934,2,0.0826446280991735,1,0,1,12,12.0,0,Barona,local_value,0,0,1,0,domestic,0,0,0,11,count,1,False,,80.0,4.382026634673881,,16017.857142857141,9.681459450305784,,16375.0,9.703511060503452
Xốt gia vị hoàn chỉnh Barona xào sả ớt 80g,Gói,Gia Vị,Gia Vị,14900.0,14900.0,42,0.0,,0.0,1,0.0,0,0,1,0,0.0,0,Barona,local_value,0,0,1,0,domestic,0,0,0,10,count,1,False,,80.0,4.382026634673881,,18625.0,9.83226004324776,,18625.0,9.83226004324776
Xốt mayonnaise Aji-mayo chai 260g,Tuýp,Gia Vị,Gia Vị,37044.444444444445,39800.0,54,0.5740740740740741,0.1206030150753768,0.0646737586394695,2,0.1371428571428572,1,0,1,16,10.333333333333334,0,Ajinomoto,household_giant,0,1,1,0,domestic,0,0,0,5,unknown,1,False,,260.0,5.560681631015528,,14247.863247863248,9.564362226935176,,15307.692307692307,9.636110746245093
Xốt mayonnaise Aji-mayo tuýp 130g,Tuýp,Gia Vị,Gia Vị,22693.44262295082,24100.0,61,0.5409836065573771,0.1078838174273859,0.0575663119781001,2,0.1209302325581396,1,0,1,11,11.0,0,Ajinomoto,household_giant,0,1,1,0,domestic,0,0,0,5,unknown,1,False,,130.0,4.867534450455582,,17456.494325346786,9.767467026035025,,18538.46153846154,9.827602855011255
Xốt mayonnaise Ottogi chai 240g,Chai,Gia Vị,Gia Vị,29650.746268656716,33600.0,67,0.5671641791044776,0.2072368421052631,0.1173341236087448,3,0.2679245283018867,1,0,1,25,12.666666666666666,0,Ottogi,niche_professional,1,0,1,0,domestic,0,0,0,5,count,1,False,,240.0,5.480638923341991,,12354.4776119403,9.421773836018527,,14000.0,9.546812608597396
Xốt mayonnaise ngọt dịu Aji-mayo tuýp 130g,Tuýp,Gia Vị,Gia Vị,22589.830508474577,24100.0,59,0.559322033898305,0.1120331950207468,0.0598486602727144,2,0.1261682242990653,1,0,1,11,11.0,0,Ajinomoto,household_giant,0,1,1,0,domestic,0,0,0,7,unknown,1,False,,130.0,4.867534450455582,,17376.792698826597,9.762890842021505,,18538.46153846154,9.827602855011255
Xốt muối kim cho Barona Hàn Quốc 180g,Gói,Gia Vị,Gia Vị,34408.0,36900.0,50,0.94,0.0718445482327163,0.0186495636530892,3,0.0821114369501465,1,0,1,35,23.5,0,Barona,local_value,0,0,1,0,domestic,0,0,0,8,count,1,False,,180.0,5.19295685089021,,19115.555555555555,9.858257709561453,,20500.0,9.9281801651265
Xốt mì Napoletana Barilla lọ 400g,Lọ,Gia Vị,Gia Vị,123232.72727272728,125600.0,55,0.1272727272727272,0.1480891719745223,0.0507666257122794,2,0.1738317757009346,1,0,1,7,7.0,0,Barilla,niche_professional,1,0,1,0,domestic,0,0,0,6,count,1,False,,400.0,5.991464547107982,,30808.18181818182,10.335535577132154,,31400.0,10.354563171896345
Xốt mì ô liu Barilla lọ 400g,Lọ,Gia Vị,Gia Vị,151224.1379310345,154000.0,58,0.1206896551724138,0.1493506493506493,0.0499792117116032,2,0.1755725190839694,1,0,1,7,7.0,0,Barilla,niche_professional,1,0,1,0,domestic,0,0,0,7,count,1,False,,400.0,5.991464547107982,,37806.03448275862,10.54022401126721,,38500.0,10.558413520275876
Xốt salad Golden Farm mè rang 250ml,Chai,Gia Vị,Gia Vị,48054.34782608696,50800.0,46,0.391304347826087,0.1381233595800525,0.0732980779465019,3,0.1633858267716536,1,0,1,18,18.0,0,Golden Farm,local_value,0,0,1,0,domestic,0,0,0,7,count,1,False,250.0,,5.521460917862246,19221.739130434784,,9.863797163885184,20320.0,,9.919360901692418
Xốt spaghetti Presco Ottogi lọ 400g,Chai,Gia Vị,Gia Vị,51006.12244897959,55700.0,49,0.4081632653061224,0.2064631956912028,0.1119620571077531,2,0.2601809954751131,1,0,1,11,10.0,0,Ottogi,niche_professional,1,0,1,0,domestic,0,0,0,6,count,1,False,,400.0,5.991464547107982,,12751.530612244898,9.453406591400594,,13925.0,9.541441064795485
Xốt sườn xào chua ngọt Barona gói 80g,Gói,Gia Vị,Gia Vị,11488.524590163934,12700.0,61,1.0,0.0953917645540209,0.0475190515467077,3,0.1056910569105691,1,1,1,61,61.0,0,Barona,local_value,0,0,1,0,domestic,0,0,0,8,count,1,False,,80.0,4.382026634673881,,14360.655737704916,9.572247505745217,,15875.0,9.672500823760892
Xốt tương ngọt Lee Kum Kee 240g,Hộp,Gia Vị,Gia Vị,59000.0,59000.0,49,0.0,,0.0,1,0.0,0,0,1,0,0.0,0,Lee Kum Kee,niche_professional,1,0,1,0,domestic,0,0,0,7,count,1,False,,240.0,5.480638923341991,,24583.333333333336,10.109823985533957,,24583.333333333336,10.109823985533957
Xốt xá xíu Cholimex gói 70g,Gói,Gia Vị,Gia Vị,8565.95744680851,8800.0,47,0.2340425531914893,0.1136363636363636,0.0499624625269762,2,0.1282051282051282,1,0,1,11,11.0,0,Cholimex,household_giant,0,1,1,0,domestic,0,0,0,6,count,1,False,,70.0,4.248495242049359,,12237.082066869301,9.412226134416501,,12571.428571428572,9.43918194440503
Xốt ướp thịt nướng Cholimex gói 70g,Gói,Gia Vị,Gia Vị,8240.677966101695,8800.0,59,0.559322033898305,0.1136363636363636,0.0607632085648901,2,0.1282051282051282,1,0,1,11,11.0,0,Cholimex,household_giant,0,1,1,0,domestic,0,0,0,7,count,1,False,,70.0,4.248495242049359,,11772.397094430995,9.373512840897174,,12571.428571428572,9.43918194440503
Đường Organic T.SU Special Biên Hòa 400g,Gói,Gia Vị,Gia Vị,42200.0,42200.0,10,0.0,,0.0,1,0.0,0,0,1,0,0.0,0,Biên Hòa,household_giant,0,1,1,0,domestic,0,1,0,7,count,1,False,,400.0,5.991464547107982,,10550.0,9.263881138904212,,10550.0,9.263881138904212
Đường mía thượng hạng Biên Hòa gói 1kg,Gói,Gia Vị,Gia Vị,30575.86206896552,33100.0,58,1.0,0.0762579435357849,0.0102386422831896,3,0.0398671096345515,1,1,1,58,58.0,0,Biên Hòa,household_giant,0,1,1,0,domestic,0,0,0,8,count,1,False,,1000.0,6.907755278982137,,3057.586206896552,8.025381062387579,,3310.0,8.104703468371108
Đường mía thượng hạng Biên Hòa gói 500g,Gói,Gia Vị,Gia Vị,18600.0,18600.0,50,0.0,,0.0,1,0.0,0,0,1,0,0.0,0,Biên Hòa,household_giant,0,1,1,0,domestic,0,0,0,8,count,1,False,,500.0,6.214608098422191,,3720.0,8.221478947267192,,3720.0,8.221478947267192
Đường phèn Biên Hòa gói 500g,Gói,Gia Vị,Gia Vị,37247.36842105263,38900.0,57,0.5614035087719298,0.0756748071979434,0.0408964246053182,3,0.1051136363636364,1,0,1,11,10.666666666666666,0,Biên Hòa,household_giant,0,1,1,0,domestic,0,0,0,6,count,1,False,,500.0,6.214608098422191,,7449.473684210527,8.915898662463336,,7780.0,8.959311617172437
Đường phèn hạt thiên nhiên Biên Hòa gói 500g,Gói,Gia Vị,Gia Vị,42700.0,42700.0,3,0.0,,0.0,1,0.0,0,0,1,0,0.0,0,Biên Hòa,household_giant,0,1,1,0,domestic,0,0,0,9,count,1,False,,500.0,6.214608098422191,,8540.0,9.052516286782616,,8540.0,9.052516286782616
Đường trắng cao cấp Biên Hòa Daily gói 1kg,Gói,Gia Vị,Gia Vị,35066.666666666664,35800.0,54,0.4074074074074074,0.0502793296089385,0.0254583079118236,2,0.0529411764705882,1,0,1,11,11.0,0,Biên Hòa,household_giant,0,1,1,0,domestic,0,0,0,9,count,1,False,,1000.0,6.907755278982137,,3506.6666666666665,8.16242119762359,,3580.0,8.183118079394745
Đường túi Biên Hòa Pure 1kg,Gói,Gia Vị,Gia Vị,32784.0,33900.0,50,0.62,0.0530973451327433,0.0269206269113112,2,0.0560747663551401,1,0,1,16,10.333333333333334,0,Biên Hòa,household_giant,0,1,1,0,domestic,0,0,0,6,count,1,False,,1000.0,6.907755278982137,,3278.4,8.095110777484635,,3390.0,8.128585200374497
Đường vàng Biên Hòa thiên nhiên 1kg,Gói,Gia Vị,Gia Vị,36047.916666666664,38000.0,48,0.6041666666666666,0.08502722323049,0.0447746491671606,3,0.0982658959537572,1,0,1,15,9.666666666666666,0,Biên Hòa,household_giant,0,1,1,0,domestic,0,0,0,7,count,1,False,,1000.0,6.907755278982137,,3604.7916666666665,8.190019257942803,,3800.0,8.242756345714477
Đường vàng khoáng chất Biên Hòa gói 1kg,Gói,Gia Vị,Gia Vị,38257.5,39000.0,40,0.275,0.0692307692307692,0.0319139249636284,2,0.0743801652892561,1,0,1,11,11.0,0,Biên Hòa,household_giant,0,1,1,0,domestic,0,0,0,8,count,1,False,,1000.0,6.907755278982137,,3825.75,8.249509805471146,,3900.0,8.268731832117737
Đường ăn kiêng Biên Hòa Isomalts 5g 250g,Hộp,Gia Vị,Gia Vị,77100.0,77100.0,52,0.0,,0.0,1,0.0,0,0,1,0,0.0,0,Biên Hòa,household_giant,0,1,1,0,domestic,0,1,0,8,count,1,False,,250.0,5.521460917862246,,30840.0,10.336567827677266,,30840.0,10.336567827677266
Đường ăn kiêng Hermesetas lọ 90g,Lọ,Gia Vị,Gia Vị,162800.0,162800.0,35,0.0,,0.0,1,0.0,0,0,1,0,0.0,0,,,0,0,0,0,domestic,0,1,0,6,count,1,False,,90.0,4.499809670330265,,180888.88888888888,12.105638248208404,,180888.88888888888,12.105638248208404
Đường đen nữ hoàng Biên Hòa gói 1kg,Gói,Gia Vị,Gia Vị,56700.0,56700.0,42,0.0,,0.0,1,0.0,0,0,1,0,0.0,0,Biên Hòa,household_giant,0,1,1,0,domestic,0,0,0,8,count,1,False,,1000.0,6.907755278982137,,5670.0,8.642944396721798,,5670.0,8.642944396721798
Ướp thịt nướng Cholimex 600g,Lọ,Gia Vị,Gia Vị,60631.37254901961,62400.0,51,0.2156862745098039,0.1314102564102564,0.056178831356469,2,0.1512915129151291,1,0,1,11,11.0,0,Cholimex,household_giant,0,1,1,0,domestic,0,0,0,5,count,1,False,,600.0,6.396929655216146,,10105.228758169935,9.220808267698251,,10400.0,9.249561085129464
