product_name,unit,subcategory,parent_category,avg_final_price,avg_marked_price,days_observed,promo_rate,avg_discount_depth,price_volatility,n_price_changes,max_daily_jump_pct,ever_promoted,always_promoted,marked_price_changes,promo_streak_max,promo_streak_avg,marked_price_increased,brand_name
Bơ lạt Anchor gói 227g,Miếng,Bơ Sữa - Phô Mai,Sữa Tươi,124590.625,137500.0,64,0.5625,0.16690909090909092,0.09725770463163987,3,0.25685557586837304,1,0,1,18,18.0,0,Anchor
Bơ lạt Paysan Breton hộp 250g,Hộp,Bơ Sữa - Phô Mai,Sữa Tươi,174000.0,174000.0,45,0.0,,0.0,1,0.0,0,0,1,0,0.0,0,
Bơ lạt Presiden hộp 250g,Hộp,Bơ Sữa - Phô Mai,Sữa Tươi,181000.0,181000.0,50,0.0,,0.0,1,0.0,0,0,1,0,0.0,0,
Bơ lạt Westgold 250g,Gói,Bơ Sữa - Phô Mai,Sữa Tươi,123000.0,123000.0,48,0.0,,0.0,1,0.0,0,0,1,0,0.0,0,
Bơ lạt tự nhiên TH TRUE BUTTER 10g*10gói,Gói,Bơ Sữa - Phô Mai,Sữa Tươi,37563.82978723404,39000.0,47,0.3191489361702128,0.11538461538461539,0.056446292731622,2,0.13043478260869557,1,0,1,15,15.0,0,
Bơ lạt tự nhiên TH True milk 200g,Gói,Bơ Sữa - Phô Mai,Sữa Tươi,73100.0,77000.0,56,0.42857142857142855,0.11818181818181818,0.062162613776027026,2,0.134020618556701,1,0,1,12,12.0,0,Th True Milk
Bơ mặn Paysan Breton hộp 250g,Hộp,Bơ Sữa - Phô Mai,Sữa Tươi,174000.0,174000.0,49,0.0,,0.0,1,0.0,0,0,1,0,0.0,0,
Bơ mặn President gói 125g,Miếng,Bơ Sữa - Phô Mai,Sữa Tươi,84500.0,84500.0,50,0.0,,0.0,1,0.0,0,0,1,0,0.0,0,
Bơ mặn Président gói 200g,Miếng,Bơ Sữa - Phô Mai,Sữa Tươi,135000.0,135000.0,49,0.0,,0.0,1,0.0,0,0,1,0,0.0,0,
Bơ mặn Westgold 250g,Gói,Bơ Sữa - Phô Mai,Sữa Tươi,123000.0,123000.0,48,0.0,,0.0,1,0.0,0,0,1,0,0.0,0,
Bơ nhạt President gói 125g,Miếng,Bơ Sữa - Phô Mai,Sữa Tươi,83744.73684210527,84500.0,38,0.18421052631578946,0.0485207100591716,0.019233731147737566,2,0.05099502487562191,1,0,1,7,7.0,0,
Bơ nhạt President vỉ 10 viên x 10g,Hộp,Bơ Sữa - Phô Mai,Sữa Tươi,71498.07692307692,74900.0,52,0.5576923076923077,0.0814419225634179,0.04278697972652549,2,0.08144192256341787,1,0,1,29,29.0,0,
Bơ nhạt Président gói 200g,Miếng,Bơ Sữa - Phô Mai,Sữa Tươi,131750.0,135000.0,44,0.5,0.048148148148148155,0.024953119564194878,2,0.04814814814814816,1,0,1,22,22.0,0,
Bơ nhạt Président vỉ 10 hộpx10g,Hộp,Bơ Sữa - Phô Mai,Sữa Tươi,77900.0,77900.0,50,0.0,,0.0,1,0.0,0,0,1,0,0.0,0,
"Creamer đặc có đường Ngôi Sao Phương Nam Vinamilk hộp 1,284kg",Hộp,Sữa Đặc,Sữa Tươi,59200.0,59200.0,35,0.0,,0.0,1,0.0,0,0,1,0,0.0,0,Vinamilk
Creamer đặc sữa pha chế Nutimilk hộp 1284g,Hộp,Sữa Đặc,Sữa Tươi,72300.0,72300.0,48,0.0,,0.0,1,0.0,0,0,1,0,0.0,0,Nutimilk
Creamer đặc sữa pha chế Nutimilk hộp 380g,Hộp,Sữa Đặc,Sữa Tươi,21400.0,21400.0,48,0.0,,0.0,1,0.0,0,0,1,0,0.0,0,Nutimilk
Creamer đặc sữa pha chế Nutimilk lon 380g,Lon,Sữa Đặc,Sữa Tươi,21400.0,21400.0,48,0.0,,0.0,1,0.0,0,0,1,0,0.0,0,Nutimilk
DUTCH LADY STT cao khỏe có đường 170ml,Thùng,Sữa tươi,Sữa Tươi,370800.0,370800.0,49,0.0,,0.0,1,0.0,0,0,1,0,0.0,0,
Kem sữa Whipping cream AVonMorehộp 1L,Hộp,Bơ Sữa - Phô Mai,Sữa Tươi,172367.7966101695,188000.0,59,0.559322033898305,0.1486621534493875,0.08296894818141048,3,0.19974473516273128,1,0,1,19,16.5,0,
Kem sữa có đường tiệt trùng dạng xịt Paysan Breton chai 250g,Chai,Bơ Sữa - Phô Mai,Sữa Tươi,146500.0,146500.0,47,0.0,,0.0,1,0.0,0,0,1,0,0.0,0,
Kem sữa tươi Emborg whipped cream 250ml,Hộp,Bơ Sữa - Phô Mai,Sữa Tươi,130140.35087719298,138000.0,57,0.40350877192982454,0.14114681789540012,0.07535144631434543,3,0.19377162629757794,1,0,1,12,11.5,0,
Kem sữa tươi whipping cream Anchor hộp 1L,Hộp,Bơ Sữa - Phô Mai,Sữa Tươi,195172.72727272726,204500.0,55,0.4,0.11402533896421428,0.06081663052067965,3,0.1320293398533008,1,0,1,13,11.0,0,Anchor
Kem sữa tươi đánh tiệt trùng Anchor hộp 250ml,Hộp,Bơ Sữa - Phô Mai,Sữa Tươi,82561.53846153847,84000.0,52,0.21153846153846154,0.08095238095238096,0.03396508038144176,2,0.08808290155440424,1,0,1,7,5.5,0,Anchor
"Kem đặc có đường Vinamilk Ngôi Sao Phương Nam hộp 1,284kg",Hộp,Sữa Đặc,Sữa Tươi,68111.11111111111,70000.0,54,0.6296296296296297,0.04285714285714286,0.021469549482249745,2,0.04477611940298498,1,0,1,14,11.333333333333334,0,Vinamilk
Lof Malto Malt Mint sữa lúa.m 180ml,Thùng,Sữa Hạt - Sữa Đậu,Sữa Tươi,358800.0,358800.0,54,0.0,,0.0,1,0.0,0,0,1,0,0.0,0,
Lof Malto Sữa lúa mach Socola 180ml,Thùng,Sữa Hạt - Sữa Đậu,Sữa Tươi,358800.0,358800.0,61,0.0,,0.0,1,0.0,0,0,1,0,0.0,0,
Lon Ensure Gold Green Health Đạm thực vật 850g,Lon,Sữa Bột,Sữa Tươi,982500.0,982500.0,48,0.0,,0.0,1,0.0,0,0,1,0,0.0,0,Ensure
Lốc 3 hộp sữa 9 loại hạt Vinamilk Super Nut 180ml,Gói 4,Sữa tươi,Sữa Tươi,49737.5,52500.0,48,0.5416666666666666,0.09714285714285714,0.05163149385556936,2,0.10759493670886067,1,0,1,14,13.0,0,Vinamilk
Lốc 3 hộp sữa hạt hạnh nhân Degree 127 180ml,Gói 3,Sữa Hạt - Sữa Đậu,Sữa Tươi,90419.23076923077,95900.0,52,0.36538461538461536,0.15641293013555788,0.08066357418671902,2,0.1854140914709519,1,0,1,19,19.0,0,
Lốc 3 hộp sữa óc chó Degrees 137 truyền thống 180ml,Gói 3,Sữa Hạt - Sữa Đậu,Sữa Tươi,98937.93103448275,109900.0,58,0.5689655172413793,0.17531088868668487,0.09870613066823147,3,0.1983621474067334,1,0,1,33,33.0,0,Degrees
Lốc 4 chai sữa chua uống Probi light ít đường 130ml,Gói 4,Sữa Chua - Váng Sữa,Sữa Tươi,34068.181818181816,36900.0,44,0.5909090909090909,0.12987283718991036,0.06999833879971128,3,0.15312499999999996,1,0,1,12,8.666666666666666,0,Probi
Lốc 4 chai sữa chua uống Topkid Phô mai tự nhiên 90ml,Gói 4,Sữa Chua - Váng Sữa,Sữa Tươi,22847.36842105263,23900.0,57,0.3508771929824561,0.12552301255230125,0.06322218312152073,2,0.12552301255230125,1,0,1,20,20.0,0,
Lốc 4 chai sữa chua uống có đường Probi Vinamilk 130ml,Gói 4,Sữa Chua - Váng Sữa,Sữa Tươi,33422.0,36900.0,50,0.74,0.12737127371273713,0.0623095936556527,2,0.14596273291925477,1,0,1,14,12.333333333333334,0,Vinamilk
Lốc 4 hộp Milo sữa lúa mạch ít đường 115ml,Gói 4,Sữa Hạt - Sữa Đậu,Sữa Tươi,20656.25,20900.0,48,0.2708333333333333,0.0430622009569378,0.01956713218811093,2,0.04499999999999993,1,0,1,13,13.0,0,Milo
Lốc 4 hộp sữa Nutimilk có đường 100% sữa Newzealand 180ml,Gói 4,Sữa tươi,Sữa Tươi,36100.0,36100.0,47,0.0,,0.0,1,0.0,0,0,1,0,0.0,0,Nutimilk
Lốc 4 hộp sữa Ovaltine DHA Plus 180ml,Gói 4,Sữa Hạt - Sữa Đậu,Sữa Tươi,32993.220338983054,34900.0,59,0.423728813559322,0.12893982808022922,0.06797626004177511,2,0.14802631578947367,1,0,1,13,12.5,0,Ovaltine
Lốc 4 hộp sữa TH true vị tự nhiên Milk Gold 180ml,Gói 4,Sữa tươi,Sữa Tươi,72800.0,72800.0,47,0.0,,0.0,1,0.0,0,0,1,0,0.0,0,
Lốc 4 hộp sữa chua Fristi vị cam sữa 100ml,Gói 4,Sữa Chua - Váng Sữa,Sữa Tươi,18076.923076923078,19000.0,52,0.4807692307692308,0.10105263157894737,0.053719035993859805,3,0.11764705882352944,1,0,1,15,12.5,0,
Lốc 4 hộp sữa chua lên men tự nhiên vị việt quất sữa Fristi 100ml,Gói 4,Sữa Chua - Váng Sữa,Sữa Tươi,17972.881355932204,19000.0,59,0.5423728813559322,0.09967105263157895,0.05310504353852292,3,0.11764705882352944,1,0,1,17,16.0,0,
Lốc 4 hộp sữa chua uống TH Milk Hương việt quất 100ml,Gói 4,Sữa Chua - Váng Sữa,Sữa Tươi,32300.0,32300.0,55,0.0,,0.0,1,0.0,0,0,1,0,0.0,0,
Lốc 4 hộp sữa chua uống TH Milk hương cam 180ml,Gói 4,Sữa Chua - Váng Sữa,Sữa Tươi,36200.0,36200.0,53,0.0,,0.0,1,0.0,0,0,1,0,0.0,0,
Lốc 4 hộp sữa chua uống Topkid hương cam 180ml,Gói 4,Sữa Chua - Váng Sữa,Sữa Tươi,32646.938775510203,33400.0,49,0.1836734693877551,0.12275449101796407,0.049133079328618705,2,0.13993174061433455,1,0,1,9,9.0,0,
Lốc 4 hộp sữa chua uống Topkid hương dâu 180ml,Gói 4,Sữa Chua - Váng Sữa,Sữa Tươi,32580.0,33400.0,50,0.2,0.12275449101796407,0.050848685483905025,2,0.13993174061433455,1,0,1,10,10.0,0,
Lốc 4 hộp sữa chua uống Vinamilk Susu hương cam 110ml,Gói 4,Sữa Chua - Váng Sữa,Sữa Tươi,19000.0,19000.0,49,0.0,,0.0,1,0.0,0,0,1,0,0.0,0,Vinamilk
Lốc 4 hộp sữa chua uống Vinamilk Susu hương dâu 110ml,Gói 4,Sữa Chua - Váng Sữa,Sữa Tươi,19000.0,19000.0,49,0.0,,0.0,1,0.0,0,0,1,0,0.0,0,Vinamilk
Lốc 4 hộp sữa chua uống cam có thạch NUVI 170ml,Gói 4,Sữa Chua - Váng Sữa,Sữa Tươi,29644.927536231884,33500.0,69,0.7536231884057971,0.15269804822043628,0.07495552146306902,3,0.18374558303886923,1,0,1,30,26.0,0,Nuvi
Lốc 4 hộp sữa chua uống dâu có thạch Nuvi,Gói 4,Sữa Chua - Váng Sữa,Sữa Tươi,29720.289855072464,33500.0,69,0.7391304347826086,0.15264852209540533,0.07616208107535981,3,0.18374558303886923,1,0,1,29,25.5,0,
Lốc 4 hộp sữa chua uống lên men Bentagen hương cam 85ml,Gói 4,Sữa Chua - Váng Sữa,Sữa Tươi,24774.1935483871,26200.0,62,0.5,0.10884018714602314,0.05864403769489911,3,0.13913043478260878,1,0,1,18,15.5,0,
Lốc 4 hộp sữa chua uống lên men Bentagen hương dâu 85ml,Gói 4,Sữa Chua - Váng Sữa,Sữa Tươi,24774.1935483871,26200.0,62,0.5,0.10884018714602314,0.05864403769489911,3,0.13913043478260878,1,0,1,18,15.5,0,
Lốc 4 hộp sữa chua uống vị cam YoMost 170ml,Gói 4,Sữa Chua - Váng Sữa,Sữa Tươi,27791.044776119405,30600.0,67,0.5373134328358209,0.1708424110384895,0.09516598664672377,4,0.18146718146718155,1,0,1,22,18.0,0,Yomost
Lốc 4 hộp sữa chua ăn Ba Vì hộp 100g,Gói 4,Sữa Chua - Váng Sữa,Sữa Tươi,26800.0,26800.0,43,0.0,,0.0,1,0.0,0,0,1,0,0.0,0,Ba Vì
Lốc 4 hộp sữa chua ăn Meiji dâu tây 90g,Gói 4,Sữa Chua - Váng Sữa,Sữa Tươi,40542.857142857145,43500.0,42,0.5476190476190477,0.12413793103448276,0.06709706966997288,2,0.1417322834645669,1,0,1,12,11.5,0,
Lốc 4 hộp sữa chua ăn Meiji nguyên chất 90g,Gói 4,Sữa Chua - Váng Sữa,Sữa Tươi,40933.333333333336,43500.0,42,0.5238095238095238,0.11264367816091952,0.06051022009837728,2,0.12694300518134716,1,0,1,12,11.0,0,
Lốc 4 hộp sữa chua ăn Meiji thạch dừa 90g,Gói 4,Sữa Chua - Váng Sữa,Sữa Tươi,40650.0,43500.0,60,0.45,0.14559386973180077,0.07958448470257333,3,0.16551724137931034,1,0,1,14,13.5,0,
Lốc 4 hộp sữa hạt hạnh nhân TH true NUT 180ml,Gói 4,Sữa Hạt - Sữa Đậu,Sữa Tươi,49900.0,53500.0,55,0.5454545454545454,0.1233644859813084,0.06646542666042886,2,0.14072494669509594,1,0,1,18,15.0,0,
Lốc 4 hộp sữa hạt và gạo lứt đỏ TH true NUT 180ml,Gói 4,Sữa Hạt - Sữa Đậu,Sữa Tươi,53500.0,53500.0,48,0.0,,0.0,1,0.0,0,0,1,0,0.0,0,
Lốc 4 hộp sữa lúa mạch cacao NUVI có thạch 170ml,Gói 4,Sữa Hạt - Sữa Đậu,Sữa Tươi,30942.622950819674,33500.0,61,0.4918032786885246,0.15522388059701492,0.08471243197871614,2,0.18374558303886923,1,0,1,16,15.0,0,Nuvi
Lốc 4 hộp sữa tiệt trùng Ba Vì có đường 180ml,Gói 4,Sữa tươi,Sữa Tươi,30855.31914893617,36000.0,47,0.6595744680851063,0.21666666666666667,0.12108143330020196,2,0.27659574468085113,1,0,1,31,31.0,0,Ba Vì
Lốc 4 hộp sữa tiệt trùng THTRUE MILK topkid 180ml,Gói 4,Sữa tươi,Sữa Tươi,58000.0,58000.0,33,0.0,,0.0,1,0.0,0,0,1,0,0.0,0,
Lốc 4 hộp sữa tiệt trùng ít đường Nutimilk 100% Newzealand 180ml,Gói 4,Sữa tươi,Sữa Tươi,36100.0,36100.0,46,0.0,,0.0,1,0.0,0,0,1,0,0.0,0,Nutimilk
Lốc 4 hộp sữa tươi tiệt trùng DALATMILK có đường 180ml,Gói 4,Sữa tươi,Sữa Tươi,37332.0,37800.0,50,0.18,0.06878306878306878,0.027028517884875425,2,0.07386363636363646,1,0,1,9,9.0,0,
Lốc 4 hộp sữa tươi tiệt trùng Lothamilk ít đường 180ml,Gói 4,Sữa tươi,Sữa Tươi,35200.0,35200.0,45,0.0,,0.0,1,0.0,0,0,1,0,0.0,0,
Lốc 4 hộp sữa tươi tiệt trùng Nutimilk100 có đường 180ml,Gói 4,Sữa tươi,Sữa Tươi,25996.55172413793,33900.0,87,1.0,0.2331400671345743,0.00876876700894867,2,0.0235294117647058,1,1,1,87,87.0,0,Nutimilk
Lốc 4 hộp sữa tươi tiệt trùng Nutimilk100 ít đường 180ml,Gói 4,Sữa tươi,Sữa Tươi,25996.55172413793,33900.0,87,1.0,0.2331400671345743,0.00876876700894867,2,0.0235294117647058,1,1,1,87,87.0,0,Nutimilk
Lốc 4 hộp sữa tươi tiệt trùng TH True Milk có đường 180ml,Gói 4,Sữa tươi,Sữa Tươi,38900.0,38900.0,36,0.0,,0.0,1,0.0,0,0,1,0,0.0,0,Th True Milk
Lốc 4 hộp sữa tươi tiệt trùng THTRUE Milk Hương Socola 110ml,Gói 4,Sữa tươi,Sữa Tươi,26100.0,26100.0,49,0.0,,0.0,1,0.0,0,0,1,0,0.0,0,
Lốc 4 hộp sữa tươi tiệt trùng Vinamilk có đường 180ml,Gói 4,Sữa tươi,Sữa Tươi,32971.153846153844,34200.0,52,0.4807692307692308,0.07473684210526316,0.039124563243485455,3,0.08227848101265822,1,0,1,14,12.5,0,Vinamilk
Lốc 4 hộp sữa tươi tiệt trùng có đường Dalat Milk 110ml,Gói 4,Sữa tươi,Sữa Tươi,23853.703703703704,24200.0,54,0.2037037037037037,0.07024793388429752,0.028972692469821256,2,0.07024793388429751,1,0,1,11,11.0,0,
Lốc 4 hộp sữa tươi tiệt trùng có đường Vinamilk Green Farm 180ml,Gói 4,Sữa tươi,Sữa Tươi,39581.25,42500.0,64,0.6875,0.09989304812834225,0.05217615033062612,4,0.1333333333333333,1,0,1,17,14.666666666666666,0,Vinamilk
Lốc 4 hộp sữa tươi tiệt trùng hương dâu Vinamilk 110ml,Gói 4,Sữa tươi,Sữa Tươi,20692.682926829268,21900.0,41,1.0,0.0551286334781156,0.0022641882027697484,2,0.014705882352941124,1,1,1,41,41.0,0,Vinamilk
Lốc 4 hộp sữa tươi tiệt trùng không đường Vinamilk Green Farm 180ml,Gói 4,Sữa tươi,Sữa Tươi,39581.25,42500.0,64,0.6875,0.09989304812834225,0.05217615033062612,4,0.1333333333333333,1,0,1,17,14.666666666666666,0,Vinamilk
Lốc 4 hộp sữa tươi tiệt trùng nguyên chất TH True Milk 180ml,Gói 4,Sữa tươi,Sữa Tươi,38900.0,38900.0,3,0.0,,0.0,1,0.0,0,0,1,0,0.0,0,Th True Milk
Lốc 4 hộp sữa tươi tiệt trùng nguyên chất THtrue Milk 110ml,Gói 4,Sữa tươi,Sữa Tươi,26100.0,26100.0,45,0.0,,0.0,1,0.0,0,0,1,0,0.0,0,
Lốc 4 hộp sữa tươi tiệt trùng sô cô la Vinamilk 110ml,Gói 4,Sữa tươi,Sữa Tươi,20659.322033898305,21900.0,59,1.0,0.056651961922451824,0.005014126289910592,2,0.014705882352941124,1,1,1,59,59.0,0,Vinamilk
Lốc 4 hộp sữa tươi tiệt trùng vị dâu Cô gái Hà Lan 180ml,Gói 4,Sữa tươi,Sữa Tươi,33300.0,34900.0,53,0.3018867924528302,0.1518624641833811,0.07429019145257046,3,0.15759312320916907,1,0,1,14,8.0,0,
Lốc 4 hộp sữa tươi tiệt trùng ít đường Dalat Milk hộp 180ml,Gói 4,Sữa tươi,Sữa Tươi,37375.510204081635,37800.0,49,0.16326530612244897,0.06878306878306878,0.025977926356222723,2,0.07386363636363646,1,0,1,8,8.0,0,
Lốc 4 hộp sữa tươi tiệt trùng ít đường Dalat milk 110ml,Gói 4,Sữa tươi,Sữa Tươi,23853.703703703704,24200.0,54,0.2037037037037037,0.07024793388429752,0.028972692469821256,2,0.07024793388429751,1,0,1,11,11.0,0,
Lốc 4 hộp sữa tươi tiệt trùng ít đường Vinamilk 180ml,Gói 4,Sữa tươi,Sữa Tươi,32970.37037037037,34200.0,54,0.48148148148148145,0.07467386414754835,0.039080606619303807,3,0.08227848101265822,1,0,1,14,13.0,0,Vinamilk
Lốc 4 hộp sữa tươi tiệt trùng ít đường Vinamilk Green Farm 110ml,Gói 4,Sữa tươi,Sữa Tươi,29000.0,29000.0,48,0.0,,0.0,1,0.0,0,0,1,0,0.0,0,Vinamilk
Lốc 4 hộp sữa tươi tiệt trùng ít đường Vinamilk Green Farm 180ml,Gói 4,Sữa tươi,Sữa Tươi,39581.25,42500.0,64,0.6875,0.09989304812834225,0.05217615033062612,4,0.1333333333333333,1,0,1,17,14.666666666666666,0,Vinamilk
Lốc 4 hộp sữa uống lên men tiệt trùng Lothamilk hương dâu 180ml,Gói 4,Sữa tươi,Sữa Tươi,29000.0,29000.0,47,0.0,,0.0,1,0.0,0,0,1,0,0.0,0,
Lốc 4 hộp sữa uống lúa mạch Milo Nestlé 180ml,Gói 4,Sữa Hạt - Sữa Đậu,Sữa Tươi,29814.035087719298,30900.0,57,1.0,0.03514449554306478,0.0011754139317075546,2,0.0033444816053511683,1,1,1,57,57.0,0,Milo
Lốc 4 hộp sữa uống lúa mạch socola Ovaltine 110ml,Gói 4,Sữa Hạt - Sữa Đậu,Sữa Tươi,22143.396226415094,22800.0,53,0.22641509433962265,0.12719298245614036,0.055334591914763614,2,0.14572864321608048,1,0,1,12,12.0,0,Ovaltine
Lốc 4 hộp thức uống dinh dưỡng Kaka cacao lúa mạch 180ml,Gói 4,Sữa Hạt - Sữa Đậu,Sữa Tươi,28446.153846153848,33000.0,65,0.6153846153846154,0.22424242424242422,0.1275444307753739,2,0.2890625,1,0,1,22,20.0,0,
Lốc 4 hộp thức uống trái cây tươi vị nho 180ml,Gói 4,Sữa tươi,Sữa Tươi,23851.898734177215,28000.0,79,1.0,0.14814647377938517,0.016835343718972766,2,0.048192771084337394,1,1,1,79,79.0,0,
Lốc 4 hộp váng sữa Gotz Hoff 55g,Gói 4,Sữa Chua - Váng Sữa,Sữa Tươi,34500.0,34500.0,52,0.0,,0.0,1,0.0,0,0,1,0,0.0,0,Hoff
Lốc 4 hộp váng sữa vị hạt dẻ Hoff 55g,Gói 4,Sữa Chua - Váng Sữa,Sữa Tươi,54933.73493975904,64900.0,83,1.0,0.15356340616704103,0.011315780576433067,2,0.031775700934579376,1,1,1,83,83.0,0,Hoff
Lốc 4 sữa tươi tiệt trùng Dalat Milk không đường vị tự nhiên hộp 180ml,Gói 4,Sữa tươi,Sữa Tươi,37375.510204081635,37800.0,49,0.16326530612244897,0.06878306878306878,0.025977926356222723,2,0.07386363636363646,1,0,1,8,8.0,0,
Lốc 4 sữa tươi tiệt trùng vị tự nhiên TH true MILK Hilo 180ml,Gói 4,Sữa tươi,Sữa Tươi,44400.0,44400.0,48,0.0,,0.0,1,0.0,0,0,1,0,0.0,0,Th True Milk
Lốc 4 váng sữa hạt óc chó Hoff 55g,Gói 4,Sữa Chua - Váng Sữa,Sữa Tươi,72566.66666666667,78800.0,63,0.47619047619047616,0.16611675126903552,0.0939898968434837,3,0.2409448818897637,1,0,1,17,15.0,0,Hoff
Lốc 4 váng sữa non Hoff 55g,Gói 4,Sữa Chua - Váng Sữa,Sữa Tươi,78800.0,78800.0,48,0.0,,0.0,1,0.0,0,0,1,0,0.0,0,Hoff
Lốc 5 chai sữa chua uống Probi Pedia+ hương cam 65ml,Gói 5,Sữa Chua - Váng Sữa,Sữa Tươi,27294.915254237287,29700.0,59,0.559322033898305,0.1447811447811448,0.07888425833226108,2,0.1692913385826771,1,0,1,19,16.5,0,Probi
Lốc 6 chai Nuvi sữa chua uống lên men chai 100ml,Gói 6,Sữa Chua - Váng Sữa,Sữa Tươi,27900.0,31100.0,65,1.0,0.10289389067524116,0.0,1,0.0,1,1,1,65,65.0,0,Nuvi
Lốc 6 chai sữa chua uống Fristi vị cam 80ml,Gói 6,Sữa Chua - Váng Sữa,Sữa Tươi,24001.724137931036,25500.0,58,0.39655172413793105,0.14816709292412616,0.0822772801537082,3,0.18039215686274512,1,0,1,14,11.5,0,
Lốc 6 chai sữa chua uống Vinamilk Susu hương cam 80ml,Gói 6,Sữa Chua - Váng Sữa,Sữa Tươi,23680.35714285714,26000.0,56,0.5892857142857143,0.1513986013986014,0.08888896083784328,3,0.22065727699530524,1,0,1,21,16.5,0,Vinamilk
Lốc 6 chai sữa chua uống Vinamilk Susu hương dâu 80ml,Gói 6,Sữa Chua - Váng Sữa,Sữa Tươi,23690.74074074074,26000.0,54,0.5740740740740741,0.15471464019851117,0.09048061240721769,3,0.22065727699530524,1,0,1,21,15.5,0,Vinamilk
Lốc 6 chai sữa chua uống lên Fristi vị dâu 80ml,Gói 6,Sữa Chua - Váng Sữa,Sữa Tươi,24229.41176470588,25500.0,51,0.29411764705882354,0.16941176470588235,0.08361984415007254,3,0.18039215686274512,1,0,1,13,7.5,0,
Lốc 6 chai sữa chua uống đào tiên Fristi 80ml,Gói 6,Sữa Chua - Váng Sữa,Sữa Tươi,24666.666666666668,25500.0,48,0.3333333333333333,0.09803921568627451,0.04828308114935786,2,0.10869565217391308,1,0,1,9,8.0,0,
Lốc 6 hộp sữa tiệt trùng Binggrae hương dâu 200ml,Gói 6,Sữa tươi,Sữa Tươi,99574.13793103448,111000.0,58,0.5517241379310345,0.18657094594594595,0.10577109561030763,3,0.26857142857142846,1,0,1,19,16.0,0,
Lốc 6 hộp sữa tiệt trùng Bringrae Hương dưa lưới 200ml,Gói 6,Sữa tươi,Sữa Tươi,103800.0,111000.0,47,0.3829787234042553,0.16936936936936936,0.08899547029970571,2,0.20390455531453355,1,0,1,9,9.0,0,
Lốc 6 hộp sữa đậu nành Fami canxi cà phê 200ml,Gói 6,Sữa Hạt - Sữa Đậu,Sữa Tươi,25800.0,31200.0,161,1.0,0.17307692307692307,0.0,1,0.0,1,1,1,161,161.0,0,Fami
Lốc 6 hộp sữa đậu nành Vinasoy Fami nguyên chất ít đường 200ml,Gói 6,Sữa Hạt - Sữa Đậu,Sữa Tươi,29691.666666666668,31500.0,24,0.5833333333333334,0.09841269841269841,0.05258012285404001,2,0.10915492957746475,1,0,1,14,14.0,0,Fami
Lốc 6 hộp sữa đậu nành canxi plus Fami 200ml,Gói 6,Sữa Hạt - Sữa Đậu,Sữa Tươi,31900.0,38700.0,83,1.0,0.17571059431524547,0.0,1,0.0,1,1,1,83,83.0,0,Fami
Lốc 6 sữa đậu nành canxi vị socola Fami 200ml,Gói 6,Sữa Hạt - Sữa Đậu,Sữa Tươi,25800.0,31200.0,80,1.0,0.17307692307692307,0.0,1,0.0,1,1,1,80,80.0,0,Fami
Lốc 8 hộp sữa lúa mạch Nestle Milo 180ml,Gói 8,Sữa Hạt - Sữa Đậu,Sữa Tươi,58512.28070175439,60800.0,57,1.0,0.0376269621421976,0.008036073472418793,3,0.017391304347825987,1,1,1,57,57.0,0,Milo
MEADOW FRESH Sữa tươi tách béo 1L,Hộp,Sữa tươi,Sữa Tươi,48523.68421052631,57426.31578947369,38,0.7631578947368421,0.20254233863508947,0.10835446688577806,3,0.21317157712305024,1,0,2,27,14.5,1,Meadow Fresh
MILO Sữa uống lúa mạch 115ml/110ml,Thùng,Sữa Hạt - Sữa Đậu,Sữa Tươi,252000.0,252000.0,52,0.0,,0.0,1,0.0,0,0,1,0,0.0,0,Milo
"Nước đậu đen, óc chó, hạnh nhân Sahmyook hộp 950ml",Hộp,Sữa Hạt - Sữa Đậu,Sữa Tươi,93000.0,93000.0,37,0.0,,0.0,1,0.0,0,0,1,0,0.0,0,Sahmyook
Phô Mai Con Bò Cười 16 miếng 224g,Hộp,Bơ Sữa - Phô Mai,Sữa Tươi,65073.07692307692,67600.0,52,0.5,0.07476103777878926,0.03921475591817125,3,0.0815999999999999,1,0,1,14,13.0,0,
Phô mai Bega Strong & Bitey Vintage 250g,Gói,Bơ Sữa - Phô Mai,Sữa Tươi,134143.8596491228,139000.0,57,0.2807017543859649,0.12446043165467625,0.058464977054428297,2,0.14215283483977004,1,0,1,16,16.0,0,
Phô mai BegaTasty Grated Cheese 250g,Gói,Bơ Sữa - Phô Mai,Sữa Tươi,136967.27272727274,142000.0,55,0.2909090909090909,0.12183098591549296,0.05789530751704815,2,0.13873295910184447,1,0,1,16,16.0,0,
Phô mai Belcube ngọt vị Dâu 78g x15C,Gói,Bơ Sữa - Phô Mai,Sữa Tươi,49129.62962962963,51500.0,54,0.2962962962962963,0.1553398058252427,0.07505220769831146,2,0.1839080459770115,1,0,1,16,16.0,0,
Phô mai Belcube ngọt vị Socola 78gx15C,Gói,Bơ Sữa - Phô Mai,Sữa Tươi,48410.71428571428,51500.0,56,0.5535714285714286,0.10836204196680238,0.06960845793429603,3,0.1839080459770115,1,0,1,16,10.333333333333334,0,
Phô mai Con Bò Cười 8M 112g,Hộp,Bơ Sữa - Phô Mai,Sữa Tươi,36588.0,37800.0,50,0.38,0.08437761069340016,0.04281291219287449,3,0.09565217391304337,1,0,1,12,9.5,0,
Phô mai Con Bò Cười Light hộp 120g,Hộp,Bơ Sữa - Phô Mai,Sữa Tươi,37367.64705882353,38500.0,34,0.3235294117647059,0.09090909090909091,0.044477065338153654,2,0.10000000000000009,1,0,1,9,5.5,0,
Phô mai Emmental gói 220g,Gói,Bơ Sữa - Phô Mai,Sữa Tươi,151000.0,151000.0,45,0.0,,0.0,1,0.0,0,0,1,0,0.0,0,
Phô mai Emmental sợi gói 70g,Gói,Bơ Sữa - Phô Mai,Sữa Tươi,55000.0,55000.0,50,0.0,,0.0,1,0.0,0,0,1,0,0.0,0,
Phô mai Kiwifood Gouda gói 200g,Gói,Bơ Sữa - Phô Mai,Sữa Tươi,118144.44444444444,118144.44444444444,36,0.0,,0.023202665904519706,2,0.11028037383177569,0,0,2,0,0.0,1,
Phô mai Mozzarella gói 200g,Gói,Bơ Sữa - Phô Mai,Sữa Tươi,71943.90243902439,73700.0,41,0.24390243902439024,0.09769335142469471,0.043510836011738954,2,0.09769335142469471,1,0,1,10,10.0,0,
Phô mai Mozzarella hộp 200g,Gói,Bơ Sữa - Phô Mai,Sữa Tươi,114000.0,114000.0,48,0.0,,0.0,1,0.0,0,0,1,0,0.0,0,
Phô mai Mozzarella lát Lactima 200g,Gói,Bơ Sữa - Phô Mai,Sữa Tươi,73286.36363636363,75000.0,44,0.29545454545454547,0.07733333333333334,0.0365255511099327,2,0.07733333333333337,1,0,1,13,13.0,0,
Phô mai Paysan Brie Breton hộp 125g,Hộp,Bơ Sữa - Phô Mai,Sữa Tươi,104982.85714285714,106000.0,35,0.05714285714285714,0.16792452830188678,0.039930072738283286,2,0.20181405895691618,1,0,1,2,2.0,0,
Phô mai Paysan camembert breton hộp 125g,Hộp,Bơ Sữa - Phô Mai,Sữa Tươi,107000.0,107000.0,36,0.0,,0.0,1,0.0,0,0,1,0,0.0,0,
Phô mai Prestige Camebert hộp 125g,Gói,Bơ Sữa - Phô Mai,Sữa Tươi,95000.0,95000.0,49,0.0,,0.0,1,0.0,0,0,1,0,0.0,0,
Phô mai Vinamilk hộp 120g (8 miếng),Hộp,Bơ Sữa - Phô Mai,Sữa Tươi,30770.491803278688,33900.0,61,0.7049180327868853,0.1309597310832133,0.06650814711940276,4,0.16095890410958913,1,0,1,19,14.333333333333334,0,Vinamilk
Phô mai Zelachi cheddar gói 100g,Gói,Bơ Sữa - Phô Mai,Sữa Tươi,59500.0,59500.0,44,0.0,,0.0,1,0.0,0,0,1,0,0.0,0,
Phô mai cheddar Kiwifood gói 200g,Gói,Bơ Sữa - Phô Mai,Sữa Tươi,107388.88888888889,107388.88888888889,36,0.0,,0.02379592108683559,2,0.11340206185567014,0,0,2,0,0.0,1,
Phô mai các loại hạt dinh dưỡng QBB 90g,Hộp,Bơ Sữa - Phô Mai,Sữa Tươi,72847.27272727272,79400.0,55,0.6181818181818182,0.13350125944584382,0.07134498472317921,2,0.15406976744186052,1,0,1,16,11.333333333333334,0,
Phô mai cắt Emmetal 200g,Gói,Bơ Sữa - Phô Mai,Sữa Tươi,116881.81818181818,116881.81818181818,33,0.0,,0.00580845565878466,2,0.034482758620689724,0,0,2,0,0.0,1,
Phô mai dây hun khói Solse gói 200g,Gói,Bơ Sữa - Phô Mai,Sữa Tươi,118800.0,118800.0,42,0.0,,0.0,1,0.0,0,0,1,0,0.0,0,
Phô mai gói Edam 200g,Gói,Bơ Sữa - Phô Mai,Sữa Tươi,110400.0,110400.0,30,0.0,,0.020682728127918132,2,0.08823529411764697,0,0,2,0,0.0,1,
Phô mai hun khói Solse sợi dê gói 100g,Gói,Bơ Sữa - Phô Mai,Sữa Tươi,77000.0,77000.0,35,0.0,,0.0,1,0.0,0,0,1,0,0.0,0,
Phô mai lát Cheddar Anchor gói 200g,Gói,Bơ Sữa - Phô Mai,Sữa Tươi,67652.83018867925,74000.0,53,0.5849056603773585,0.14664341761115957,0.08185296878368807,3,0.2012987012987013,1,0,1,16,15.5,0,Anchor
Phô mai lát Hamburger Zott gói 200g,Gói,Bơ Sữa - Phô Mai,Sữa Tươi,60609.09090909091,67000.0,66,0.5606060606060606,0.1701492537313433,0.09406721716152325,2,0.20503597122302164,1,0,1,20,18.5,0,Zott
Phô mai lát Lactima Cheddar 200g,Gói,Bơ Sữa - Phô Mai,Sữa Tươi,73046.51162790698,75000.0,43,0.3488372093023256,0.07466666666666667,0.03697041438351966,2,0.07466666666666666,1,0,1,15,15.0,0,
Phô mai lát Sandwich Zott gói 200g,Gói,Bơ Sữa - Phô Mai,Sữa Tươi,62737.93103448276,67000.0,58,0.3620689655172414,0.17569296375266524,0.09100526494467655,3,0.21818181818181825,1,0,1,13,10.5,0,Zott
Phô mai sữa chua Kids Mix Premium hoa quả vỉ 6 hộp 50g,Gói 6,Sữa Chua - Váng Sữa,Sữa Tươi,88000.0,88000.0,53,0.0,,0.0,1,0.0,0,0,1,0,0.0,0,
Phô mai vuông Belcube vị sữa Con Bò Cười gói 125g,Hộp,Bơ Sữa - Phô Mai,Sữa Tươi,70833.33333333333,71500.0,51,0.3333333333333333,0.027972027972027972,0.013442688806668893,2,0.02877697841726623,1,0,1,9,8.5,0,
Phô mai vuông vị sữa Belcube gói 78g,Hộp,Bơ Sữa - Phô Mai,Sữa Tươi,51153.846153846156,51500.0,52,0.34615384615384615,0.019417475728155338,0.009390974433681802,2,0.01980198019801982,1,0,1,11,9.0,0,
Phô mai vị vanilla QBB 90g,Hộp,Bơ Sữa - Phô Mai,Sữa Tươi,71670.83333333333,79400.0,48,0.7291666666666666,0.13350125944584382,0.06642010560879119,2,0.15406976744186052,1,0,1,21,17.5,0,
Phô mai ăn vị dâu chuối Kidsmix vỉ 4 hộp x 50g,Gói 4,Bơ Sữa - Phô Mai,Sữa Tươi,55108.771929824565,57000.0,57,0.24561403508771928,0.13508771929824562,0.06067877385556254,2,0.15618661257606492,1,0,1,14,14.0,0,
Phô mai ăn vị dâu lê Kidsmix vỉ 4 hộp x 50g,Gói 4,Bơ Sữa - Phô Mai,Sữa Tươi,55108.771929824565,57000.0,57,0.24561403508771928,0.13508771929824562,0.06067877385556254,2,0.15618661257606492,1,0,1,14,14.0,0,
Phô mai ăn vị dâu mâm xôi Kidsmix vỉ 4 hộp x 50g,Gói 4,Bơ Sữa - Phô Mai,Sữa Tươi,55108.771929824565,57000.0,57,0.24561403508771928,0.13508771929824562,0.06067877385556254,2,0.15618661257606492,1,0,1,14,14.0,0,
Solse Phomai dây hun khói 100g,Gói,Bơ Sữa - Phô Mai,Sữa Tươi,68000.0,68000.0,47,0.0,,0.0,1,0.0,0,0,1,0,0.0,0,
Sữa chua Vinamilk nha đam ít đường hộp 100g,Hộp,Sữa Chua - Váng Sữa,Sữa Tươi,8150.0,8900.0,36,0.5,0.16853932584269662,0.09332991770008157,2,0.20270270270270263,1,0,1,14,9.0,0,Vinamilk
Sữa tiệt trùng canxi MeaDow Fresh hộp 200g,Gói 3,Sữa tươi,Sữa Tươi,49229.50819672131,54600.0,61,0.6885245901639344,0.14285714285714285,0.07398267131736888,2,0.16666666666666674,1,0,1,42,42.0,0,Meadow Fresh
Sữa tươi tiệt trùng Devondale nguyên chất 1L,Gói,Sữa tươi,Sữa Tươi,61933.333333333336,67900.0,42,0.3333333333333333,0.26362297496318116,0.1378970692037437,2,0.3580000000000001,1,0,1,14,14.0,0,Devondale
Sữa tươi tiệt trùng Devondale nguyên chất 6 hộp x 200ml,Gói 6,Sữa tươi,Sữa Tươi,91449.09090909091,105000.0,55,0.4909090909090909,0.26289241622574955,0.15229169759003386,3,0.35834411384217324,1,0,1,14,13.5,0,Devondale
Sữa Bột Nutifood Growplus lon 1.5 kg,Lon,Sữa Bột,Sữa Tươi,698655.1724137932,717689.6551724138,29,0.27586206896551724,0.09732016925246827,0.05677581234355188,3,0.10781250000000009,1,0,2,8,8.0,1,Nutifood
Sữa Chua Uống Susu Hương Cam gói 110ml,Gói,Sữa Chua - Váng Sữa,Sữa Tươi,5400.0,5400.0,48,0.0,,0.0,1,0.0,0,0,1,0,0.0,0,Susu
Sữa Ensure hương vani chai 237ml,Chai,Sữa Bột,Sữa Tươi,42800.0,42800.0,26,0.0,,0.0,1,0.0,0,0,1,0,0.0,0,Ensure
Sữa Glucerna Hương Lúa Mạch hộp 850g,Lon,Sữa Hạt - Sữa Đậu,Sữa Tươi,957000.0,957000.0,42,0.0,,0.0,1,0.0,0,0,1,0,0.0,0,Glucerna
Sữa KUN vị cacao lúa mạch hộp 110ml,Gói 4,Sữa Chua - Váng Sữa,Sữa Tươi,20100.0,20800.0,56,0.25,0.1346153846153846,0.06086607246305593,2,0.15555555555555545,1,0,1,14,14.0,0,Kun
Sữa bắp non dinh dưỡng LOF lốc 4 hộp x 180ml,Gói 4,Sữa Hạt - Sữa Đậu,Sữa Tươi,30701.694915254237,32600.0,59,0.3389830508474576,0.17177914110429449,0.087082918181334,2,0.20740740740740748,1,0,1,20,20.0,0,
Sữa bột Abbott Glucerna hương vani hộp 850g,Lon,Sữa Bột,Sữa Tươi,939360.0,957000.0,50,0.18,0.10240334378265413,0.04048779762836096,2,0.11408614668218853,1,0,1,9,9.0,0,Glucerna
"Sữa bột Abbott PediaSure BA hương vani 1,6kg",Lon,Sữa Bột,Sữa Tươi,1226000.0,1226000.0,50,0.0,,0.0,1,0.0,0,0,1,0,0.0,0,Pediasure
Sữa bột Glucerna SR Abbott 400g,Lon,Sữa Bột,Sữa Tươi,436000.0,436000.0,24,0.0,,0.0,1,0.0,0,0,1,0,0.0,0,Glucerna
Sữa bột NutiFood Grow Plus+ cho trẻ thấp còi 900g,Lon,Sữa Bột,Sữa Tươi,464326.5306122449,464326.5306122449,49,0.0,,0.02489309524431606,2,0.05066079295154191,0,0,2,0,0.0,1,Nutifood
Sữa bột NutiFood Grow Plus+ trên 1 tuổi lon 1.5kg (xanh),Lon,Sữa Bột,Sữa Tươi,481540.54054054053,489000.0,37,0.16216216216216217,0.09406952965235175,0.03569680406315998,2,0.10383747178329572,1,0,1,6,6.0,0,Nutifood
Sữa bột Pediasure hương vani 400g,Lon,Sữa Bột,Sữa Tươi,339500.0,339500.0,49,0.0,,0.0,1,0.0,0,0,1,0,0.0,0,Pediasure
Sữa bột hương vani PediaSure lon 850g,Lon,Sữa Bột,Sữa Tươi,678226.4150943396,692000.0,53,0.18867924528301888,0.10549132947976878,0.04251505849259999,2,0.11793214862681745,1,0,1,10,10.0,0,Pediasure
Sữa chua Hoff vị nguyên bản vỉ 4 hộp 55g,Gói 4,Sữa Chua - Váng Sữa,Sữa Tươi,44000.0,47600.0,63,0.5714285714285714,0.1323529411764706,0.07142576259854183,2,0.15254237288135597,1,0,1,20,18.0,0,Hoff
Sữa chua Hy Lạp Famers UnionVị tự nhiên hộp 1kg,Hộp,Sữa Chua - Váng Sữa,Sữa Tươi,223841.81818181818,239000.0,55,0.38181818181818183,0.16610878661087866,0.08696012657598369,2,0.19919719016557957,1,0,1,13,10.5,0,
Sữa chua Hy Lạp Farmers Union không lactose 500g,Hộp,Sữa Chua - Váng Sữa,Sữa Tươi,154500.0,154500.0,46,0.0,,0.0,1,0.0,0,0,1,0,0.0,0,
Sữa chua Hy Lạp Farmers Union tăng cường protein hộp 500g,Hộp,Sữa Chua - Váng Sữa,Sữa Tươi,144370.37037037036,154000.0,54,0.37037037037037035,0.16883116883116883,0.08778390960700265,2,0.203125,1,0,1,13,10.0,0,
Sữa chua Nuti nha đam hộp 100g,Hộp,Sữa Chua - Váng Sữa,Sữa Tươi,7568.0,8000.0,50,0.24,0.225,0.10261025357510833,2,0.29032258064516125,1,0,1,12,12.0,0,
Sữa chua Vinamilk Susu hương dâu túi 110ml,Gói,Sữa Chua - Váng Sữa,Sữa Tươi,5400.0,5400.0,48,0.0,,0.0,1,0.0,0,0,1,0,0.0,0,Vinamilk
Sữa chua có đường NutiFood Hộp 100g,Hộp,Sữa Chua - Váng Sữa,Sữa Tươi,6366.666666666667,6700.0,54,0.2222222222222222,0.22388059701492538,0.09886887672199315,2,0.28846153846153855,1,0,1,12,12.0,0,Nutifood
Sữa chua hoa quả Hoff vị chuối vỉ 4 hộp 55g,Gói 4,Sữa Chua - Váng Sữa,Sữa Tươi,46137.5,47600.0,56,0.23214285714285715,0.1323529411764706,0.05817240739749788,2,0.13235294117647056,1,0,1,13,13.0,0,Hoff
Sữa chua hoa quả Hoff vị dâu tây vỉ 4 hộp 55g,Gói 4,Sữa Chua - Váng Sữa,Sữa Tươi,37890.58823529412,47600.0,85,1.0,0.20397923875432525,0.04358663820932682,2,0.10169491525423724,1,1,1,85,85.0,0,Hoff
Sữa chua hoa quả Hoff vị táo vỉ 4 hộp 55g,Gói 4,Sữa Chua - Váng Sữa,Sữa Tươi,46173.58490566038,47600.0,53,0.22641509433962265,0.1323529411764706,0.05764875065498491,2,0.15254237288135597,1,0,1,12,12.0,0,Hoff
Sữa chua men sống Nuti Food 5 chai x 65ml,Gói 5,Sữa Chua - Váng Sữa,Sữa Tươi,22087.5,24200.0,48,0.4166666666666667,0.20950413223140493,0.115328023323875,3,0.2872340425531914,1,0,1,10,10.0,0,
Sữa chua nếp cẩm Ba Vì lốc 4 hộp x 100g,Gói 4,Sữa Chua - Váng Sữa,Sữa Tươi,34400.0,35900.0,44,0.3409090909090909,0.12256267409470752,0.061330752930188595,2,0.13968253968253963,1,0,1,15,15.0,0,Ba Vì
Sữa chua nếp cẩm Mộc Châu hũ 160g,Hộp,Sữa Chua - Váng Sữa,Sữa Tươi,13500.0,13500.0,40,0.0,,0.0,1,0.0,0,0,1,0,0.0,0,
Sữa chua tươi nguyên chất Farmers Union Greek Style Lốc 2 hộp x 140g,Gói 2,Sữa Chua - Váng Sữa,Sữa Tươi,83036.84210526316,90000.0,57,0.47368421052631576,0.16333333333333333,0.08917796921785,2,0.19521912350597614,1,0,1,14,13.5,0,
Sữa chua uống DALATMILK hương dâu 500ml,Chai,Sữa Chua - Váng Sữa,Sữa Tươi,32976.92307692308,33900.0,52,0.23076923076923078,0.11799410029498525,0.05160404187123603,2,0.11799410029498525,1,0,1,12,12.0,0,
Sữa chua uống KUN vị kem dâu thùng 24 túi x 110ml,Thùng,Sữa Chua - Váng Sữa,Sữa Tươi,128866.66666666667,139000.0,45,0.4222222222222222,0.17266187050359713,0.09302539570509316,2,0.20869565217391295,1,0,1,19,19.0,0,Kun
Sữa chua uống KUN vị kem dâu túi 110ml,Gói,Sữa Chua - Váng Sữa,Sữa Tươi,5355.555555555556,5900.0,9,0.7777777777777778,0.11864406779661017,0.05763566134061867,2,0.13461538461538458,1,0,1,7,7.0,0,Kun
Sữa chua uống Kun hương cam gói 110ml,Gói,Sữa Chua - Váng Sữa,Sữa Tươi,5433.333333333333,5900.0,21,0.6666666666666666,0.11864406779661017,0.062232906271979194,2,0.13461538461538458,1,0,1,14,14.0,0,Kun
Sữa chua uống Kun hương cam thùng 24 túi x 110ml,Thùng,Sữa Chua - Váng Sữa,Sữa Tươi,125588.23529411765,139000.0,34,0.5588235294117647,0.17266187050359713,0.09631374838531258,2,0.20869565217391295,1,0,1,19,19.0,0,Kun
Sữa chua uống Meiji dâu tây vỉ 4 hộp x 100ml,Gói 4,Sữa Chua - Váng Sữa,Sữa Tươi,35632.35294117647,36500.0,34,0.14705882352941177,0.16164383561643836,0.05952440773213895,2,0.19281045751633985,1,0,1,5,5.0,0,
Sữa chua uống Meiji nguyên chất vỉ 4 hộp x 100ml,Gói 4,Sữa Chua - Váng Sữa,Sữa Tươi,35102.63157894737,36500.0,38,0.23684210526315788,0.16164383561643836,0.07241689988287854,2,0.19281045751633985,1,0,1,9,9.0,0,
Sữa chua uống Meiji việt quất vỉ 4 hộp x 100ml,Gói 4,Sữa Chua - Váng Sữa,Sữa Tươi,35102.63157894737,36500.0,38,0.23684210526315788,0.16164383561643836,0.07241689988287854,2,0.19281045751633985,1,0,1,9,9.0,0,
Sữa chua uống Nestle Yogu tổ yến gói 85ml,Gói,Sữa Chua - Váng Sữa,Sữa Tươi,7300.0,7300.0,30,0.0,,0.0,1,0.0,0,0,1,0,0.0,0,Nestle
Sữa chua uống Vinamilk Probi hương việt quất lốc 5 chai x 65ml,Gói 5,Sữa Chua - Váng Sữa,Sữa Tươi,23129.787234042553,25500.0,47,0.6382978723404256,0.14562091503267974,0.07805069376632108,3,0.1751152073732718,1,0,1,17,15.0,0,Vinamilk
Sữa chua uống Vinamilk Probi đường 400ml,Chai,Sữa Chua - Váng Sữa,Sữa Tươi,26535.555555555555,28500.0,45,0.5777777777777777,0.11929824561403508,0.06400024135886999,2,0.1354581673306774,1,0,1,15,13.0,0,Vinamilk
Sữa chua uống Vinamilk Probi đường 700ml,Chai,Sữa Chua - Váng Sữa,Sữa Tươi,42438.983050847455,46400.0,59,0.6949152542372882,0.12284482758620688,0.06237320570979159,2,0.14004914004914015,1,0,1,15,13.666666666666666,0,Vinamilk
Sữa chua uống YoMost hương bạc hà và việt quất lốc 4 hộp x 170ml,Gói 4,Sữa Chua - Váng Sữa,Sữa Tươi,28569.090909090908,30600.0,55,0.5636363636363636,0.11775247733502005,0.06842199507949479,3,0.18146718146718155,1,0,1,17,15.5,0,Yomost
Sữa chua uống hương cam Kun lốc 4 hộp x 180ml,Gói 4,Sữa Chua - Váng Sữa,Sữa Tươi,27931.81818181818,31000.0,66,0.5757575757575758,0.17190152801358236,0.09718206270913603,3,0.24,1,0,1,21,19.0,0,Kun
Sữa chua uống hương cam Yogu 85ml,Gói,Sữa Chua - Váng Sữa,Sữa Tươi,7300.0,7300.0,30,0.0,,0.0,1,0.0,0,0,1,0,0.0,0,
Sữa chua uống hương dâu Yogu 85ml,Gói,Sữa Chua - Váng Sữa,Sữa Tươi,7300.0,7300.0,47,0.0,,0.0,1,0.0,0,0,1,0,0.0,0,
Sữa chua uống lên men Bentagen hương dâu 300ml,Chai,Sữa Chua - Váng Sữa,Sữa Tươi,19913.333333333332,21800.0,60,0.85,0.1018168735384062,0.04017905242455794,3,0.1009174311926605,1,0,1,51,51.0,0,
Sữa chua uống lên men Bentagen hương dứa lốc 4 85ml,Gói 4,Sữa Chua - Váng Sữa,Sữa Tươi,25420.0,26200.0,60,0.3,0.09923664122137404,0.0472668943906513,2,0.0992366412213741,1,0,1,18,18.0,0,
Sữa chua uống lên men Bentagen không béo 300ml,Chai,Sữa Chua - Váng Sữa,Sữa Tươi,21800.0,21800.0,52,0.0,,0.0,1,0.0,0,0,1,0,0.0,0,
Sữa chua uống lên men Bentagen không béo lốc 4 85ml,Gói 4,Sữa Chua - Váng Sữa,Sữa Tươi,25420.0,26200.0,60,0.3,0.09923664122137404,0.0472668943906513,2,0.0992366412213741,1,0,1,18,18.0,0,
Sữa chua uống lên men vị men hương cam Betagen chai 700ml,Chai,Sữa Chua - Váng Sữa,Sữa Tươi,40140.0,42900.0,60,0.5333333333333333,0.12062937062937062,0.06577441189266017,3,0.153225806451613,1,0,1,18,16.0,0,Betagen
Sữa chua uống lên men vị tự nhiên Betagen chai 700ml,Chai,Sữa Chua - Váng Sữa,Sữa Tươi,40091.80327868852,42900.0,61,0.5409836065573771,0.12100021190930281,0.0659739311144546,3,0.153225806451613,1,0,1,19,16.5,0,Betagen
Sữa chua uống lên vị vị dâu Kun lốc 4 hộp x 180ml,Gói 4,Sữa Chua - Váng Sữa,Sữa Tươi,27931.81818181818,31000.0,66,0.5757575757575758,0.17190152801358236,0.09718206270913603,3,0.24,1,0,1,21,19.0,0,Kun
Sữa chua uống men sống Probi Vinamilk lốc 5 chai x 65ml,Gói 5,Sữa Chua - Váng Sữa,Sữa Tươi,24574.57627118644,25500.0,59,0.4406779661016949,0.08235294117647059,0.042789469072987196,2,0.08974358974358965,1,0,1,14,13.0,0,Vinamilk
Sữa chua uống men sống Vinamilk Probi hương dứa Lốc 5 chai x 65ml,Gói 5,Sữa Chua - Váng Sữa,Sữa Tươi,23300.0,25500.0,38,0.5789473684210527,0.14901960784313725,0.08160304167926738,2,0.1751152073732718,1,0,1,14,11.0,0,Vinamilk
Sữa chua uống men sống Vinamilk Probi hương việt quất lốc 4 chai x 130ml,Gói 4,Sữa Chua - Váng Sữa,Sữa Tươi,33662.264150943396,36900.0,53,0.6792452830188679,0.12917795844625113,0.06676859717748176,3,0.15312499999999996,1,0,1,12,12.0,0,Vinamilk
Sữa chua uống men sống hương dâu Probi Vinamilk lốc 5 chai x 65ml,Gói 5,Sữa Chua - Váng Sữa,Sữa Tươi,23522.58064516129,25500.0,62,0.532258064516129,0.14569221628045156,0.0795087916968658,3,0.1751152073732718,1,0,1,19,16.5,0,Vinamilk
Sữa chua uống men sống hương dưa gang Probi lốc 5 chai x 65ml,Gói 5,Sữa Chua - Váng Sữa,Sữa Tươi,23633.333333333332,25500.0,57,0.49122807017543857,0.14901960784313725,0.08109707481785643,2,0.1751152073732718,1,0,1,19,14.0,0,Probi
Sữa chua uống men sống hương vanilla tự nhiên TH True Yogurt lốc 4 hộp x 100ml,Gói 4,Sữa Chua - Váng Sữa,Sữa Tươi,32300.0,32300.0,55,0.0,,0.0,1,0.0,0,0,1,0,0.0,0,
Sữa chua uống men sống ít đường Probi Vinamilk lốc 5 chai x 65ml,Gói 5,Sữa Chua - Váng Sữa,Sữa Tươi,23608.474576271186,25500.0,59,0.5084745762711864,0.14588235294117646,0.07950618132042812,3,0.1751152073732718,1,0,1,18,15.0,0,Vinamilk
Sữa chua uống thanh trùng Lothamilk có đường chai 490ml,Hộp,Sữa Chua - Váng Sữa,Sữa Tươi,32900.0,32900.0,23,0.0,,0.0,1,0.0,0,0,1,0,0.0,0,
Sữa chua uống thanh trùng Lothamilk có đường chai 880ml,Hộp,Sữa Chua - Váng Sữa,Sữa Tươi,55100.0,55100.0,10,0.0,,0.0,1,0.0,0,0,1,0,0.0,0,
Sữa chua uống thanh trùng Topkid TH MILK hương vani 60g,Gói,Sữa Chua - Váng Sữa,Sữa Tươi,6500.0,6500.0,46,0.0,,0.0,1,0.0,0,0,1,0,0.0,0,
Sữa chua uống tiệt trùng hương việt quất tự nhiên TH True Yogurt lốc 4 hộp x 180ml,Gói 4,Sữa Chua - Váng Sữa,Sữa Tươi,35527.27272727273,36200.0,55,0.18181818181818182,0.1022099447513812,0.040538519738196,2,0.11384615384615393,1,0,1,10,10.0,0,
Sữa chua uống vị dâu YoMost lốc 4 hộp x 170ml,Gói 4,Sữa Chua - Váng Sữa,Sữa Tươi,28798.387096774193,30600.0,62,0.5,0.11775247733502005,0.06771173700884026,3,0.18146718146718155,1,0,1,17,15.5,0,Yomost
Sữa chua uống Đà Lạt Milk có đường 500ml,Chai,Sữa Chua - Váng Sữa,Sữa Tươi,33718.181818181816,33900.0,44,0.045454545454545456,0.11799410029498525,0.024996253484565543,2,0.11799410029498525,1,0,1,2,2.0,0,
Sữa chua ăn Dalat Milk có đường 500g,Hộp,Sữa Chua - Váng Sữa,Sữa Tươi,44400.0,44400.0,35,0.0,,0.0,1,0.0,0,0,1,0,0.0,0,
Sữa chua ăn LoveYogurt Trân Châu Đường Đen hộp 100g,Hộp,Sữa Chua - Váng Sữa,Sữa Tươi,9063.829787234043,9600.0,47,0.44680851063829785,0.125,0.06653313405168784,2,0.1428571428571428,1,0,1,12,10.5,0,
Sữa chua ăn TH Milk topkid chuối lúa mạch 60g,Gói,Sữa Chua - Váng Sữa,Sữa Tươi,6500.0,6500.0,46,0.0,,0.0,1,0.0,0,0,1,0,0.0,0,
Sữa chua ăn Vinamilk Love Yogurt Green Farm ít đường hộp 100g,Hộp,Sữa Chua - Váng Sữa,Sữa Tươi,7312.5,7500.0,48,0.1875,0.13333333333333333,0.05394089293751566,2,0.15384615384615374,1,0,1,9,9.0,0,Vinamilk
Sữa chua ăn Vinamilk lựu Đỏ Ít Đường 100g,Hộp,Sữa Chua - Váng Sữa,Sữa Tươi,7988.235294117647,8900.0,51,0.6078431372549019,0.16853932584269662,0.09259044364653848,2,0.20270270270270263,1,0,1,17,15.5,0,Vinamilk
Sữa chua ăn tự nhiên Farmers Union Greek Style 500g,Hộp,Sữa Chua - Váng Sữa,Sữa Tươi,143000.0,154000.0,52,0.4230769230769231,0.16883116883116883,0.09070318103901573,2,0.203125,1,0,1,13,11.0,0,
Sữa chua ăn vị mật ong Farmers Union Greek Style Lốc 2 hộp x 140g,Gói 2,Sữa Chua - Váng Sữa,Sữa Tươi,83036.84210526316,90000.0,57,0.47368421052631576,0.16333333333333333,0.08917796921785,2,0.19521912350597614,1,0,1,14,13.5,0,
Sữa chua ăn vị vani Farmers Union Greek Style Yoghurt With A Hint Of Vanilla Bean 950g,Hộp,Sữa Chua - Váng Sữa,Sữa Tươi,231800.0,231800.0,30,0.0,,0.0,1,0.0,0,0,1,0,0.0,0,
Sữa dinh dưỡng Có Đường Vinamilk ADM - Lốc 4 Hộp 110ml,Gói 4,Sữa tươi,Sữa Tươi,18963.333333333332,20200.0,60,0.8833333333333333,0.06930693069306931,0.02390004289602728,2,0.06930693069306926,1,0,1,53,53.0,0,Vinamilk
Sữa dinh dưỡng Nutifood Varna Comlete 237ml,Chai,Sữa tươi,Sữa Tươi,31700.0,37200.0,82,1.0,0.1478494623655914,0.0,1,0.0,1,1,1,82,82.0,0,Nutifood
Sữa dinh dưỡng Vinamilk Sure Prevent 200ml,Chai,Sữa tươi,Sữa Tươi,30300.0,30300.0,40,0.0,,0.0,1,0.0,0,0,1,0,0.0,0,Vinamilk
Sữa hạt Macca TH True NUT lốc 4 hộp x 180ml,Gói 4,Sữa Hạt - Sữa Đậu,Sữa Tươi,51700.0,53500.0,44,0.2727272727272727,0.1233644859813084,0.05751199576174043,2,0.14072494669509594,1,0,1,12,12.0,0,
Sữa hạt dẻ cười Degrees 137 truyền thống 180ml lốc 3,Gói 3,Sữa Hạt - Sữa Đậu,Sữa Tươi,109900.0,109900.0,43,0.0,,0.0,1,0.0,0,0,1,0,0.0,0,Degrees
Sữa hạt hạnh nhân 137 Degrees không đường lốc 3 hộp x 180ml,Gói 3,Sữa Hạt - Sữa Đậu,Sữa Tươi,95900.0,95900.0,22,0.0,,0.0,1,0.0,0,0,1,0,0.0,0,Degrees
Sữa hạt hạnh nhân 137 Degrees vị truyền thống hộp 1L,Hộp,Sữa Hạt - Sữa Đậu,Sữa Tươi,135900.0,135900.0,43,0.0,,0.0,1,0.0,0,0,1,0,0.0,0,Degrees
Sữa hạt hạnh nhân Celano không đường hộp 1L,Hộp,Sữa Hạt - Sữa Đậu,Sữa Tươi,126933.33333333333,135900.0,51,0.3333333333333333,0.19793966151582046,0.10089518105451822,2,0.24678899082568817,1,0,1,17,17.0,0,Celano
Sữa hạt óc chó TH True NUT lốc 4 hộp x 180ml,Gói 4,Sữa Hạt - Sữa Đậu,Sữa Tươi,51700.0,53500.0,44,0.2727272727272727,0.1233644859813084,0.05751199576174043,2,0.14072494669509594,1,0,1,12,12.0,0,
Sữa lúa mạch Milo protein canxi hộp 210ml,Hộp,Sữa Hạt - Sữa Đậu,Sữa Tươi,11500.0,11500.0,48,0.0,,0.0,1,0.0,0,0,1,0,0.0,0,Milo
Sữa lúa mạch socola KUN túi 110ml,Gói,Sữa Chua - Váng Sữa,Sữa Tươi,5614.285714285715,5900.0,49,0.40816326530612246,0.11864406779661016,0.061915426336853034,2,0.13461538461538458,1,0,1,13,10.0,0,Kun
Sữa thanh trùng Ba Vì không đường 890ml,Chai,Sữa tươi,Sữa Tươi,36545.16129032258,38900.0,62,0.5806451612903226,0.10425592687803485,0.05799297227544987,3,0.14749262536873164,1,0,1,16,12.0,0,Ba Vì
Sữa thanh trùng Dalat Milk không đường 950ml,Hộp,Sữa tươi,Sữa Tươi,47254.23728813559,48000.0,59,0.1864406779661017,0.08333333333333333,0.033250347785265505,2,0.08333333333333337,1,0,1,11,11.0,0,
Sữa thanh trùng Dalat Milk không đường hộp 180ml,Hộp,Sữa tươi,Sữa Tươi,12211.864406779661,12500.0,59,0.288135593220339,0.08,0.037404782156444216,2,0.07999999999999996,1,0,1,17,17.0,0,
Sữa thanh trùng Mộc Châu có đường hộp 900ml,Hộp,Sữa tươi,Sữa Tươi,44800.0,44800.0,13,0.0,,0.0,1,0.0,0,0,1,0,0.0,0,
Sữa thanh trùng Mộc Châu không đường hộp 900ml,Hộp,Sữa tươi,Sữa Tươi,44800.0,44800.0,22,0.0,,0.0,1,0.0,0,0,1,0,0.0,0,
Sữa thanh trùng dâu tây tươi Dalat Milk hộp 180ml,Hộp,Sữa tươi,Sữa Tươi,12314.814814814816,12500.0,54,0.18518518518518517,0.08,0.03183930931231605,2,0.07999999999999996,1,0,1,10,10.0,0,
Sữa thanh trùng nguyên chất TH Milk 950ml,Hộp,Sữa tươi,Sữa Tươi,46644.0,49500.0,50,0.34,0.1696969696969697,0.0861751182117017,2,0.16969696969696968,1,0,1,17,17.0,0,
Sữa tiệt trùng Active 20+ hương dâu Cô gái Hà Lan gói 220ml,Gói,Sữa tươi,Sữa Tươi,6575.0,7200.0,56,0.7142857142857143,0.12152777777777776,0.06809452537593641,3,0.16666666666666663,1,0,1,14,13.333333333333334,0,
Sữa tiệt trùng Binggrae vị chuối lốc 6 hộp x 200ml,Gói 6,Sữa tươi,Sữa Tươi,98727.77777777778,111000.0,54,0.5925925925925926,0.18657094594594595,0.10560928615712542,3,0.26857142857142846,1,0,1,19,16.0,0,
Sữa tiệt trùng Cô gái Hà Lan có đường hộp 1L,Hộp,Sữa tươi,Sữa Tươi,35848.97959183674,37900.0,49,0.42857142857142855,0.12627214474180173,0.06997397965091552,3,0.16094986807387868,1,0,1,12,10.5,0,
Sữa tiệt trùng Cô gái Hà Lan có đường lốc 4 hộp x 180ml,Gói 4,Sữa tươi,Sữa Tươi,31650.0,34900.0,64,0.5625,0.16555237185609678,0.0914687980354813,3,0.20761245674740492,1,0,1,20,18.0,0,
Sữa tiệt trùng Cô gái Hà Lan không đường hộp 1lít,Hộp,Sữa tươi,Sữa Tươi,35953.333333333336,37900.0,45,0.37777777777777777,0.13596150861399967,0.0729468049415195,3,0.16094986807387868,1,0,1,10,8.5,0,
Sữa tiệt trùng Cô gái Hà Lan không đường lốc 4 hộp x 180ml,Gói 4,Sữa tươi,Sữa Tươi,31300.0,34900.0,20,0.8,0.12893982808022922,0.0632215777370498,3,0.15759312320916907,1,0,1,10,8.0,0,
Sữa tiệt trùng Fristi Dutch Lady hương nho 6 hộp x 80ml,Gói 6,Sữa tươi,Sữa Tươi,24636.363636363636,25500.0,55,0.34545454545454546,0.09803921568627451,0.04869823590363876,2,0.10869565217391308,1,0,1,11,9.5,0,
Sữa tiệt trùng Fristi Dutch Lady hương táo lốc 6 hộp x 80ml,Gói 6,Sữa tươi,Sữa Tươi,24950.0,25500.0,50,0.22,0.09803921568627451,0.04192905386738279,2,0.10869565217391308,1,0,1,9,5.5,0,
Sữa tiệt trùng TH True Milk có đường lốc 4 hộp x 110ml,Gói 4,Sữa tươi,Sữa Tươi,26100.0,26100.0,47,0.0,,0.0,1,0.0,0,0,1,0,0.0,0,Th True Milk
Sữa tiệt trùng Vinamilk có đường túi 220ml,Gói,Sữa tươi,Sữa Tươi,7778.9473684210525,8200.0,57,1.0,0.05134788189987163,0.007960464949500475,2,0.026315789473684292,1,1,1,57,57.0,0,Vinamilk
Sữa tiệt trùng Vinamilk hương dâu gói 220ml,Gói,Sữa tươi,Sữa Tươi,7770.491803278688,8200.0,61,1.0,0.05237904838064775,0.009203730065496126,2,0.026315789473684292,1,1,1,61,61.0,0,Vinamilk
Sữa tiệt trùng Vinamilk không đường túi 220ml,Gói,Sữa tươi,Sữa Tươi,7779.310344827586,8200.0,58,1.0,0.051303616484440706,0.007897957104186174,2,0.026315789473684292,1,1,1,58,58.0,0,Vinamilk
Sữa tiệt trùng sô cô la Vinamilk gói 220ml,Gói,Sữa tươi,Sữa Tươi,7776.271186440678,8200.0,59,1.0,0.05167424555601488,0.008388209859910001,2,0.026315789473684292,1,1,1,59,59.0,0,Vinamilk
Sữa tiệt trùng tự nhiên Dalatmilk 220ml,Gói,Sữa tươi,Sữa Tươi,9500.0,9500.0,48,0.0,,0.0,1,0.0,0,0,1,0,0.0,0,
Sữa tiệt trùng vị sô cô la Active 20+ Cô Gái Hà Lan lốc 4 hộp x 180ml,Gói 4,Sữa tươi,Sữa Tươi,33250.87719298246,34900.0,57,0.3508771929824561,0.1346704871060172,0.06956023941136184,3,0.15759312320916907,1,0,1,10,10.0,0,
Sữa tiệt trùng vị sô cô la Active 20+ Dutch Lady gói 220ml,Gói,Sữa tươi,Sữa Tươi,6581.666666666667,7200.0,60,0.7166666666666667,0.11983204134366925,0.0668741168437134,3,0.16666666666666663,1,0,1,15,14.333333333333334,0,
Sữa tiệt trùng ít đường Vinamilk gói 220ml,Gói,Sữa tươi,Sữa Tươi,7778.9473684210525,8200.0,57,1.0,0.05134788189987163,0.007960464949500475,2,0.026315789473684292,1,1,1,57,57.0,0,Vinamilk
Sữa trái cây KUN vị cam lốc 4 hộp x 180ml,Gói 4,Sữa tươi,Sữa Tươi,28320.408163265307,29900.0,49,0.40816326530612246,0.1294314381270903,0.06789372112814601,3,0.15444015444015435,1,0,1,13,10.0,0,Kun
Sữa trái cây KUN vị nho thùng 24 túi x 110ml,Thùng,Sữa tươi,Sữa Tươi,139000.0,139000.0,39,0.0,,0.0,1,0.0,0,0,1,0,0.0,0,Kun
Sữa trái cây KUN vị nho túi 110ml,Gói,Sữa tươi,Sữa Tươi,5900.0,5900.0,12,0.0,,0.0,1,0.0,0,0,1,0,0.0,0,Kun
Sữa trái cây Lof Kun hương nho 180ml,Gói 4,Sữa tươi,Sữa Tươi,28287.5,29900.0,48,0.4166666666666667,0.1294314381270903,0.06819726023999338,3,0.15444015444015435,1,0,1,13,10.0,0,Kun
Sữa tươi thanh trùng Dalat Milk không đường hộp 450ml,Hộp,Sữa tươi,Sữa Tươi,25825.0,26700.0,60,0.4166666666666667,0.07865168539325842,0.0404279165004303,2,0.08536585365853666,1,0,1,25,25.0,0,
Sữa tươi thanh trùng Meiji 4.3% hộp 946ml,Hộp,Sữa tươi,Sữa Tươi,71073.33333333333,75000.0,45,0.4222222222222222,0.124,0.06535926257898296,2,0.14155251141552516,1,0,1,19,19.0,0,
Sữa tươi thanh trùng Meiji hộp 946ml,Hộp,Sữa tươi,Sữa Tươi,64250.0,70000.0,58,0.5862068965517241,0.14012605042016807,0.07771567722766277,3,0.12428571428571433,1,0,1,34,34.0,0,
Sữa tươi thanh trùng Mộc Châu có đường chai 880ml,Chai,Sữa tươi,Sữa Tươi,41500.0,41500.0,19,0.0,,0.0,1,0.0,0,0,1,0,0.0,0,
Sữa tươi thanh trùng Mộc Châu không đường chai 900g,Chai,Sữa tươi,Sữa Tươi,41500.0,41500.0,39,0.0,,0.0,1,0.0,0,0,1,0,0.0,0,
Sữa tươi thanh trùng sô cô la Dalat Milk có đường hộp 180ml,Hộp,Sữa tươi,Sữa Tươi,12196.42857142857,12500.0,56,0.30357142857142855,0.08,0.03804072008797885,2,0.07999999999999996,1,0,1,17,17.0,0,
Sữa tươi tiệt trùng Cô gái Hà Lan có đường túi 180ml,Gói,Sữa tươi,Sữa Tươi,6850.0,7200.0,56,0.5,0.09722222222222222,0.0515572971352787,2,0.10769230769230775,1,0,1,14,14.0,0,
Sữa tươi tiệt trùng Cô gái Hà Lan không đường túi 180ml,Gói,Sữa tươi,Sữa Tươi,6164.3835616438355,7200.0,73,1.0,0.14383561643835616,0.038366866706904146,2,0.08333333333333326,1,1,1,73,73.0,0,
Sữa tươi tiệt trùng DALATMILK ít đường 220ml,Gói,Sữa tươi,Sữa Tươi,9500.0,9500.0,48,0.0,,0.0,1,0.0,0,0,1,0,0.0,0,
Sữa tươi tiệt trùng Meadow Fresh giàu canxi hộp 1L,Hộp,Sữa tươi,Sữa Tươi,56506.493506493505,68345.45454545454,77,0.8831168831168831,0.19492202955656987,0.08483936049206671,3,0.21304347826086956,1,0,2,60,34.0,1,Meadow Fresh
Sữa tươi tiệt trùng Meiji không Lactose 946ml,Gói,Sữa tươi,Sữa Tươi,82016.07142857143,84500.0,56,0.23214285714285715,0.12662721893491125,0.05557959280228569,2,0.12662721893491125,1,0,1,13,13.0,0,
Sữa tươi tiệt trùng TH True Milk có đường gói 220ml,Gói,Sữa tươi,Sữa Tươi,9500.0,9500.0,50,0.0,,0.0,1,0.0,0,0,1,0,0.0,0,Th True Milk
Sữa tươi tiệt trùng TH True Milk có đường hộp 1L,Hộp,Sữa tươi,Sữa Tươi,42400.0,42400.0,55,0.0,,0.0,1,0.0,0,0,1,0,0.0,0,Th True Milk
Sữa tươi tiệt trùng TH True Milk ít đường 110ml,Gói 4,Sữa tươi,Sữa Tươi,26100.0,26100.0,49,0.0,,0.0,1,0.0,0,0,1,0,0.0,0,Th True Milk
Sữa tươi tiệt trùng TH True Milk ít đường gói 220ml,Gói,Sữa tươi,Sữa Tươi,9500.0,9500.0,51,0.0,,0.0,1,0.0,0,0,1,0,0.0,0,Th True Milk
Sữa tươi tiệt trùng TH True Milk ít đường hộp 1 lít,Hộp,Sữa tươi,Sữa Tươi,42400.0,42400.0,55,0.0,,0.0,1,0.0,0,0,1,0,0.0,0,Th True Milk
Sữa tươi tiệt trùng THTRUE Milk Hương Dâu 110ml*4,Gói 4,Sữa tươi,Sữa Tươi,26100.0,26100.0,49,0.0,,0.0,1,0.0,0,0,1,0,0.0,0,
Sữa tươi tiệt trùng Vinamilk có đường hộp 1 lít,Hộp,Sữa tươi,Sữa Tươi,36733.96226415094,38300.0,53,0.49056603773584906,0.08335007029524001,0.043901697806000395,3,0.0942857142857143,1,0,1,14,13.0,0,Vinamilk
Sữa tươi tiệt trùng Vinamilk có đường lốc 4 hộp x 110ml,Gói 4,Sữa tươi,Sữa Tươi,20691.428571428572,21900.0,35,1.0,0.05518590998043053,0.002450737275517654,2,0.014705882352941124,1,1,1,35,35.0,0,Vinamilk
Sữa tươi tiệt trùng Vinamilk không đường hộp 1 lít,Hộp,Sữa tươi,Sữa Tươi,36733.96226415094,38300.0,53,0.49056603773584906,0.08335007029524001,0.043901697806000395,3,0.0942857142857143,1,0,1,14,13.0,0,Vinamilk
Sữa tươi tiệt trùng Vinamilk không đường lốc 4 hộp x 180ml,Gói 4,Sữa tươi,Sữa Tươi,33122.5,34200.0,40,0.425,0.0741314069487444,0.038332350840583194,3,0.08227848101265822,1,0,1,11,8.5,0,Vinamilk
Sữa tươi tiệt trùng Vinamilk ít đường hộp 1 lít,Hộp,Sữa tươi,Sữa Tươi,35922.64150943396,38300.0,53,0.6792452830188679,0.09138381201044386,0.047369998468637924,4,0.1264705882352941,1,0,1,14,12.0,0,Vinamilk
Sữa tươi tiệt trùng Vinamilk ít đường lốc 4 hộp x 110ml,Gói 4,Sữa tươi,Sữa Tươi,20670.0,21900.0,50,1.0,0.05616438356164383,0.004398341993696128,2,0.014705882352941124,1,1,1,50,50.0,0,Vinamilk
Sữa tươi tiệt trùng hương dâu TH True Milk lốc 4 hộp x 180ml,Gói 4,Sữa tươi,Sữa Tươi,38900.0,38900.0,48,0.0,,0.0,1,0.0,0,0,1,0,0.0,0,Th True Milk
Sữa tươi tiệt trùng hương dâu Vinamilk lốc 4 hộp x 180ml,Gói 4,Sữa tươi,Sữa Tươi,32922.0,34200.0,50,0.5,0.07473684210526316,0.039227925303532654,3,0.08227848101265822,1,0,1,14,12.5,0,Vinamilk
Sữa tươi tiệt trùng nguyên Chất TH True Milk gói 220ml,Gói,Sữa tươi,Sữa Tươi,9500.0,9500.0,46,0.0,,0.0,1,0.0,0,0,1,0,0.0,0,Th True Milk
Sữa tươi tiệt trùng nguyên chất TH True Milk hộp 1 lít,Hộp,Sữa tươi,Sữa Tươi,42400.0,42400.0,53,0.0,,0.0,1,0.0,0,0,1,0,0.0,0,Th True Milk
Sữa tươi tiệt trùng nguyên chất TH True Milk thùng 48 gói x 220ml,Thùng,Sữa tươi,Sữa Tươi,455800.0,455800.0,4,0.0,,0.0,1,0.0,0,0,1,0,0.0,0,Th True Milk
Sữa tươi tiệt trùng nguyên kem Meadow Fresh hộp 1L,Hộp,Sữa tươi,Sữa Tươi,47196.0,57284.0,75,0.88,0.19916030820710198,0.08587962818264488,3,0.21317157712305024,1,0,2,60,33.0,1,Meadow Fresh
Sữa tươi tiệt trùng nguyên kem Meadow Fresh lốc 3 hộp x 200ml,Gói 3,Sữa tươi,Sữa Tươi,41723.40425531915,47800.0,47,0.8936170212765957,0.14225941422594143,0.05079383215477624,2,0.1658536585365853,1,0,1,42,42.0,0,Meadow Fresh
Sữa tươi tiệt trùng sô cô la Vinamilk lốc 4 hộp x 180ml,Gói 4,Sữa tươi,Sữa Tươi,32895.91836734694,34200.0,49,0.5102040816326531,0.07473684210526316,0.03925933552724483,3,0.08227848101265822,1,0,1,14,12.5,0,Vinamilk
Sữa tươi tiệt trùng sô cô la nguyên chất TH True Milk lốc 4 hộp x 180ml,Gói 4,Sữa tươi,Sữa Tươi,38900.0,38900.0,47,0.0,,0.0,1,0.0,0,0,1,0,0.0,0,Th True Milk
Sữa tươi tiệt trùng ít béo Meadow Fresh hộp 1L,Hộp,Sữa tươi,Sữa Tươi,47302.666666666664,57145.333333333336,75,0.88,0.19448988523511923,0.08577088516562867,3,0.21317157712305024,1,0,2,58,33.0,1,Meadow Fresh
Sữa tươi trân châu đường đen Lothamilk 250ml,Chai,Sữa tươi,Sữa Tươi,18400.0,18400.0,1,0.0,,,1,0.0,0,0,1,0,0.0,0,
Sữa uống dinh dưỡng Abbott Glucerna hương vani chai 220ml,Chai,Sữa Bột,Sữa Tươi,54477.19298245614,58100.0,57,0.7192982456140351,0.08668821627975315,0.04191917197219374,3,0.09622641509433971,1,0,1,17,13.666666666666666,0,Glucerna
Sữa uống lên men Betagen hương dứa chai 300ml,Chai,Sữa Chua - Váng Sữa,Sữa Tươi,21277.272727272728,21800.0,44,0.22727272727272727,0.10550458715596331,0.04582376490655308,2,0.11794871794871797,1,0,1,10,10.0,0,Betagen
Sữa uống lên men Betagen hương tự nhiên chai 400ml,Chai,Sữa Chua - Váng Sữa,Sữa Tươi,27600.0,27600.0,55,0.0,,0.0,1,0.0,0,0,1,0,0.0,0,Betagen
Sữa uống lên men Yakult lốc 5 chai x 65ml,Gói 5,Sữa Chua - Váng Sữa,Sữa Tươi,26000.0,26000.0,49,0.0,,0.0,1,0.0,0,0,1,0,0.0,0,Yakult
Sữa uống lên men hương cam Betagen chai 300ml,Chai,Sữa Chua - Váng Sữa,Sữa Tươi,19996.875,21800.0,64,0.8125,0.10179957657021878,0.043695560042112405,3,0.1009174311926605,1,0,1,52,52.0,0,Betagen
Sữa uống lên men hương dâu Betagen chai 700ml,Chai,Sữa Chua - Váng Sữa,Sữa Tươi,40167.857142857145,42900.0,56,0.5357142857142857,0.11888111888111888,0.06483988303078474,3,0.153225806451613,1,0,1,15,15.0,0,Betagen
Sữa uống lên men hương tự nhiên Betagen lốc 4 chai x 85ml,Gói 4,Sữa Chua - Váng Sữa,Sữa Tươi,24774.1935483871,26200.0,62,0.5,0.10884018714602314,0.05864403769489911,3,0.13913043478260878,1,0,1,18,15.5,0,Betagen
Sữa óc chó Degrees truyền thống hộp 1L,Hộp,Sữa Hạt - Sữa Đậu,Sữa Tươi,145733.33333333334,155900.0,51,0.3333333333333333,0.19563822963438102,0.09964024111187415,2,0.24322169059011167,1,0,1,17,17.0,0,Degrees
Sữa Đặc Có Đường Ông Thọ Đỏ Tuýp 165g,Hộp,Sữa Đặc,Sữa Tươi,20491.071428571428,21600.0,56,0.44642857142857145,0.115,0.06154212220556174,3,0.1428571428571428,1,0,1,16,12.5,0,
Sữa đậu nành Fami Canxi Vinasoy túi 200ml,Gói,Sữa Hạt - Sữa Đậu,Sữa Tươi,4071.6666666666665,4300.0,60,0.6666666666666666,0.07965116279069767,0.04121881580081574,3,0.09302325581395354,1,0,1,17,13.333333333333334,0,Fami
Sữa đậu nành Fami Canxi ít đường 200ml,Gói 6,Sữa Hạt - Sữa Đậu,Sữa Tươi,30057.14285714286,31200.0,7,0.2857142857142857,0.1282051282051282,0.06493631664106209,2,0.1470588235294117,1,0,1,2,2.0,0,Fami
Sữa đậu nành Fami canxi Vinasoy lốc 6 hộp x 200ml,Gói 6,Sữa Hạt - Sữa Đậu,Sữa Tươi,29280.0,31200.0,10,0.6,0.10256410256410257,0.05643691579172921,2,0.11428571428571432,1,0,1,6,6.0,0,Fami
Sữa đậu nành Fami canxi ít đường bịch 200ml,Gói,Sữa Hạt - Sữa Đậu,Sữa Tươi,3984.7457627118642,4300.0,59,0.711864406779661,0.10299003322259136,0.05185426560629428,3,0.11627906976744184,1,0,1,18,14.0,0,Fami
Sữa đậu nành Fami nguyên chất Vinasoy gói 200ml,Gói,Sữa Hạt - Sữa Đậu,Sữa Tươi,4022.0,4200.0,50,0.5,0.08476190476190476,0.04556678867656077,3,0.10526315789473695,1,0,1,14,12.5,0,Fami
Sữa đậu nành Fami nguyên chất hộp 1L,Hộp,Sữa Hạt - Sữa Đậu,Sữa Tươi,19434.21052631579,21900.0,38,0.6052631578947368,0.18602342664284294,0.1041504385357176,3,0.24431818181818188,1,0,1,13,11.5,0,Fami
Sữa đậu nành Fami nguyên chất ít đường gói 200ml,Gói,Sữa Hạt - Sữa Đậu,Sữa Tươi,3870.3703703703704,4200.0,54,0.7037037037037037,0.11152882205513785,0.05670224983823879,3,0.1351351351351351,1,0,1,15,12.666666666666666,0,Fami
Sữa đậu nành canxi Fami hộp 1L,Hộp,Sữa Hạt - Sữa Đậu,Sữa Tươi,19426.315789473683,21900.0,57,0.5964912280701754,0.18936341659951653,0.10594996764933594,3,0.24431818181818188,1,0,1,21,17.0,0,Fami
Sữa đậu nành hạnh nhân Vinamilk 4 hộp x 180ml,Gói 4,Sữa Hạt - Sữa Đậu,Sữa Tươi,31280.0,32800.0,55,0.6909090909090909,0.06707317073170732,0.032801520127350096,2,0.07189542483660127,1,0,1,17,12.666666666666666,0,Vinamilk
Sữa đậu nành hạt óc chó Vinamilk lốc 4 hộp x 180ml,Gói 4,Sữa Hạt - Sữa Đậu,Sữa Tươi,31280.0,32800.0,55,0.6909090909090909,0.06707317073170732,0.032801520127350096,2,0.07189542483660127,1,0,1,17,12.666666666666666,0,Vinamilk
Sữa đậu nành nguyên chất Fami 6 hộp x 200ml,Gói 6,Sữa Hạt - Sữa Đậu,Sữa Tươi,31500.0,31500.0,1,0.0,,,1,0.0,0,0,1,0,0.0,0,Fami
Sữa đậu nành đậu đỏ Vinamilk 4 hộp x 180ml,Gói 4,Sữa Hạt - Sữa Đậu,Sữa Tươi,31280.0,32800.0,55,0.6909090909090909,0.06707317073170732,0.032801520127350096,2,0.07189542483660127,1,0,1,17,12.666666666666666,0,Vinamilk
"Sữa đậu đen, óc chó, hạnh nhân Sahmyook hộp 190ml",Gói 3,Sữa Hạt - Sữa Đậu,Sữa Tươi,58000.0,58000.0,14,0.0,,0.0,1,0.0,0,0,1,0,0.0,0,Sahmyook
"Sữa đậu đen, óc chó, hạnh nhân Sahmyook túi 195ml",Gói,Sữa Hạt - Sữa Đậu,Sữa Tươi,18132.0,21300.0,25,0.72,0.20657276995305165,0.11120302811496634,2,0.2603550295857988,1,0,1,18,18.0,0,Sahmyook
Sữa đặc Tài Lộc Vinamilk 380g,Hộp,Sữa Đặc,Sữa Tươi,16200.0,16200.0,48,0.0,,0.0,1,0.0,0,0,1,0,0.0,0,Vinamilk
Sữa đặc có đường Hoàn Hảo 380g,Hộp,Sữa Đặc,Sữa Tươi,22334.0,22600.0,50,0.14,0.084070796460177,0.029818603126728068,2,0.09178743961352653,1,0,1,7,7.0,0,
Sữa đặc có đường Ngôi Sao Phương Nam hộp giấy 380g (Xanh lá),Hộp,Sữa Đặc,Sữa Tươi,20931.91489361702,21400.0,47,0.425531914893617,0.051401869158878497,0.026263509566810436,2,0.054187192118226646,1,0,1,12,10.0,0,
Sữa đặc có đường nguyên kem Dutch Lady hộp 380g,Hộp,Sữa Đặc,Sữa Tươi,36300.0,36300.0,43,0.0,,0.0,1,0.0,0,0,1,0,0.0,0,
Sữa đặc có đường Ông Thọ Vinamilk lon 380g,Hộp,Sữa Đặc,Sữa Tươi,28500.0,28500.0,51,0.0,,0.0,1,0.0,0,0,1,0,0.0,0,Vinamilk
Sữa đặc có đường Ông Thọ chữ xanh - Hộp giấy 380g,Hộp,Sữa Đặc,Sữa Tươi,28500.0,28500.0,39,0.0,,0.0,1,0.0,0,0,1,0,0.0,0,
"Sữa đặc có đường Ông Thọ hộp 1,284kg",Hộp,Sữa Đặc,Sữa Tươi,83000.0,83000.0,48,0.0,,0.0,1,0.0,0,0,1,0,0.0,0,
Sữa đặc có đường Ông Thọ trắng lon 380g,Hộp,Sữa Đặc,Sữa Tươi,34700.0,34700.0,48,0.0,,0.0,1,0.0,0,0,1,0,0.0,0,
Sữa đặc có đường Ông Thọ đỏ hộp giấy 380g,Hộp,Sữa Đặc,Sữa Tươi,27300.0,27300.0,41,0.0,,0.0,1,0.0,0,0,1,0,0.0,0,
Sữa đặc có đường Ông Thọ đỏ lon 380g,Hộp,Sữa Đặc,Sữa Tươi,26218.867924528302,26700.0,53,0.4528301886792453,0.039794007490636704,0.02072984257253863,3,0.04705882352941182,1,0,1,13,12.0,0,
Thùng 36 hộp sữa đậu nành Fami canxi 200ml,Thùng,Sữa Hạt - Sữa Đậu,Sữa Tươi,181800.0,181800.0,51,0.0,,0.0,1,0.0,0,0,1,0,0.0,0,Fami
Thùng 36 hộp sữa đậu nành Fami canxi ít đường 200ml,Thùng,Sữa Hạt - Sữa Đậu,Sữa Tươi,181800.0,181800.0,53,0.0,,0.0,1,0.0,0,0,1,0,0.0,0,Fami
Thùng 36 hộp sữa đậu nành Vinasoy Fami nguyên chất ít đường 200ml,Thùng,Sữa Hạt - Sữa Đậu,Sữa Tươi,179400.0,179400.0,24,0.0,,0.0,1,0.0,0,0,1,0,0.0,0,Fami
Thùng 36 hộp sữa đậu nành nguyên chất Fami 200ml,Thùng,Sữa Hạt - Sữa Đậu,Sữa Tươi,176100.0,176100.0,50,0.0,,0.0,1,0.0,0,0,1,0,0.0,0,Fami
Thùng 48 gói sữa tiệt trùng DUTCH LADY hương dâu 220ml/210ml,Thùng,Sữa tươi,Sữa Tươi,373300.0,373300.0,7,0.0,,0.0,1,0.0,0,0,1,0,0.0,0,
Thùng 48 hộp Sữa uống ít đường Nestle 180ml,Thùng,Sữa tươi,Sữa Tươi,398400.0,398400.0,71,0.0,,0.0,1,0.0,0,0,1,0,0.0,0,Nestle
Thùng 48 hộp sữa tươi tiệt trùng Dutch Lady không đường 180ml,Thùng,Sữa tươi,Sữa Tươi,405600.0,405600.0,19,0.0,,0.0,1,0.0,0,0,1,0,0.0,0,
Thùng 48 hộp sữa tươi tiệt trùng TH True Milk có đường 180ml,Thùng,Sữa tươi,Sữa Tươi,466700.0,466700.0,6,0.0,,0.0,1,0.0,0,0,1,0,0.0,0,Th True Milk
Thùng 48 hộp sữa tươi tiệt trùng TH True Milk ít đường 180ml,Thùng,Sữa tươi,Sữa Tươi,466700.0,466700.0,48,0.0,,0.0,1,0.0,0,0,1,0,0.0,0,Th True Milk
Thùng 48 hộp sữa tươi tiệt trùng nguyên chất TH True Milk 180ml,Thùng,Sữa tươi,Sữa Tươi,466700.0,466700.0,42,0.0,,0.0,1,0.0,0,0,1,0,0.0,0,Th True Milk
Thùng 48 hộp thức uống dinh dưỡng Kun cacao lúa mạch 180ml,Gói 4,Sữa Chua - Váng Sữa,Sữa Tươi,30335.593220338982,32200.0,59,0.423728813559322,0.13664596273291926,0.07228857182158224,2,0.15827338129496393,1,0,1,13,12.5,0,Kun
Thức uống Susu socola lúa mạch túi 110ml,Gói,Sữa Chua - Váng Sữa,Sữa Tươi,5400.0,5400.0,47,0.0,,0.0,1,0.0,0,0,1,0,0.0,0,Susu
Thức uống lúa mạch vị sô cô la Ovaltine lốc 4 hộp x 180ml,Gói 4,Sữa Hạt - Sữa Đậu,Sữa Tươi,33701.818181818184,35000.0,55,0.2545454545454545,0.1457142857142857,0.06652648327286245,2,0.1705685618729098,1,0,1,14,14.0,0,Ovaltine
Thức uống từ sữa chua vị lựu YoMost lốc 4 hộp x 170ml,Gói 4,Sữa Chua - Váng Sữa,Sữa Tươi,28738.333333333332,30600.0,60,0.5166666666666667,0.11775247733502005,0.0679887322442119,3,0.18146718146718155,1,0,1,17,15.5,0,Yomost
Trà sữa trân châu Lothamilk 250ml,Chai,Sữa tươi,Sữa Tươi,18200.0,18200.0,1,0.0,,,1,0.0,0,0,1,0,0.0,0,
Váng sữa hương vani Hoff vỉ 4 hộp x 55g,Gói 4,Sữa Chua - Váng Sữa,Sữa Tươi,60273.4375,64900.0,64,0.515625,0.13825465751505814,0.07531510184597415,3,0.17572463768115942,1,0,1,20,16.5,0,Hoff
Váng sữa uống hương vani Zott Monte lốc 4 chai x 95ml,Gói 4,Sữa Chua - Váng Sữa,Sữa Tươi,49802.89855072464,55200.0,69,0.5507246376811594,0.17753623188405798,0.09859731753499752,2,0.2158590308370043,1,0,1,21,19.0,0,Zott
Vỉ 4 hộp váng sữa Mixxi hương vani 75g,Gói 4,Sữa Chua - Váng Sữa,Sữa Tươi,54238.09523809524,56500.0,63,0.30158730158730157,0.13274336283185842,0.063972578117324,2,0.15306122448979598,1,0,1,19,19.0,0,
Vỉ 4 hộp váng sữa Monte sô cô la 55g,Gói 4,Sữa Chua - Váng Sữa,Sữa Tươi,63279.48717948718,72900.0,78,0.8974358974358975,0.14705075445816188,0.052981226268535325,3,0.15226337448559668,1,0,1,70,70.0,0,
Vỉ 4 hộp váng sữa hương vani Zott Monte 55g,Gói 4,Sữa Chua - Váng Sữa,Sữa Tươi,68936.92307692308,72900.0,65,0.4307692307692308,0.1262002743484225,0.06659922025699797,2,0.14442700156985877,1,0,1,14,14.0,0,Zott
BOBBY Miếng lót newborn1 108 miếng,Gói,Tã - Bỉm,Chăm Sóc Bé,169000.0,169000.0,50,0.0,,0.0,1,0.0,0,0,1,0,0.0,0,
Bàn chải cho bé 1 - 5 tuổi Lipzo Kids 1 lông mềm (giao màu ngẫu nhiên),Cái,Chăm Sóc Cá Nhân Cho Bé,Chăm Sóc Bé,45000.0,45000.0,81,0.0,,0.0,1,0.0,0,0,1,0,0.0,0,
Bàn chải cho bé 2 - 6 tuổi P/S lông chải siêu mềm,Cái,Chăm Sóc Cá Nhân Cho Bé,Chăm Sóc Bé,18000.0,18000.0,76,0.0,,0.0,1,0.0,0,0,1,0,0.0,0,
Bàn chải đánh răng Jordan Step 2 cho trẻ 3 - 5 tuổi (Giao màu ngẫu nhiên),Cái,Chăm Sóc Cá Nhân Cho Bé,Chăm Sóc Bé,38027.02702702703,40600.0,74,0.1891891891891892,0.33497536945812806,0.14102914991493512,2,0.3349753694581281,1,0,1,14,14.0,0,
Bàn chải đánh răng Oral Clean Royal Kid Soft màu xanh,Cái,Chăm Sóc Cá Nhân Cho Bé,Chăm Sóc Bé,54000.0,54000.0,77,0.0,,0.0,1,0.0,0,0,1,0,0.0,0,
Bàn chải đánh răng P/S trẻ em 2-6 tuổi cao cấp,Cái,Chăm Sóc Cá Nhân Cho Bé,Chăm Sóc Bé,32500.0,32500.0,74,0.0,,0.0,1,0.0,0,0,1,0,0.0,0,
Bàn chải đánh răng trẻ em Colgate Ultra Soft siêu mềm Barbie/Spiderman,Cái,Chăm Sóc Cá Nhân Cho Bé,Chăm Sóc Bé,37000.0,37000.0,65,0.0,,0.0,1,0.0,0,0,1,0,0.0,0,
Bộ 2 bàn chải đánh răng P/S lông tơ mềm mại,Bộ,Chăm Sóc Cá Nhân Cho Bé,Chăm Sóc Bé,34500.0,34500.0,74,0.0,,0.0,1,0.0,0,0,1,0,0.0,0,
Dép lê Xuyên Á H21 108 size 36,Đôi,Chăm Sóc Cá Nhân Cho Bé,Chăm Sóc Bé,55704.545454545456,129000.0,88,1.0,0.5681818181818182,0.08486593641682412,2,0.20408163265306123,1,1,1,88,88.0,0,
Kem đánh răng Oral Clean Tom&Jerry Tutti Frutti 75ml,Hộp,Chăm Sóc Cá Nhân Cho Bé,Chăm Sóc Bé,57000.0,57000.0,70,0.0,,0.0,1,0.0,0,0,1,0,0.0,0,
Kem đánh răng trẻ em Aquafresh big teeth 6+,Tuýp,Chăm Sóc Cá Nhân Cho Bé,Chăm Sóc Bé,40300.0,40300.0,64,0.0,,0.0,1,0.0,0,0,1,0,0.0,0,
Kem đánh răng trẻ em Colgate Minions 80g,Tuýp,Chăm Sóc Cá Nhân Cho Bé,Chăm Sóc Bé,34400.0,34400.0,43,0.0,,0.0,1,0.0,0,0,1,0,0.0,0,
Kem đánh răng trẻ em Lipzo vị chuối 75g,Tuýp,Chăm Sóc Cá Nhân Cho Bé,Chăm Sóc Bé,44200.0,44200.0,77,0.0,,0.0,1,0.0,0,0,1,0,0.0,0,
Kem đánh răng trẻ em P/S hương cam 2-6 tuổi 45g,Hộp,Chăm Sóc Cá Nhân Cho Bé,Chăm Sóc Bé,19700.0,19700.0,75,0.0,,0.0,1,0.0,0,0,1,0,0.0,0,
Kem đánh răng trẻ em P/S hương dâu và trái cây hộp 35g,Hộp,Chăm Sóc Cá Nhân Cho Bé,Chăm Sóc Bé,19700.0,19700.0,75,0.0,,0.0,1,0.0,0,0,1,0,0.0,0,
Lốc 4 hộp Sữa GrowPLUS+ Ít đường hộp 110ml,Gói 4,Sữa Bột - Sữa Dinh Dưỡng,Chăm Sóc Bé,40100.0,47000.0,9,1.0,0.14680851063829786,0.0,1,0.0,1,1,1,9,9.0,0,
Lốc 4 hộp sữa dinh dưỡng pha sẵn NutiFood Grow Plus+ vani hộp 110ml,Gói 4,Sữa Bột - Sữa Dinh Dưỡng,Chăm Sóc Bé,36298.83720930233,40200.0,86,0.6395348837209303,0.1517412935323383,0.08115973588424422,2,0.1788856304985338,1,0,1,33,27.5,0,Nutifood
Lốc 4 hộp sữa dinh dưỡng Abbott Grow 180ml,Gói 4,Sữa Bột - Sữa Dinh Dưỡng,Chăm Sóc Bé,70592.77108433735,78500.0,83,1.0,0.10072903077277262,0.03705802394459565,3,0.08656716417910437,1,1,1,83,83.0,0,Grow
Lốc 4 hộp sữa dinh dưỡng Abbott Grow hương vani 110ml,Gói 4,Sữa Bột - Sữa Dinh Dưỡng,Chăm Sóc Bé,53400.0,57500.0,81,1.0,0.07130434782608695,0.0,1,0.0,1,1,1,81,81.0,0,Grow
Lốc 4 hộp sữa dinh dưỡng Pediasure vani 10+ 180ml,Gói 4,Sữa Bột - Sữa Dinh Dưỡng,Chăm Sóc Bé,133800.0,144300.0,45,1.0,0.07276507276507277,0.0,1,0.0,1,1,1,45,45.0,0,Pediasure
Lốc 4 hộp sữa dinh dưỡng Similac Eye-Q hương vani 180ml,Gói 4,Sữa Bột - Sữa Dinh Dưỡng,Chăm Sóc Bé,79900.0,86200.0,82,1.0,0.07308584686774942,0.0,1,0.0,1,1,1,82,82.0,0,Similac
Lốc 4 hộp sữa dinh dưỡng pha sẵn Vinamilk Yoko Gold 110mll,Gói 4,Sữa Bột - Sữa Dinh Dưỡng,Chăm Sóc Bé,45000.0,45000.0,78,0.0,,0.0,1,0.0,0,0,1,0,0.0,0,Vinamilk
Miếng lót Under Pad,Gói,Tã - Bỉm,Chăm Sóc Bé,60900.0,60900.0,74,0.0,,0.0,1,0.0,0,0,1,0,0.0,0,
Miếng lót sơ sinh Bobby fresh newborn 1 - 64 miếng,Gói,Tã - Bỉm,Chăm Sóc Bé,103000.0,103000.0,56,0.0,,0.0,1,0.0,0,0,1,0,0.0,0,
Nước súc miệng Listerine Trẻ em hương dâu 250ml,Chai,Chăm Sóc Cá Nhân Cho Bé,Chăm Sóc Bé,52581.08108108108,54000.0,74,0.0945945945945946,0.2777777777777778,0.08405641809258707,2,0.3846153846153846,1,0,1,7,7.0,0,
Nước súc miệng P/S Expert Protection Pro Complete chai 500ml,Chai,Chăm Sóc Cá Nhân Cho Bé,Chăm Sóc Bé,73700.0,73700.0,80,0.0,,0.0,1,0.0,0,0,1,0,0.0,0,
PEDIASURE TPDD hương vani 110ml,Gói 4,Sữa Bột - Sữa Dinh Dưỡng,Chăm Sóc Bé,89973.17073170732,98500.0,82,1.0,0.08656679460195618,0.029013401747089343,2,0.07538280329799774,1,1,1,82,82.0,0,Pediasure
PEDIASURE TPDD hương vani 180ml,Gói 4,Sữa Bột - Sữa Dinh Dưỡng,Chăm Sóc Bé,128271.0843373494,144300.0,83,1.0,0.11108049662266531,0.037303412895976315,3,0.08780487804878057,1,1,1,83,83.0,0,Pediasure
SPDDDPS GrowPLUS+ Ít đường hộp 110ml,Thùng,Sữa Bột - Sữa Dinh Dưỡng,Chăm Sóc Bé,514900.0,514900.0,72,0.0,,0.0,1,0.0,0,0,1,0,0.0,0,
Sữa Sôcôla Lúa Mạch SuSu - Lốc 6 Chai 80ml,Gói 6,Sữa Bột - Sữa Dinh Dưỡng,Chăm Sóc Bé,24344.18604651163,26000.0,86,0.43023255813953487,0.14802494802494803,0.08354391604648706,3,0.22065727699530524,1,0,1,22,18.5,0,Susu
Sữa bột Nutifood GrowPlus trên 1 tuổi lon 850g,Lon,Sữa Bột - Sữa Dinh Dưỡng,Chăm Sóc Bé,628558.1395348837,632500.0,43,0.06976744186046512,0.08932806324110672,0.023170464658487534,2,0.09809027777777768,1,0,1,3,3.0,0,Nutifood
Sữa bột Nutifood Nuvi Grow 4 900g,Lon,Sữa Bột - Sữa Dinh Dưỡng,Chăm Sóc Bé,355506.32911392406,359000.0,79,0.1518987341772152,0.06406685236768803,0.02336940614948821,2,0.06845238095238093,1,0,1,12,12.0,0,Nutifood
Sữa bột Nutifood nutri nguyên kem 900g,Lon,Sữa Bột - Sữa Dinh Dưỡng,Chăm Sóc Bé,183500.0,183500.0,65,0.0,,0.0,1,0.0,0,0,1,0,0.0,0,Nutifood
Sữa bột hương vani Abbott Grow G-Power 3 - 6 tuổi 900g,Lon,Sữa Bột - Sữa Dinh Dưỡng,Chăm Sóc Bé,469000.0,469000.0,83,0.0,,0.0,1,0.0,0,0,1,0,0.0,0,Grow
Sữa bột pha sẵn hương vani Grow Plus+ NutiFood lốc 4 hộp x 180ml,Gói 4,Sữa Bột - Sữa Dinh Dưỡng,Chăm Sóc Bé,50770.58823529412,56400.0,85,0.6470588235294118,0.15425531914893617,0.08237585278592656,2,0.1823899371069182,1,0,1,33,27.5,0,Nutifood
Sữa dinh dưỡng Abbott Similac HMO hương vani 110ml - Lốc 4 hộp,Gói 4,Sữa Bột - Sữa Dinh Dưỡng,Chăm Sóc Bé,55100.0,59500.0,81,1.0,0.07394957983193277,0.0,1,0.0,1,1,1,81,81.0,0,Similac
Sữa dinh dưỡng NutiFood Grow Plus+ lốc 4 hộp x 110ml,Gói 4,Sữa Bột - Sữa Dinh Dưỡng,Chăm Sóc Bé,39100.0,46000.0,76,1.0,0.15,0.0,1,0.0,1,1,1,76,76.0,0,Nutifood
Sữa dinh dưỡng hương vani Grow Plus+ NutiFood lốc 4 hộp x 180ml,Gói 4,Sữa Bột - Sữa Dinh Dưỡng,Chăm Sóc Bé,63114.28571428572,67000.0,84,0.38095238095238093,0.15223880597014924,0.07895333365601882,2,0.1795774647887325,1,0,1,19,16.0,0,Nutifood
Sữa nước Abbott Pediasure BA 3+ hương vani 237ml,Chai,Sữa Bột - Sữa Dinh Dưỡng,Chăm Sóc Bé,47300.0,47300.0,77,0.0,,0.0,1,0.0,0,0,1,0,0.0,0,Pediasure
Sữa tắm gội toàn thân Carrie Junior hương chery chai 700g,Chai,Sữa Tắm - Gội Cho Bé,Chăm Sóc Bé,182145.56962025317,189500.0,79,0.3670886075949367,0.10572286416158674,0.053377163953256104,3,0.11536197763390232,1,0,1,15,14.5,0,
Sữa tắm gội toàn thân Carrie Junior hương nho chai 700g,Chai,Sữa Tắm - Gội Cho Bé,Chăm Sóc Bé,182145.56962025317,189500.0,79,0.3670886075949367,0.10572286416158674,0.053377163953256104,3,0.11536197763390232,1,0,1,15,14.5,0,
Sữa tắm gội toàn thân Carrie Junior tinh chất sữa chai 700g,Chai,Sữa Tắm - Gội Cho Bé,Chăm Sóc Bé,182145.56962025317,189500.0,79,0.3670886075949367,0.10572286416158674,0.053377163953256104,3,0.11536197763390232,1,0,1,15,14.5,0,
Sữa tắm gội toàn thân Johnson's mềm mịn như bông 500ml,Chai,Sữa Tắm - Gội Cho Bé,Chăm Sóc Bé,176256.4516129032,192500.0,62,0.43548387096774194,0.19376623376623378,0.10578374819171864,2,0.1937662337662338,1,0,1,27,27.0,0,
Sữa tắm gội toàn thân không cay mắt Johnson's Baby 500ml,Chai,Sữa Tắm - Gội Cho Bé,Chăm Sóc Bé,157348.23529411765,169800.0,85,0.32941176470588235,0.2226148409893993,0.11411097049541545,3,0.3162790697674418,1,0,1,14,14.0,0,
Sữa tắm gội trẻ em Lactacyd Milky chai 500ml,Chai,Sữa Tắm - Gội Cho Bé,Chăm Sóc Bé,189872.72727272726,201000.0,55,0.3090909090909091,0.1791044776119403,0.08842558600260078,2,0.17910447761194026,1,0,1,17,17.0,0,
Sữa tắm gội trẻ em hằng ngày Milky Lactacyd 250ml,Chai,Sữa Tắm - Gội Cho Bé,Chăm Sóc Bé,107548.78048780488,111500.0,82,0.18292682926829268,0.1937219730941704,0.07812352956618226,2,0.24026696329254738,1,0,1,15,15.0,0,
Sữa tắm tinh chất sữa và gạo Johnson & Johnson 500ml,Chai,Sữa Tắm - Gội Cho Bé,Chăm Sóc Bé,150300.0,150300.0,16,0.0,,0.0,1,0.0,0,0,1,0,0.0,0,
Tã dán người lớn Sunmate ADP M/L18,Gói,Tã - Bỉm,Chăm Sóc Bé,146263.63636363635,165900.0,66,0.5454545454545454,0.21699819168173598,0.12349499756211373,2,0.2771362586605082,1,0,1,36,36.0,0,
Tã dán người lớn Sunmate M10,Gói,Tã - Bỉm,Chăm Sóc Bé,85400.0,85400.0,63,0.0,,0.0,1,0.0,0,0,1,0,0.0,0,
Tã quần Bobby XL48 48 miếng,Gói,Tã - Bỉm,Chăm Sóc Bé,349000.0,349000.0,79,0.0,,0.0,1,0.0,0,0,1,0,0.0,0,
Tã quần Bobby XXL44,Gói,Tã - Bỉm,Chăm Sóc Bé,347000.0,347000.0,80,0.0,,0.0,1,0.0,0,0,1,0,0.0,0,
Tã quần Huggies Dry L68,Gói,Tã - Bỉm,Chăm Sóc Bé,440800.0,440800.0,60,0.0,,0.0,1,0.0,0,0,1,0,0.0,0,
Tã quần Huggies dry pants big jumbo L38,Gói,Tã - Bỉm,Chăm Sóc Bé,197200.0,263000.0,40,0.7,0.3574144486692015,0.22122198379245522,2,0.35741444866920147,1,0,1,28,28.0,0,
Tã quần Unidry L54,Gói,Tã - Bỉm,Chăm Sóc Bé,289600.0,289600.0,74,0.0,,0.0,1,0.0,0,0,1,0,0.0,0,
Tã quần Unidry M60,Gói,Tã - Bỉm,Chăm Sóc Bé,289600.0,289600.0,74,0.0,,0.0,1,0.0,0,0,1,0,0.0,0,
Tã quần Unidry XL48,Gói,Tã - Bỉm,Chăm Sóc Bé,289600.0,289600.0,74,0.0,,0.0,1,0.0,0,0,1,0,0.0,0,
Tã quần Unidry XXL44,Gói,Tã - Bỉm,Chăm Sóc Bé,289600.0,289600.0,74,0.0,,0.0,1,0.0,0,0,1,0,0.0,0,
Tã quần người lớn Sunmate L8,Gói,Tã - Bỉm,Chăm Sóc Bé,83440.47619047618,93300.0,84,0.4880952380952381,0.2165058949624866,0.12173685069334307,2,0.27633378932968533,1,0,1,41,41.0,0,
Bí nụ 200g,Khay,"Củ, Quả",Rau - Củ - Trái Cây,28900.0,28900.0,58,0.0,,0.0,1,0.0,0,0,1,0,0.0,0,
Bí xanh,1KG,"Củ, Quả",Rau - Củ - Trái Cây,28570.731707317074,28570.731707317074,82,0.0,,0.3263065883206137,6,0.33444816053511706,0,0,6,0,0.0,1,
Bí xanh (bí đao) WinEco,1KG,"Củ, Quả",Rau - Củ - Trái Cây,33360.0,41700.0,5,1.0,0.2,0.042898186618701005,2,0.08908685968819596,1,1,2,5,5.0,0,
Bí đỏ hồ lô,1KG,"Củ, Quả",Rau - Củ - Trái Cây,24232.727272727272,24232.727272727272,55,0.0,,0.14060934758238464,6,0.20080321285140568,0,0,6,0,0.0,1,
Bí đỏ tròn,1kg,"Củ, Quả",Rau - Củ - Trái Cây,23704.878048780487,23704.878048780487,82,0.0,,0.04162917887093079,2,0.0873362445414847,0,0,2,0,0.0,1,
Búp măng tươi Kim Bôi gói 500g,Gói,"Củ, Quả",Rau - Củ - Trái Cây,34900.0,34900.0,82,0.0,,0.0,1,0.0,0,0,1,0,0.0,0,
Bưởi 5 roi túi lưới loại 1,1.2KG,Trái cây tươi,Rau - Củ - Trái Cây,55760.0,55760.0,69,0.0,,0.1249361044736409,5,0.2004008016032064,0,0,5,0,0.0,1,
Bưởi Diễn (Quả ),Qủa,Trái cây tươi,Rau - Củ - Trái Cây,28691.780821917808,28691.780821917808,73,0.0,,0.07411881964283633,2,0.16387959866220736,0,0,2,0,0.0,0,
Bưởi hồng da xanh miền Tây,Qủa,Trái cây tươi,Rau - Củ - Trái Cây,38659.09090909091,38659.09090909091,66,0.0,,0.08221828792663004,3,0.1399999999999999,0,0,3,0,0.0,1,
Bưởi hồng da xanh túi lưới,1.5KG,Trái cây tươi,Rau - Củ - Trái Cây,77100.0,79725.0,80,0.175,0.18367285489175345,0.10767900116134053,3,0.2506265664160401,1,0,2,7,7.0,1,
Bưởi đỏ Tân Lạc,Qủa,Trái cây tươi,Rau - Củ - Trái Cây,160000.0,160000.0,2,0.0,,0.0,1,0.0,0,0,1,0,0.0,0,
Bắp cải trái tim WinEco,1KG,Rau Lá,Rau - Củ - Trái Cây,23466.666666666668,29333.333333333332,6,1.0,0.20000000000000004,0.15309310892394862,2,0.2857142857142857,1,1,2,6,6.0,0,
Bắp cải trắng,1KG,Rau Lá,Rau - Củ - Trái Cây,13617.307692307691,13617.307692307691,52,0.0,,0.25661914002100694,5,0.25125628140703515,0,0,5,0,0.0,0,
Bắp cải tím,1KG,Rau Lá,Rau - Củ - Trái Cây,45900.0,45900.0,13,0.0,,0.0,1,0.0,0,0,1,0,0.0,0,
Bắp cải tím WinEco,1KG,Rau Lá,Rau - Củ - Trái Cây,43920.0,54900.0,56,1.0,0.2,0.0,1,0.0,1,1,1,56,56.0,0,
Cam Sành loại nhỏ,1 KG,Trái cây tươi,Rau - Củ - Trái Cây,22900.0,22900.0,69,0.0,,0.0,1,0.0,0,0,1,0,0.0,0,
Cam canh,1KG,Trái cây tươi,Rau - Củ - Trái Cây,54166.153846153844,57473.846153846156,65,0.23076923076923078,0.24335031126202603,0.20042634336396203,8,0.4761904761904763,1,0,7,7,5.0,1,
Cam cara Úc ( 3 trái/hộp),Hộp,Trái cây tươi,Rau - Củ - Trái Cây,125000.0,125000.0,5,0.0,,0.0,1,0.0,0,0,1,0,0.0,0,
Cam lòng vàng,1KG,Trái cây tươi,Rau - Củ - Trái Cây,29284.615384615383,29284.615384615383,78,0.0,,0.04163368982571807,3,0.15444015444015435,0,0,3,0,0.0,1,
Cam ruột vàng úc,1KG,Trái cây tươi,Rau - Củ - Trái Cây,64898.360655737706,70411.47540983607,61,0.21311475409836064,0.2877556259091298,0.25057984203605405,4,0.8346938775510204,1,0,3,13,13.0,1,
Cam sành loại 1,1 KG,Trái cây tươi,Rau - Củ - Trái Cây,27900.0,27900.0,65,0.0,,0.0,1,0.0,0,0,1,0,0.0,0,
Cam vàng Mỹ (3 Trái/hộp),Hộp,Trái cây tươi,Rau - Củ - Trái Cây,145000.0,145000.0,14,0.0,,0.0,1,0.0,0,0,1,0,0.0,0,
Cam vàng Úc ( 3 trái/hộp),Hộp,Trái cây tươi,Rau - Củ - Trái Cây,82574.41860465116,89000.0,43,0.3488372093023256,0.20696629213483148,0.10830387680112082,3,0.27324749642346213,1,0,1,13,7.5,0,
Canh bí đỏ 350g,Khay,"Củ, Quả",Rau - Củ - Trái Cây,21900.0,21900.0,7,0.0,,0.0,1,0.0,0,0,1,0,0.0,0,
Chanh có hạt 250g,Gói,Trái cây tươi,Rau - Củ - Trái Cây,11995.161290322581,11995.161290322581,62,0.0,,0.12255575943232853,7,0.15503875968992253,0,0,7,0,0.0,1,
Chanh không hạt,1KG,Trái cây tươi,Rau - Củ - Trái Cây,51600.0,51600.0,10,0.0,,0.0,1,0.0,0,0,1,0,0.0,0,
Chanh không hạt 500g,Gói,Trái cây tươi,Rau - Củ - Trái Cây,19900.0,19900.0,14,0.0,,0.0,1,0.0,0,0,1,0,0.0,0,
Chanh leo (chanh dây),1KG,Trái cây tươi,Rau - Củ - Trái Cây,52617.142857142855,52617.142857142855,35,0.0,,0.08421599870444474,3,0.10220440881763526,0,0,3,0,0.0,1,
Chanh tươi không hạt 250g,Gói,Trái cây tươi,Rau - Củ - Trái Cây,10271.42857142857,10271.42857142857,14,0.0,,0.09192050982953161,2,0.26262626262626254,0,0,2,0,0.0,1,
Cherry New Zealand,1KG,Trái cây tươi,Rau - Củ - Trái Cây,669000.0,669000.0,8,0.0,,0.0,1,0.0,0,0,1,0,0.0,0,
Chuối dole,1KG,Trái cây tươi,Rau - Củ - Trái Cây,46900.0,46900.0,72,0.0,,0.0,1,0.0,0,0,1,0,0.0,0,
Chuối vàng,1 KG,Trái cây tươi,Rau - Củ - Trái Cây,34000.0,34000.0,73,0.0,,0.0,1,0.0,0,0,1,0,0.0,0,
Chuối xanh chưng tết,1.2KG,Trái cây tươi,Rau - Củ - Trái Cây,49251.42857142857,50794.28571428572,14,0.21428571428571427,0.13071895424836602,0.07331710764002164,3,0.2506265664160401,1,0,3,3,3.0,1,
Chà là nguyên cành Devie hộp 500g,Hộp,Trái cây tươi,Rau - Củ - Trái Cây,175586.2068965517,185000.0,58,0.3620689655172414,0.14054054054054055,0.0717863770452279,2,0.16352201257861632,1,0,1,14,10.5,0,
Chôm chôm,1KG,Trái cây tươi,Rau - Củ - Trái Cây,71173.97260273973,72415.06849315068,73,0.0821917808219178,0.20133333333333334,0.058818147570338056,3,0.25208681135225386,1,0,2,6,6.0,0,
Combo Hành lá + Ngò rí 50g,Gói,Rau Lá,Rau - Củ - Trái Cây,7500.0,7500.0,50,0.0,,0.0,1,0.0,0,0,1,0,0.0,0,
Combo Nấm thủy tiên Biovegi 200g,Hộp,"Củ, Quả",Rau - Củ - Trái Cây,54900.0,54900.0,65,0.0,,0.0,1,0.0,0,0,1,0,0.0,0,
Cà chua beef Globalgap khay 500g,Khay,"Củ, Quả",Rau - Củ - Trái Cây,39900.0,39900.0,33,0.0,,0.0,1,0.0,0,0,1,0,0.0,0,
Cà chua cherry mix 300g,Gói,Trái cây tươi,Rau - Củ - Trái Cây,29900.0,29900.0,48,0.0,,0.0,1,0.0,0,0,1,0,0.0,0,
Cà chua cherry đỏ 300g,Hộp,Trái cây tươi,Rau - Củ - Trái Cây,27000.0,27000.0,17,0.0,,0.0,1,0.0,0,0,1,0,0.0,0,
Cà chua chocolate 300g,Hộp,"Củ, Quả",Rau - Củ - Trái Cây,29900.0,29900.0,11,0.0,,0.0,1,0.0,0,0,1,0,0.0,0,
Cà pháo 500g,Khay,"Củ, Quả",Rau - Củ - Trái Cây,18375.0,18375.0,32,0.0,,0.3011891271295898,4,0.930232558139535,0,0,4,0,0.0,1,
Cà rốt,1 KG,"Củ, Quả",Rau - Củ - Trái Cây,33958.82352941176,34288.23529411765,17,0.058823529411764705,0.22857142857142856,0.21751031749975921,5,0.2702702702702703,1,0,5,1,1.0,0,
Cà rốt baby 200g,Khay,"Củ, Quả",Rau - Củ - Trái Cây,23614.285714285714,23614.285714285714,63,0.0,,0.07468737674710538,2,0.1792114695340502,0,0,2,0,0.0,0,
Cà tím dài,1KG,"Củ, Quả",Rau - Củ - Trái Cây,30340.0,30340.0,75,0.0,,0.016470984068694784,2,0.03344481605351168,0,0,2,0,0.0,1,
Cà tím tròn,Kg,"Củ, Quả",Rau - Củ - Trái Cây,24900.0,24900.0,13,0.0,,0.0,1,0.0,0,0,1,0,0.0,0,
Cải bó xôi WinEco gói 300g,Gói,Rau Lá,Rau - Củ - Trái Cây,8206.896551724138,10258.620689655172,87,1.0,0.2,0.11772380868473424,3,0.33333333333333337,1,1,3,87,87.0,0,
Cải chíp 500g,Gói,Rau Lá,Rau - Củ - Trái Cây,8500.0,8500.0,5,0.0,,0.0,1,0.0,0,0,1,0,0.0,0,
Cải cúc 300g,Gói,Rau Lá,Rau - Củ - Trái Cây,6900.0,6900.0,5,0.0,,0.0,1,0.0,0,0,1,0,0.0,0,
Cải cúc WinEco gói 300g,Gói,Rau Lá,Rau - Củ - Trái Cây,8022.9885057471265,10028.735632183909,87,1.0,0.2,0.02672601447876452,2,0.19999999999999996,1,1,2,87,87.0,0,
Cải làn 500g,Gói,Rau Lá,Rau - Củ - Trái Cây,14440.0,14440.0,60,0.0,,0.08569519246525142,3,0.3565891472868217,0,0,3,0,0.0,1,
Cải ngồng 500g,Gói,Rau Lá,Rau - Củ - Trái Cây,8500.0,8500.0,5,0.0,,0.0,1,0.0,0,0,1,0,0.0,0,
Cải thảo,1KG,Rau Lá,Rau - Củ - Trái Cây,15878.666666666666,15878.666666666666,75,0.0,,0.20915582503777108,6,0.3493449781659389,0,0,6,0,0.0,1,
Cải xanh baby WinEco 300g,Gói,Rau Lá,Rau - Củ - Trái Cây,13520.0,16900.0,3,1.0,0.20000000000000004,0.0,1,0.0,1,1,1,3,3.0,0,
Cải xoong 300g,Gói,Rau Lá,Rau - Củ - Trái Cây,10384.848484848484,10384.848484848484,66,0.0,,0.22739875689237507,3,0.3597122302158273,0,0,3,0,0.0,0,
Cải xoăn 300g,Gói,Rau Lá,Rau - Củ - Trái Cây,17500.0,17500.0,37,0.0,,0.0,1,0.0,0,0,1,0,0.0,0,
Cần nước dài 500g,Gói,Rau Lá,Rau - Củ - Trái Cây,17300.0,17300.0,5,0.0,,0.18095347794795985,2,0.30567685589519655,0,0,2,0,0.0,0,
Cần tây lớn WinEco,1KG,Rau Lá,Rau - Củ - Trái Cây,42867.36842105263,53584.21052631579,76,1.0,0.2,0.15718298551264967,2,0.27314112291350534,1,1,2,76,76.0,0,
Cần tây nhỏ 100g,Gói,Rau Lá,Rau - Củ - Trái Cây,6357.142857142857,6357.142857142857,7,0.0,,0.14863771410475227,2,0.2941176470588235,0,0,2,0,0.0,0,
Cần tây nhỏ WinEco 100g,Gói,Rau Lá,Rau - Củ - Trái Cây,5520.0,6900.0,69,1.0,0.2,0.0,1,0.0,1,1,1,69,69.0,0,
Củ cải trắng,1KG,Rau Lá,Rau - Củ - Trái Cây,16790.243902439026,16790.243902439026,82,0.0,,0.0701004030079245,3,0.10052910052910058,0,0,3,0,0.0,0,
Củ gừng 100g,Gói,"Củ, Quả",Rau - Củ - Trái Cây,5367.605633802817,5367.605633802817,71,0.0,,0.12751975262915297,2,0.23728813559322037,0,0,2,0,0.0,0,
Củ nghệ 100g,Gói,"Củ, Quả",Rau - Củ - Trái Cây,5500.0,5500.0,55,0.0,,0.0,1,0.0,0,0,1,0,0.0,0,
Củ riềng 100g,Gói,"Củ, Quả",Rau - Củ - Trái Cây,4500.0,4500.0,71,0.0,,0.0,1,0.0,0,0,1,0,0.0,0,
Củ sả 100g,Gói,"Củ, Quả",Rau - Củ - Trái Cây,4000.0,4000.0,67,0.0,,0.0,1,0.0,0,0,1,0,0.0,0,
Củ đậu,1KG,"Củ, Quả",Rau - Củ - Trái Cây,19900.0,19900.0,15,0.0,,0.0,1,0.0,0,0,1,0,0.0,0,
Dâu Hàn Quốc 330g,Hộp,Trái cây tươi,Rau - Củ - Trái Cây,247518.5185185185,247518.5185185185,27,0.0,,0.15992637360341733,2,0.30395136778115506,0,0,2,0,0.0,0,
Dâu Hàn Quốc hộp 250g,Hộp,Trái cây tươi,Rau - Củ - Trái Cây,235666.66666666666,235666.66666666666,12,0.0,,0.08739948806977718,2,0.15444015444015446,0,0,2,0,0.0,0,
Dâu Hàn Quốc hộp 330g,Hộp,Trái cây tươi,Rau - Củ - Trái Cây,359000.0,359000.0,8,0.0,,0.0,1,0.0,0,0,1,0,0.0,0,
Dâu tây Sơn La 500g,Hộp,Trái cây tươi,Rau - Củ - Trái Cây,152734.61538461538,154413.46153846153,52,0.057692307692307696,0.17218934911242603,0.4493847903929056,11,0.8648310387984981,1,0,10,3,3.0,1,
Dâu tây Sơn La hộp 250g,Hộp,Trái cây tươi,Rau - Củ - Trái Cây,87541.07142857143,91291.07142857143,56,0.10714285714285714,0.27901994012736003,0.3819577392449617,9,0.505050505050505,1,0,8,3,3.0,1,
Dưa Hấu khắc chữ chưng Tết,2.2KG,Trái cây tươi,Rau - Củ - Trái Cây,94381.0,94381.0,3,0.0,,0.0,1,0.0,0,0,1,0,0.0,0,
Dưa chuột baby (dưa leo) 500g,Khay,"Củ, Quả",Rau - Củ - Trái Cây,15321.052631578947,15321.052631578947,38,0.0,,0.12479589346128563,4,0.25125628140703515,0,0,4,0,0.0,1,
Dưa hấu Hắc Mỹ Nhân (Long An),2.5 KG,Trái cây tươi,Rau - Củ - Trái Cây,72128.0487804878,76457.31707317074,82,0.3170731707317073,0.1826601492153332,0.11906330586030711,4,0.2811244979919678,1,0,3,13,8.666666666666666,1,
Dưa hấu Hắc Mỹ Nhân loại 1,2,Trái cây tươi,Rau - Củ - Trái Cây,66347.05882352941,66347.05882352941,68,0.0,,0.04962445838486537,3,0.06079027355623101,0,0,3,0,0.0,0,
Dưa hấu giống nhật,1.7kg,Trái cây tươi,Rau - Củ - Trái Cây,50830.0,50830.0,1,0.0,,,1,0.0,0,0,1,0,0.0,0,
Dưa hấu không hạt,2.5KG,Trái cây tươi,Rau - Củ - Trái Cây,77392.85714285714,78392.85714285714,70,0.1,0.13377926421404682,0.06910365194165757,4,0.15444015444015435,1,0,3,7,7.0,0,
Dưa hấu ruột vàng,2.3Kg,Trái cây tươi,Rau - Củ - Trái Cây,68770.0,68770.0,59,0.0,,0.0,1,0.0,0,0,1,0,0.0,0,
Dưa hấu ruột đỏ,2.5KG,Trái cây tươi,Rau - Củ - Trái Cây,24750.0,24750.0,7,0.0,,0.0,1,0.0,0,0,1,0,0.0,0,
Dưa leo cocktail Globalgap 500g,Khay,"Củ, Quả",Rau - Củ - Trái Cây,26500.0,26500.0,57,0.0,,0.0,1,0.0,0,0,1,0,0.0,0,
Dưa lê kim cô nương,1.2KG,Trái cây tươi,Rau - Củ - Trái Cây,78000.0,78000.0,18,0.0,,0.0,1,0.0,0,0,1,0,0.0,0,
Dưa lê kim hoàng hậu WinEco,1.2KG,Trái cây tươi,Rau - Củ - Trái Cây,66144.0,82680.0,68,1.0,0.2,0.0,1,0.0,1,1,1,68,68.0,0,
Dưa lê trắng,1KG,Trái cây tươi,Rau - Củ - Trái Cây,49900.0,49900.0,65,0.0,,0.0,1,0.0,0,0,1,0,0.0,0,
Dưa lưới ruột cam WinEco,1.2KG,Trái cây tươi,Rau - Củ - Trái Cây,53664.0,67080.0,30,1.0,0.2,0.0,1,0.0,1,1,1,30,30.0,0,
Dưa lưới sạch Đế Vương King size ruột cam,Qủa,Trái cây tươi,Rau - Củ - Trái Cây,79200.0,99000.0,68,1.0,0.2,0.0,1,0.0,1,1,1,68,68.0,0,
Dưa lưới sạch Đế Vương Super King Ruột cam,Qủa,Trái cây tươi,Rau - Củ - Trái Cây,95200.0,119000.0,39,1.0,0.2,0.0,1,0.0,1,1,1,39,39.0,0,
Dưa lưới vỏ xanh ruột cam,1.2KG,Trái cây tươi,Rau - Củ - Trái Cây,71880.0,71880.0,40,0.0,,0.0,1,0.0,0,0,1,0,0.0,0,
Dọc mùng 300g,Gói,Rau Lá,Rau - Củ - Trái Cây,12754.838709677419,12754.838709677419,62,0.0,,0.050882935048847444,2,0.303030303030303,0,0,2,0,0.0,1,
Dứa/khóm,Qủa,Trái cây tươi,Rau - Củ - Trái Cây,24682.608695652172,24682.608695652172,69,0.0,,0.04161333661641,2,0.20080321285140568,0,0,2,0,0.0,0,
Dừa tiện lợi (Lốc 3),Gói 3,Trái cây tươi,Rau - Củ - Trái Cây,51142.64705882353,54436.76470588235,68,0.2647058823529412,0.21353771437243893,0.1344395878167626,5,0.5012531328320802,1,0,3,11,9.0,1,
Dừa xiêm (Dừa tiện lợi),Qủa,Trái cây tươi,Rau - Củ - Trái Cây,26238.709677419356,26319.354838709678,62,0.016129032258064516,0.20080321285140562,0.04137310168246122,4,0.25125628140703515,1,0,3,1,1.0,1,
Giá đỗ WinEco 300g,Gói,Rau Lá,Rau - Củ - Trái Cây,10000.0,12500.0,86,1.0,0.19999999999999998,0.0,1,0.0,1,1,1,86,86.0,0,
Hoa chuối bào gói 200g,Gói,Trái cây tươi,Rau - Củ - Trái Cây,28000.0,28000.0,17,0.0,,0.0,1,0.0,0,0,1,0,0.0,0,
Hoa chuối nguyên bắp gói 600g,Gói,Trái cây tươi,Rau - Củ - Trái Cây,39900.0,39900.0,37,0.0,,0.0,1,0.0,0,0,1,0,0.0,0,
Hành Lý Sơn 100g,Gói,"Củ, Quả",Rau - Củ - Trái Cây,8340.0,8340.0,20,0.0,,0.06629342433393742,2,0.139240506329114,0,0,2,0,0.0,1,
Hành Lý Sơn gói 500g,Gói,"Củ, Quả",Rau - Củ - Trái Cây,40000.0,40000.0,9,0.0,,0.0,1,0.0,0,0,1,0,0.0,0,
Hành củ Hải Dương,1KG,"Củ, Quả",Rau - Củ - Trái Cây,69622.22222222222,69622.22222222222,54,0.0,,0.11706765464677574,3,0.5010020040080161,0,0,3,0,0.0,1,
Hành củ Hải Dương gói 100g,Gói,"Củ, Quả",Rau - Củ - Trái Cây,7900.0,7900.0,64,0.0,,0.0,1,0.0,0,0,1,0,0.0,0,
Hành củ Hải Dương hộp 300g,Hộp,"Củ, Quả",Rau - Củ - Trái Cây,24900.0,24900.0,66,0.0,,0.0,1,0.0,0,0,1,0,0.0,0,
Hành lá WinEco gói 100g,Gói,Rau Lá,Rau - Củ - Trái Cây,4451.162790697675,5563.953488372093,86,1.0,0.19999999999999998,0.12466927669699084,4,0.26315789473684215,1,1,4,86,86.0,0,
Húng bạc hà 50g,Gói,Rau Lá,Rau - Củ - Trái Cây,4916.666666666667,4916.666666666667,60,0.0,,0.05668836748175638,2,0.19999999999999996,0,0,2,0,0.0,0,
Húng láng 50g,Gói,Rau Lá,Rau - Củ - Trái Cây,4709.090909090909,4709.090909090909,55,0.0,,0.14972744938001778,3,0.3076923076923077,0,0,3,0,0.0,0,
Húng quế 50g,Gói,Rau Lá,Rau - Củ - Trái Cây,4380.0,4380.0,25,0.0,,0.1106776223154413,3,0.2727272727272727,0,0,3,0,0.0,1,
Hạt sen tươi Senta 200g,Gói,"Củ, Quả",Rau - Củ - Trái Cây,72823.07692307692,72823.07692307692,52,0.0,,0.06399638715082727,2,0.15174506828528078,0,0,2,0,0.0,1,
Hạt sen tươi gói 200g,Gói,"Củ, Quả",Rau - Củ - Trái Cây,69900.0,69900.0,23,0.0,,0.0,1,0.0,0,0,1,0,0.0,0,
Hẹ lá WinEco 100g,Gói,Rau Lá,Rau - Củ - Trái Cây,6345.679012345679,7932.098765432099,81,1.0,0.19999999999999998,0.033582178631169385,2,0.13749999999999996,1,1,2,81,81.0,0,
Hồng Xiêm (Sapo),1KG,Trái cây tươi,Rau - Củ - Trái Cây,59900.0,59900.0,78,0.0,,0.0,1,0.0,0,0,1,0,0.0,0,
Hộp quà - Dưa lưới ruột cam/xanh (2 quả),Gói,Trái cây tươi,Rau - Củ - Trái Cây,239200.0,299000.0,4,1.0,0.2,0.0,1,0.0,1,1,1,4,4.0,0,
Khoai lang giống nhật,1KG,"Củ, Quả",Rau - Củ - Trái Cây,40968.29268292683,40968.29268292683,82,0.0,,0.04377183801623676,3,0.09090909090909094,0,0,3,0,0.0,1,
Khoai lang mật,1KG,"Củ, Quả",Rau - Củ - Trái Cây,48344.444444444445,48344.444444444445,72,0.0,,0.04061845019692096,2,0.08714596949891074,0,0,2,0,0.0,1,
Khoai môn,1KG,"Củ, Quả",Rau - Củ - Trái Cây,30321.875,30321.875,64,0.0,,0.03466630385951075,2,0.10033444816053505,0,0,2,0,0.0,1,
Khoai tây,1KG,"Củ, Quả",Rau - Củ - Trái Cây,21839.240506329115,22897.46835443038,79,0.26582278481012656,0.16477074331579214,0.12106103545291508,4,0.22857142857142854,1,0,3,21,21.0,1,
Khóm xanh tết chưng tết,Qủa,Trái cây tươi,Rau - Củ - Trái Cây,65000.0,65000.0,2,0.0,,0.0,1,0.0,0,0,1,0,0.0,0,
Khóm đỏ chưng tết,Qủa,Trái cây tươi,Rau - Củ - Trái Cây,63233.333333333336,63233.333333333336,3,0.0,,0.09130473418918698,2,0.14306151645207443,0,0,2,0,0.0,0,
Kiwi vàng New Zealand,1KG,Trái cây tươi,Rau - Củ - Trái Cây,209000.0,209000.0,5,0.0,,0.0,1,0.0,0,0,1,0,0.0,0,
Kiwi vàng Newzealand (2Trái/Hộp),Hộp,Trái cây tươi,Rau - Củ - Trái Cây,65000.0,65000.0,3,0.0,,0.0,1,0.0,0,0,1,0,0.0,0,
Kiwi vàng Newzealand Organic (3Trái/Hộp),Hộp,Trái cây tươi,Rau - Củ - Trái Cây,70000.0,70000.0,5,0.0,,0.0,1,0.0,0,0,1,0,0.0,0,
Kiwi vàng Pháp,1KG,Trái cây tươi,Rau - Củ - Trái Cây,271758.6206896552,271758.6206896552,58,0.0,,0.08821492033419705,2,0.17301038062283736,0,0,2,0,0.0,0,
Kiwi vàng Pháp 2 trái/hộp,Hộp,Trái cây tươi,Rau - Củ - Trái Cây,90132.75862068965,92413.79310344828,58,0.15517241379310345,0.1484848484848485,0.10055536550130487,4,0.19292929292929295,1,0,2,6,4.5,0,
Kiwi vàng Pháp 4 trái/hộp,Hộp,Trái cây tươi,Rau - Củ - Trái Cây,162953.48837209304,177604.6511627907,43,0.5116279069767442,0.15997968511934993,0.08254976307738734,5,0.15083798882681565,1,0,2,22,22.0,1,
Kiwi xanh New Zealand,1 KG,Trái cây tươi,Rau - Củ - Trái Cây,139000.0,139000.0,45,0.0,,0.0,1,0.0,0,0,1,0,0.0,0,
Kiwi xanh Newzealand (2Trái/Hộp),Hộp,Trái cây tươi,Rau - Củ - Trái Cây,39651.063829787236,39900.0,47,0.2765957446808511,0.022556390977443608,0.01026292028109647,2,0.023076923076922995,1,0,1,13,13.0,0,
Kiwi xanh Newzealand (4trái/hộp),Hộp,Trái cây tươi,Rau - Củ - Trái Cây,75000.0,75000.0,39,0.0,,0.0,1,0.0,0,0,1,0,0.0,0,
Lá dứa 200g,Gói,Trái cây tươi,Rau - Củ - Trái Cây,9900.0,9900.0,34,0.0,,0.0,1,0.0,0,0,1,0,0.0,0,
Lá giang 100g,Gói,Rau Lá,Rau - Củ - Trái Cây,9900.0,9900.0,46,0.0,,0.0,1,0.0,0,0,1,0,0.0,0,
Lá mè 50g,Gói,Rau Lá,Rau - Củ - Trái Cây,8976.923076923076,8976.923076923076,65,0.0,,0.011777478155444268,2,0.05882352941176472,0,0,2,0,0.0,1,
Lá sung 100g,Gói,Rau Lá,Rau - Củ - Trái Cây,8147.058823529412,8147.058823529412,51,0.0,,0.06221799363238844,3,0.21538461538461529,0,0,3,0,0.0,1,
Lá trà xanh gói 300g,Gói,Rau Lá,Rau - Củ - Trái Cây,19900.0,19900.0,18,0.0,,0.0,1,0.0,0,0,1,0,0.0,0,
Lá vối tươi hộp 200g,Hộp,Rau Lá,Rau - Củ - Trái Cây,19900.0,19900.0,9,0.0,,0.0,1,0.0,0,0,1,0,0.0,0,
Lê Hàn Quốc,1 KG,Trái cây tươi,Rau - Củ - Trái Cây,110725.0,121500.0,80,0.5625,0.14849267872523686,0.12290291578227944,5,0.303030303030303,1,0,2,19,11.25,0,
Lê Nam Phi,1KG,Trái cây tươi,Rau - Củ - Trái Cây,101363.63636363637,101363.63636363637,22,0.0,,0.06770586259397701,2,0.1797752808988764,0,0,2,0,0.0,1,
Lê đỏ Nam phi,1KG,Trái cây tươi,Rau - Củ - Trái Cây,109000.0,109000.0,31,0.0,,0.0,1,0.0,0,0,1,0,0.0,0,
Me ngọt Thái Lan hộp 400g,Hộp,"Củ, Quả",Rau - Củ - Trái Cây,89694.44444444444,89694.44444444444,36,0.0,,0.07060380871609376,2,0.13265306122448983,0,0,2,0,0.0,0,
Mùi ta 50g,Gói,Rau Lá,Rau - Củ - Trái Cây,3900.0,3900.0,3,0.0,,0.0,1,0.0,0,0,1,0,0.0,0,
Mùi tàu (Ngò gai) 50g,Gói,Rau Lá,Rau - Củ - Trái Cây,4800.0,4800.0,5,0.0,,0.057054433073454806,2,0.09999999999999998,0,0,2,0,0.0,0,
Măng chua thái sẵn Kim Bôi gói 300g,Gói,"Củ, Quả",Rau - Củ - Trái Cây,32500.0,32500.0,81,0.0,,0.0,1,0.0,0,0,1,0,0.0,0,
Măng củ thái sẵn Kim Bôi gói 500g,Gói,"Củ, Quả",Rau - Củ - Trái Cây,34900.0,34900.0,82,0.0,,0.0,1,0.0,0,0,1,0,0.0,0,
Măng giang đặc sản Kim Bôi gói 300g,Gói,"Củ, Quả",Rau - Củ - Trái Cây,39900.0,39900.0,81,0.0,,0.0,1,0.0,0,0,1,0,0.0,0,
Măng lay Tây Bắc Kim Bôi gói 300g,Gói,"Củ, Quả",Rau - Củ - Trái Cây,39900.0,39900.0,81,0.0,,0.0,1,0.0,0,0,1,0,0.0,0,
Măng lưỡi lợn khô nấu ngay Kim Bôi 500g,Gói,"Củ, Quả",Rau - Củ - Trái Cây,55930.87248322148,55930.87248322148,149,0.0,,0.017039083891982124,2,0.034545454545454435,0,0,2,0,0.0,1,
Măng nứa khô nấu ngay Kim Bôi gói 500g,Gói,"Củ, Quả",Rau - Củ - Trái Cây,69900.0,69900.0,66,0.0,,0.0,1,0.0,0,0,1,0,0.0,0,
Măng nứa tươi Kim Bôi túi 500g,Gói,"Củ, Quả",Rau - Củ - Trái Cây,33500.0,33500.0,81,0.0,,0.0,1,0.0,0,0,1,0,0.0,0,
Măng sợi khô nấu ngay Kim Bôi gói 500g,Gói,"Củ, Quả",Rau - Củ - Trái Cây,56500.0,56500.0,66,0.0,,0.0,1,0.0,0,0,1,0,0.0,0,
Măng trúc quân thử Kim Bôi 300g,Gói,"Củ, Quả",Rau - Củ - Trái Cây,62429.41176470588,64900.0,85,0.24705882352941178,0.15408320493066255,0.06949623636892784,2,0.18214936247723124,1,0,1,21,21.0,0,
Măng trúc đặc sản gói 300g,Gói,"Củ, Quả",Rau - Củ - Trái Cây,46500.0,46500.0,66,0.0,,0.0,1,0.0,0,0,1,0,0.0,0,
Măng tây xanh 200g,Bó,"Củ, Quả",Rau - Củ - Trái Cây,28380.0,28380.0,65,0.0,,0.04174862355824847,4,0.08333333333333337,0,0,4,0,0.0,1,
Măng đắng đặc sản Kim Bôi gói 500g,Gói,"Củ, Quả",Rau - Củ - Trái Cây,47900.0,47900.0,66,0.0,,0.0,1,0.0,0,0,1,0,0.0,0,
Măng ống khô nấu ngay Kim Bôi gói 500g,Gói,"Củ, Quả",Rau - Củ - Trái Cây,51923.529411764706,53900.0,85,0.24705882352941178,0.14842300556586271,0.06684613631661321,2,0.17429193899782125,1,0,1,21,21.0,0,
Mận An Phước,1 KG,Trái cây tươi,Rau - Củ - Trái Cây,46757.142857142855,46757.142857142855,14,0.0,,0.03007929071099421,2,0.065359477124183,0,0,2,0,0.0,1,
Mận sữa,1KG,Trái cây tươi,Rau - Củ - Trái Cây,79900.0,79900.0,73,0.0,,0.0,1,0.0,0,0,1,0,0.0,0,
Mận đá đường,1KG,Trái cây tươi,Rau - Củ - Trái Cây,60645.333333333336,60645.333333333336,75,0.0,,0.06569004458946573,3,0.14306151645207443,0,0,3,0,0.0,1,
Ngô ngọt uyên ương,"Lốc, Lô, Lố","Củ, Quả",Rau - Củ - Trái Cây,25485.29411764706,25485.29411764706,68,0.0,,0.032008753841035936,3,0.09122807017543855,0,0,3,0,0.0,0,
Ngọn bí 500g,Gói,Rau Lá,Rau - Củ - Trái Cây,19900.0,19900.0,22,0.0,,0.0,1,0.0,0,0,1,0,0.0,0,
Ngọn su su 500g,Gói,Rau Lá,Rau - Củ - Trái Cây,14900.0,14900.0,5,0.0,,0.0,1,0.0,0,0,1,0,0.0,0,
Nho xanh Shine Muscat Hàn Quốc 450g,Gói,Trái cây tươi,Rau - Củ - Trái Cây,189000.0,197928.57142857142,56,0.17857142857142858,0.17921146953405018,0.10819838267630584,3,0.2510460251046025,1,0,3,10,10.0,0,
Nho xanh không hạt Nam Phi,1KG,Trái cây tươi,Rau - Củ - Trái Cây,249000.0,249000.0,10,0.0,,0.0,1,0.0,0,0,1,0,0.0,0,
Nho đen không hạt Mỹ,1KG,Trái cây tươi,Rau - Củ - Trái Cây,227000.0,227000.0,15,0.0,,0.1364928051526843,2,0.23166023166023164,0,0,2,0,0.0,0,
Nho đen ngón tay Úc,1KG,Trái cây tươi,Rau - Củ - Trái Cây,320086.95652173914,320086.95652173914,46,0.0,,0.18195667218296127,3,0.24316109422492405,0,0,3,0,0.0,0,
Nấm Bunapi Biovegi hộp 100g,Gói,"Củ, Quả",Rau - Củ - Trái Cây,32000.0,32000.0,80,0.0,,0.0,1,0.0,0,0,1,0,0.0,0,
Nấm Bunashimeji Biovegi hộp 100g,Gói,"Củ, Quả",Rau - Củ - Trái Cây,32000.0,32000.0,75,0.0,,0.0,1,0.0,0,0,1,0,0.0,0,
Nấm hỗn hợp 300g,Khay,"Củ, Quả",Rau - Củ - Trái Cây,45900.0,45900.0,64,0.0,,0.0,1,0.0,0,0,1,0,0.0,0,
Nấm hỗn hợp đông trùng hạ thảo 250g,Khay,"Củ, Quả",Rau - Củ - Trái Cây,49000.0,49000.0,66,0.0,,0.0,1,0.0,0,0,1,0,0.0,0,
Nấm kim châm 150g,Gói,"Củ, Quả",Rau - Củ - Trái Cây,14900.0,14900.0,82,0.0,,0.0,1,0.0,0,0,1,0,0.0,0,
Nấm sò trắng 500g,Gói,"Củ, Quả",Rau - Củ - Trái Cây,39900.0,39900.0,76,0.0,,0.0,1,0.0,0,0,1,0,0.0,0,
Nấm Đông Cô ( Nấm Hương) 200g,Khay,"Củ, Quả",Rau - Củ - Trái Cây,37143.93939393939,37143.93939393939,66,0.0,,0.07781230963956527,3,0.33444816053511706,0,0,3,0,0.0,1,
Nấm đông trùng hạ thảo (bỏ gốc) 50g,Khay,"Củ, Quả",Rau - Củ - Trái Cây,55900.0,55900.0,66,0.0,,0.0,1,0.0,0,0,1,0,0.0,0,
Nấm đông trùng hạ thảo tươi 100g,Hộp,"Củ, Quả",Rau - Củ - Trái Cây,59000.0,59000.0,24,0.0,,0.0,1,0.0,0,0,1,0,0.0,0,
Nấm đùi gà WinEco 300g,Gói,"Củ, Quả",Rau - Củ - Trái Cây,36720.0,45900.0,6,1.0,0.20000000000000004,0.0,1,0.0,1,1,1,6,6.0,0,
Quả bầu,1KG,"Củ, Quả",Rau - Củ - Trái Cây,22530.48780487805,22530.48780487805,82,0.0,,0.11373422868813236,5,0.16722408026755853,0,0,5,0,0.0,1,
Quả phật thủ,Qủa,"Củ, Quả",Rau - Củ - Trái Cây,89900.0,89900.0,12,0.0,,0.0,1,0.0,0,0,1,0,0.0,0,
Quất 200g,Gói,Trái cây tươi,Rau - Củ - Trái Cây,7204.8387096774195,7204.8387096774195,62,0.0,,0.05427725226575838,4,0.07594936708860756,0,0,4,0,0.0,1,
Rau Răm 50g,Gói,Rau Lá,Rau - Củ - Trái Cây,3200.0,3200.0,23,0.0,,0.0,1,0.0,0,0,1,0,0.0,0,
Rau củ hỗn hợp gói 400g,Gói,Rau Lá,Rau - Củ - Trái Cây,49891.30434782609,49891.30434782609,46,0.0,,0.014776318046024554,2,0.11111111111111116,0,0,2,0,0.0,1,
Rau dền gói 500g,Gói,Rau Lá,Rau - Củ - Trái Cây,21026.666666666668,21026.666666666668,30,0.0,,0.07228757419777526,4,0.16744186046511633,0,0,4,0,0.0,1,
Rau lang 500g,Gói,Rau Lá,Rau - Củ - Trái Cây,16500.0,16500.0,19,0.0,,0.0,1,0.0,0,0,1,0,0.0,0,
Rau muống bào gói 200g,Gói,Rau Lá,Rau - Củ - Trái Cây,26000.0,26000.0,19,0.0,,0.0,1,0.0,0,0,1,0,0.0,0,
Rau muống cắt khúc gói 300g,Gói,Rau Lá,Rau - Củ - Trái Cây,32900.0,32900.0,35,0.0,,0.0,1,0.0,0,0,1,0,0.0,0,
Rau mầm cải ngọt WinEco 100g,Hộp,Rau Lá,Rau - Củ - Trái Cây,14800.0,18500.0,86,1.0,0.19999999999999998,0.0,1,0.0,1,1,1,86,86.0,0,
Rau mầm cải xanh WinEco 100g,Hộp,Rau Lá,Rau - Củ - Trái Cây,14800.0,18500.0,86,1.0,0.19999999999999998,0.0,1,0.0,1,1,1,86,86.0,0,
Rau ngổ 50g,Gói,Rau Lá,Rau - Củ - Trái Cây,4075.757575757576,4075.757575757576,66,0.0,,0.38544806869619974,3,0.5384615384615384,0,0,3,0,0.0,1,
Su hào xanh WinEco,1KG,"Củ, Quả",Rau - Củ - Trái Cây,15454.814814814816,19318.51851851852,54,1.0,0.2,0.23250823045633462,6,0.4376470588235294,1,1,6,54,54.0,1,
Su su,1KG,"Củ, Quả",Rau - Củ - Trái Cây,14156.09756097561,14156.09756097561,82,0.0,,0.20461979366745714,4,0.3355704697986577,0,0,4,0,0.0,1,
Su su quả baby 500g,Khay,"Củ, Quả",Rau - Củ - Trái Cây,24900.0,24900.0,11,0.0,,0.0,1,0.0,0,0,1,0,0.0,0,
Súp lơ (Bông cải) xanh,1KG,Rau Lá,Rau - Củ - Trái Cây,41900.0,41900.0,46,0.0,,0.24484180189876015,6,0.3406813627254509,0,0,6,0,0.0,1,
Súp lơ trắng WinEco,1KG,"Củ, Quả",Rau - Củ - Trái Cây,38800.0,48500.0,20,1.0,0.2,0.18470893428441393,4,0.2108036890645586,1,1,4,20,20.0,0,
Thanh long ruột trắng,1KG,Trái cây tươi,Rau - Củ - Trái Cây,53861.11111111111,53861.11111111111,72,0.0,,0.08024806939154408,4,0.1669449081803005,0,0,4,0,0.0,1,
Thanh long ruột đỏ,1 KG,Trái cây tươi,Rau - Củ - Trái Cây,56102.5641025641,56102.5641025641,78,0.0,,0.11228054346904076,4,0.23230769230769233,0,0,4,0,0.0,1,
Thì là 50g,Gói,"Củ, Quả",Rau - Củ - Trái Cây,4800.0,4800.0,8,0.0,,0.0,1,0.0,0,0,1,0,0.0,0,
Tiêu xanh gói 50g,Gói,"Củ, Quả",Rau - Củ - Trái Cây,7529.411764705882,7529.411764705882,51,0.0,,0.015780476466190747,2,0.06666666666666665,0,0,2,0,0.0,1,
Táo Ambrosia Canada,1KG,Trái cây tươi,Rau - Củ - Trái Cây,120984.93150684932,129900.0,73,0.2876712328767123,0.2385717951537813,0.1228745767221556,4,0.312121212121212,1,0,1,12,10.5,0,
Táo Ambrosia Mỹ ( 3 trái/hộp ),Hộp,Trái cây tươi,Rau - Củ - Trái Cây,108710.14492753622,110594.20289855072,69,0.18840579710144928,0.08403361344537816,0.08343429025048375,3,0.202020202020202,1,0,2,13,13.0,1,
Táo Ambrosia Mỹ hộp 6 trái,Hộp,Trái cây tươi,Rau - Củ - Trái Cây,128587.30158730158,131761.90476190476,63,0.15873015873015872,0.14388489208633093,0.08896189652442264,3,0.17266187050359716,1,0,2,7,5.0,0,
Táo Ambrosia Mỹ size 88-113,1KG,Trái cây tươi,Rau - Củ - Trái Cây,123836.36363636363,125363.63636363637,55,0.10909090909090909,0.1176470588235294,0.06397709196450868,3,0.11764705882352944,1,0,2,6,6.0,0,
Táo Candine Pháp,1KG,Trái cây tươi,Rau - Củ - Trái Cây,84524.65753424658,89900.0,73,0.4931506849315068,0.12124582869855395,0.06491835586361806,2,0.13797468354430387,1,0,1,14,9.0,0,
Táo Cosmic Mỹ,1KG,Trái cây tươi,Rau - Củ - Trái Cây,117260.86956521739,117260.86956521739,46,0.0,,0.09497112200869096,4,0.26262626262626254,0,0,4,0,0.0,1,
Táo Envy Mỹ 6 trái/hộp,Hộp,Trái cây tươi,Rau - Củ - Trái Cây,212903.2258064516,219000.0,62,0.22580645161290322,0.12328767123287669,0.0538816413027265,3,0.15873015873015883,1,0,1,7,7.0,0,
Táo Envy New Zealand 3 quả/hộp,Hộp,Trái cây tươi,Rau - Củ - Trái Cây,188927.27272727274,188927.27272727274,55,0.0,,0.09075021722019125,2,0.17889908256880738,0,0,2,0,0.0,0,
Táo Envy New túi 1Kg,Gói,Trái cây tươi,Rau - Củ - Trái Cây,169000.0,169000.0,16,0.0,,0.0,1,0.0,0,0,1,0,0.0,0,
Táo Envy NewZealand 90 - 110,1 KG,Trái cây tươi,Rau - Củ - Trái Cây,149000.0,149000.0,4,0.0,,0.0,1,0.0,0,0,1,0,0.0,0,
Táo Envy xuất xứ Mỹ (3Trái/Hộp),Hộp,Trái cây tươi,Rau - Củ - Trái Cây,222736.84210526315,229000.0,76,0.18421052631578946,0.148471615720524,0.059567489058570594,2,0.1743589743589744,1,0,1,14,14.0,0,
Táo Fuji Mỹ,1KG,Trái cây tươi,Rau - Củ - Trái Cây,94043.58974358975,99900.0,78,0.5,0.11724545057878391,0.06405874303571787,4,0.1629802095459838,1,0,1,13,7.8,0,
Táo Fuji Nam Phi túi 3kg,Gói,Trái cây tươi,Rau - Củ - Trái Cây,205122.44897959183,205122.44897959183,49,0.0,,0.04540286223899964,2,0.091324200913242,0,0,2,0,0.0,0,
"Táo Fuji Nam phi túi 1,5kg",Gói,Trái cây tươi,Rau - Củ - Trái Cây,104019.60784313726,104019.60784313726,51,0.0,,0.07208230965221775,2,0.13913043478260867,0,0,2,0,0.0,0,
Táo Fuji Nhật 26-40,1KG,Trái cây tươi,Rau - Củ - Trái Cây,377703.7037037037,377703.7037037037,27,0.0,,0.021904174794871206,2,0.08157894736842108,0,0,2,0,0.0,0,
Táo Gala Mỹ,1KG,Trái cây tươi,Rau - Củ - Trái Cây,85266.66666666667,89900.0,24,0.3333333333333333,0.1546162402669633,0.07850023571034519,2,0.18289473684210522,1,0,1,8,8.0,0,
Táo Kiku Mỹ,1KG,Trái cây tươi,Rau - Củ - Trái Cây,159000.0,159000.0,42,0.0,,0.0,1,0.0,0,0,1,0,0.0,0,
Táo Kinsei Nhật (2 trái/hộp),Hộp,Trái cây tươi,Rau - Củ - Trái Cây,299000.0,299000.0,35,0.0,,0.0,1,0.0,0,0,1,0,0.0,0,
Táo Kinsei Nhật 24-40,1KG,Trái cây tươi,Rau - Củ - Trái Cây,396500.0,396500.0,32,0.0,,0.024810561252860765,2,0.10025062656641603,0,0,2,0,0.0,0,
Táo Nhật Orin 3 Trái/hộp,Hộp,Trái cây tươi,Rau - Củ - Trái Cây,283545.45454545453,283545.45454545453,44,0.0,,0.069483722708762,2,0.13377926421404684,0,0,2,0,0.0,0,
Táo Rockit hộp 3 - 4 trái,Hộp,Trái cây tươi,Rau - Củ - Trái Cây,136760.0,139000.0,75,0.16,0.10071942446043165,0.03778186133317975,2,0.1007194244604317,1,0,1,12,12.0,0,
Táo Sekaiichi Nhật 8-12,1KG,Trái cây tươi,Rau - Củ - Trái Cây,599000.0,599000.0,16,0.0,,0.0,1,0.0,0,0,1,0,0.0,0,
Táo Tessa Hà Lan,1KG,Trái cây tươi,Rau - Củ - Trái Cây,116753.0303030303,125000.0,66,0.3484848484848485,0.1893217391304348,0.09811422261240262,4,0.26262626262626254,1,0,1,13,7.666666666666667,0,
Táo Tessa Hà Lan (6 trái/hộp),Hộp,Trái cây tươi,Rau - Củ - Trái Cây,99000.0,99000.0,67,0.0,,0.0,1,0.0,0,0,1,0,0.0,0,
Táo rockit New Zealand (hộp 3 trái),Hộp,Trái cây tươi,Rau - Củ - Trái Cây,119900.0,119900.0,73,0.0,,0.0,1,0.0,0,0,1,0,0.0,0,
Táo xanh,1KG,Trái cây tươi,Rau - Củ - Trái Cây,64280.281690140844,65483.09859154929,71,0.19718309859154928,0.09384615384615384,0.047486962544078484,3,0.10356536502546687,1,0,2,14,14.0,0,
Táo xanh Pháp,1KG,Trái cây tươi,Rau - Củ - Trái Cây,79900.0,79900.0,49,0.0,,0.0,1,0.0,0,0,1,0,0.0,0,
Táo Đỏ Mỹ,1KG,Trái cây tươi,Rau - Củ - Trái Cây,109642.85714285714,110107.14285714286,56,0.03571428571428571,0.11607142857142858,0.04356477292341445,3,0.13131313131313127,1,0,3,2,2.0,1,
Táo đỏ Tân Cương thượng hạng Devie 250g,Hộp,Trái cây tươi,Rau - Củ - Trái Cây,91400.0,91400.0,22,0.0,,0.0,1,0.0,0,0,1,0,0.0,0,
Tỏi củ Hải Dương 100g,Gói,"Củ, Quả",Rau - Củ - Trái Cây,9900.0,9900.0,26,0.0,,0.0,1,0.0,0,0,1,0,0.0,0,
Tỏi củ Hải Dương hộp 300g,Hộp,"Củ, Quả",Rau - Củ - Trái Cây,26900.0,26900.0,62,0.0,,0.0,1,0.0,0,0,1,0,0.0,0,
Tỏi củ Lý Sơn 100g,Gói,"Củ, Quả",Rau - Củ - Trái Cây,14900.0,14900.0,2,0.0,,0.0,1,0.0,0,0,1,0,0.0,0,
Tỏi tây gói 100g,Gói,"Củ, Quả",Rau - Củ - Trái Cây,9900.0,9900.0,4,0.0,,0.0,1,0.0,0,0,1,0,0.0,0,
Việt quất New Zealand hộp 125g,Hộp,Trái cây tươi,Rau - Củ - Trái Cây,133827.58620689655,133827.58620689655,29,0.0,,0.06194317185260822,3,0.07194244604316546,0,0,3,0,0.0,0,
Việt quất tươi New Zealand hộp 125g,Hộp,Trái cây tươi,Rau - Củ - Trái Cây,140555.55555555556,140555.55555555556,45,0.0,,0.07107434383317987,2,0.13422818791946312,0,0,2,0,0.0,0,
Xoài Cát Chu Chú Chín,1KG,Trái cây tươi,Rau - Củ - Trái Cây,85000.0,85000.0,69,0.0,,0.0,1,0.0,0,0,1,0,0.0,0,
Xoài cát chu,1KG,Trái cây tươi,Rau - Củ - Trái Cây,75000.0,75000.0,44,0.0,,0.0,1,0.0,0,0,1,0,0.0,0,
Xoài cát chu bao vàng,1KG,Trái cây tươi,Rau - Củ - Trái Cây,72311.76470588235,73341.17647058824,68,0.10294117647058823,0.13333333333333333,0.05154639443709003,4,0.15384615384615374,1,0,3,7,7.0,1,
Xoài dài giống Đài Loan,1KG,Trái cây tươi,Rau - Củ - Trái Cây,48465.0,49436.25,80,0.0875,0.22653061224489796,0.07482407352404752,4,0.2928759894459103,1,0,3,7,7.0,1,
Xoài giống Úc,1KG,Trái cây tươi,Rau - Củ - Trái Cây,66907.69230769231,66907.69230769231,78,0.0,,0.07270816891504564,4,0.15384615384615374,0,0,4,0,0.0,1,
Xoài keo bao vàng,1KG,Trái cây tươi,Rau - Củ - Trái Cây,41137.878787878784,41986.36363636364,66,0.10606060606060606,0.20050125313283207,0.09766010301174155,3,0.2507836990595611,1,0,2,7,7.0,1,
Xoài tứ quý,1KG,Trái cây tươi,Rau - Củ - Trái Cây,55900.0,55900.0,70,0.0,,0.0,1,0.0,0,0,1,0,0.0,0,
Xoài Đỏ giống Đài Loan,1KG,Trái cây tươi,Rau - Củ - Trái Cây,71255.31914893616,71255.31914893616,47,0.0,,0.09873683972436206,2,0.21538461538461529,0,0,2,0,0.0,1,
Xà Lách Crispy HFG300g,Gói,Rau Lá,Rau - Củ - Trái Cây,32900.0,32900.0,1,0.0,,,1,0.0,0,0,1,0,0.0,0,
Xà lách iceberg WinEco 300g,Gói,Rau Lá,Rau - Củ - Trái Cây,17520.0,21900.0,30,1.0,0.2,0.0,1,0.0,1,1,1,30,30.0,0,
Xà lách lolo xanh 300g,Gói,Rau Lá,Rau - Củ - Trái Cây,14900.0,14900.0,6,0.0,,0.0,1,0.0,0,0,1,0,0.0,0,
Xà lách lolo xanh Globalgap 300g,Gói,Rau Lá,Rau - Củ - Trái Cây,32900.0,32900.0,53,0.0,,0.0,1,0.0,0,0,1,0,0.0,0,
Xà lách lolo xanh WinEco 300g,Gói,Rau Lá,Rau - Củ - Trái Cây,12121.860465116279,15152.32558139535,86,1.0,0.19999999999999998,0.2340666873103632,7,0.317829457364341,1,1,7,86,86.0,1,
Xà lách mỡ WinEco 300g,Gói,Rau Lá,Rau - Củ - Trái Cây,19600.0,24500.0,87,1.0,0.2,0.0,1,0.0,1,1,1,87,87.0,0,
Đu đủ ruột đỏ,1.5KG,Trái cây tươi,Rau - Củ - Trái Cây,49146.09375,49146.09375,64,0.0,,0.06674113571753028,4,0.1705685618729098,0,0,4,0,0.0,1,
Đậu bắp gói 300g,Khay,"Củ, Quả",Rau - Củ - Trái Cây,19322.388059701494,19322.388059701494,67,0.0,,0.04032846394055864,3,0.07035175879396982,0,0,3,0,0.0,0,
Đậu cove nhật 300g,Khay,"Củ, Quả",Rau - Củ - Trái Cây,14900.0,14900.0,7,0.0,,0.22923827216911852,2,0.3517587939698492,0,0,2,0,0.0,0,
Đậu cove xanh gói 500g,Gói,"Củ, Quả",Rau - Củ - Trái Cây,13775.0,13775.0,64,0.0,,0.18928323725096277,7,0.44999999999999996,0,0,7,0,0.0,1,
Đậu tươi hỗn hợp 100g,Gói,"Củ, Quả",Rau - Củ - Trái Cây,35000.0,35000.0,37,0.0,,0.0,1,0.0,0,0,1,0,0.0,0,
Ổi lê,1 KG,Trái cây tươi,Rau - Củ - Trái Cây,36270.37037037037,36270.37037037037,54,0.0,,0.03226682461172033,2,0.11142061281337057,0,0,2,0,0.0,1,
Ớt Chuông màu baby HFG 250g,Gói,"Củ, Quả",Rau - Củ - Trái Cây,33900.0,33900.0,22,0.0,,0.0,1,0.0,0,0,1,0,0.0,0,
Ớt cay 50g,Gói,"Củ, Quả",Rau - Củ - Trái Cây,8582.089552238805,8582.089552238805,67,0.0,,0.09895361342054201,5,0.33333333333333326,0,0,5,0,0.0,1,
Ớt chuông đỏ Globalgap 400g,Khay,"Củ, Quả",Rau - Củ - Trái Cây,39900.0,39900.0,38,0.0,,0.0,1,0.0,0,0,1,0,0.0,0,
Ớt sừng 100g,Gói,"Củ, Quả",Rau - Củ - Trái Cây,16927.777777777777,16927.777777777777,36,0.0,,0.1358061025606095,4,0.404040404040404,0,0,4,0,0.0,1,
Ớt trái cây 150g,Gói,"Củ, Quả",Rau - Củ - Trái Cây,25900.0,25900.0,52,0.0,,0.0,1,0.0,0,0,1,0,0.0,0,
Big roll Taokeanoi vị mực 3g/3.6g,Gói,Bánh Xốp - Bánh Quy,Bánh Kẹo,8600.0,8600.0,21,0.0,,0.0,1,0.0,0,0,1,0,0.0,0,
Bim bim Poppedcorn quẩy soắn 280g,Gói,Bánh Snack,Bánh Kẹo,60400.0,60400.0,20,0.0,,0.0,1,0.0,0,0,1,0,0.0,0,
Bánh AFC cốm non 109g,Hộp,Bánh Xốp - Bánh Quy,Bánh Kẹo,23800.0,23800.0,21,0.0,,0.0,1,0.0,0,0,1,0,0.0,0,
Bánh Bouchee Lotte Chocolat socola 162 g,Hộp,Kẹo - Chocolate,Bánh Kẹo,29473.333333333332,29900.0,15,0.06666666666666667,0.2140468227424749,0.05606671209167037,2,0.27234042553191484,1,0,1,1,1.0,0,
Bánh Bông Lan Cuộn Kem Dâu Tipo hộp 180g,Hộp,Bánh Xốp - Bánh Quy,Bánh Kẹo,28100.0,28100.0,20,0.0,,0.0,1,0.0,0,0,1,0,0.0,0,
Bánh Bông Lan Ăn Sáng C'est Bon Sợi Thịt Gà Nhân Kem Phô Mai (Gói 5 cái),Gói,Bánh Xốp - Bánh Quy,Bánh Kẹo,19620.0,22000.0,30,0.4666666666666667,0.23181818181818178,0.13189719385143306,2,0.2318181818181818,1,0,1,14,14.0,0,
Bánh Choco Phaner Marshmallow P&N Chocolate gói 216g,Gói,Kẹo - Chocolate,Bánh Kẹo,25200.0,25200.0,31,0.0,,0.0,1,0.0,0,0,1,0,0.0,0,
Bánh Choco-Pie Orion hộp 198g,Hộp,Bánh Xốp - Bánh Quy,Bánh Kẹo,32288.571428571428,34500.0,35,0.2571428571428571,0.24927536231884057,0.1181092926846997,2,0.33204633204633205,1,0,1,9,9.0,0,
Bánh Choco-Pie Orion hộp 396g,Hộp,Bánh Xốp - Bánh Quy,Bánh Kẹo,54105.882352941175,58200.0,34,0.47058823529411764,0.14948453608247422,0.08146566072169445,2,0.17575757575757578,1,0,1,16,16.0,0,
Bánh Chocopie 2P 66g,Hộp,Bánh Xốp - Bánh Quy,Bánh Kẹo,10217.391304347826,11000.0,23,0.391304347826087,0.18181818181818182,0.0976787253191527,2,0.22222222222222232,1,0,1,9,9.0,0,Chocopie
Bánh Chocopie Orion vị cacao 360g,Hộp,Bánh Xốp - Bánh Quy,Bánh Kẹo,57915.0,58200.0,20,0.05,0.0979381443298969,0.02200740304195597,2,0.10857142857142854,1,0,1,1,1.0,0,Chocopie
Bánh Chocopie dưa hấu 336g,Hộp,Bánh Xốp - Bánh Quy,Bánh Kẹo,53900.0,60500.0,7,1.0,0.10909090909090909,0.0,1,0.0,1,1,1,7,7.0,0,Chocopie
Bánh Cosy Socola Yến Mạch 163.2g,Gói,Kẹo - Chocolate,Bánh Kẹo,21500.0,21500.0,17,0.0,,0.0,1,0.0,0,0,1,0,0.0,0,Cosy
Bánh Custas kem trứng Orion hộp 276g,Hộp,Bánh Xốp - Bánh Quy,Bánh Kẹo,60000.0,60000.0,22,0.0,,0.0,1,0.0,0,0,1,0,0.0,0,
Bánh Gouté mè giòn tan Orion hộp 475.2g,Hộp,Bánh Xốp - Bánh Quy,Bánh Kẹo,147850.0,154900.0,32,0.53125,0.08567197053127255,0.045635668601745484,3,0.10329244673983218,1,0,1,16,8.5,0,
Bánh Gullon ăn kiêng không đường nhiều chất xơ 170g,Gói,Bánh Xốp - Bánh Quy,Bánh Kẹo,71300.0,71300.0,31,0.0,,0.0,1,0.0,0,0,1,0,0.0,0,
Bánh Kenju kem dẻo Richy túi 186g,Gói,Bánh Xốp - Bánh Quy,Bánh Kẹo,45500.0,45500.0,21,0.0,,0.0,1,0.0,0,0,1,0,0.0,0,
Bánh Ladyfingers nguyên gốc Ý Vicenzovo Matilde Vicenzi hộp 400g,Hộp,Bánh Xốp - Bánh Quy,Bánh Kẹo,217209.67741935485,296400.0,31,0.8709677419354839,0.3067551357025041,0.15294771281821457,3,0.4600985221674876,1,0,1,20,13.5,0,
Bánh Loacker Socola Quadratini 125g,Gói,Kẹo - Chocolate,Bánh Kẹo,66000.0,66000.0,35,0.0,,0.0,1,0.0,0,0,1,0,0.0,0,
Bánh Lotte Bouchee Chocolat socola 324g,Hộp,Kẹo - Chocolate,Bánh Kẹo,52047.82608695652,56900.0,23,0.391304347826087,0.2179261862917399,0.1188855590928122,2,0.27865168539325835,1,0,1,9,9.0,0,
"Bánh Lotte Socola Pie Chocolat 169,8g",Hộp,Kẹo - Chocolate,Bánh Kẹo,27395.652173913044,29900.0,23,0.391304347826087,0.2140468227424749,0.11657578390732079,2,0.27234042553191484,1,0,1,9,9.0,0,
Bánh Mochi Qidea thập cẩm 450g,Hộp,Bánh Xốp - Bánh Quy,Bánh Kẹo,128000.0,128000.0,4,0.0,,0.0,1,0.0,0,0,1,0,0.0,0,
Bánh Mochi Royal Family trà sữa 210g,Hộp,Bánh Xốp - Bánh Quy,Bánh Kẹo,68700.0,68700.0,18,0.0,,0.0,1,0.0,0,0,1,0,0.0,0,Fami
Bánh Mochi hỗn hợp SanShuGong 300g,Hộp,Bánh Xốp - Bánh Quy,Bánh Kẹo,154170.96774193548,163000.0,31,0.5483870967741935,0.09877300613496932,0.05282874354830586,2,0.10959836623553443,1,0,1,17,17.0,0,
Bánh Mochi nhân tổng hợp Yuki& Love 450g,Hộp,Bánh Xốp - Bánh Quy,Bánh Kẹo,152000.0,152000.0,29,0.0,,0.0,1,0.0,0,0,1,0,0.0,0,
Bánh Mochi đậu đỏ Royal Family 120g,Gói,Bánh Xốp - Bánh Quy,Bánh Kẹo,52000.0,52000.0,29,0.0,,0.0,1,0.0,0,0,1,0,0.0,0,Fami
Bánh Mềm Kiểu Âu Vị Socola Opera 336g,Hộp,Kẹo - Chocolate,Bánh Kẹo,61500.0,61500.0,21,0.0,,0.0,1,0.0,0,0,1,0,0.0,0,
Bánh Oreo Chocolate 66.5g,Gói,Kẹo - Chocolate,Bánh Kẹo,10100.0,10100.0,20,0.0,,0.0,1,0.0,0,0,1,0,0.0,0,Oreo
Bánh Oreo vani 313.5g/303.6g,Hộp,Bánh Xốp - Bánh Quy,Bánh Kẹo,53500.0,53500.0,20,0.0,,0.0,1,0.0,0,0,1,0,0.0,0,Oreo
Bánh Que DoaKbua vị Tomyum stick biscuit gói 62g,Gói,Bánh Snack,Bánh Kẹo,19900.0,19900.0,21,0.0,,0.0,1,0.0,0,0,1,0,0.0,0,
Bánh Que DoaKbua vị mực sốt cay stick biscuit gói 62g,Gói,Bánh Snack,Bánh Kẹo,19900.0,19900.0,20,0.0,,0.0,1,0.0,0,0,1,0,0.0,0,
Bánh Que vị SoCoLa Pocky hộp 40g,Hộp,Kẹo - Chocolate,Bánh Kẹo,16375.862068965518,17900.0,29,0.4482758620689655,0.18994413407821226,0.10508201650330112,2,0.1899441340782123,1,0,1,13,13.0,0,
Bánh Que đỏ Doakbua Stick Biscuit 115g,Gói,Bánh Snack,Bánh Kẹo,33600.0,33600.0,16,0.0,,0.0,1,0.0,0,0,1,0,0.0,0,
Bánh Qui Coffê Joy Vị Cà Phê 312/360g,Hộp,Bánh Xốp - Bánh Quy,Bánh Kẹo,51300.0,51300.0,29,0.0,,0.0,1,0.0,0,0,1,0,0.0,0,
Bánh Richy Kenju Kem dẻo đỏ 310g,Hộp,Bánh Xốp - Bánh Quy,Bánh Kẹo,161829.62962962964,169000.0,27,0.5925925925925926,0.07159763313609467,0.037438212754177004,2,0.07711918419375396,1,0,1,16,16.0,0,
Bánh Royal Family Mochi Đậu đỏ 180g,Hộp,Bánh Xốp - Bánh Quy,Bánh Kẹo,67700.0,67700.0,24,0.0,,0.0,1,0.0,0,0,1,0,0.0,0,Fami
Bánh Socola OREO Pie Cadbury hộp 360g,Hộp,Kẹo - Chocolate,Bánh Kẹo,63900.0,63900.0,21,0.0,,0.0,1,0.0,0,0,1,0,0.0,0,Oreo
Bánh Socola Pie Cadbury Oreo hộp 180g,Hộp,Kẹo - Chocolate,Bánh Kẹo,30918.18181818182,36200.0,33,0.6363636363636364,0.22928176795580107,0.1311391779327395,2,0.29749103942652333,1,0,1,21,21.0,0,Oreo
Bánh Socola Pie vị Dâu Oreo 180g,Hộp,Kẹo - Chocolate,Bánh Kẹo,31028.125,37000.0,32,0.65625,0.24594594594594593,0.1415259288260831,2,0.3261648745519714,1,0,1,21,21.0,0,Oreo
Bánh Tipo Hữu Nghị trà xanh hộp 75g,Hộp,Bánh Xốp - Bánh Quy,Bánh Kẹo,21900.0,21900.0,8,0.0,,0.0,1,0.0,0,0,1,0,0.0,0,
Bánh bao chỉ tổng hợp 300g,Hộp,Bánh Xốp - Bánh Quy,Bánh Kẹo,146300.0,146300.0,19,0.0,,0.0,1,0.0,0,0,1,0,0.0,0,
Bánh bông lan Orion C'est Bon sợi thịt gà 5 gói (17g/gói),Gói,Bánh Xốp - Bánh Quy,Bánh Kẹo,19018.51851851852,21300.0,27,0.5185185185185185,0.20657276995305165,0.1177994141643955,2,0.20657276995305163,1,0,1,14,14.0,0,
Bánh bông lan Solitetròn bơ sữa 144g,Hộp,Bánh Xốp - Bánh Quy,Bánh Kẹo,28900.0,28900.0,21,0.0,,0.0,1,0.0,0,0,1,0,0.0,0,
Bánh bông lan cuốn kem vị lá dứa Solite hộp 360g,Khay,Bánh Xốp - Bánh Quy,Bánh Kẹo,48489.18918918919,52500.0,37,0.3783783783783784,0.2019047619047619,0.10748225428699702,2,0.20190476190476192,1,0,1,14,14.0,0,
Bánh bông lan cuốn vị dâu Solite hộp 360g,Khay,Bánh Xốp - Bánh Quy,Bánh Kẹo,48489.18918918919,52500.0,37,0.3783783783783784,0.2019047619047619,0.10748225428699702,2,0.20190476190476192,1,0,1,14,14.0,0,
Bánh bông lan kem sữa Tipo hộp 180g,Hộp,Bánh Xốp - Bánh Quy,Bánh Kẹo,27900.0,27900.0,21,0.0,,0.0,1,0.0,0,0,1,0,0.0,0,
Bánh bông lan nhận trứng muối C'est Bon gói 162.4g,Gói,Bánh Xốp - Bánh Quy,Bánh Kẹo,36400.0,36400.0,20,0.0,,0.0,1,0.0,0,0,1,0,0.0,0,
Bánh bông lan vị bơ sữa Solite khay 360g,Khay,Bánh Xốp - Bánh Quy,Bánh Kẹo,53100.0,53100.0,34,0.0,,0.0,1,0.0,0,0,1,0,0.0,0,
Bánh bơ trứng Richy gói 270g,Gói,Bánh Xốp - Bánh Quy,Bánh Kẹo,37700.0,37700.0,29,0.0,,0.0,1,0.0,0,0,1,0,0.0,0,
Bánh cao cấp Orion CUSTAS hộp 138g,Hộp,Bánh Xốp - Bánh Quy,Bánh Kẹo,29770.27027027027,33000.0,37,0.40540540540540543,0.24141414141414141,0.13363682983882788,3,0.24545454545454548,1,0,1,14,7.5,0,
Bánh cookies OREO gói 65g,Gói,Bánh Xốp - Bánh Quy,Bánh Kẹo,44500.0,44500.0,18,0.0,,0.0,1,0.0,0,0,1,0,0.0,0,Oreo
Bánh cracker AFC vị tảo biển hộp 200g,Hộp,Bánh Xốp - Bánh Quy,Bánh Kẹo,29335.29411764706,30500.0,34,0.2647058823529412,0.14426229508196722,0.06716717154379076,2,0.1685823754789273,1,0,1,9,9.0,0,
Bánh cracker dinh dưỡng AFC vị lúa mì hộp 200g,Hộp,Bánh Xốp - Bánh Quy,Bánh Kẹo,29335.29411764706,30500.0,34,0.2647058823529412,0.14426229508196722,0.06716717154379076,2,0.1685823754789273,1,0,1,9,9.0,0,
Bánh cracker dinh dưỡng AFC vị rau hộp 200g,Hộp,Bánh Xốp - Bánh Quy,Bánh Kẹo,28535.29411764706,29600.0,34,0.29411764705882354,0.1222972972972973,0.05908219869774597,3,0.1887550200803212,1,0,1,9,5.0,0,
Bánh cracker vị bò bít tết AFC hộp 200g,Hộp,Bánh Xốp - Bánh Quy,Bánh Kẹo,29335.29411764706,30500.0,34,0.2647058823529412,0.14426229508196722,0.06716717154379076,2,0.1685823754789273,1,0,1,9,9.0,0,
Bánh cupcake Solite kem bơ sữa 276g,Hộp,Bánh Xốp - Bánh Quy,Bánh Kẹo,56000.0,56000.0,19,0.0,,0.0,1,0.0,0,0,1,0,0.0,0,
Bánh cuộn Gery phủ socola vani 276g,Hộp,Kẹo - Chocolate,Bánh Kẹo,49500.0,49500.0,21,0.0,,0.0,1,0.0,0,0,1,0,0.0,0,
Bánh cuộn giòn dinh dưỡng 12 loại ngũ cốc Pei Tien gói 180g,Gói,Bánh Xốp - Bánh Quy,Bánh Kẹo,77000.0,77000.0,4,0.0,,0.0,1,0.0,0,0,1,0,0.0,0,
Bánh cuộn kem sữa chua việt quất Tipo 180g,Hộp,Bánh Xốp - Bánh Quy,Bánh Kẹo,32600.0,32600.0,20,0.0,,0.0,1,0.0,0,0,1,0,0.0,0,
Bánh cà phê Mayora hộp 180g,Hộp,Bánh Xốp - Bánh Quy,Bánh Kẹo,27200.0,27200.0,18,0.0,,0.0,1,0.0,0,0,1,0,0.0,0,
"Bánh dinh dưỡng Peitein 12 loại, mè đen gói 160g",Gói,Bánh Xốp - Bánh Quy,Bánh Kẹo,78900.0,78900.0,20,0.0,,0.0,1,0.0,0,0,1,0,0.0,0,
Bánh dứa Sansugon Yeou Bin Mini 470g,Hộp,Bánh Xốp - Bánh Quy,Bánh Kẹo,201000.0,201000.0,4,0.0,,0.0,1,0.0,0,0,1,0,0.0,0,
Bánh dứa vị trà sữa trân châu 470g,Hộp,Bánh Xốp - Bánh Quy,Bánh Kẹo,201000.0,201000.0,4,0.0,,0.0,1,0.0,0,0,1,0,0.0,0,
Bánh dừa nướng THD,0.5KG,Bánh Xốp - Bánh Quy,Bánh Kẹo,101807.69230769231,111500.0,26,0.8076923076923077,0.10762331838565024,0.04737384381756178,2,0.12060301507537696,1,0,1,21,21.0,0,
Bánh gạo An khoai tây phô mai nướng gói 100.8g,Gói,Bánh Snack,Bánh Kẹo,21900.0,21900.0,21,0.0,,0.0,1,0.0,0,0,1,0,0.0,0,
Bánh gạo Jinju cốm sữa,Gói,Bánh Xốp - Bánh Quy,Bánh Kẹo,25900.0,25900.0,21,0.0,,0.0,1,0.0,0,0,1,0,0.0,0,
Bánh gạo Nhật Ichi Kameda gói 100g,Gói,Bánh Xốp - Bánh Quy,Bánh Kẹo,25000.0,25000.0,13,0.0,,0.0,1,0.0,0,0,1,0,0.0,0,
Bánh gạo Nhật Ichi vị mật ong Kameda gói 180g,Gói,Bánh Xốp - Bánh Quy,Bánh Kẹo,42500.0,42500.0,28,0.0,,0.0,1,0.0,0,0,1,0,0.0,0,
Bánh gạo One One tảo biển bạch tuộc nướng 104g,Gói,Bánh Xốp - Bánh Quy,Bánh Kẹo,25100.0,25100.0,21,0.0,,0.0,1,0.0,0,0,1,0,0.0,0,
Bánh gạo Richy Jinju vị bò nướng tiêu 134.4g,Gói,Bánh Xốp - Bánh Quy,Bánh Kẹo,23850.0,26800.0,16,0.5,0.22014925373134328,0.12774620121662478,2,0.2822966507177034,1,0,1,8,8.0,0,
Bánh gạo Vetrue phô mai 320g,Gói,Bánh Xốp - Bánh Quy,Bánh Kẹo,81900.0,81900.0,21,0.0,,0.0,1,0.0,0,0,1,0,0.0,0,
Bánh gạo giòn Nguyên Huy trứng muối 300g,Gói,Bánh Xốp - Bánh Quy,Bánh Kẹo,81500.0,81500.0,21,0.0,,0.0,1,0.0,0,0,1,0,0.0,0,
Bánh gạo ngọt Orion An vị tự nhiên 14 gói (10.8g/gói),Gói,Bánh Xốp - Bánh Quy,Bánh Kẹo,21600.0,21600.0,16,0.0,,0.0,1,0.0,0,0,1,0,0.0,0,
Bánh gạo ngọt vị phô mai bắp One One gói 118g,Gói,Bánh Xốp - Bánh Quy,Bánh Kẹo,37900.0,37900.0,20,0.0,,0.0,1,0.0,0,0,1,0,0.0,0,
Bánh gạo nướng Orion An vị tảo biển gói 111.3g,Gói,Bánh Xốp - Bánh Quy,Bánh Kẹo,20900.0,20900.0,16,0.0,,0.0,1,0.0,0,0,1,0,0.0,0,
Bánh gạo vị bò nướng One-One gói 150g,Gói,Bánh Xốp - Bánh Quy,Bánh Kẹo,33000.0,33000.0,17,0.0,,0.0,1,0.0,0,0,1,0,0.0,0,
Bánh gạo vị ngọt Richy gói 315g,Gói,Bánh Xốp - Bánh Quy,Bánh Kẹo,36271.42857142857,41300.0,35,0.5714285714285714,0.21307506053268765,0.12181623090827697,2,0.2707692307692309,1,0,1,20,20.0,0,
Bánh gạo vị rau củ Vetrue 300g,Gói,Bánh Xốp - Bánh Quy,Bánh Kẹo,82000.0,82000.0,21,0.0,,0.0,1,0.0,0,0,1,0,0.0,0,
Bánh gấu Koala's March socola black 37g,Hộp,Kẹo - Chocolate,Bánh Kẹo,18100.0,18100.0,21,0.0,,0.0,1,0.0,0,0,1,0,0.0,0,
Bánh kem sô cô la Hello Panda Meiji hộp 500g,Hộp,Kẹo - Chocolate,Bánh Kẹo,24500.0,24500.0,14,0.0,,0.0,1,0.0,0,0,1,0,0.0,0,
Bánh kem xốp phô mai Tipo hộp 180g,Hộp,Bánh Xốp - Bánh Quy,Bánh Kẹo,29500.0,29500.0,21,0.0,,0.0,1,0.0,0,0,1,0,0.0,0,
Bánh kem xốp phômai Richeese Nabati cheese wafer 320g (16gr x20),Hộp,Bánh Xốp - Bánh Quy,Bánh Kẹo,51000.0,51000.0,29,0.0,,0.0,1,0.0,0,0,1,0,0.0,0,
Bánh kem xốp phômai Richeese Nabati cheese wafer hộp 160g,Hộp,Bánh Xốp - Bánh Quy,Bánh Kẹo,40800.0,40800.0,29,0.0,,0.0,1,0.0,0,0,1,0,0.0,0,
Bánh kem ốc quế Pororo Basraq vị sô cô la hộp 54g,Hộp,Kẹo - Chocolate,Bánh Kẹo,60900.0,60900.0,18,0.0,,0.0,1,0.0,0,0,1,0,0.0,0,
Bánh lát khoai tây vị phô mai Slide hộp 160g,Lon,Bánh Snack,Bánh Kẹo,44000.0,48500.0,30,0.5,0.18556701030927833,0.1040211056691016,2,0.2278481012658229,1,0,1,13,7.5,0,
Bánh lát khoai tây vị thơm cay Slide hộp 160g,Lon,Bánh Snack,Bánh Kẹo,44000.0,48500.0,30,0.5,0.18556701030927833,0.1040211056691016,2,0.2278481012658229,1,0,1,13,7.5,0,
Bánh mochi trà xanh kem Royal Family hộp 180g,Hộp,Bánh Xốp - Bánh Quy,Bánh Kẹo,67700.0,67700.0,29,0.0,,0.0,1,0.0,0,0,1,0,0.0,0,Fami
Bánh mochi tổng hợp Royal Family 250g,Gói,Bánh Xốp - Bánh Quy,Bánh Kẹo,99000.0,99000.0,20,0.0,,0.0,1,0.0,0,0,1,0,0.0,0,Fami
Bánh mochi vị trà xanh Royal Family hộp 152g,Hộp,Bánh Xốp - Bánh Quy,Bánh Kẹo,50900.0,50900.0,29,0.0,,0.0,1,0.0,0,0,1,0,0.0,0,Fami
Bánh mè giòn tan Orion Gouté hộp 144g,Hộp,Bánh Xốp - Bánh Quy,Bánh Kẹo,30000.0,30000.0,19,0.0,,0.0,1,0.0,0,0,1,0,0.0,0,
Bánh mè giòn tan Orion Gouté hộp 288g,Hộp,Bánh Xốp - Bánh Quy,Bánh Kẹo,52400.0,52400.0,12,0.0,,0.0,1,0.0,0,0,1,0,0.0,0,
Bánh phủ sôcôla 2 vị AN – Choco PN 280 (280g x 12 hộp),Hộp,Bánh Xốp - Bánh Quy,Bánh Kẹo,46563.63636363636,68000.0,11,1.0,0.31524064171122995,0.15949956891899694,2,0.31237721021611,1,1,1,11,11.0,0,
Bánh que Lucky Stick hương socola 45g,Hộp,Kẹo - Chocolate,Bánh Kẹo,25600.0,25600.0,31,0.0,,0.0,1,0.0,0,0,1,0,0.0,0,
Bánh que Pocky Double Sô cô la 39g,Hộp,Kẹo - Chocolate,Bánh Kẹo,17900.0,17900.0,21,0.0,,0.0,1,0.0,0,0,1,0,0.0,0,
Bánh que Pocky vị dâu 38g,Hộp,Bánh Snack,Bánh Kẹo,16320.689655172413,17800.0,29,0.4482758620689655,0.1853932584269663,0.10233615279668315,2,0.1853932584269663,1,0,1,13,13.0,0,
Bánh que Toppo nhân kem dâu 40g,Hộp,Bánh Snack,Bánh Kẹo,17000.0,17000.0,21,0.0,,0.0,1,0.0,0,0,1,0,0.0,0,
Bánh que Toppo nhân socola cacao 40g,Hộp,Kẹo - Chocolate,Bánh Kẹo,17200.0,17200.0,19,0.0,,0.0,1,0.0,0,0,1,0,0.0,0,
Bánh que Yan Yan hương vani 50g,Cái,Bánh Snack,Bánh Kẹo,25600.0,25600.0,32,0.0,,0.0,1,0.0,0,0,1,0,0.0,0,
Bánh que Yan Yan socola 50g,Cái,Kẹo - Chocolate,Bánh Kẹo,25600.0,25600.0,31,0.0,,0.0,1,0.0,0,0,1,0,0.0,0,
Bánh que Yan Yan vị dâu 50g,Cái,Bánh Snack,Bánh Kẹo,25600.0,25600.0,31,0.0,,0.0,1,0.0,0,0,1,0,0.0,0,
Bánh que cay MAXS 55G,Gói,Bánh Snack,Bánh Kẹo,14800.0,14800.0,20,0.0,,0.0,1,0.0,0,0,1,0,0.0,0,
Bánh que hương dâu Lucky Stick 45g,Hộp,Bánh Snack,Bánh Kẹo,25600.0,25600.0,32,0.0,,0.0,1,0.0,0,0,1,0,0.0,0,
Bánh que hỗn hợp Mix Hot Chili 60g,Gói,Bánh Snack,Bánh Kẹo,16000.0,16000.0,16,0.0,,0.0,1,0.0,0,0,1,0,0.0,0,
Bánh que nhân socola Toppo gói 132g,Gói,Kẹo - Chocolate,Bánh Kẹo,56500.0,56500.0,29,0.0,,0.0,1,0.0,0,0,1,0,0.0,0,
Bánh que sô cô la Toppo hộp 40g,Hộp,Kẹo - Chocolate,Bánh Kẹo,17200.0,17200.0,30,0.0,,0.0,1,0.0,0,0,1,0,0.0,0,
Bánh que thịt heo xông khói Doakbua gói 25g,Gói,Bánh Snack,Bánh Kẹo,8200.0,8200.0,31,0.0,,0.0,1,0.0,0,0,1,0,0.0,0,
Bánh que thịt xông khói Doakbua gói 55g,Gói,Bánh Snack,Bánh Kẹo,17100.0,17100.0,30,0.0,,0.0,1,0.0,0,0,1,0,0.0,0,
Bánh que tôm Doakbua gói 25g,Gói,Bánh Snack,Bánh Kẹo,8200.0,8200.0,30,0.0,,0.0,1,0.0,0,0,1,0,0.0,0,
Bánh que tôm Doakbua gói 55g,Gói,Bánh Snack,Bánh Kẹo,17100.0,17100.0,35,0.0,,0.0,1,0.0,0,0,1,0,0.0,0,
Bánh que vị rong biển Mix 60g,Gói,Bánh Snack,Bánh Kẹo,16000.0,16000.0,20,0.0,,0.0,1,0.0,0,0,1,0,0.0,0,
Bánh que vị trà xanh Pocky 35g,Hộp,Bánh Snack,Bánh Kẹo,16375.862068965518,17900.0,29,0.4482758620689655,0.18994413407821226,0.10508201650330112,2,0.1899441340782123,1,0,1,13,13.0,0,
Bánh qui Cremon 16 loại ngũ cốc 190g,Gói,Bánh Xốp - Bánh Quy,Bánh Kẹo,83070.0,87000.0,30,0.3,0.15057471264367817,0.07350186536730621,2,0.17726657645466837,1,0,1,9,9.0,0,
Bánh qui Gullon Doradas al Horno 330g,Hộp,Bánh Xốp - Bánh Quy,Bánh Kẹo,127300.0,127300.0,32,0.0,,0.0,1,0.0,0,0,1,0,0.0,0,
Bánh qui bơ Danisa hộp 200g,Hộp,Bánh Xốp - Bánh Quy,Bánh Kẹo,60667.74193548387,61600.0,31,0.5483870967741935,0.027597402597402596,0.0141754904880042,2,0.028380634390651194,1,0,1,17,17.0,0,Danisa
Bánh qui bơ hình thú Bahlsen Zoo 100g,Gói,Bánh Xốp - Bánh Quy,Bánh Kẹo,56100.0,56100.0,4,0.0,,0.0,1,0.0,0,0,1,0,0.0,0,
Bánh qui cacao Leibniz Zoo Animals 100g,Gói,Bánh Xốp - Bánh Quy,Bánh Kẹo,53900.0,53900.0,6,0.0,,0.0,1,0.0,0,0,1,0,0.0,0,
Bánh qui vị phô mai Gery gói 100g,Gói,Bánh Xốp - Bánh Quy,Bánh Kẹo,16800.0,16800.0,19,0.0,,0.0,1,0.0,0,0,1,0,0.0,0,
Bánh quy AFC vị cốm non 261.6g,Hộp,Bánh Xốp - Bánh Quy,Bánh Kẹo,50000.0,50000.0,4,0.0,,0.0,1,0.0,0,0,1,0,0.0,0,
Bánh quy Cheese Cracker Gery GarudaFood hộp 200g,Hộp,Bánh Xốp - Bánh Quy,Bánh Kẹo,35700.0,35700.0,20,0.0,,0.0,1,0.0,0,0,1,0,0.0,0,
Bánh quy Cheese Cracker Gery GarudaFood hộp 300g,Hộp,Bánh Xốp - Bánh Quy,Bánh Kẹo,53100.0,53100.0,20,0.0,,0.0,1,0.0,0,0,1,0,0.0,0,
Bánh quy Cosy Marie gói 240g,Gói,Bánh Xốp - Bánh Quy,Bánh Kẹo,27100.0,29900.0,30,0.4666666666666667,0.20066889632107024,0.11234308414869185,2,0.2006688963210702,1,0,1,14,14.0,0,Cosy
Bánh quy Demarie sữa tươi Orion 384g,Hộp,Bánh Xốp - Bánh Quy,Bánh Kẹo,47500.0,47500.0,19,0.0,,0.0,1,0.0,0,0,1,0,0.0,0,
Bánh quy Goody Chip hạt điều 80g,Cái,Hạt - Trái Cây Sấy Khô,Bánh Kẹo,10000.0,10000.0,34,0.0,,0.0,1,0.0,0,0,1,0,0.0,0,
Bánh quy ITO 470g,Hộp,Bánh Xốp - Bánh Quy,Bánh Kẹo,307529.4117647059,386000.0,34,0.6764705882352942,0.3005181347150259,0.17911632242339082,2,0.4296296296296296,1,0,1,23,23.0,0,
Bánh quy Marie Cosy Kinh Đô gói 144g,Gói,Bánh Xốp - Bánh Quy,Bánh Kẹo,19400.0,19400.0,34,0.0,,0.0,1,0.0,0,0,1,0,0.0,0,Cosy
Bánh quy Marie Cosy Kinh Đô gói 450g,Gói,Bánh Xốp - Bánh Quy,Bánh Kẹo,46500.0,46500.0,34,0.0,,0.0,1,0.0,0,0,1,0,0.0,0,Cosy
Bánh quy Marine Boy vị rong biển tuyết xanh hộp 32g,Hộp,Bánh Snack,Bánh Kẹo,13900.0,13900.0,35,0.0,,0.0,1,0.0,0,0,1,0,0.0,0,
Bánh quy Marine Boy vị tôm nướng môi đỏ Orion hộp 32g,Hộp,Bánh Snack,Bánh Kẹo,14100.0,14100.0,35,0.0,,0.0,1,0.0,0,0,1,0,0.0,0,
Bánh quy McVitie's Fabulous Biscuits Se,Hộp,Bánh Xốp - Bánh Quy,Bánh Kẹo,193000.0,193000.0,3,0.0,,0.0,1,0.0,0,0,1,0,0.0,0,
Bánh quy Oreo Mini kem socola gói 20.4g,Gói,Kẹo - Chocolate,Bánh Kẹo,6400.0,6400.0,19,0.0,,0.0,1,0.0,0,0,1,0,0.0,0,Oreo
Bánh quy Oreo mini vị vani gói 20.4g,Gói,Bánh Xốp - Bánh Quy,Bánh Kẹo,6400.0,6400.0,19,0.0,,0.0,1,0.0,0,0,1,0,0.0,0,Oreo
Bánh quy Tresor Dore hộp 600g,Hộp,Bánh Xốp - Bánh Quy,Bánh Kẹo,265000.0,265000.0,5,0.0,,0.0,1,0.0,0,0,1,0,0.0,0,
Bánh quy bơ Danisa hộp 454g,Hộp,Bánh Xốp - Bánh Quy,Bánh Kẹo,135982.14285714287,146000.0,28,0.6071428571428571,0.11301369863013698,0.060347873188120384,2,0.12741312741312738,1,0,1,17,17.0,0,Danisa
Bánh quy bơ Danisa hộp 681g,Hộp,Bánh Xốp - Bánh Quy,Bánh Kẹo,198035.7142857143,212000.0,28,0.6071428571428571,0.10849056603773585,0.05776226603018469,2,0.12169312169312163,1,0,1,17,17.0,0,Danisa
Bánh quy bơ Danisa hộp 908g,Hộp,Bánh Xốp - Bánh Quy,Bánh Kẹo,274200.0,281000.0,35,0.4857142857142857,0.0498220640569395,0.025890939969801383,2,0.05243445692883886,1,0,1,17,17.0,0,Danisa
Bánh quy bơ Diet Leibniz gói 200g,Gói,Bánh Xốp - Bánh Quy,Bánh Kẹo,82000.0,82000.0,34,0.0,,0.0,1,0.0,0,0,1,0,0.0,0,
Bánh quy bơ LU Pháp 505g/540g,Hộp,Bánh Xốp - Bánh Quy,Bánh Kẹo,166111.11111111112,205000.0,9,0.7777777777777778,0.24390243902439024,0.13415582454620711,3,0.3486842105263157,1,0,1,4,3.5,0,
Bánh quy bơ Marika vị tự nhiên 432g,Hộp,Bánh Xốp - Bánh Quy,Bánh Kẹo,155337.93103448275,165900.0,29,0.6206896551724138,0.10257183041993169,0.05415125604789349,3,0.11452682338758291,1,0,1,17,9.0,0,
Bánh quy bơ Marika vị tự nhiên hộp 252g,Hộp,Bánh Xốp - Bánh Quy,Bánh Kẹo,89000.0,101500.0,3,1.0,0.12315270935960591,0.0,1,0.0,1,1,1,3,3.0,0,
Bánh quy bơ Pep Farm Chessmen 206g,Gói,Bánh Xốp - Bánh Quy,Bánh Kẹo,130000.0,130000.0,35,0.0,,0.0,1,0.0,0,0,1,0,0.0,0,
Bánh quy bơ giòn Borggreve 800g,Hộp,Bánh Xốp - Bánh Quy,Bánh Kẹo,215000.0,386000.0,12,1.0,0.4430051813471503,0.0,1,0.0,1,1,1,12,12.0,0,
Bánh quy caramel flan AFC hộp 125g,Hộp,Bánh Xốp - Bánh Quy,Bánh Kẹo,24300.0,24300.0,21,0.0,,0.0,1,0.0,0,0,1,0,0.0,0,
Bánh quy cà phê Roma gói 142g,Gói,Bánh Xốp - Bánh Quy,Bánh Kẹo,20300.0,20300.0,20,0.0,,0.0,1,0.0,0,0,1,0,0.0,0,
Bánh quy kem dâu Oreo gói 133g,Cái,Bánh Xốp - Bánh Quy,Bánh Kẹo,15696.774193548386,18000.0,31,0.45161290322580644,0.2833333333333333,0.16436402565221644,2,0.2833333333333333,1,0,1,14,14.0,0,Oreo
Bánh quy kem lạnh Oreo gói 123.5g/ 119.6g,Cái,Bánh Xốp - Bánh Quy,Bánh Kẹo,15641.935483870968,17900.0,31,0.45161290322580644,0.27932960893854747,0.161706142932985,2,0.2793296089385475,1,0,1,14,14.0,0,Oreo
Bánh quy kem vani Oreo gói 264.6g,Gói,Bánh Xốp - Bánh Quy,Bánh Kẹo,34900.0,34900.0,29,0.0,,0.0,1,0.0,0,0,1,0,0.0,0,Oreo
Bánh quy nhân kem sô cô la Oreo gói 133g,Cái,Kẹo - Chocolate,Bánh Kẹo,15696.774193548386,18000.0,31,0.45161290322580644,0.2833333333333333,0.16436402565221644,2,0.2833333333333333,1,0,1,14,14.0,0,Oreo
Bánh quy nhân kem vani Oreo gói 137g,Cái,Bánh Xốp - Bánh Quy,Bánh Kẹo,15696.774193548386,18000.0,31,0.45161290322580644,0.2833333333333333,0.16436402565221644,2,0.2833333333333333,1,0,1,14,14.0,0,Oreo
Bánh quy nhân kem vani Oreo gói 66.5g/ 68.5g,Cái,Bánh Xốp - Bánh Quy,Bánh Kẹo,10100.0,10100.0,23,0.0,,0.0,1,0.0,0,0,1,0,0.0,0,Oreo
Bánh quy thập cẩm Cosy Socola 378g,Hộp,Kẹo - Chocolate,Bánh Kẹo,110385.71428571429,129900.0,28,0.6785714285714286,0.22138487095336495,0.13000112328924188,3,0.313447927199191,1,0,1,19,19.0,0,Cosy
Bánh quy thập cẩm bơ sữa Cosy 378g,Hộp,Bánh Xốp - Bánh Quy,Bánh Kẹo,111790.32258064517,129900.0,31,0.6451612903225806,0.21608929946112396,0.12943380874910926,4,0.313447927199191,1,0,1,20,20.0,0,Cosy
Bánh quy tiệt trùng Tresor Dore hộp 380g,Hộp,Bánh Xốp - Bánh Quy,Bánh Kẹo,209000.0,209000.0,1,0.0,,,1,0.0,0,0,1,0,0.0,0,
"Bánh quế Cosy xoài xí muội 126/117,6g",Gói,Bánh Xốp - Bánh Quy,Bánh Kẹo,15200.0,15200.0,10,0.0,,0.0,1,0.0,0,0,1,0,0.0,0,Cosy
Bánh quế Oreo Vị Socola hộp 54g,Hộp,Kẹo - Chocolate,Bánh Kẹo,14900.0,14900.0,20,0.0,,0.0,1,0.0,0,0,1,0,0.0,0,Oreo
Bánh quế Oreo vị vani hộp 54g,Hộp,Bánh Xốp - Bánh Quy,Bánh Kẹo,15000.0,15000.0,20,0.0,,0.0,1,0.0,0,0,1,0,0.0,0,Oreo
Bánh quế vị kem dâu Cosy gói 132g,Gói,Bánh Xốp - Bánh Quy,Bánh Kẹo,15200.0,15200.0,34,0.0,,0.0,1,0.0,0,0,1,0,0.0,0,Cosy
Bánh quế vị kem lá dứa Cosy gói 132g,Gói,Bánh Xốp - Bánh Quy,Bánh Kẹo,15200.0,15200.0,32,0.0,,0.0,1,0.0,0,0,1,0,0.0,0,Cosy
Bánh quế vị kem socola Cosy Kinh Đô gói 132g,Gói,Kẹo - Chocolate,Bánh Kẹo,15200.0,15200.0,31,0.0,,0.0,1,0.0,0,0,1,0,0.0,0,Cosy
Bánh snack Swing vị gà Teriyali Osaka Orion gói 90g,Gói,Bánh Snack,Bánh Kẹo,21600.0,21600.0,20,0.0,,0.0,1,0.0,0,0,1,0,0.0,0,
Bánh snack khoai tây miếng Lay's Stax vị kem chua và hành tây lon 100g,Lon,Bánh Snack,Bánh Kẹo,35500.0,35500.0,21,0.0,,0.0,1,0.0,0,0,1,0,0.0,0,Lay'S
Bánh snack khoai tây tươi vị tảo biển O'Star gói 90g,Gói,Bánh Snack,Bánh Kẹo,20225.714285714286,21600.0,35,0.37142857142857144,0.1712962962962963,0.08968243510825469,2,0.17129629629629628,1,0,1,13,13.0,0,
Bánh snack que nhân cà phê moka Akiko gói 160g,Gói,Bánh Snack,Bánh Kẹo,21000.0,21000.0,28,0.0,,0.0,1,0.0,0,0,1,0,0.0,0,
Bánh snack tôm Ruay Puan gói 20g,Gói,Bánh Snack,Bánh Kẹo,5800.0,5800.0,4,0.0,,0.0,1,0.0,0,0,1,0,0.0,0,
Bánh snack vị bít tết kiểu New York Swing gói 90g,Gói,Bánh Snack,Bánh Kẹo,21600.0,21600.0,21,0.0,,0.0,1,0.0,0,0,1,0,0.0,0,
Bánh snack vị kim chi Hàn Quốc O'Star gói 90g,Gói,Bánh Snack,Bánh Kẹo,20225.714285714286,21600.0,35,0.37142857142857144,0.1712962962962963,0.08968243510825469,2,0.17129629629629628,1,0,1,13,13.0,0,
Bánh sô cô la KitKat Nestlé gói 12 thanh x 17g,Cái,Kẹo - Chocolate,Bánh Kẹo,88000.0,88000.0,14,0.0,,0.0,1,0.0,0,0,1,0,0.0,0,Nestlé
Bánh sô cô la KitKat Nestlé gói 35g,Cái,Kẹo - Chocolate,Bánh Kẹo,21110.0,22700.0,30,0.5666666666666667,0.1236071521119461,0.06699663194087702,3,0.14070351758793964,1,0,1,16,8.5,0,Nestlé
Bánh trứng Tipo Hữu Nghị gói 220g,Gói,Bánh Xốp - Bánh Quy,Bánh Kẹo,43300.0,43300.0,30,0.0,,0.0,1,0.0,0,0,1,0,0.0,0,
Bánh trứng sầu riêng Tipo 220g,Gói,Bánh Xốp - Bánh Quy,Bánh Kẹo,44500.0,44500.0,20,0.0,,0.0,1,0.0,0,0,1,0,0.0,0,
Bánh trứng sữa mềm Belgi 240g/230g,Gói,Bánh Xốp - Bánh Quy,Bánh Kẹo,39100.0,39100.0,20,0.0,,0.0,1,0.0,0,0,1,0,0.0,0,
Bánh tự DIY làm khu vườn nấm 46g,Hộp,Bánh Xốp - Bánh Quy,Bánh Kẹo,40000.0,40000.0,20,0.0,,0.0,1,0.0,0,0,1,0,0.0,0,
Bánh tự làm DIY my sushi hộp 43g,Hộp,Bánh Xốp - Bánh Quy,Bánh Kẹo,42400.0,42400.0,21,0.0,,0.0,1,0.0,0,0,1,0,0.0,0,
Bánh vị Chocopie Cacao 180g,Hộp,Bánh Xốp - Bánh Quy,Bánh Kẹo,31343.478260869564,34865.217391304344,23,0.391304347826087,0.25787965616045844,0.14242132438030217,3,0.34749034749034746,1,0,2,9,9.0,1,Chocopie
Bánh vị Kem Cốm Custas hộp 12P 276g,Hộp,Bánh Xốp - Bánh Quy,Bánh Kẹo,61200.0,61200.0,21,0.0,,0.0,1,0.0,0,0,1,0,0.0,0,
Bánh xốp Gullon ăn kiêng không đường 210g/180g,Gói,Bánh Xốp - Bánh Quy,Bánh Kẹo,112500.0,112500.0,6,0.0,,0.0,1,0.0,0,0,1,0,0.0,0,
Bánh xốp Superstar hộp 216g,Hộp,Bánh Xốp - Bánh Quy,Bánh Kẹo,25150.0,27300.0,26,0.5,0.1575091575091575,0.087180055301984,2,0.1575091575091575,1,0,1,13,13.0,0,
Bánh xốp nhân phô mai Nabati gói 52g,Gói,Bánh Xốp - Bánh Quy,Bánh Kẹo,7800.0,7800.0,28,0.0,,0.0,1,0.0,0,0,1,0,0.0,0,
Bánh xốp phô mai Cal Cheese Mayora hộp 20 x 8.5g,Hộp,Bánh Xốp - Bánh Quy,Bánh Kẹo,28900.0,28900.0,21,0.0,,0.0,1,0.0,0,0,1,0,0.0,0,
Bánh xốp phủ sô cô la trà xanh Nestlé KitKat gói 8 + 2 thanh 2F 136g,Gói,Kẹo - Chocolate,Bánh Kẹo,104627.58620689655,114000.0,29,0.5862068965517241,0.14024767801857585,0.07659420982566616,3,0.16326530612244894,1,0,1,16,8.5,0,Nestlé
Bánh xốp vuông Jacker sô cô la 150g,Gói,Kẹo - Chocolate,Bánh Kẹo,41800.0,41800.0,16,0.0,,0.0,1,0.0,0,0,1,0,0.0,0,
Bánh yến mạch sữa Richy gói 250g,Gói,Bánh Xốp - Bánh Quy,Bánh Kẹo,50100.0,50100.0,8,0.0,,0.0,1,0.0,0,0,1,0,0.0,0,
Bánh ăn kiêng Gullon Cookíe Socola gói 125g,Gói,Kẹo - Chocolate,Bánh Kẹo,79700.0,79700.0,31,0.0,,0.0,1,0.0,0,0,1,0,0.0,0,
Bánh Đậu Xanh Thượng Hạng Hoàng Giang RV 170g,Hộp,Bánh Xốp - Bánh Quy,Bánh Kẹo,52600.0,52600.0,15,0.0,,0.0,1,0.0,0,0,1,0,0.0,0,
Bánh đậu xanh Bánh chưng Tết,Hộp,Bánh Xốp - Bánh Quy,Bánh Kẹo,174200.0,174200.0,21,0.0,,0.0,1,0.0,0,0,1,0,0.0,0,
Bánh đậu xanh Hoa đào Tết 300g,Hộp,Bánh Xốp - Bánh Quy,Bánh Kẹo,209000.0,209000.0,4,0.0,,0.0,1,0.0,0,0,1,0,0.0,0,
Bánh đậu xanh Hoàng Gia Chĩnh Lộc Vàng 80g,Hộp,Bánh Xốp - Bánh Quy,Bánh Kẹo,50260.0,54000.0,25,0.68,0.10185185185185185,0.052099557443939085,2,0.11340206185567014,1,0,1,17,17.0,0,
Bánh đậu xanh Hoàng Gia Chĩnh vàng Phúc Lộc 200g,Hộp,Bánh Xốp - Bánh Quy,Bánh Kẹo,150900.0,167500.0,4,1.0,0.0991044776119403,0.0,1,0.0,1,1,1,4,4.0,0,
Bánh đậu xanh Hoàng Gia chĩnh vàng thần tài 250g,Hộp,Bánh Xốp - Bánh Quy,Bánh Kẹo,270000.0,270000.0,4,0.0,,0.0,1,0.0,0,0,1,0,0.0,0,
Bánh đậu xanh Hoàng Gia hương trái cây 200g,Hộp,Bánh Xốp - Bánh Quy,Bánh Kẹo,35400.0,35400.0,7,0.0,,0.0,1,0.0,0,0,1,0,0.0,0,
Bánh đậu xanh Hoàng Giang Đồng tiền lớn250g,Hộp,Bánh Xốp - Bánh Quy,Bánh Kẹo,108000.0,108000.0,10,0.0,,0.0,1,0.0,0,0,1,0,0.0,0,
Bánh đậu xanh Hoàng Giang Đồng tiền nhỏ 60g,Hộp,Bánh Xốp - Bánh Quy,Bánh Kẹo,31000.0,31000.0,4,0.0,,0.0,1,0.0,0,0,1,0,0.0,0,
Bánh đậu xanh Thỏi vàng Tài Lộc trung 250g,Hộp,Bánh Xốp - Bánh Quy,Bánh Kẹo,51000.0,51000.0,2,0.0,,0.0,1,0.0,0,0,1,0,0.0,0,
Bánh đậu xanh Đồng tiền trung 90g,Hộp,Bánh Xốp - Bánh Quy,Bánh Kẹo,68000.0,68000.0,16,0.0,,0.0,1,0.0,0,0,1,0,0.0,0,
Bánh ống hạt dẻ Pepperidge Farm Pirouette 382g,Hộp,Hạt - Trái Cây Sấy Khô,Bánh Kẹo,109683.33333333333,133600.0,6,0.8333333333333334,0.2148203592814371,0.10682321169712383,2,0.21482035928143717,1,0,1,5,5.0,0,
Bánh ống socola Pepperidge Farm Pirouette 382g,Hộp,Kẹo - Chocolate,Bánh Kẹo,109683.33333333333,133600.0,6,0.8333333333333334,0.2148203592814371,0.10682321169712383,2,0.21482035928143717,1,0,1,5,5.0,0,
Bò khô Thu Ba hộp 250g,Hộp,Hạt - Trái Cây Sấy Khô,Bánh Kẹo,235700.0,235700.0,21,0.0,,0.0,1,0.0,0,0,1,0,0.0,0,
Bò khô đặc sản Thu Ba 500g,Hộp,Hạt - Trái Cây Sấy Khô,Bánh Kẹo,482900.0,482900.0,2,0.0,,0.0,1,0.0,0,0,1,0,0.0,0,
Bò nướng tiêu đen Swing Max 108g,Gói,Bánh Snack,Bánh Kẹo,18893.333333333332,21600.0,30,0.4666666666666667,0.26851851851851855,0.1557699891186608,2,0.2685185185185185,1,0,1,14,14.0,0,
Bắp chiên bơ Hùng Cường gói 200g,Gói,Bánh Xốp - Bánh Quy,Bánh Kẹo,21900.0,21900.0,21,0.0,,0.0,1,0.0,0,0,1,0,0.0,0,
Chocolate Ferrero Rocher Collection,Hộp,Kẹo - Chocolate,Bánh Kẹo,255365.38461538462,349000.0,26,0.9615384615384616,0.27902578796561606,0.14150816050501774,4,0.3221601489757915,1,0,1,25,25.0,0,
Chuối sấy Vinamit gói 100g,Gói,Hạt - Trái Cây Sấy Khô,Bánh Kẹo,24800.0,24800.0,4,0.0,,0.0,1,0.0,0,0,1,0,0.0,0,
Chuối sấy Vinamit gói 250g,Gói,Hạt - Trái Cây Sấy Khô,Bánh Kẹo,58900.0,58900.0,21,0.0,,0.0,1,0.0,0,0,1,0,0.0,0,
Franzzi Bánh quy vị sô cô la phô mai115g,Gói,Kẹo - Chocolate,Bánh Kẹo,38900.0,38900.0,21,0.0,,0.0,1,0.0,0,0,1,0,0.0,0,
Funmore Kẹo Dẻo Burger Khổng Lồ 50g,Cái,Kẹo - Chocolate,Bánh Kẹo,31000.0,31000.0,20,0.0,,0.0,1,0.0,0,0,1,0,0.0,0,
Gum mini gumballs machine Zed Candy 35g,Cái,Kẹo - Chocolate,Bánh Kẹo,42600.0,42600.0,21,0.0,,0.0,1,0.0,0,0,1,0,0.0,0,
Hạnh nhân rang muối Minh Việt hộp 170g,Hộp,Hạt - Trái Cây Sấy Khô,Bánh Kẹo,99000.0,99000.0,17,0.0,,0.0,1,0.0,0,0,1,0,0.0,0,
Hạnh nhân rang muối Minh Việt hộp 500g,Hộp,Hạt - Trái Cây Sấy Khô,Bánh Kẹo,284300.0,284300.0,10,0.0,,0.0,1,0.0,0,0,1,0,0.0,0,
Hạt Macadamia Nữ Hoàng Hạt 250g,Hộp,Hạt - Trái Cây Sấy Khô,Bánh Kẹo,152400.0,152400.0,20,0.0,,0.0,1,0.0,0,0,1,0,0.0,0,
Hạt Mắc Ca Pam's 250g,Hộp,Bánh Xốp - Bánh Quy,Bánh Kẹo,126500.0,126500.0,18,0.0,,0.0,1,0.0,0,0,1,0,0.0,0,
Hạt bí rang Minh Việt gói 400g,Gói,Hạt - Trái Cây Sấy Khô,Bánh Kẹo,92417.85714285714,97700.0,28,0.6071428571428571,0.08904810644831115,0.04681912184389285,2,0.09775280898876404,1,0,1,17,17.0,0,
Hạt bí sạch Tân Việt 350g,Gói,Hạt - Trái Cây Sấy Khô,Bánh Kẹo,115000.0,115000.0,18,0.0,,0.0,1,0.0,0,0,1,0,0.0,0,
Hạt dẻ Tuấn Đạt 110g,Gói,Hạt - Trái Cây Sấy Khô,Bánh Kẹo,82000.0,82000.0,20,0.0,,0.0,1,0.0,0,0,1,0,0.0,0,
Hạt dẻ cười Minh Việt gói 150g,Gói,Hạt - Trái Cây Sấy Khô,Bánh Kẹo,89900.0,89900.0,21,0.0,,0.0,1,0.0,0,0,1,0,0.0,0,
Hạt dẻ cười Minh Việt gói 500g,Gói,Hạt - Trái Cây Sấy Khô,Bánh Kẹo,286900.0,286900.0,6,0.0,,0.0,1,0.0,0,0,1,0,0.0,0,
Hạt dẻ cười Pistachios Minh Việt 300g,Gói,Hạt - Trái Cây Sấy Khô,Bánh Kẹo,171900.0,171900.0,21,0.0,,0.0,1,0.0,0,0,1,0,0.0,0,
Hạt hướng dương Martin rang gói 200g,Gói,Hạt - Trái Cây Sấy Khô,Bánh Kẹo,63900.0,63900.0,21,0.0,,0.0,1,0.0,0,0,1,0,0.0,0,
Hạt hướng dương nguyên vị 130g,Gói,Hạt - Trái Cây Sấy Khô,Bánh Kẹo,24648.387096774193,29900.0,31,0.7096774193548387,0.24749163879598662,0.13852696991487665,2,0.3288888888888888,1,0,1,22,22.0,0,
Hạt hướng dương ngũ vị Cha Cheer gói 130g,Gói,Hạt - Trái Cây Sấy Khô,Bánh Kẹo,24894.117647058825,29900.0,34,0.6764705882352942,0.24749163879598662,0.14115582810887092,2,0.3288888888888888,1,0,1,23,23.0,0,
Hạt hướng dương vị dừa Cha Cheer gói 130g,Gói,Hạt - Trái Cây Sấy Khô,Bánh Kẹo,25863.636363636364,29900.0,22,0.5454545454545454,0.2474916387959866,0.1458182122426106,2,0.3288888888888888,1,0,1,12,12.0,0,
Hạt hạnh nhân Pam’s 250g,Gói,Hạt - Trái Cây Sấy Khô,Bánh Kẹo,143100.0,143100.0,20,0.0,,0.0,1,0.0,0,0,1,0,0.0,0,
Hạt hạnh nhân rang muối Minh Việt hộp 300g,Hộp,Hạt - Trái Cây Sấy Khô,Bánh Kẹo,171500.0,171500.0,14,0.0,,0.0,1,0.0,0,0,1,0,0.0,0,
Hạt sen sấy Vinamit gói 250g,Gói,Hạt - Trái Cây Sấy Khô,Bánh Kẹo,186000.0,186000.0,20,0.0,,0.0,1,0.0,0,0,1,0,0.0,0,
Hạt óc chó Pam's gói 250g,Gói,Hạt - Trái Cây Sấy Khô,Bánh Kẹo,171356.52173913043,171356.52173913043,23,0.0,,0.18523148197314293,2,0.7897782063645131,0,0,2,0,0.0,1,
Hạt điều lụa Cô Ba Bình Dương hộp 400g,Hộp,Hạt - Trái Cây Sấy Khô,Bánh Kẹo,197500.0,197500.0,15,0.0,,0.0,1,0.0,0,0,1,0,0.0,0,
Hạt điều lụa Tuấn Đạt hộp 200g,Hộp,Hạt - Trái Cây Sấy Khô,Bánh Kẹo,99873.91304347826,106800.0,23,0.391304347826087,0.16573033707865167,0.08843643245070212,2,0.19865319865319875,1,0,1,9,9.0,0,
Hạt điều lụa Tuấn Đạt hộp 450g,Hộp,Hạt - Trái Cây Sấy Khô,Bánh Kẹo,219000.0,219000.0,15,0.0,,0.0,1,0.0,0,0,1,0,0.0,0,
Hạt điều lụa rang muối Mỹ Linh 500g,Hộp,Hạt - Trái Cây Sấy Khô,Bánh Kẹo,236000.0,236000.0,28,0.0,,0.08187218500672,2,0.1875,0,0,2,0,0.0,1,
Hạt điều muối 150g,Hộp,Hạt - Trái Cây Sấy Khô,Bánh Kẹo,76024.13793103448,81000.0,29,0.4482758620689655,0.13703703703703704,0.07389671410213694,2,0.13703703703703707,1,0,1,13,13.0,0,
Hạt điều rang củi Hải Bình 250g,Hộp,Hạt - Trái Cây Sấy Khô,Bánh Kẹo,142500.0,142500.0,19,0.0,,0.0,1,0.0,0,0,1,0,0.0,0,
Hạt điều rang củi Hải Bình túi zip giấy 500g,Gói,Hạt - Trái Cây Sấy Khô,Bánh Kẹo,283200.0,283200.0,20,0.0,,0.0,1,0.0,0,0,1,0,0.0,0,
Hạt điều rang muối Minh Việt bóc vỏ 400g,Hộp,Hạt - Trái Cây Sấy Khô,Bánh Kẹo,244900.0,244900.0,12,0.0,,0.0,1,0.0,0,0,1,0,0.0,0,
Hạt điều rang muối Minh Việt bóc vỏ 500g,Gói,Hạt - Trái Cây Sấy Khô,Bánh Kẹo,291900.0,291900.0,21,0.0,,0.0,1,0.0,0,0,1,0,0.0,0,
Hạt điều rang muối Minh Việt có vỏ 150g,Hộp,Hạt - Trái Cây Sấy Khô,Bánh Kẹo,84500.0,84500.0,21,0.0,,0.0,1,0.0,0,0,1,0,0.0,0,
Hạt điều rang muối Minh Việt vỏ hạt to 400g,Hộp,Hạt - Trái Cây Sấy Khô,Bánh Kẹo,210000.0,210000.0,21,0.0,,0.0,1,0.0,0,0,1,0,0.0,0,
Hạt điều rang muối Tuấn Đạt hộp 300g,Hộp,Hạt - Trái Cây Sấy Khô,Bánh Kẹo,162000.0,162000.0,6,0.0,,0.0,1,0.0,0,0,1,0,0.0,0,
Hạt điều rang muối nguyên vỏ Minh Việt 500g,Gói,Hạt - Trái Cây Sấy Khô,Bánh Kẹo,253900.0,253900.0,21,0.0,,0.0,1,0.0,0,0,1,0,0.0,0,
HỘP TẾT lộc phú quý vàng 795.4g,Hộp,Bánh Xốp - Bánh Quy,Bánh Kẹo,141900.0,189000.0,9,1.0,0.2492063492063492,0.0,1,0.0,1,1,1,9,9.0,0,
Hộp Bánh Pocky Glico 118g,Hộp,Bánh Xốp - Bánh Quy,Bánh Kẹo,55368.96551724138,61700.0,29,0.6206896551724138,0.16531604538087522,0.09096793638129713,2,0.19805825242718456,1,0,1,18,18.0,0,
Hộp Sô Cô La Đen Trứng Mini 1 La Suissa,Hộp,Kẹo - Chocolate,Bánh Kẹo,231522.22222222222,308200.0,9,0.8888888888888888,0.2798913043478261,0.15379341286827133,3,0.22882882882882882,1,0,1,8,8.0,0,
Hộp Sô Cô La Đen Và Trắng Nhân Nougat Sperlari 165g,Hộp,Kẹo - Chocolate,Bánh Kẹo,227962.06896551725,267000.0,29,0.8275862068965517,0.1766697877652934,0.11879004099425704,4,0.435483870967742,1,0,1,17,12.0,0,
Hộp quà Tết An - Tân niên Vạn Sự Khởi Đầu An Orion 683.6g,Hộp,Bánh Xốp - Bánh Quy,Bánh Kẹo,149090.0,175900.0,20,0.9,0.1693512728191523,0.06260100330510797,3,0.21310344827586203,1,0,1,15,9.0,0,
Hộp quà Tết An 539.3g,Hộp,Bánh Xốp - Bánh Quy,Bánh Kẹo,102333.33333333333,129000.0,3,1.0,0.20671834625322996,0.05641859308041946,2,0.09174311926605505,1,1,1,3,3.0,0,
Hộp quà Tết Hamper 1 x 6H 727.2g,Hộp,Bánh Xốp - Bánh Quy,Bánh Kẹo,141900.0,189000.0,4,1.0,0.2492063492063492,0.0,1,0.0,1,1,1,4,4.0,0,
Kem đánh răng New Choice vị trái cây 450g,Gói,,,32500.0,32500.0,20,0.0,,0.0,1,0.0,0,0,1,0,0.0,0,
Khoai lang sấy Vinamit gói 250g,Gói,Hạt - Trái Cây Sấy Khô,Bánh Kẹo,72500.0,72500.0,18,0.0,,0.0,1,0.0,0,0,1,0,0.0,0,
Khoai tây LAY STAX vị tôm hùm nướng ngũ vị lon 160g,Lon,Bánh Snack,Bánh Kẹo,47136.36363636364,48000.0,22,0.09090909090909091,0.19791666666666666,0.05930298276004264,2,0.24675324675324672,1,0,1,2,2.0,0,
Khoai tây LAY'S vị tự nhiên classic 150g,Gói,Bánh Snack,Bánh Kẹo,33000.0,33000.0,20,0.0,,0.0,1,0.0,0,0,1,0,0.0,0,Lay'S
Khoai tây Lay's vị thăn bò nướng Texas 150g,Gói,Bánh Snack,Bánh Kẹo,33000.0,33000.0,20,0.0,,0.0,1,0.0,0,0,1,0,0.0,0,Lay'S
Khoai tây Lay's vị tảo biển Nori 150g,Gói,Bánh Snack,Bánh Kẹo,33000.0,33000.0,21,0.0,,0.0,1,0.0,0,0,1,0,0.0,0,Lay'S
Khoai tây Slide Original hộp 160g,Lon,Bánh Snack,Bánh Kẹo,44155.1724137931,48500.0,29,0.4827586206896552,0.18556701030927836,0.10365554926495404,2,0.2278481012658229,1,0,1,13,7.0,0,
Khoai tây vị Barbecue Slide lon 160g,Lon,Bánh Snack,Bánh Kẹo,44155.1724137931,48500.0,29,0.4827586206896552,0.18556701030927836,0.10365554926495404,2,0.2278481012658229,1,0,1,12,7.0,0,
Khoai tây vị tự nhiên Pringles lon 110g,Hộp,Bánh Snack,Bánh Kẹo,35030.232558139534,45500.0,43,0.8604651162790697,0.2674190674190674,0.1250911630546153,3,0.3999999999999999,1,0,1,23,18.5,0,Pringles
Khô bò miếng cay truyền thống Pichi gói 50g,Gói,Hạt - Trái Cây Sấy Khô,Bánh Kẹo,76900.0,76900.0,21,0.0,,0.0,1,0.0,0,0,1,0,0.0,0,
Kit Kat Pack Chunky Tết 114g,Hộp,Bánh Xốp - Bánh Quy,Bánh Kẹo,75379.31034482758,85000.0,29,0.6206896551724138,0.18235294117647058,0.1015392892127916,2,0.2230215827338129,1,0,1,18,18.0,0,
Kẹo Alpenliebe Hương Xoài Nhân Muối Ớt 223g,Gói,Kẹo - Chocolate,Bánh Kẹo,29500.0,35500.0,10,0.8,0.2112676056338028,0.10719585288706371,2,0.2678571428571428,1,0,1,8,8.0,0,
Kẹo Alpenliebe Hương Xoài Nhân Muối Ớt 87g,Gói,Kẹo - Chocolate,Bánh Kẹo,13400.0,16500.0,6,1.0,0.18787878787878787,0.035003102685249476,3,0.08000000000000007,1,1,1,6,6.0,0,
Kẹo Alpenliebe Sữa Caramen 34 viên,Hộp,Kẹo - Chocolate,Bánh Kẹo,27500.0,32300.0,5,1.0,0.14860681114551083,0.0,1,0.0,1,1,1,5,5.0,0,
Kẹo Apple Teddy Marsmallows 70g,Gói,Kẹo - Chocolate,Bánh Kẹo,17100.0,17100.0,9,0.0,,0.0,1,0.0,0,0,1,0,0.0,0,
Kẹo Arcor Sortidos BonOBon Chocolate 255g,Gói,Kẹo - Chocolate,Bánh Kẹo,217333.33333333334,273000.0,6,1.0,0.20390720390720393,0.02629820275994209,2,0.06113537117903933,1,1,1,6,6.0,0,
Kẹo Butter Toffees Arcor hộp 180g,Hộp,Kẹo - Chocolate,Bánh Kẹo,135650.0,151400.0,2,0.5,0.20805812417437253,0.16420098494195537,2,0.20805812417437253,1,0,1,1,1.0,0,
Kẹo Butter Toffees Griego 272g,Hộp,Kẹo - Chocolate,Bánh Kẹo,158240.0,183600.0,5,0.8,0.17265795206971676,0.0895896800894127,2,0.1726579520697168,1,0,1,4,4.0,0,
Kẹo Butter Toffees sữa Arcor hộp 300g,Hộp,Kẹo - Chocolate,Bánh Kẹo,117675.0,136500.0,4,1.0,0.1379120879120879,0.030167835139154452,2,0.05772357723577237,1,1,1,4,4.0,0,
Kẹo Chew GoodMilk sữa 140g,Gói,Kẹo - Chocolate,Bánh Kẹo,16100.0,16100.0,4,0.0,,0.0,1,0.0,0,0,1,0,0.0,0,
Kẹo Chobisca Đức Hạnh (kg),0.5KG,Kẹo - Chocolate,Bánh Kẹo,86358.33333333333,90900.0,36,0.4166666666666667,0.11991199119911991,0.06310913828042074,2,0.13624999999999998,1,0,1,15,15.0,0,
Kẹo Hương Dâu Kem 119/115.5g,Gói,Kẹo - Chocolate,Bánh Kẹo,14629.032258064517,16500.0,31,0.6129032258064516,0.1850079744816587,0.10403171969396781,3,0.22222222222222232,1,0,1,19,19.0,0,
Kẹo Hương bạc hà lục Tic Tac 14.5g,Hộp,Kẹo - Chocolate,Bánh Kẹo,14900.0,14900.0,20,0.0,,0.0,1,0.0,0,0,1,0,0.0,0,
Kẹo Hải hà Jelly Chip Chip 450g,Gói,Kẹo - Chocolate,Bánh Kẹo,50200.0,50200.0,26,0.0,,0.0,1,0.0,0,0,1,0,0.0,0,
Kẹo Họng Orion vị gừng mật ong 87.5g,Gói,Kẹo - Chocolate,Bánh Kẹo,16200.0,16200.0,21,0.0,,0.0,1,0.0,0,0,1,0,0.0,0,
Kẹo Lot 100 loại 225g,Hộp,Kẹo - Chocolate,Bánh Kẹo,72000.0,81900.0,3,1.0,0.12087912087912088,0.0,1,0.0,1,1,1,3,3.0,0,
Kẹo Marsmallows Fluffy Jelly 70g,Gói,Kẹo - Chocolate,Bánh Kẹo,17300.0,17300.0,20,0.0,,0.0,1,0.0,0,0,1,0,0.0,0,
Kẹo Marsmallows snow white mega 120g,Gói,Kẹo - Chocolate,Bánh Kẹo,30100.0,30100.0,14,0.0,,0.0,1,0.0,0,0,1,0,0.0,0,
Kẹo Mega Marshmallows CorNichE 120g,Gói,Kẹo - Chocolate,Bánh Kẹo,30100.0,30100.0,20,0.0,,0.0,1,0.0,0,0,1,0,0.0,0,
Kẹo Playmore dẻo cuộn vị Dâu 21g,Gói,Kẹo - Chocolate,Bánh Kẹo,15900.0,15900.0,16,0.0,,0.0,1,0.0,0,0,1,0,0.0,0,
Kẹo Popit Doraemon Phạm Nguyên,Gói,Kẹo - Chocolate,Bánh Kẹo,50000.0,50000.0,14,0.0,,0.0,1,0.0,0,0,1,0,0.0,0,
Kẹo Relkon cây quạt và con dấu Shimmer&shine,Cái,Kẹo - Chocolate,Bánh Kẹo,117000.0,117000.0,21,0.0,,0.0,1,0.0,0,0,1,0,0.0,0,
Kẹo Relkon trứng đồ chơi Justice League,Cái,Kẹo - Chocolate,Bánh Kẹo,31000.0,31000.0,21,0.0,,0.0,1,0.0,0,0,1,0,0.0,0,
Kẹo Sing-gum không đường Số 5 Bạc Hà 32g,Hộp,Kẹo - Chocolate,Bánh Kẹo,29400.0,29400.0,16,0.0,,0.0,1,0.0,0,0,1,0,0.0,0,
Kẹo Socola Ferrero Rocher 375g,Hộp,Kẹo - Chocolate,Bánh Kẹo,351870.96774193546,448000.0,31,0.8387096774193549,0.25583791208791207,0.18626921814632988,3,0.6842105263157894,1,0,1,25,13.0,0,
Kẹo Socola Snickers Túi 3 thanh 51g,Hộp,Kẹo - Chocolate,Bánh Kẹo,57223.529411764706,69264.70588235294,34,0.8529411764705882,0.2060911150264284,0.13680637610628638,4,0.25208681135225386,1,0,2,29,29.0,1,
Kẹo Socola hạnh nhân Nga Ivan 400g,Gói,Kẹo - Chocolate,Bánh Kẹo,258000.0,258000.0,20,0.0,,0.0,1,0.0,0,0,1,0,0.0,0,
Kẹo Storch socola sữa hỗn hợp Merci 250g,Hộp,Kẹo - Chocolate,Bánh Kẹo,198000.0,198000.0,21,0.0,,0.0,1,0.0,0,0,1,0,0.0,0,
Kẹo Sô cô la hạnh nhân Ferrero Raffaello 230g,Hộp,Kẹo - Chocolate,Bánh Kẹo,258900.0,280100.0,3,1.0,0.07568725455194573,0.0,1,0.0,1,1,1,3,3.0,0,
Kẹo Trứng Playmore Socola Sữa 20g,Cái,Kẹo - Chocolate,Bánh Kẹo,28000.0,28000.0,21,0.0,,0.0,1,0.0,0,0,1,0,0.0,0,
Kẹo búp bê Relkon Hello Kitty,Cái,Kẹo - Chocolate,Bánh Kẹo,37000.0,37000.0,21,0.0,,0.0,1,0.0,0,0,1,0,0.0,0,
Kẹo bơm PLaymore bong bóng 100g,Cái,Kẹo - Chocolate,Bánh Kẹo,63200.0,63200.0,21,0.0,,0.0,1,0.0,0,0,1,0,0.0,0,
Kẹo bạc hà Lotte Anytime gói 60g,Gói,Kẹo - Chocolate,Bánh Kẹo,32000.0,32000.0,23,0.0,,0.0,1,0.0,0,0,1,0,0.0,0,
Kẹo chanh muối Kheesan gói 150g,Gói,Kẹo - Chocolate,Bánh Kẹo,21500.0,21500.0,20,0.0,,0.0,1,0.0,0,0,1,0,0.0,0,
Kẹo cà phê Coffeeshot Kopiko gói 150g,Gói,Kẹo - Chocolate,Bánh Kẹo,15363.636363636364,17000.0,33,0.5454545454545454,0.17647058823529413,0.09873637039032686,2,0.2142857142857142,1,0,1,18,18.0,0,
Kẹo cây quạt và con dấu Relkon Hello Kitty,Cái,Kẹo - Chocolate,Bánh Kẹo,125000.0,125000.0,20,0.0,,0.0,1,0.0,0,0,1,0,0.0,0,
Kẹo cứng phát tài thỏi vàng Bibica 68g,Hộp,Kẹo - Chocolate,Bánh Kẹo,34900.0,62000.0,7,1.0,0.43709677419354837,0.0,1,0.0,1,1,1,7,7.0,0,
Kẹo dẻo Boom mix gói 200g,Gói,Kẹo - Chocolate,Bánh Kẹo,43966.666666666664,49900.0,3,0.6666666666666666,0.17835671342685372,0.11687075198910545,2,0.17835671342685366,1,0,1,2,2.0,0,
Kẹo dẻo Boom vị dâu 91gT40,Gói,Kẹo - Chocolate,Bánh Kẹo,20400.0,20400.0,21,0.0,,0.0,1,0.0,0,0,1,0,0.0,0,
Kẹo dẻo Boom vị nho 91g,Gói,Kẹo - Chocolate,Bánh Kẹo,20400.0,20400.0,21,0.0,,0.0,1,0.0,0,0,1,0,0.0,0,
Kẹo dẻo Boom vị xoài lắc muối ớt 50g,Gói,Kẹo - Chocolate,Bánh Kẹo,12900.0,12900.0,21,0.0,,0.0,1,0.0,0,0,1,0,0.0,0,
Kẹo dẻo Boom vị đào gói 91g,Gói,Kẹo - Chocolate,Bánh Kẹo,20900.0,20900.0,20,0.0,,0.0,1,0.0,0,0,1,0,0.0,0,
Kẹo dẻo Cola Chupa Chups gói 90g,Gói,Kẹo - Chocolate,Bánh Kẹo,22991.304347826088,24400.0,23,0.391304347826087,0.14754098360655737,0.07813559154690165,2,0.17307692307692313,1,0,1,9,9.0,0,
Kẹo dẻo DIY tự làm thế giới đại dương 32g,Hộp,Kẹo - Chocolate,Bánh Kẹo,40000.0,40000.0,20,0.0,,0.0,1,0.0,0,0,1,0,0.0,0,
Kẹo dẻo Goldbears Haribo gói 80g,Gói,Kẹo - Chocolate,Bánh Kẹo,28500.0,28500.0,28,0.0,,0.0,1,0.0,0,0,1,0,0.0,0,
Kẹo dẻo Happy Cola Haribo gói 80g,Gói,Kẹo - Chocolate,Bánh Kẹo,28500.0,28500.0,27,0.0,,0.0,1,0.0,0,0,1,0,0.0,0,
Kẹo dẻo Happy Grapes Haribo gói 80g,Gói,Kẹo - Chocolate,Bánh Kẹo,28800.0,28800.0,21,0.0,,0.0,1,0.0,0,0,1,0,0.0,0,
Kẹo dẻo Haribo Fruity Basket 80g,Gói,Kẹo - Chocolate,Bánh Kẹo,28800.0,28800.0,26,0.0,,0.0,1,0.0,0,0,1,0,0.0,0,
Kẹo dẻo Haribo Happy Cola gói 160g,Gói,Kẹo - Chocolate,Bánh Kẹo,52500.0,52500.0,27,0.0,,0.0,1,0.0,0,0,1,0,0.0,0,
Kẹo dẻo Haribo Happy Worm Sour gói 80g,Gói,Kẹo - Chocolate,Bánh Kẹo,28800.0,28800.0,21,0.0,,0.0,1,0.0,0,0,1,0,0.0,0,
Kẹo dẻo LOT 100 tổng hợp 320g,Gói,Kẹo - Chocolate,Bánh Kẹo,91800.0,91800.0,9,0.0,,0.0,1,0.0,0,0,1,0,0.0,0,
Kẹo dẻo Lot 100 hương xoài 150g,Gói,Kẹo - Chocolate,Bánh Kẹo,46500.0,46500.0,25,0.0,,0.0,1,0.0,0,0,1,0,0.0,0,
Kẹo dẻo PLAYMORE hình trứng chiên gói 48g,Gói,Kẹo - Chocolate,Bánh Kẹo,30500.0,30500.0,20,0.0,,0.0,1,0.0,0,0,1,0,0.0,0,
Kẹo dẻo Panda Bear Chupa Chups 160g,Gói,Kẹo - Chocolate,Bánh Kẹo,35500.0,35500.0,1,0.0,,,1,0.0,0,0,1,0,0.0,0,
Kẹo dẻo Playmore cuộn vị cola 21g,Gói,Kẹo - Chocolate,Bánh Kẹo,15000.0,15000.0,16,0.0,,0.0,1,0.0,0,0,1,0,0.0,0,
Kẹo dẻo Playmore mì jajang 60g,Hộp,Kẹo - Chocolate,Bánh Kẹo,38500.0,38500.0,21,0.0,,0.0,1,0.0,0,0,1,0,0.0,0,
Kẹo dẻo Starmix Haribo gói 160g,Gói,Kẹo - Chocolate,Bánh Kẹo,52500.0,52500.0,17,0.0,,0.0,1,0.0,0,0,1,0,0.0,0,
"Kẹo dẻo Vị Đào Boom 52,5g",Gói,Kẹo - Chocolate,Bánh Kẹo,12700.0,12700.0,21,0.0,,0.0,1,0.0,0,0,1,0,0.0,0,
Kẹo dẻo Worms Haribo gói 80g,Gói,Kẹo - Chocolate,Bánh Kẹo,28800.0,28800.0,21,0.0,,0.0,1,0.0,0,0,1,0,0.0,0,
Kẹo dẻo Yubi Frankurter 96g/90g,Gói,Kẹo - Chocolate,Bánh Kẹo,33400.0,33400.0,26,0.0,,0.0,1,0.0,0,0,1,0,0.0,0,
Kẹo dẻo burger Yubi gói 96g/90g,Gói,Kẹo - Chocolate,Bánh Kẹo,33200.0,33200.0,10,0.0,,0.0,1,0.0,0,0,1,0,0.0,0,
Kẹo dẻo chupa chups bites gói 90g,Gói,Kẹo - Chocolate,Bánh Kẹo,24400.0,24400.0,20,0.0,,0.0,1,0.0,0,0,1,0,0.0,0,
Kẹo dẻo gấu Panda Chupa Chups hương trái cây hỗn hợp gói 90g,Gói,Kẹo - Chocolate,Bánh Kẹo,21729.62962962963,23800.0,27,0.48148148148148145,0.18067226890756302,0.100758865629675,2,0.18067226890756305,1,0,1,13,13.0,0,
Kẹo dẻo hương trái cây Chupa Chups 8g,Cái,Kẹo - Chocolate,Bánh Kẹo,2600.0,2600.0,18,0.0,,0.0,1,0.0,0,0,1,0,0.0,0,
Kẹo dẻo hương trái cây Chupa Chups gói 56g,Gói,Kẹo - Chocolate,Bánh Kẹo,14300.0,14300.0,16,0.0,,0.0,1,0.0,0,0,1,0,0.0,0,
Kẹo dẻo jelly Jongkol Mashmalow xiên que gói 300g,Gói,Kẹo - Chocolate,Bánh Kẹo,96000.0,96000.0,20,0.0,,0.0,1,0.0,0,0,1,0,0.0,0,
Kẹo dẻo trái cây Haribo Goldbears gói 160g,Gói,Kẹo - Chocolate,Bánh Kẹo,52500.0,52500.0,28,0.0,,0.0,1,0.0,0,0,1,0,0.0,0,
Kẹo dẻo trái cây Trolli Mini Berger 50g,Cái,Kẹo - Chocolate,Bánh Kẹo,36300.0,36300.0,21,0.0,,0.0,1,0.0,0,0,1,0,0.0,0,
Kẹo dẻo vị nho Boom 52.5g,Gói,Kẹo - Chocolate,Bánh Kẹo,12500.0,12500.0,21,0.0,,0.0,1,0.0,0,0,1,0,0.0,0,
Kẹo dẻo vị trái cây Goldbears Haribo gói 200g,Gói,Kẹo - Chocolate,Bánh Kẹo,73969.56521739131,79800.0,23,0.391304347826087,0.18671679197994986,0.10051785596456037,2,0.22958397534668729,1,0,1,9,9.0,0,
Kẹo dẻo xếp hình Playmore 64g,Gói,Kẹo - Chocolate,Bánh Kẹo,34000.0,34000.0,15,0.0,,0.0,1,0.0,0,0,1,0,0.0,0,
Kẹo dẻo xếp hình sữa chua Playmore 64g,Gói,Kẹo - Chocolate,Bánh Kẹo,33000.0,33000.0,15,0.0,,0.0,1,0.0,0,0,1,0,0.0,0,
Kẹo dừa hạnh nhân Ferrero Confett 150g,Hộp,Kẹo - Chocolate,Bánh Kẹo,165602.9411764706,225000.0,34,0.8529411764705882,0.30950191570881225,0.2124892017259767,3,0.8907563025210083,1,0,1,28,14.5,0,
Kẹo gum Xylitol Fresh Mint hũ 58g,Hộp,Kẹo - Chocolate,Bánh Kẹo,28800.0,28800.0,26,0.0,,0.0,1,0.0,0,0,1,0,0.0,0,
Kẹo gum hương bạc hà Doublemint hộp 58.4g,Hộp,Kẹo - Chocolate,Bánh Kẹo,31000.0,31000.0,26,0.0,,0.0,1,0.0,0,0,1,0,0.0,0,
Kẹo gum không đường Xylitol Cool Lotte hộp 145g,Hộp,Kẹo - Chocolate,Bánh Kẹo,58600.0,58600.0,21,0.0,,0.0,1,0.0,0,0,1,0,0.0,0,
Kẹo gum không đường Xylitol Cool Lotte hộp 58g,Hộp,Kẹo - Chocolate,Bánh Kẹo,28800.0,28800.0,21,0.0,,0.0,1,0.0,0,0,1,0,0.0,0,
Kẹo gum không đường hương Bạc Hà Xylitol hộp 145g,Hộp,Kẹo - Chocolate,Bánh Kẹo,58600.0,58600.0,22,0.0,,0.0,1,0.0,0,0,1,0,0.0,0,
Kẹo gum không đường hương Chanh Bạc Hà Xylitol Lotte hộp 58g,Hộp,Kẹo - Chocolate,Bánh Kẹo,28800.0,28800.0,26,0.0,,0.0,1,0.0,0,0,1,0,0.0,0,
Kẹo gum không đường hương Chanh Bạc Hà Xylitol hộp 145g,Hộp,Kẹo - Chocolate,Bánh Kẹo,58600.0,58600.0,26,0.0,,0.0,1,0.0,0,0,1,0,0.0,0,
Kẹo gum không đường hương Dâu Bạc Hà Xylitol hộp 58g,Hộp,Kẹo - Chocolate,Bánh Kẹo,28800.0,28800.0,26,0.0,,0.0,1,0.0,0,0,1,0,0.0,0,
Kẹo gum không đường hương Việt Quất Xylitol hộp 145g,Hộp,Kẹo - Chocolate,Bánh Kẹo,58600.0,58600.0,26,0.0,,0.0,1,0.0,0,0,1,0,0.0,0,
Kẹo gum không đường hương Việt Quất Xylitol hộp 58g,Hộp,Kẹo - Chocolate,Bánh Kẹo,28800.0,28800.0,25,0.0,,0.0,1,0.0,0,0,1,0,0.0,0,
Kẹo gừng Ginberbon 125g,Gói,Kẹo - Chocolate,Bánh Kẹo,20200.0,21800.0,29,0.5517241379310345,0.13302752293577982,0.07266081775978116,2,0.1534391534391535,1,0,1,16,16.0,0,
Kẹo hương bạc hà Dynamite socola Bigbang 120g,Gói,Kẹo - Chocolate,Bánh Kẹo,13625.0,14000.0,24,0.08333333333333333,0.32142857142857145,0.09324655638824805,2,0.4736842105263157,1,0,1,2,2.0,0,
Kẹo hương bạc hà nhân socola Dynamite BigBang gói 330g,Gói,Kẹo - Chocolate,Bánh Kẹo,32300.0,32300.0,24,0.0,,0.0,1,0.0,0,0,1,0,0.0,0,
Kẹo hương xoài Lot 100 320g,Gói,Kẹo - Chocolate,Bánh Kẹo,91800.0,91800.0,13,0.0,,0.0,1,0.0,0,0,1,0,0.0,0,
Kẹo họng vị Việt Quất mật ong 87.5g,Gói,Kẹo - Chocolate,Bánh Kẹo,16200.0,16200.0,19,0.0,,0.0,1,0.0,0,0,1,0,0.0,0,
Kẹo hộp nhựa trụ tròn Michoco 350g,Hộp,Kẹo - Chocolate,Bánh Kẹo,119100.0,119100.0,1,0.0,,,1,0.0,0,0,1,0,0.0,0,
Kẹo lồng Playmore cún cảnh gói 8g,Cái,Kẹo - Chocolate,Bánh Kẹo,61900.0,61900.0,21,0.0,,0.0,1,0.0,0,0,1,0,0.0,0,
Kẹo mút Chuppa Chups còi thổi 15g,Gói,Kẹo - Chocolate,Bánh Kẹo,28000.0,28000.0,21,0.0,,0.0,1,0.0,0,0,1,0,0.0,0,
Kẹo mút Sukusuku hương trái cây 72g,Gói,Kẹo - Chocolate,Bánh Kẹo,19500.0,19500.0,20,0.0,,0.0,1,0.0,0,0,1,0,0.0,0,
Kẹo mút sắc màu Chupa Chups 100/39g,Gói,Kẹo - Chocolate,Bánh Kẹo,12600.0,12600.0,23,0.0,,0.0,1,0.0,0,0,1,0,0.0,0,
Kẹo mút trái cây Chupa Chups 100g,Gói,Kẹo - Chocolate,Bánh Kẹo,12600.0,12600.0,17,0.0,,0.0,1,0.0,0,0,1,0,0.0,0,
Kẹo mút trái cây khổng lồ Phương Hiền gói 90g,Cái,Kẹo - Chocolate,Bánh Kẹo,51700.0,51700.0,21,0.0,,0.0,1,0.0,0,0,1,0,0.0,0,
"Kẹo mềm Alpenlibe hương dâu 2chew gói 73,5g",Gói,Kẹo - Chocolate,Bánh Kẹo,16100.0,16100.0,21,0.0,,0.0,1,0.0,0,0,1,0,0.0,0,
"Kẹo mềm Alpenlibe hương nho 2chew gói 73,5g",Gói,Kẹo - Chocolate,Bánh Kẹo,16100.0,16100.0,21,0.0,,0.0,1,0.0,0,0,1,0,0.0,0,
"Kẹo mềm Alpenliebe hương trái cây 87,5g",Gói,Kẹo - Chocolate,Bánh Kẹo,16500.0,16500.0,21,0.0,,0.0,1,0.0,0,0,1,0,0.0,0,
Kẹo mềm hương trái cây Sugus gói 210g,Gói,Kẹo - Chocolate,Bánh Kẹo,41778.04878048781,56000.0,41,0.8536585365853658,0.2975,0.17105838557037467,3,0.5598885793871866,1,0,1,21,17.5,0,
"Kẹo ngậm Doublemin hương Chanh tuýp 23,8g",Tuýp,Kẹo - Chocolate,Bánh Kẹo,30500.0,32500.0,27,0.3333333333333333,0.18461538461538463,0.09450186126201865,2,0.2264150943396226,1,0,1,9,9.0,0,
"Kẹo ngậm Doublemin hương Spearmint tuýp 23,8g",Tuýp,Kẹo - Chocolate,Bánh Kẹo,30423.076923076922,32500.0,26,0.34615384615384615,0.18461538461538463,0.09568352180766511,2,0.2264150943396226,1,0,1,9,9.0,0,
"Kẹo ngậm Doublemin hương cam bạc hà tuýp 23,8g",Tuýp,Kẹo - Chocolate,Bánh Kẹo,30500.0,32500.0,27,0.3333333333333333,0.18461538461538463,0.09450186126201865,2,0.2264150943396226,1,0,1,9,9.0,0,
Kẹo ngậm Mentos không đường bạc hà 35g,Hộp,Kẹo - Chocolate,Bánh Kẹo,36800.0,36800.0,21,0.0,,0.0,1,0.0,0,0,1,0,0.0,0,
Kẹo ngậm Mentos không đường chanh bạc hà 35g,Hộp,Kẹo - Chocolate,Bánh Kẹo,37200.0,37200.0,21,0.0,,0.0,1,0.0,0,0,1,0,0.0,0,
Kẹo ngậm hương Spearmint Pure Fresh với trà xanh Mentos hộp 35g,Lọ,Kẹo - Chocolate,Bánh Kẹo,36800.0,36800.0,21,0.0,,0.0,1,0.0,0,0,1,0,0.0,0,
Kẹo ngậm không đường trà xanh Mentos lọ H35g,Lọ,Kẹo - Chocolate,Bánh Kẹo,36800.0,36800.0,21,0.0,,0.0,1,0.0,0,0,1,0,0.0,0,
Kẹo nhai socola hương bạc hà Dynamite Jack'n Jill gói 125g,Gói,Kẹo - Chocolate,Bánh Kẹo,15819.354838709678,17400.0,31,0.45161290322580644,0.20114942528735633,0.11192478812345652,2,0.20114942528735635,1,0,1,14,14.0,0,
Kẹo nổ Striking hương đào 15g,Gói,Kẹo - Chocolate,Bánh Kẹo,25000.0,25000.0,19,0.0,,0.0,1,0.0,0,0,1,0,0.0,0,
"Kẹo sing gum hương bạc hà và khuynh diệp CooL Air Wrigley's hộp 58,4g",Lọ,Kẹo - Chocolate,Bánh Kẹo,29334.782608695652,30900.0,23,0.391304347826087,0.12944983818770225,0.06804357625611644,2,0.14869888475836435,1,0,1,9,9.0,0,
Kẹo socola Snickers 240g,Gói,Kẹo - Chocolate,Bánh Kẹo,92597.72727272728,129000.0,44,0.8409090909090909,0.33557510999371465,0.2190717766426896,4,0.72,1,0,1,23,18.5,0,
Kẹo socola Snickers gói 51g,Cái,Kẹo - Chocolate,Bánh Kẹo,25000.0,25000.0,24,0.0,,0.039825707231909126,2,0.09795918367346945,0,0,2,0,0.0,1,
Kẹo socola nhân đậu phộng M&M's gói 100g,Gói,Kẹo - Chocolate,Bánh Kẹo,55857.142857142855,63000.0,35,0.5714285714285714,0.1984126984126984,0.11236173646975821,2,0.24752475247524752,1,0,1,20,20.0,0,
Kẹo sô cô la Snickers gói 35g,Cái,Kẹo - Chocolate,Bánh Kẹo,17980.645161290322,19703.225806451614,31,0.45161290322580644,0.18733667247386762,0.07596359293582775,2,0.140625,1,0,2,14,14.0,1,
Kẹo sô cô la sữa Meiji hộp 120g,Hộp,Kẹo - Chocolate,Bánh Kẹo,145500.0,145500.0,23,0.0,,0.0,1,0.0,0,0,1,0,0.0,0,
Kẹo sữa caramen Alpenliebe gói 120g,Gói,Kẹo - Chocolate,Bánh Kẹo,15214.285714285714,16500.0,14,0.42857142857142855,0.1818181818181818,0.1012638911856808,2,0.22222222222222232,1,0,1,6,6.0,0,
Kẹo the PLAYMORE siêu mát lạnh 22g,Hộp,Kẹo - Chocolate,Bánh Kẹo,34000.0,34000.0,21,0.0,,0.0,1,0.0,0,0,1,0,0.0,0,
Kẹo the Playmore vị chanh muối 22g,Hộp,Kẹo - Chocolate,Bánh Kẹo,34000.0,34000.0,16,0.0,,0.0,1,0.0,0,0,1,0,0.0,0,
Kẹo the Playmore vị nho hũ 22g,Hộp,Kẹo - Chocolate,Bánh Kẹo,34000.0,34000.0,21,0.0,,0.0,1,0.0,0,0,1,0,0.0,0,
Kẹo the Playmore vị đào Sakura 22g,Hộp,Kẹo - Chocolate,Bánh Kẹo,34000.0,34000.0,21,0.0,,0.0,1,0.0,0,0,1,0,0.0,0,
Kẹo the vị cookie dâu Playmore 22g,Hộp,Kẹo - Chocolate,Bánh Kẹo,34000.0,34000.0,21,0.0,,0.0,1,0.0,0,0,1,0,0.0,0,
Kẹo the vị dưa hấu Playmore hũ 22g,Hộp,Kẹo - Chocolate,Bánh Kẹo,34000.0,34000.0,18,0.0,,0.0,1,0.0,0,0,1,0,0.0,0,
Kẹo the vị táo xanh Playmore hũ 22g,Hộp,Kẹo - Chocolate,Bánh Kẹo,34000.0,34000.0,18,0.0,,0.0,1,0.0,0,0,1,0,0.0,0,
Kẹo thảo mộc Ricola Chanh & Bạc Hà 40g,Hộp,Kẹo - Chocolate,Bánh Kẹo,36793.10344827586,40800.0,29,0.4827586206896552,0.2034313725490196,0.11472110027286483,2,0.20343137254901966,1,0,1,14,14.0,0,
Kẹo thảo mộc Ricola trái cây Cranberry 40g,Hộp,Kẹo - Chocolate,Bánh Kẹo,36793.10344827586,40800.0,29,0.4827586206896552,0.2034313725490196,0.11472110027286483,2,0.20343137254901966,1,0,1,14,14.0,0,
Kẹo trái cây Popop quả 100g,Qủa,Kẹo - Chocolate,Bánh Kẹo,48500.0,48500.0,23,0.0,,0.0,1,0.0,0,0,1,0,0.0,0,
Kẹo trái cây Skittles 100g,Hộp,Kẹo - Chocolate,Bánh Kẹo,49485.71428571428,51414.28571428572,21,0.42857142857142855,0.08823529411764706,0.057035873342979646,3,0.1591397849462366,1,0,2,9,9.0,1,
Kẹo trái cây Starmix gói 80g,Gói,Kẹo - Chocolate,Bánh Kẹo,28500.0,28500.0,21,0.0,,0.0,1,0.0,0,0,1,0,0.0,0,
Kẹo trái tim Relkon đồ chơi Hello Kitty,Cái,Kẹo - Chocolate,Bánh Kẹo,31000.0,31000.0,21,0.0,,0.0,1,0.0,0,0,1,0,0.0,0,
Kẹo trứng Pop It 15g,Cái,Kẹo - Chocolate,Bánh Kẹo,11000.0,11000.0,15,0.0,,0.0,1,0.0,0,0,1,0,0.0,0,
Kẹo tứ vị Tuấn Đạt hộp 450g,Hộp,Kẹo - Chocolate,Bánh Kẹo,120257.14285714286,133400.0,7,0.7142857142857143,0.13793103448275862,0.07465902197420472,2,0.15999999999999992,1,0,1,5,5.0,0,
Kẹo tự làm DIY socola - hình thú hộp 42g,Hộp,Kẹo - Chocolate,Bánh Kẹo,40000.0,40000.0,21,0.0,,0.0,1,0.0,0,0,1,0,0.0,0,
Kẹo xí muội Playmore hũ 22g,Hộp,Kẹo - Chocolate,Bánh Kẹo,34000.0,34000.0,18,0.0,,0.0,1,0.0,0,0,1,0,0.0,0,
Kẹo xương cá và lồng mèo Playmore 8g,Cái,Kẹo - Chocolate,Bánh Kẹo,62000.0,62000.0,21,0.0,,0.0,1,0.0,0,0,1,0,0.0,0,
Kẹo xốp Haribo C.Pink & White 70g,Gói,Kẹo - Chocolate,Bánh Kẹo,28800.0,28800.0,20,0.0,,0.0,1,0.0,0,0,1,0,0.0,0,
Kẹo đậu phộng hạnh nhân socola KDV 180g,Gói,Kẹo - Chocolate,Bánh Kẹo,62500.0,62500.0,21,0.0,,0.0,1,0.0,0,0,1,0,0.0,0,
Kẹo đậu phộng hạnh nhân socola KDV 500g,Gói,Kẹo - Chocolate,Bánh Kẹo,157800.0,159000.0,20,0.05,0.1509433962264151,0.034008638441061445,2,0.1777777777777778,1,0,1,1,1.0,0,
Kẹoo Kopiko Capuchiano Coffếhot 140g,Gói,Bánh Xốp - Bánh Quy,Bánh Kẹo,15363.636363636364,17000.0,33,0.5454545454545454,0.17647058823529413,0.09873637039032686,2,0.2142857142857142,1,0,1,18,18.0,0,
Lambertz Luxury hộp thiếc hộp 420g,Hộp,Bánh Xốp - Bánh Quy,Bánh Kẹo,292911.1111111111,315000.0,27,0.6296296296296297,0.11137254901960784,0.058940137591763364,3,0.12540192926045024,1,0,1,17,17.0,0,
Lay’s Stax Vị Thịt Nướng 100g,Lọ,Bánh Xốp - Bánh Quy,Bánh Kẹo,35000.0,35000.0,20,0.0,,0.0,1,0.0,0,0,1,0,0.0,0,
Lộc Xuân An Khang hộp 400g,Hộp,Bánh Xốp - Bánh Quy,Bánh Kẹo,129965.5172413793,154000.0,29,0.5862068965517241,0.2662337662337662,0.15812217745682464,2,0.36283185840707954,1,0,1,17,17.0,0,
Lộc Xuân Phú Quý 794g,Hộp,Bánh Xốp - Bánh Quy,Bánh Kẹo,177290.32258064515,208000.0,31,0.5483870967741935,0.2692307692307692,0.15979014875034375,2,0.368421052631579,1,0,1,17,17.0,0,
Macca Minh Việt 300g,Gói,Hạt - Trái Cây Sấy Khô,Bánh Kẹo,147100.0,147100.0,18,0.0,,0.0,1,0.0,0,0,1,0,0.0,0,
Me thái cay ngọt FITO hộp 100g,Gói,Bánh Xốp - Bánh Quy,Bánh Kẹo,30000.0,30000.0,21,0.0,,0.0,1,0.0,0,0,1,0,0.0,0,
Me thái ngọt Fito hộp 200g,Hộp,Bánh Xốp - Bánh Quy,Bánh Kẹo,46900.0,46900.0,21,0.0,,0.0,1,0.0,0,0,1,0,0.0,0,
Mít sấy Dann gói 100g,Gói,Hạt - Trái Cây Sấy Khô,Bánh Kẹo,40300.0,40300.0,21,0.0,,0.0,1,0.0,0,0,1,0,0.0,0,
Mít sấy Vinamit gói 100g,Gói,Hạt - Trái Cây Sấy Khô,Bánh Kẹo,41368.96551724138,45000.0,29,0.4482758620689655,0.18,0.09909779946532797,2,0.18000000000000005,1,0,1,13,13.0,0,
Mít sấy Vinamit gói 150g,Gói,Hạt - Trái Cây Sấy Khô,Bánh Kẹo,64400.0,64400.0,7,0.0,,0.0,1,0.0,0,0,1,0,0.0,0,
Mít sấy WinMart Good 100g,Gói,Hạt - Trái Cây Sấy Khô,Bánh Kẹo,31200.0,31200.0,20,0.0,,0.0,1,0.0,0,0,1,0,0.0,0,
Mít sấy WinMart Good gói 150g,Gói,Hạt - Trái Cây Sấy Khô,Bánh Kẹo,45400.0,45400.0,9,0.0,,0.0,1,0.0,0,0,1,0,0.0,0,
Mít sấy gói Vinamit 250g,Gói,Hạt - Trái Cây Sấy Khô,Bánh Kẹo,105600.0,105600.0,21,0.0,,0.0,1,0.0,0,0,1,0,0.0,0,
Mứt thập cẩm quai xách Bảo Minh 250g,Hộp,Hạt - Trái Cây Sấy Khô,Bánh Kẹo,86000.0,86000.0,1,0.0,,,1,0.0,0,0,1,0,0.0,0,
Mật ong Devie Granola vanilla 300g,Lọ,Bánh Xốp - Bánh Quy,Bánh Kẹo,129000.0,129000.0,15,0.0,,0.0,1,0.0,0,0,1,0,0.0,0,
Mứt Gừng Bảo Minh 180g,Hộp,Hạt - Trái Cây Sấy Khô,Bánh Kẹo,88000.0,88000.0,14,0.0,,0.0,1,0.0,0,0,1,0,0.0,0,
Mứt thập cẩm hộp mica Bảo Minh 500g,Hộp,Hạt - Trái Cây Sấy Khô,Bánh Kẹo,276500.0,276500.0,10,0.0,,0.0,1,0.0,0,0,1,0,0.0,0,
Mực tẩm gia vị Thái Bento gói 24g,Gói,Bánh Snack,Bánh Kẹo,29500.0,29500.0,35,0.0,,0.0,1,0.0,0,0,1,0,0.0,0,
Ngô nếp tươi Minh Dương sấy gói 160g,Gói,Hạt - Trái Cây Sấy Khô,Bánh Kẹo,46500.0,46500.0,21,0.0,,0.0,1,0.0,0,0,1,0,0.0,0,
Ngô nếp tươi cay Hà Nội xưa gói 150g,Gói,Bánh Xốp - Bánh Quy,Bánh Kẹo,35500.0,35500.0,19,0.0,,0.0,1,0.0,0,0,1,0,0.0,0,
Ngũ Cốc Nestlé Milo Bar 23.5g,Cái,Bánh Xốp - Bánh Quy,Bánh Kẹo,15900.0,15900.0,18,0.0,,0.0,1,0.0,0,0,1,0,0.0,0,Milo
"Ngũ cốc Fitnesse sôcôla Nestlé 23,5g",Gói,Bánh Xốp - Bánh Quy,Bánh Kẹo,15900.0,15900.0,20,0.0,,0.0,1,0.0,0,0,1,0,0.0,0,Nestlé
Nho khô Raisins hộp 200g,Hộp,Hạt - Trái Cây Sấy Khô,Bánh Kẹo,54900.0,54900.0,21,0.0,,0.0,1,0.0,0,0,1,0,0.0,0,
Nho khô Raisins hộp 250g,Hộp,Hạt - Trái Cây Sấy Khô,Bánh Kẹo,71900.0,71900.0,21,0.0,,0.0,1,0.0,0,0,1,0,0.0,0,
Nho khô Sunraysia hỗn hợp 90g,Lon,Hạt - Trái Cây Sấy Khô,Bánh Kẹo,131731.0344827586,147000.0,29,0.6206896551724138,0.1673469387755102,0.09221500311571924,2,0.2009803921568627,1,0,1,18,18.0,0,
Nho khô Sunraysia Úc 220g,Hộp,Hạt - Trái Cây Sấy Khô,Bánh Kẹo,50793.75,58800.0,32,0.65625,0.20748299319727895,0.11590434244576812,2,0.2618025751072961,1,0,1,21,21.0,0,
Nho khô nguyên cành Crimson Sunraysia 420g,Hộp,Hạt - Trái Cây Sấy Khô,Bánh Kẹo,199100.0,252000.0,10,1.0,0.20992063492063492,0.0,1,0.0,1,1,1,10,10.0,0,
"ORION Hộp quà tết An 700,6g",Hộp,Bánh Xốp - Bánh Quy,Bánh Kẹo,100578.94736842105,129000.0,19,0.9473684210526315,0.23255813953488375,0.06842855484365265,2,0.303030303030303,1,0,1,18,18.0,0,
Quế Hoa Hồng Merry 200g,Hộp,Bánh Xốp - Bánh Quy,Bánh Kẹo,61900.0,61900.0,4,0.0,,0.0,1,0.0,0,0,1,0,0.0,0,
Ricola Carton box Alpin Fresh 40g,Hộp,Bánh Xốp - Bánh Quy,Bánh Kẹo,36793.10344827586,40800.0,29,0.4827586206896552,0.2034313725490196,0.11472110027286483,2,0.20343137254901966,1,0,1,14,14.0,0,
Snach khoai tây Lay's tôm hùm cay lon 105 g,Lon,Bánh Snack,Bánh Kẹo,35000.0,35000.0,18,0.0,,0.0,1,0.0,0,0,1,0,0.0,0,Lay'S
Snack Big sheet truyền thống 3.2g,Gói,Bánh Snack,Bánh Kẹo,8600.0,8600.0,21,0.0,,0.0,1,0.0,0,0,1,0,0.0,0,
Snack Doritos vị Nacho Cheesier gói 65g,Gói,Bánh Snack,Bánh Kẹo,31600.0,31600.0,19,0.0,,0.0,1,0.0,0,0,1,0,0.0,0,
Snack Doritos vị Taco gói 65g,Gói,Bánh Snack,Bánh Kẹo,31600.0,31600.0,20,0.0,,0.0,1,0.0,0,0,1,0,0.0,0,
Snack Funmore cá vị mực siêu cay gói 30g,Gói,Bánh Snack,Bánh Kẹo,35600.0,35600.0,1,0.0,,,1,0.0,0,0,1,0,0.0,0,
Snack Hành Oishi gói35/39g,Gói,Bánh Snack,Bánh Kẹo,5400.0,5400.0,21,0.0,,0.0,1,0.0,0,0,1,0,0.0,0,
Snack Khoai Tây Karamucho cay đặc biệt 85g,Gói,Bánh Snack,Bánh Kẹo,24500.0,24500.0,21,0.0,,0.0,1,0.0,0,0,1,0,0.0,0,
Snack Khoai Tây Ostar vị tảo biển gói 30/36g,Gói,Bánh Snack,Bánh Kẹo,6500.0,6500.0,21,0.0,,0.0,1,0.0,0,0,1,0,0.0,0,
Snack Khoai tây Gokochi vị muối tự nhiên gói 65g,Gói,Bánh Snack,Bánh Kẹo,20500.0,20500.0,21,0.0,,0.0,1,0.0,0,0,1,0,0.0,0,
Snack Lay Stax khoai tây sườn BBQ 160g,Lon,Bánh Snack,Bánh Kẹo,42062.5,48000.0,32,0.625,0.19791666666666666,0.11109085479847049,2,0.24675324675324672,1,0,1,20,20.0,0,
Snack Lay Stax khoai tây vị tự nhiên 160g,Lon,Bánh Snack,Bánh Kẹo,42520.833333333336,48000.0,24,0.4583333333333333,0.2490530303030303,0.14432890850071275,3,0.352112676056338,1,0,1,9,5.5,0,
Snack Lay's vị sườn nướng BBQ Brazil 95g,Gói,Bánh Snack,Bánh Kẹo,21600.0,21600.0,20,0.0,,0.0,1,0.0,0,0,1,0,0.0,0,Lay'S
Snack Lay's vị tảo biển Nori 95g,Gói,Bánh Snack,Bánh Kẹo,21600.0,21600.0,20,0.0,,0.0,1,0.0,0,0,1,0,0.0,0,Lay'S
Snack Lay's vị tảo biển Nori gói 52g,Gói,Bánh Snack,Bánh Kẹo,10900.0,10900.0,21,0.0,,0.0,1,0.0,0,0,1,0,0.0,0,Lay'S
Snack Lay's wavy vị phô mai cheddar 95g,Gói,Bánh Snack,Bánh Kẹo,22000.0,22000.0,16,0.0,,0.0,1,0.0,0,0,1,0,0.0,0,Lay'S
Snack Lay's wavy vị thăn bò nướng Texas 63/58g,Gói,Bánh Snack,Bánh Kẹo,10900.0,10900.0,21,0.0,,0.0,1,0.0,0,0,1,0,0.0,0,Lay'S
Snack Marineboy king vị tảo biển nori 56g,Gói,Bánh Snack,Bánh Kẹo,10971.42857142857,11900.0,28,0.4642857142857143,0.16806722689075632,0.09258128909592685,2,0.16806722689075626,1,0,1,13,13.0,0,
Snack Masita vị bắp bơ kiểu Hàn Quốc 60g,Gói,Bánh Snack,Bánh Kẹo,11156.521739130434,11900.0,23,0.391304347826087,0.15966386554621848,0.08498353635035402,2,0.18999999999999995,1,0,1,9,9.0,0,
Snack O'star Family Pack vị Kim Chi 152g,Gói,Bánh Snack,Bánh Kẹo,26704.545454545456,30100.0,22,0.4090909090909091,0.2757475083056478,0.1564101186052083,2,0.3807339449541285,1,0,1,9,9.0,0,Fami
Snack O'star khoai tây tự nhiên 108g,Gói,Bánh Snack,Bánh Kẹo,19941.379310344826,21600.0,29,0.4482758620689655,0.1712962962962963,0.09390747915210176,2,0.17129629629629628,1,0,1,13,13.0,0,
Snack O'star khoai tây tự nhiên gói 63g,Gói,Bánh Snack,Bánh Kẹo,11900.0,11900.0,20,0.0,,0.0,1,0.0,0,0,1,0,0.0,0,
Snack Oishi bắp ngọt vị phô mai 35/39g,Gói,Bánh Snack,Bánh Kẹo,5300.0,5300.0,20,0.0,,0.0,1,0.0,0,0,1,0,0.0,0,
Snack Oishi cua sốt chua ngọt CrabMe gói 35/39g,Gói,Bánh Snack,Bánh Kẹo,5400.0,5400.0,21,0.0,,0.0,1,0.0,0,0,1,0,0.0,0,
Snack Oishi nhân socola pillow gói 95/85g,Gói,Kẹo - Chocolate,Bánh Kẹo,10800.0,10800.0,21,0.0,,0.0,1,0.0,0,0,1,0,0.0,0,
Snack Oishi nhân socola vị hazelnut 85g,Gói,Kẹo - Chocolate,Bánh Kẹo,10700.0,10700.0,20,0.0,,0.0,1,0.0,0,0,1,0,0.0,0,
Snack Oishi nhân sữa dừa Pillows 95/85g,Gói,Bánh Snack,Bánh Kẹo,10800.0,10800.0,21,0.0,,0.0,1,0.0,0,0,1,0,0.0,0,
Snack Oishi phô mát miếng 68g,Gói,Bánh Snack,Bánh Kẹo,10700.0,10700.0,20,0.0,,0.0,1,0.0,0,0,1,0,0.0,0,
Snack Oishi phồng mực Indochip 35/39g,Gói,Bánh Snack,Bánh Kẹo,5400.0,5400.0,21,0.0,,0.0,1,0.0,0,0,1,0,0.0,0,
Snack Oishi tôm cay đặc biệt gói 68g/73g,Gói,Bánh Snack,Bánh Kẹo,11800.0,11800.0,21,0.0,,0.0,1,0.0,0,0,1,0,0.0,0,
Snack Oishi tôm vị muối ớt xanh gói 35/32g,Gói,Bánh Snack,Bánh Kẹo,5300.0,5300.0,16,0.0,,0.0,1,0.0,0,0,1,0,0.0,0,
"Snack Oishi vị cookie, kem vani gói 95/85g",Gói,Bánh Snack,Bánh Kẹo,11300.0,11300.0,21,0.0,,0.0,1,0.0,0,0,1,0,0.0,0,
Snack Ostar vị Kim Chi Hàn Quốc 58/63g,Gói,Bánh Snack,Bánh Kẹo,11900.0,11900.0,30,0.0,,0.0,1,0.0,0,0,1,0,0.0,0,
Snack Poco vị tôm hùm nướng gói 80g,Gói,Bánh Snack,Bánh Kẹo,10500.0,10500.0,18,0.0,,0.0,1,0.0,0,0,1,0,0.0,0,
Snack Rong biển Taokeanoi vị truyền thống gói 32g,Gói,Bánh Snack,Bánh Kẹo,48900.0,48900.0,21,0.0,,0.0,1,0.0,0,0,1,0,0.0,0,
Snack Swing Family Pack vị bò 152g,Gói,Bánh Snack,Bánh Kẹo,26704.545454545456,30100.0,22,0.4090909090909091,0.2757475083056478,0.1564101186052083,2,0.3807339449541285,1,0,1,9,9.0,0,Fami
Snack Swing bít tết New York 58g/63g,Gói,Bánh Snack,Bánh Kẹo,11900.0,11900.0,21,0.0,,0.0,1,0.0,0,0,1,0,0.0,0,
Snack Swing gà Teriyaki gói 58/63g,Gói,Bánh Snack,Bánh Kẹo,11900.0,11900.0,10,0.0,,0.0,1,0.0,0,0,1,0,0.0,0,
Snack Talaethong mực vị truyền thống gói 100g,Gói,Bánh Snack,Bánh Kẹo,34000.0,34000.0,21,0.0,,0.0,1,0.0,0,0,1,0,0.0,0,
Snack Toonies vị gà BBQ gói 38g,Gói,Bánh Snack,Bánh Kẹo,6500.0,6500.0,21,0.0,,0.0,1,0.0,0,0,1,0,0.0,0,
Snack Toonies vị phô mai Orion gói 36g,Gói,Bánh Snack,Bánh Kẹo,6500.0,6500.0,20,0.0,,0.0,1,0.0,0,0,1,0,0.0,0,
Snack bánh mì hương tỏi An Viên HN 120g,Gói,Bánh Snack,Bánh Kẹo,43900.0,43900.0,21,0.0,,0.0,1,0.0,0,0,1,0,0.0,0,
Snack bí đỏ vị bò nướng Oishi gói 42g,Gói,Bánh Snack,Bánh Kẹo,5400.0,5400.0,21,0.0,,0.0,1,0.0,0,0,1,0,0.0,0,
Snack bắp ngọt Oishi gói 42g,Gói,Bánh Snack,Bánh Kẹo,5400.0,5400.0,21,0.0,,0.0,1,0.0,0,0,1,0,0.0,0,
Snack bắp vị sữa bắp Koimucho gói 64g,Gói,Bánh Snack,Bánh Kẹo,9900.0,9900.0,16,0.0,,0.0,1,0.0,0,0,1,0,0.0,0,
Snack hải sản tẩm gia vị cay Bento gói 24g,Gói,Bánh Snack,Bánh Kẹo,29500.0,29500.0,20,0.0,,0.0,1,0.0,0,0,1,0,0.0,0,
Snack hải sản tẩm gia vị cực cay Bento gói 20g,Gói,Bánh Snack,Bánh Kẹo,29500.0,29500.0,20,0.0,,0.0,1,0.0,0,0,1,0,0.0,0,
Snack hải sản tẩm vị ớt Bento gói 24g,Gói,Bánh Snack,Bánh Kẹo,28400.0,28400.0,16,0.0,,0.0,1,0.0,0,0,1,0,0.0,0,
Snack khoai tây Lay's Stax vị tự nhiên lon 110g,Lon,Bánh Snack,Bánh Kẹo,30032.25806451613,35000.0,31,0.5161290322580645,0.27499999999999997,0.16458635085392673,3,0.2857142857142857,1,0,1,14,8.0,0,Lay'S
Snack khoai tây Lay's vị bò bít tết Manhattan gói 95g,Gói,Bánh Snack,Bánh Kẹo,22000.0,22000.0,21,0.0,,0.0,1,0.0,0,0,1,0,0.0,0,Lay'S
Snack khoai tây Lay's vị khoai tây tự nhiên Classic 56g,Gói,Bánh Snack,Bánh Kẹo,10900.0,10900.0,21,0.0,,0.0,1,0.0,0,0,1,0,0.0,0,Lay'S
Snack khoai tây Lay's vị khoai tây tự nhiên Classic 95g,Gói,Bánh Snack,Bánh Kẹo,22000.0,22000.0,21,0.0,,0.0,1,0.0,0,0,1,0,0.0,0,Lay'S
Snack khoai tây Pringles kem chua sốt hành 107g,Hộp,Bánh Snack,Bánh Kẹo,35030.232558139534,45500.0,43,0.8604651162790697,0.2674190674190674,0.1250911630546153,3,0.3999999999999999,1,0,1,23,18.5,0,Pringles
Snack khoai tây Pringles vị phô mai 110g,Hộp,Bánh Snack,Bánh Kẹo,35030.232558139534,45500.0,43,0.8604651162790697,0.2674190674190674,0.1250911630546153,3,0.3999999999999999,1,0,1,23,18.5,0,Pringles
Snack khoai tây Slide hành lon 160g,Lon,Bánh Snack,Bánh Kẹo,44321.42857142857,48500.0,28,0.4642857142857143,0.18556701030927839,0.10313003549251348,2,0.2278481012658229,1,0,1,11,6.5,0,
Snack khoai tây Slide thịt nướng lon 75g,Lon,Bánh Snack,Bánh Kẹo,27030.434782608696,28400.0,23,0.391304347826087,0.12323943661971831,0.06461376192295569,2,0.1405622489959839,1,0,1,9,9.0,0,
Snack khoai tây vị phô mai Slide lon 75g,Lon,Bánh Snack,Bánh Kẹo,27030.434782608696,28400.0,23,0.391304347826087,0.12323943661971831,0.06461376192295569,2,0.1405622489959839,1,0,1,9,9.0,0,
Snack khoai tây vị tảo biển O'Star gói 48g,Gói,Bánh Snack,Bánh Kẹo,11900.0,11900.0,21,0.0,,0.0,1,0.0,0,0,1,0,0.0,0,
Snack khoai tây vị tự nhiên Slide lon 75g,Lon,Bánh Snack,Bánh Kẹo,27030.434782608696,28400.0,23,0.391304347826087,0.12323943661971831,0.06461376192295569,2,0.1405622489959839,1,0,1,9,9.0,0,
Snack mực lăn muối ớt Poca gói 75g,Gói,Bánh Snack,Bánh Kẹo,10500.0,10500.0,21,0.0,,0.0,1,0.0,0,0,1,0,0.0,0,
Snack mực tẩm gia vị cay ngọt Bento gói 24g,Gói,Bánh Snack,Bánh Kẹo,29500.0,29500.0,35,0.0,,0.0,1,0.0,0,0,1,0,0.0,0,
Snack nhân đậu phộng vị mực cay Pinattsu Oishi gói 100g,Gói,Bánh Snack,Bánh Kẹo,11000.0,11000.0,21,0.0,,0.0,1,0.0,0,0,1,0,0.0,0,
Snack nhân đậu phộng vị nước cốt dừa Pinattsu Oishi gói 100g,Gói,Bánh Snack,Bánh Kẹo,11000.0,11000.0,21,0.0,,0.0,1,0.0,0,0,1,0,0.0,0,
Snack pho mát miếng Oishi gói 42g,Gói,Bánh Snack,Bánh Kẹo,5400.0,5400.0,21,0.0,,0.0,1,0.0,0,0,1,0,0.0,0,
Snack que nhân phô mai Akiko 160g,Gói,Bánh Snack,Bánh Kẹo,22200.0,22200.0,16,0.0,,0.0,1,0.0,0,0,1,0,0.0,0,
Snack que nhân sữa Akiko gói 160g,Gói,Bánh Snack,Bánh Kẹo,21000.0,21000.0,24,0.0,,0.0,1,0.0,0,0,1,0,0.0,0,
Snack rong biển vị truyền thống TaoKaeNoi gói 20g,Gói,Bánh Snack,Bánh Kẹo,28500.0,28500.0,21,0.0,,0.0,1,0.0,0,0,1,0,0.0,0,
Snack tôm cay Oishi gói 45g,Gói,Bánh Snack,Bánh Kẹo,5400.0,5400.0,21,0.0,,0.0,1,0.0,0,0,1,0,0.0,0,
Snack tôm cay đặc biệt Oishi gói 45g,Gói,Bánh Snack,Bánh Kẹo,5400.0,5400.0,21,0.0,,0.0,1,0.0,0,0,1,0,0.0,0,
Snack vị bò lúc lắc Poca gói 75g,Gói,Bánh Snack,Bánh Kẹo,10500.0,10500.0,20,0.0,,0.0,1,0.0,0,0,1,0,0.0,0,
Snack vị cay Big Roll 3g/3.6g,Gói,Bánh Snack,Bánh Kẹo,8800.0,8800.0,21,0.0,,0.0,1,0.0,0,0,1,0,0.0,0,
Snack vị cay Taokaenoi gói 32g,Gói,Bánh Snack,Bánh Kẹo,49000.0,49000.0,21,0.0,,0.0,1,0.0,0,0,1,0,0.0,0,
Snack vị phô mai bùng nổ Toonies 60g,Gói,Bánh Snack,Bánh Kẹo,11900.0,11900.0,20,0.0,,0.0,1,0.0,0,0,1,0,0.0,0,
Snack vị sô cô la Toonies 60g,Gói,Kẹo - Chocolate,Bánh Kẹo,11900.0,11900.0,9,0.0,,0.0,1,0.0,0,0,1,0,0.0,0,
Snack vị truyền thống Big Bang gói 6g,Gói,Bánh Snack,Bánh Kẹo,12500.0,12500.0,21,0.0,,0.0,1,0.0,0,0,1,0,0.0,0,
Snacks và đậu thập cẩm Tân Tân hộp 200g,Hộp,Bánh Xốp - Bánh Quy,Bánh Kẹo,50000.0,50000.0,15,0.0,,0.0,1,0.0,0,0,1,0,0.0,0,
Snakc tuyền thông Big Roll 3g,Gói,Bánh Xốp - Bánh Quy,Bánh Kẹo,8800.0,8800.0,21,0.0,,0.0,1,0.0,0,0,1,0,0.0,0,
So cô la Ferrero Rocher 300g,Hộp,Bánh Xốp - Bánh Quy,Bánh Kẹo,319420.8333333333,435000.0,24,0.9583333333333334,0.2772513743128436,0.14792225152419428,3,0.31961550015019524,1,0,1,23,23.0,0,
Socola Beautitude túi chuông hảo hạng 350g,Gói,Kẹo - Chocolate,Bánh Kẹo,110742.85714285714,120400.0,28,0.5714285714285714,0.1403654485049834,0.07690608386135463,2,0.16328502415458934,1,0,1,16,16.0,0,
Socola Cadbury 40g/37g,Cái,Kẹo - Chocolate,Bánh Kẹo,22500.0,22500.0,20,0.0,,0.0,1,0.0,0,0,1,0,0.0,0,
Socola Ferrero Rocher 37.5g,Cái,Kẹo - Chocolate,Bánh Kẹo,44900.0,44900.0,20,0.0,,0.0,1,0.0,0,0,1,0,0.0,0,
Socola Hạnh Nhân Chocorock 65g,Gói,Kẹo - Chocolate,Bánh Kẹo,42100.0,42100.0,19,0.0,,0.0,1,0.0,0,0,1,0,0.0,0,
Socola Kitkat trà xanh 2F 17.8g,Cái,Kẹo - Chocolate,Bánh Kẹo,15900.0,15900.0,8,0.0,,0.0,1,0.0,0,0,1,0,0.0,0,
Socola Meiji đen 120g,Hộp,Kẹo - Chocolate,Bánh Kẹo,145500.0,145500.0,23,0.0,,0.0,1,0.0,0,0,1,0,0.0,0,
Socola Merci Storck Finest 375g,Hộp,Kẹo - Chocolate,Bánh Kẹo,434153.5714285714,484000.0,28,0.6071428571428571,0.16962809917355373,0.09405019160856802,2,0.20427967156008964,1,0,1,17,17.0,0,
Socola Merci Storck Petits - Crunch 315g,Hộp,Kẹo - Chocolate,Bánh Kẹo,137937.5,158000.0,32,0.625,0.20316455696202534,0.11446493518077874,2,0.25496425734710093,1,0,1,20,20.0,0,
Socola Milo Chocobar thanh 30g,Cái,Kẹo - Chocolate,Bánh Kẹo,20000.0,20000.0,19,0.0,,0.0,1,0.0,0,0,1,0,0.0,0,Milo
Socola Milo viên nuggets 30g/25g,Gói,Kẹo - Chocolate,Bánh Kẹo,22200.0,22200.0,19,0.0,,0.0,1,0.0,0,0,1,0,0.0,0,Milo
Socola Minis M&M'S 35g,Cái,Kẹo - Chocolate,Bánh Kẹo,30130.0,32695.0,20,0.45,0.17701863354037267,0.1178066519064939,3,0.3396226415094339,1,0,2,9,9.0,1,
Socola Ritter Sport mini collection 250g,Hộp,Kẹo - Chocolate,Bánh Kẹo,228100.0,228100.0,1,0.0,,,1,0.0,0,0,1,0,0.0,0,
Socola Ritter Sport sữa hạnh nhân 100g,Cái,Kẹo - Chocolate,Bánh Kẹo,76900.0,76900.0,21,0.0,,0.0,1,0.0,0,0,1,0,0.0,0,
Socola Sữa M&M'S gói 40g/37g,Gói,Kẹo - Chocolate,Bánh Kẹo,20628.0,22140.0,25,0.36,0.1935483870967742,0.12289161422649446,3,0.24,1,0,2,9,9.0,1,
Socola Vĩnh Tiến đồng tiền kho báu 112/100g,Hộp,Kẹo - Chocolate,Bánh Kẹo,88300.0,88300.0,4,0.0,,0.0,1,0.0,0,0,1,0,0.0,0,
Socola beautitude túi radter 300g,Gói,Kẹo - Chocolate,Bánh Kẹo,80142.85714285714,87000.0,28,0.5714285714285714,0.13793103448275862,0.07545814790915054,2,0.15999999999999992,1,0,1,16,16.0,0,
Socola chunky Kitkat 3 thanh 114g,Gói,Kẹo - Chocolate,Bánh Kẹo,76000.0,76000.0,30,0.0,,0.0,1,0.0,0,0,1,0,0.0,0,
Socola sữa Meiji 50g,Cái,Kẹo - Chocolate,Bánh Kẹo,61500.0,61500.0,24,0.0,,0.0,1,0.0,0,0,1,0,0.0,0,
Socola sữa hạt dẻ Ritter Sport 100g,Cái,Kẹo - Chocolate,Bánh Kẹo,76900.0,76900.0,21,0.0,,0.0,1,0.0,0,0,1,0,0.0,0,
Socola trứng Kinder Joy bé gái hộp 20g,Qủa,Kẹo - Chocolate,Bánh Kẹo,33900.0,33900.0,21,0.0,,0.0,1,0.0,0,0,1,0,0.0,0,
Socola trứng Kinder Joy bé trai hộp 20g,Qủa,Kẹo - Chocolate,Bánh Kẹo,33900.0,33900.0,21,0.0,,0.0,1,0.0,0,0,1,0,0.0,0,
Socola viên hỗn hợp Ritter 192g,Hộp,Kẹo - Chocolate,Bánh Kẹo,179000.0,219000.0,11,0.9090909090909091,0.2009132420091324,0.07411452045486927,2,0.2009132420091324,1,0,1,10,10.0,0,
Socola Đậu Phộng M&M'S gói 40g/37g,Gói,Kẹo - Chocolate,Bánh Kẹo,20628.0,22140.0,25,0.36,0.1935483870967742,0.12289161422649446,3,0.24,1,0,2,9,9.0,1,
Socola đen Meiji 50g,Cái,Kẹo - Chocolate,Bánh Kẹo,61500.0,61500.0,23,0.0,,0.0,1,0.0,0,0,1,0,0.0,0,
Socola đen Merci 250g,Hộp,Kẹo - Chocolate,Bánh Kẹo,223000.0,223000.0,26,0.0,,0.0,1,0.0,0,0,1,0,0.0,0,
Socola đen Ritter Sport 74% 100g,Cái,Kẹo - Chocolate,Bánh Kẹo,76900.0,76900.0,16,0.0,,0.0,1,0.0,0,0,1,0,0.0,0,
Socola đen Ritter Sport hạnh nhân 100g,Cái,Kẹo - Chocolate,Bánh Kẹo,76900.0,76900.0,20,0.0,,0.0,1,0.0,0,0,1,0,0.0,0,
Socola đen Ritter Sport hạt dẻ 100g,Cái,Kẹo - Chocolate,Bánh Kẹo,76900.0,76900.0,21,0.0,,0.0,1,0.0,0,0,1,0,0.0,0,
Sô cô la 85% cocoa Lindt Excellence thanh 100g,Cái,Kẹo - Chocolate,Bánh Kẹo,167200.0,167200.0,26,0.0,,0.0,1,0.0,0,0,1,0,0.0,0,
Sô cô la Ferrero Rocher hộp 200g,Hộp,Kẹo - Chocolate,Bánh Kẹo,177361.11111111112,249000.0,36,0.8888888888888888,0.3236696787148594,0.16815092810126572,4,0.6938775510204083,1,0,1,31,16.0,0,
Sô cô la Ferrero Rocher hộp trái tim 100g,Hộp,Kẹo - Chocolate,Bánh Kẹo,160555.55555555556,225000.0,36,0.8611111111111112,0.3326164874551972,0.2158981321884079,4,0.9396551724137931,1,0,1,30,15.5,0,
Sô cô la KitKat Chunky gói 38g,Cái,Kẹo - Chocolate,Bánh Kẹo,26383.333333333332,26500.0,30,0.03333333333333333,0.1320754716981132,0.024220201532129903,2,0.15217391304347827,1,0,1,1,1.0,0,
Sô cô la KitKat Nestlé Bites gói 40g,Gói,Kẹo - Chocolate,Bánh Kẹo,35800.0,35800.0,17,0.0,,0.0,1,0.0,0,0,1,0,0.0,0,Nestlé
Sô cô la Merci hộp 400g,Hộp,Kẹo - Chocolate,Bánh Kẹo,345750.0,387000.0,6,0.8333333333333334,0.12790697674418605,0.05844769451326456,2,0.12790697674418605,1,0,1,5,5.0,0,
Sô cô la sữa Cadbury Dairy Milk 165g,Gói,Kẹo - Chocolate,Bánh Kẹo,83600.0,83600.0,20,0.0,,0.0,1,0.0,0,0,1,0,0.0,0,
Sôcôla KitKat Nestle hộp 102g,Gói,Bánh Xốp - Bánh Quy,Bánh Kẹo,57088.23529411765,61500.0,17,0.35294117647058826,0.2032520325203252,0.10785763926097518,2,0.2551020408163265,1,0,1,6,6.0,0,Nestle
Thanh bánh quy kem KitKat trà xanh Nestlé gói 35g,Cái,Bánh Xốp - Bánh Quy,Bánh Kẹo,28934.48275862069,31400.0,29,0.4482758620689655,0.1751592356687898,0.09620565907653067,2,0.17515923566878977,1,0,1,13,13.0,0,Nestlé
Thanh dinh dưỡng Play việt quất hạt điều 25g,Hộp,Hạt - Trái Cây Sấy Khô,Bánh Kẹo,102500.0,102500.0,20,0.0,,0.0,1,0.0,0,0,1,0,0.0,0,
Thanh dinh dưỡng Play vị rong biển 25g,Hộp,Bánh Xốp - Bánh Quy,Bánh Kẹo,102500.0,102500.0,20,0.0,,0.0,1,0.0,0,0,1,0,0.0,0,
Thanh socola Kitkat chunky quy kem 38g,Cái,Kẹo - Chocolate,Bánh Kẹo,26900.0,26900.0,20,0.0,,0.0,1,0.0,0,0,1,0,0.0,0,
Thạch Caramen Zai Zai Đức Hạnh (Kg),0.5KG,Kẹo - Chocolate,Bánh Kẹo,38158.333333333336,42950.0,36,0.5833333333333334,0.19125228671212371,0.10974074655090074,3,0.24492753623188412,1,0,1,15,4.2,0,
Thạch New Joy VFOOD hương sữa chia 920,Gói,Kẹo - Chocolate,Bánh Kẹo,41500.0,46000.0,30,0.6,0.16304347826086957,0.09004931550405539,2,0.19480519480519476,1,0,1,18,18.0,0,
Thạch Thái Lan 3in1 Trái Cây Deedo 720g,Gói,Kẹo - Chocolate,Bánh Kẹo,50600.0,50600.0,35,0.0,,0.0,1,0.0,0,0,1,0,0.0,0,
Thạch Zai Zai gói 160g,Gói,Kẹo - Chocolate,Bánh Kẹo,16000.0,16000.0,21,0.0,,0.0,1,0.0,0,0,1,0,0.0,0,
Thạch Zai Zai gói 210g,Gói,Kẹo - Chocolate,Bánh Kẹo,20900.0,20900.0,20,0.0,,0.0,1,0.0,0,0,1,0,0.0,0,
Thạch bút chì poke VFoods cốc 22 cây,Hộp,Kẹo - Chocolate,Bánh Kẹo,28000.0,28000.0,23,0.0,,0.0,1,0.0,0,0,1,0,0.0,0,
Thạch dừa Hạnh Dung túi 1kg,Gói,Kẹo - Chocolate,Bánh Kẹo,32200.0,32200.0,26,0.0,,0.0,1,0.0,0,0,1,0,0.0,0,
Thạch dừa tổng hợp Nanaco vỉ 6 hộp 80g,VỈ,Kẹo - Chocolate,Bánh Kẹo,61700.0,61700.0,21,0.0,,0.0,1,0.0,0,0,1,0,0.0,0,
Thạch rau câu Vfoods New Joy 800g (2 lớp),Gói,Kẹo - Chocolate,Bánh Kẹo,41788.46153846154,48000.0,26,0.7307692307692307,0.17708333333333334,0.09200929121981248,2,0.21518987341772156,1,0,1,19,19.0,0,
Thạch rau câu Zai Zai Đức Hạnh (Kg),1 KG,Kẹo - Chocolate,Bánh Kẹo,73578.57142857143,85900.0,28,0.75,0.19125228671212371,0.10164813261785716,3,0.24492753623188412,1,0,1,21,21.0,0,
Thạch rau câu Zai Zai+ dài Đức Hạnh (Kg),1KG,Kẹo - Chocolate,Bánh Kẹo,75118.75,85900.0,32,0.65625,0.19125228671212371,0.10803474254201173,3,0.24492753623188412,1,0,1,21,21.0,0,
Thạch rau câu cốt trái cây tươi Fruit Gel,0.5KG,Kẹo - Chocolate,Bánh Kẹo,32850.0,32850.0,21,0.0,,0.0,1,0.0,0,0,1,0,0.0,0,
Thạch sữa chưa Vfoods ABC 920g,Gói,Kẹo - Chocolate,Bánh Kẹo,53400.0,53400.0,24,0.0,,0.0,1,0.0,0,0,1,0,0.0,0,
Thạch trà sữa Zai Zai gói 210g,Gói,Kẹo - Chocolate,Bánh Kẹo,20900.0,20900.0,20,0.0,,0.0,1,0.0,0,0,1,0,0.0,0,
Thạch trái cây Vfoods tổng hợp 1kg,Gói,Kẹo - Chocolate,Bánh Kẹo,38300.0,38300.0,25,0.0,,0.0,1,0.0,0,0,1,0,0.0,0,
Thạch trái cây hình Magic Việt Quốc 240g,Gói,Kẹo - Chocolate,Bánh Kẹo,30700.0,30700.0,20,0.0,,0.0,1,0.0,0,0,1,0,0.0,0,
Thạch trái cây hình cá ngựa Việt Quốc 300g,Gói,Kẹo - Chocolate,Bánh Kẹo,35500.0,35500.0,19,0.0,,0.0,1,0.0,0,0,1,0,0.0,0,
Thạch trái cây hình cá voi Gummy gói 300g,Gói,Kẹo - Chocolate,Bánh Kẹo,35500.0,35500.0,20,0.0,,0.0,1,0.0,0,0,1,0,0.0,0,
Thạch trái cây tươi Vietfood Fruit Gel 850g,Gói,Kẹo - Chocolate,Bánh Kẹo,53600.0,53600.0,20,0.0,,0.0,1,0.0,0,0,1,0,0.0,0,
Thập cẩm sấy WinMart Good gói 150g,Gói,Hạt - Trái Cây Sấy Khô,Bánh Kẹo,32900.0,32900.0,9,0.0,,0.0,1,0.0,0,0,1,0,0.0,0,
Trái cây sấy Vinamit gói 250g,Gói,Hạt - Trái Cây Sấy Khô,Bánh Kẹo,66687.5,80000.0,32,0.875,0.19017857142857145,0.07828362827284138,3,0.23076923076923084,1,0,1,28,28.0,0,
Trái cây sấy Vinamit gói 500g,Gói,Hạt - Trái Cây Sấy Khô,Bánh Kẹo,143300.0,143300.0,21,0.0,,0.0,1,0.0,0,0,1,0,0.0,0,
Trái cây sấy khô Dann Food gói 100g,Gói,Hạt - Trái Cây Sấy Khô,Bánh Kẹo,30500.0,30500.0,21,0.0,,0.0,1,0.0,0,0,1,0,0.0,0,
Xoài sấy THD,0.5KG,Hạt - Trái Cây Sấy Khô,Bánh Kẹo,226770.96774193548,277900.0,31,0.8064516129032258,0.22813961856783016,0.11228091928939041,2,0.2955710955710955,1,0,1,25,25.0,0,
Xoài sấy dẻo Dann Food gói 100g,Gói,Hạt - Trái Cây Sấy Khô,Bánh Kẹo,42300.0,42300.0,21,0.0,,0.0,1,0.0,0,0,1,0,0.0,0,
Xoài sấy dẻo Tuấn Đạt gói 100g,Gói,Hạt - Trái Cây Sấy Khô,Bánh Kẹo,40600.0,40600.0,21,0.0,,0.0,1,0.0,0,0,1,0,0.0,0,
Xoài sấy dẻo Tuấn Đạt gói 200g,Gói,Hạt - Trái Cây Sấy Khô,Bánh Kẹo,66600.0,77000.0,30,0.8666666666666667,0.15584415584415584,0.0622965592147316,2,0.18461538461538463,1,0,1,26,26.0,0,
Xoài sấy dẻo Tuấn Đạt gói 500g,Gói,Hạt - Trái Cây Sấy Khô,Bánh Kẹo,189700.0,189700.0,21,0.0,,0.0,1,0.0,0,0,1,0,0.0,0,
Xoài sấy dẻo Vinamit gói 160g,Gói,Hạt - Trái Cây Sấy Khô,Bánh Kẹo,56900.0,56900.0,21,0.0,,0.0,1,0.0,0,0,1,0,0.0,0,
Xoài sấy dẻo WinMart Good 100g,Gói,Hạt - Trái Cây Sấy Khô,Bánh Kẹo,36100.0,36100.0,21,0.0,,0.0,1,0.0,0,0,1,0,0.0,0,
YẾN NHUNG Điều vỏ lụa 250g,Hộp,Hạt - Trái Cây Sấy Khô,Bánh Kẹo,148900.0,148900.0,4,0.0,,0.0,1,0.0,0,0,1,0,0.0,0,
Ô mai chanh mặn ngọt Hồng Lam hộp 200g,Hộp,Bánh Xốp - Bánh Quy,Bánh Kẹo,60500.0,60500.0,37,0.0,,0.0,1,0.0,0,0,1,0,0.0,0,
Ô mai mơ cam thảo Hồng Lam hộp 200g,Hộp,Bánh Xốp - Bánh Quy,Bánh Kẹo,70700.0,70700.0,36,0.0,,0.0,1,0.0,0,0,1,0,0.0,0,
Ô mai mơ chua mặn ngọt Hồng Lam hộp 200g,Hộp,Bánh Xốp - Bánh Quy,Bánh Kẹo,71300.0,71300.0,35,0.0,,0.0,1,0.0,0,0,1,0,0.0,0,
Ô mai mơ gừng Hồng Lam 200g,Hộp,Bánh Xốp - Bánh Quy,Bánh Kẹo,71300.0,71300.0,36,0.0,,0.0,1,0.0,0,0,1,0,0.0,0,
Ô mai mơ gừng Hồng Lam chua mặn ngọt hộp 200g,Hộp,Bánh Xốp - Bánh Quy,Bánh Kẹo,71300.0,71300.0,36,0.0,,0.0,1,0.0,0,0,1,0,0.0,0,
Ô mai mơ xí muội Hồng Lam chua ngọt 200g,Hộp,Bánh Xốp - Bánh Quy,Bánh Kẹo,71300.0,71300.0,36,0.0,,0.0,1,0.0,0,0,1,0,0.0,0,
Ô mai mận cơm chua ngọt Hồng Lam hộp 200g,Hộp,Bánh Xốp - Bánh Quy,Bánh Kẹo,60500.0,60500.0,18,0.0,,0.0,1,0.0,0,0,1,0,0.0,0,
Ô mai mận xào chua ngọt Hồng Lam 200g,Hộp,Bánh Xốp - Bánh Quy,Bánh Kẹo,60500.0,60500.0,36,0.0,,0.0,1,0.0,0,0,1,0,0.0,0,
Ô mai sấu bao tử Hồng Lam hộp 200g,Hộp,Bánh Xốp - Bánh Quy,Bánh Kẹo,59266.666666666664,60200.0,36,0.2222222222222222,0.06976744186046512,0.029879788914976817,2,0.07499999999999996,1,0,1,8,8.0,0,
Điều lụa rang muối 250g,Hộp,Bánh Xốp - Bánh Quy,Bánh Kẹo,126000.0,126000.0,20,0.0,,0.0,1,0.0,0,0,1,0,0.0,0,
Điều lụa rang muối Mỹ Linh 200g,Hộp,Bánh Xốp - Bánh Quy,Bánh Kẹo,99000.0,99000.0,15,0.0,,0.0,1,0.0,0,0,1,0,0.0,0,
Đậu Tỏi ớt Tân Tân lon 260g,Lon,Hạt - Trái Cây Sấy Khô,Bánh Kẹo,70700.0,70700.0,16,0.0,,0.0,1,0.0,0,0,1,0,0.0,0,
Đậu phộng Poca da cá gói 45/42g,Gói,Hạt - Trái Cây Sấy Khô,Bánh Kẹo,5500.0,5500.0,21,0.0,,0.0,1,0.0,0,0,1,0,0.0,0,
Đậu phộng da cá Tân Tân 300g,Lon,Hạt - Trái Cây Sấy Khô,Bánh Kẹo,56300.0,56300.0,16,0.0,,0.0,1,0.0,0,0,1,0,0.0,0,
Đậu phộng da cá Tân Tân gói 285g,Gói,Hạt - Trái Cây Sấy Khô,Bánh Kẹo,44700.0,44700.0,21,0.0,,0.0,1,0.0,0,0,1,0,0.0,0,
Đậu phộng nước cốt dừa Tân Tân lon 265g,Lon,Hạt - Trái Cây Sấy Khô,Bánh Kẹo,63200.0,63200.0,21,0.0,,0.0,1,0.0,0,0,1,0,0.0,0,
Bò hầm Vissan hộp 150g,Hộp,Thực Phẩm Đóng Hộp,Thực Phẩm Khô,40502.7027027027,42500.0,74,0.3918918918918919,0.11991886409736308,0.061866801695173036,3,0.1333333333333333,1,0,1,15,14.5,0,
Bóng cá chay An Nhiên gói 150g,Gói,Thực Phẩm Chay,Thực Phẩm Khô,56191.17647058824,56191.17647058824,68,0.0,,0.038421718401175996,2,0.0961887477313974,0,0,2,0,0.0,1,
Bơ Thực Vật Cao Cấp Meizan 200g,Hộp,Thực Phẩm Đóng Hộp,Thực Phẩm Khô,19300.0,22200.0,56,1.0,0.13063063063063063,0.0,1,0.0,1,1,1,56,56.0,0,Meizan
Bơ Thực Vật Cao Cấp Meizan 80g,Hộp,Thực Phẩm Đóng Hộp,Thực Phẩm Khô,9300.0,11100.0,58,1.0,0.16216216216216217,0.0,1,0.0,1,1,1,58,58.0,0,Meizan
Bơ thực vật Meizan hộp 200g,Hộp,Thực Phẩm Đóng Hộp,Thực Phẩm Khô,19925.925925925927,22200.0,27,0.8148148148148148,0.12571662571662573,0.0556343260552324,3,0.1384615384615384,1,0,1,12,11.0,0,Meizan
Bơ thực vật Meizan hộp 80g,Hộp,Thực Phẩm Đóng Hộp,Thực Phẩm Khô,9722.222222222223,11100.0,27,0.8148148148148148,0.15233415233415235,0.06948837473218047,3,0.16842105263157903,1,0,1,12,11.0,0,Meizan
Bơ thực vật Tường An hộp 200g,Hộp,Thực Phẩm Đóng Hộp,Thực Phẩm Khô,20318.91891891892,21000.0,74,0.3783783783783784,0.08571428571428572,0.04325661681222962,2,0.09375,1,0,1,28,28.0,0,
Bơ thực vật Tường An hộp 80g,Hộp,Thực Phẩm Đóng Hộp,Thực Phẩm Khô,10545.454545454546,10900.0,66,0.3939393939393939,0.08256880733944955,0.04202088829984117,2,0.09000000000000008,1,0,1,26,26.0,0,
Bơ đậu phộng Golden Farm lọ 170g,Lọ,Thực Phẩm Đóng Hộp,Thực Phẩm Khô,38400.0,38400.0,72,0.0,,0.0,1,0.0,0,0,1,0,0.0,0,
Bơ đậu phộng Golden Farm mịn lọ 340g,Lọ,Thực Phẩm Đóng Hộp,Thực Phẩm Khô,66010.38961038961,67600.0,77,0.23376623376623376,0.10059171597633136,0.043884051522619386,2,0.11184210526315796,1,0,1,18,18.0,0,
Bơ đậu phộng mịn Golden Farm lọ 170g,Lọ,Thực Phẩm Đóng Hộp,Thực Phẩm Khô,36003.508771929824,38000.0,57,0.543859649122807,0.09660441426146009,0.05377073347118354,3,0.12105263157894741,1,0,1,18,15.5,0,
Bột Thạch Agar Swallowglobe Brand 10g,Gói,Bột Các Loại,Thực Phẩm Khô,18600.0,18600.0,72,0.0,,0.0,1,0.0,0,0,1,0,0.0,0,
Bột bánh rán pha sẵn Ajinomoto gói 200g,Gói,Bột Các Loại,Thực Phẩm Khô,20531.81818181818,21300.0,66,0.3333333333333333,0.10819462227912932,0.0537702495884895,3,0.1390374331550801,1,0,1,13,11.0,0,
Bột bánh rán pha sẵn Ajinomoto vị socola 200g,Gói,Bột Các Loại,Thực Phẩm Khô,19403.333333333332,20400.0,60,0.38333333333333336,0.12745098039215685,0.06569921075893524,2,0.146067415730337,1,0,1,14,11.5,0,
Bột bánh xèo Meizan 400g,Gói,Bột Các Loại,Thực Phẩm Khô,18012.5,18637.5,64,0.3125,0.10928961748633878,0.06747774930163723,4,0.12365591397849462,1,0,3,20,20.0,1,Meizan
Bột bắp Meizan 150g,Gói,Bột Các Loại,Thực Phẩm Khô,7084.0,7276.0,25,0.48,0.056338028169014086,0.05522831075144442,3,0.05633802816901412,1,0,2,12,12.0,0,Meizan
Bột bắp Vĩnh Thuận gói 150g,Gói,Bột Các Loại,Thực Phẩm Khô,19000.0,19000.0,33,0.0,,0.0,1,0.0,0,0,1,0,0.0,0,
Bột chiên Miwon gói 100g,Gói,Bột Các Loại,Thực Phẩm Khô,7578.666666666667,8100.0,75,0.5333333333333333,0.12067901234567902,0.06490662201528476,3,0.14084507042253525,1,0,1,18,13.333333333333334,0,
Bột chiên giòn Meizan gói 150g,Gói,Bột Các Loại,Thực Phẩm Khô,7233.333333333333,8300.0,75,0.7066666666666667,0.18185951352580135,0.09763332327092959,3,0.19277108433734935,1,0,1,41,26.5,0,Meizan
Bột chiên giòn nêm sẵn gia vị Meizan gói 150g,Gói,Bột Các Loại,Thực Phẩm Khô,8415.384615384615,9800.0,52,0.9230769230769231,0.1530612244897959,0.051950753168802634,3,0.16326530612244894,1,0,1,36,24.0,0,Meizan
Bột chiên gà giòn Miwon gói 70g,Gói,Bột Các Loại,Thực Phẩm Khô,11501.449275362318,12400.0,69,0.5942028985507246,0.12195121951219512,0.06522609580391761,4,0.14814814814814814,1,0,1,18,13.666666666666666,0,
Bột chiên xù Miwon gói 100g,Gói,Bột Các Loại,Thực Phẩm Khô,12428.205128205129,13500.0,78,0.6410256410256411,0.12385185185185187,0.06525056507160935,3,0.15384615384615374,1,0,1,18,16.666666666666668,0,
Bột chiên xù Miwon gói 200g,Gói,Bột Các Loại,Thực Phẩm Khô,25300.0,25300.0,73,0.0,,0.0,1,0.0,0,0,1,0,0.0,0,
Bột làm Thạch trái dừa Jim Willie10g,Gói,Bột Các Loại,Thực Phẩm Khô,17800.0,17800.0,70,0.0,,0.0,1,0.0,0,0,1,0,0.0,0,
Bột mì chuyên dụng cho Bánh Mì Meizan gói 1kg,Gói,Bột Các Loại,Thực Phẩm Khô,34294.444444444445,37100.0,72,0.6944444444444444,0.10889487870619946,0.05685001930443104,3,0.1185983827493261,1,0,1,38,25.0,0,Meizan
Bột mì đa dụng Meizan gói 1kg,Gói,Bột Các Loại,Thực Phẩm Khô,26583.870967741936,30700.0,31,0.7096774193548387,0.18892508143322476,0.1006701913519666,2,0.18892508143322473,1,0,1,22,22.0,0,Meizan
Bột mì đa dụng Meizan gói 500g,Gói,Bột Các Loại,Thực Phẩm Khô,13210.46511627907,16100.0,86,1.0,0.17947421638018202,0.02333961743634011,3,0.0692307692307692,1,1,1,86,86.0,0,Meizan
Bột mỳ chuyên bánh bông lan Meizan gói 1 kg,Gói,Bột Các Loại,Thực Phẩm Khô,32929.333333333336,37000.0,75,0.7066666666666667,0.1556858745537991,0.08178797205389919,3,0.16486486486486485,1,0,1,41,26.5,0,Meizan
Bột năng đa dụng Meizan gói 400g,Gói,Bột Các Loại,Thực Phẩm Khô,12000.0,13700.0,41,1.0,0.12408759124087593,0.0,1,0.0,1,1,1,41,41.0,0,Meizan
Bột tàu hủ Singapore Thiên Ý 90g,Gói,Bột Các Loại,Thực Phẩm Khô,34900.0,34900.0,64,0.0,,0.0,1,0.0,0,0,1,0,0.0,0,
Bột tẩm khô chiên giòn Aji-Quick Ajinomoto gói 210g,Gói,Bột Các Loại,Thực Phẩm Khô,36856.71641791045,37900.0,67,0.31343283582089554,0.08782510365623823,0.042445393454479424,3,0.10818713450292394,1,0,1,13,10.5,0,
Bột tẩm khô chiên giòn Aji-Quick Ajinomoto gói 84g,Gói,Bột Các Loại,Thực Phẩm Khô,15511.111111111111,16200.0,72,0.4305555555555556,0.09876543209876543,0.051434488647029375,2,0.1095890410958904,1,0,1,17,15.5,0,
Bột tẩm khô chiên giòn Aji-quicl gói 42g,Gói,Bột Các Loại,Thực Phẩm Khô,8598.611111111111,8900.0,72,0.4305555555555556,0.07865168539325842,0.04059262017919326,2,0.08536585365853666,1,0,1,17,15.5,0,
Cá chỉ cháy tỏi Hải Nam 60g,Hộp,Thực Phẩm Đóng Hộp,Thực Phẩm Khô,56000.0,56000.0,63,0.0,,0.0,1,0.0,0,0,1,0,0.0,0,
Cá cơm sấy giòn ăn liền An Vĩnh hộp 100g,Hộp,Thực Phẩm Đóng Hộp,Thực Phẩm Khô,51000.0,51000.0,63,0.0,,0.0,1,0.0,0,0,1,0,0.0,0,
Cá khô chỉ vàng khay 200g,Khay,Thực Phẩm Đóng Hộp,Thực Phẩm Khô,76000.0,76000.0,25,0.0,,0.0,1,0.0,0,0,1,0,0.0,0,
Cá ngừ Nautilus xắt khúc ngâm dầu thực vật,Lon,Thực Phẩm Đóng Hộp,Thực Phẩm Khô,37043.75,39000.0,80,0.3625,0.13837312113174183,0.07049263388990268,3,0.1572700296735905,1,0,1,15,14.5,0,
Cá ngừ Tuna VN xé nhỏ ngâm dầu 160g,Hộp,Thực Phẩm Đóng Hộp,Thực Phẩm Khô,20300.0,20300.0,53,0.0,,0.0,1,0.0,0,0,1,0,0.0,0,
Cá ngừ Tuna VN xốt cà chua 160g,Hộp,Thực Phẩm Đóng Hộp,Thực Phẩm Khô,25900.0,25900.0,64,0.0,,0.0,1,0.0,0,0,1,0,0.0,0,
Cá ngừ dầu xé nhỏ Seaspimex lon 185g,Lon,Thực Phẩm Đóng Hộp,Thực Phẩm Khô,29000.0,29000.0,43,0.0,,0.0,1,0.0,0,0,1,0,0.0,0,
Cá ngừ ngâm dầu Hạ Long Canfoco hộp 175g,Hộp,Thực Phẩm Đóng Hộp,Thực Phẩm Khô,51900.0,51900.0,17,0.0,,0.0,1,0.0,0,0,1,0,0.0,0,
Cá ngừ ngâm dầu Seaspimex hộp 185g,Hộp,Thực Phẩm Đóng Hộp,Thực Phẩm Khô,33100.0,33100.0,23,0.0,,0.0,1,0.0,0,0,1,0,0.0,0,
Cá ngừ ngâm dầu Tuna VN 160g,Hộp,Thực Phẩm Đóng Hộp,Thực Phẩm Khô,25900.0,25900.0,43,0.0,,0.0,1,0.0,0,0,1,0,0.0,0,
Cá ngừ thịt trắng ngâm dầu Seaspimex hộp 185g,Hộp,Thực Phẩm Đóng Hộp,Thực Phẩm Khô,42900.0,42900.0,73,0.0,,0.0,1,0.0,0,0,1,0,0.0,0,
Cá ngừ đại dương ngâm dầu Seaspimex hộp 185g,Hộp,Thực Phẩm Đóng Hộp,Thực Phẩm Khô,45400.0,45400.0,70,0.0,,0.0,1,0.0,0,0,1,0,0.0,0,
Cá nục kho tiêu Kronos Sea Crown lon 155g,Lon,Thực Phẩm Đóng Hộp,Thực Phẩm Khô,16383.783783783783,16800.0,74,0.1891891891891892,0.13095238095238096,0.05295059272889579,2,0.15068493150684925,1,0,1,14,14.0,0,
Cá nục sốt cà Lilly hộp 155g,Hộp,Thực Phẩm Đóng Hộp,Thực Phẩm Khô,13315.189873417721,13900.0,79,0.26582278481012656,0.15827338129496402,0.07345783327293257,2,0.18803418803418803,1,0,1,21,21.0,0,
Cá nục sốt cà Three Lady Cooks lon 155g,Lon,Thực Phẩm Đóng Hộp,Thực Phẩm Khô,19500.0,19500.0,74,0.0,,0.0,1,0.0,0,0,1,0,0.0,0,
Cá trích xẻ Hải Nam tẩm nướng 90g,Gói,Thực Phẩm Đóng Hộp,Thực Phẩm Khô,59978.10218978102,63029.19708029197,137,0.2773722627737226,0.14666666666666667,0.16539161922107115,4,0.5,1,0,3,5,1.4074074074074074,1,
Dưa chuột ngâm Fragata lọ 345g,Lọ,Thực Phẩm Đóng Hộp,Thực Phẩm Khô,77000.0,77000.0,76,0.0,,0.0,1,0.0,0,0,1,0,0.0,0,
Gạo Japonica Neptune bịch 5kg,Gói,Gạo - Nông Sản Khô,Thực Phẩm Khô,125237.20930232559,137600.0,43,1.0,0.0898458626284478,0.001892957077839638,2,0.003987240829346095,1,1,1,43,43.0,0,
Gạo Lứt Đồ Simply 1kg,Gói,Gạo - Nông Sản Khô,Thực Phẩm Khô,67300.0,67300.0,22,0.0,,0.0,1,0.0,0,0,1,0,0.0,0,
Gạo Ngọc Nương Lức đỏ túi 1kg,Gói,Gạo - Nông Sản Khô,Thực Phẩm Khô,51600.0,51600.0,43,0.0,,0.0,1,0.0,0,0,1,0,0.0,0,
Gạo Ngọc Nương ST 25 đặc sản 3Kg,Gói,Gạo - Nông Sản Khô,Thực Phẩm Khô,95197.61904761905,123000.0,84,0.8809523809523809,0.2565809712151175,0.11535138810739598,4,0.2693498452012384,1,0,1,74,74.0,0,
Gạo Ngọc Nương ST25 3 Kg,Gói,Gạo - Nông Sản Khô,Thực Phẩm Khô,86320.73170731707,115000.0,82,0.8170731707317073,0.30521739130434783,0.15817054049302265,2,0.43929912390488113,1,0,1,35,22.333333333333332,0,
Gạo Ngọc Nương lúa tôm ST25 5Kg,Gói,Gạo - Nông Sản Khô,Thực Phẩm Khô,205000.0,205000.0,64,0.0,,0.0,1,0.0,0,0,1,0,0.0,0,
Gạo ST25 Bảo Minh lúa ruộng rươi 3kg,Gói,Gạo - Nông Sản Khô,Thực Phẩm Khô,117266.66666666667,147600.0,87,0.8045977011494253,0.255420054200542,0.1282128040904046,2,0.25542005420054203,1,0,1,70,70.0,0,
Gạo ST25 Giống Cây Trồng TW túi 3kg,Gói,Gạo - Nông Sản Khô,Thực Phẩm Khô,100747.05882352941,119900.0,85,0.8705882352941177,0.1834862385321101,0.07373155631599261,2,0.2247191011235956,1,0,1,74,74.0,0,
Gạo Séng Cù Bảo Minh túi 5kg,Gói,Gạo - Nông Sản Khô,Thực Phẩm Khô,181600.0,181600.0,71,0.0,,0.0,1,0.0,0,0,1,0,0.0,0,
Gạo Tám Sóc Trăng Vinafood1 túi 3.5kg,Gói,Gạo - Nông Sản Khô,Thực Phẩm Khô,124544.0,135500.0,50,0.66,0.12250922509225091,0.0637798754142596,2,0.12250922509225093,1,0,1,33,33.0,0,
Gạo giống Nhật Bảo Minh túi 5kg,Gói,Gạo - Nông Sản Khô,Thực Phẩm Khô,167800.0,167800.0,71,0.0,,0.0,1,0.0,0,0,1,0,0.0,0,
Gạo nếp Vinaseed hoa vàng đặc biệt 2kg,Gói,Gạo - Nông Sản Khô,Thực Phẩm Khô,87970.12987012987,95100.0,77,0.5844155844155844,0.12828601472134596,0.06879449466769336,2,0.1471652593486128,1,0,1,45,45.0,0,
Gạo nếp cái hoa vàng Vinafood1 túi 2kg,Gói,Gạo - Nông Sản Khô,Thực Phẩm Khô,90025.0,90900.0,68,0.25,0.03850385038503851,0.016959873371779545,2,0.040045766590389054,1,0,1,17,17.0,0,
Gạo phúc thọ cây trồng Vinaseed hộp 1kg,Hộp,Gạo - Nông Sản Khô,Thực Phẩm Khô,51187.80487804878,54700.0,41,0.43902439024390244,0.14625228519195613,0.07852387584742354,2,0.17130620985010703,1,0,1,18,18.0,0,
Gạo tám Gò Công Vinafood1 túi 3kg,Gói,Gạo - Nông Sản Khô,Thực Phẩm Khô,132735.80246913582,147200.0,81,0.7901234567901234,0.12436311141304349,0.05757826821528117,3,0.12296195652173914,1,0,1,64,64.0,0,
Heo hầm Vissan hộp 150g,Hộp,Thực Phẩm Đóng Hộp,Thực Phẩm Khô,32700.0,32700.0,76,0.0,,0.0,1,0.0,0,0,1,0,0.0,0,
Hạt lạc nhân Thu Dung 500g,Gói,Gạo - Nông Sản Khô,Thực Phẩm Khô,53900.0,53900.0,68,0.0,,0.0,1,0.0,0,0,1,0,0.0,0,
Hạt phỉ phết cacao Nutella 350g,Hộp,Gạo - Nông Sản Khô,Thực Phẩm Khô,145000.0,145000.0,59,0.0,,0.0,1,0.0,0,0,1,0,0.0,0,
Hạt phỉ phết cacao Nuttella 200g,Hộp,Gạo - Nông Sản Khô,Thực Phẩm Khô,87270.96774193548,90900.0,62,0.2903225806451613,0.13751375137513752,0.06554537457558371,2,0.15943877551020402,1,0,1,18,18.0,0,
Hạt sen Thu Dung gói 500g,Gói,Gạo - Nông Sản Khô,Thực Phẩm Khô,149900.0,149900.0,69,0.0,,0.0,1,0.0,0,0,1,0,0.0,0,
Khô cá chỉ vàng tẩm Hoa Doanh 200g,Gói,Thực Phẩm Đóng Hộp,Thực Phẩm Khô,78607.69230769231,79500.0,65,0.07692307692307693,0.1459119496855346,0.03962843343470978,2,0.17083946980854203,1,0,1,5,5.0,0,
Khô cá cơm sữa An Vĩnh khay 200g,Gói,Thực Phẩm Đóng Hộp,Thực Phẩm Khô,49363.15789473684,54000.0,76,0.5789473684210527,0.1483164983164983,0.08064005816797169,3,0.17647058823529416,1,0,1,40,14.666666666666666,0,
Khô cá cơm tẩm An Vĩnh 200g,Gói,Thực Phẩm Đóng Hộp,Thực Phẩm Khô,60776.119402985074,60776.119402985074,67,0.0,,0.013069523858190666,2,0.051724137931034475,0,0,2,0,0.0,1,
Khô cá nục khay 250g,Khay,Thực Phẩm Đóng Hộp,Thực Phẩm Khô,49000.0,49000.0,60,0.0,,0.0,1,0.0,0,0,1,0,0.0,0,
Khô cá sặc An Vĩnh 200g,Gói,Thực Phẩm Đóng Hộp,Thực Phẩm Khô,91025.0,99314.47368421052,76,0.5526315789473685,0.15015015015015015,0.07881240814083146,3,0.1766784452296819,1,0,2,40,21.0,1,
Khô cá thiều ăn liền An Vĩnh 100g,Hộp,Thực Phẩm Đóng Hộp,Thực Phẩm Khô,70765.625,70765.625,64,0.0,,0.011466995822479148,2,0.044117647058823595,0,0,2,0,0.0,1,
Khô cá đù sữa Hoa Doanh gói 200g,Gói,Thực Phẩm Đóng Hộp,Thực Phẩm Khô,57000.0,57000.0,52,0.0,,0.0,1,0.0,0,0,1,0,0.0,0,
Lá Kim Miwon tẩm dầu Ô Liu 15g,"Lốc, Lô, Lố",Rong Biển - Tảo Biển,Thực Phẩm Khô,34516.25,35700.0,80,0.7875,0.04210573118136143,0.018676300307758097,3,0.053221288515406195,1,0,1,63,63.0,0,
Lá Kim cuốn cơm Miwon gói 10g,Gói,Rong Biển - Tảo Biển,Thực Phẩm Khô,24597.402597402597,27800.0,77,0.6883116883116883,0.167367992398534,0.09501921414956375,3,0.2410714285714286,1,0,1,22,17.666666666666668,0,
Lá Kim tẩm dầu Ô Liu Miwon 10g,"Lốc, Lô, Lố",Rong Biển - Tảo Biển,Thực Phẩm Khô,26500.0,26500.0,63,0.0,,0.0,1,0.0,0,0,1,0,0.0,0,
Lá kim Miwon tẩm gia vị 22g,Gói,Rong Biển - Tảo Biển,Thực Phẩm Khô,30039.344262295082,33400.0,61,0.5245901639344263,0.19180389221556887,0.10741321426041267,3,0.241635687732342,1,0,1,15,10.666666666666666,0,
Lá kim cuốn cơm Gimbab & Roll Miwon gói 10g,Gói,Rong Biển - Tảo Biển,Thực Phẩm Khô,30298.61111111111,33300.0,72,0.5694444444444444,0.15828023145096315,0.09348062448630451,3,0.2425373134328359,1,0,1,18,13.666666666666666,0,
Lá rong biển cuốn cơm Ottogi 20g,Gói,Rong Biển - Tảo Biển,Thực Phẩm Khô,51200.0,51200.0,60,0.0,,0.0,1,0.0,0,0,1,0,0.0,0,
Lốc 2 gói lá kim tẩm dầu oliu Miwon 9g,Gói 2,Rong Biển - Tảo Biển,Thực Phẩm Khô,27300.0,27300.0,61,0.0,,0.0,1,0.0,0,0,1,0,0.0,0,
Lốc 3 Miwon lá kim tảo biển cao cấp 5g,Gói 3,Rong Biển - Tảo Biển,Thực Phẩm Khô,39700.0,41300.0,80,1.0,0.0387409200968523,0.0,1,0.0,1,1,1,80,80.0,0,
Lốc 3 Miwon lá lim trẻ em 5g,Gói 3,Rong Biển - Tảo Biển,Thực Phẩm Khô,39700.0,41300.0,79,1.0,0.0387409200968523,0.0,1,0.0,1,1,1,79,79.0,0,
Lốc 3 gói r ong biển Tohogenkai truyền thống Dasol Kim 4g,Gói 3,Rong Biển - Tảo Biển,Thực Phẩm Khô,33300.0,33300.0,66,0.0,,0.0,1,0.0,0,0,1,0,0.0,0,
Lốc 3 gói rong biển lá xanh Tohogenkai 4g,Gói 3,Rong Biển - Tảo Biển,Thực Phẩm Khô,33300.0,33300.0,64,0.0,,0.0,1,0.0,0,0,1,0,0.0,0,
Lốc 4 gói xốt gia vị hoàn chỉnh gà chiên nước mắm Chin-su gói 70g,Gói 4,Thực Phẩm Đóng Hộp,Thực Phẩm Khô,29000.0,29000.0,60,0.0,,0.0,1,0.0,0,0,1,0,0.0,0,
Mứt dâu Bonne Maman 30g,Lọ,Thực Phẩm Đóng Hộp,Thực Phẩm Khô,20500.0,20500.0,68,0.0,,0.0,1,0.0,0,0,1,0,0.0,0,
Mực khô to SSA gói 200g,Gói,Thực Phẩm Đóng Hộp,Thực Phẩm Khô,439000.0,439000.0,55,0.0,,0.0,1,0.0,0,0,1,0,0.0,0,
Mực rim me Hải Nam 100g,Hộp,Thực Phẩm Đóng Hộp,Thực Phẩm Khô,47636.36363636364,53493.506493506495,77,0.5324675324675324,0.2037037037037037,0.10660129811407013,3,0.2558139534883721,1,0,2,41,41.0,1,
Mực sẽ tẩm sấy giòn ăn liền An Vĩnh 200g,Hộp,Thực Phẩm Đóng Hộp,Thực Phẩm Khô,127852.45901639345,127852.45901639345,61,0.0,,0.03028708129893793,2,0.12173913043478257,0,0,2,0,0.0,1,
Mực xé tẩm sấy giòn ăn liền An Vĩnh gói 100g,Hộp,Thực Phẩm Đóng Hộp,Thực Phẩm Khô,68193.54838709677,68193.54838709677,62,0.0,,0.04025486537962824,2,0.1694915254237288,0,0,2,0,0.0,1,
Mực ống ghim An Vĩnh 400g,Gói,Thực Phẩm Đóng Hộp,Thực Phẩm Khô,106000.0,106000.0,62,0.0,,0.0,1,0.0,0,0,1,0,0.0,0,
Ngũ cốc Bakalland Muesli 5 Dried Fruits & Honey gói 300g,Gói,Ngũ Cốc - Yến Mạch,Thực Phẩm Khô,115600.0,115600.0,17,0.0,,0.0,1,0.0,0,0,1,0,0.0,0,
Ngũ cốc Bakalland Muesli 5 Nuts & Honey gói 300g,Gói,Ngũ Cốc - Yến Mạch,Thực Phẩm Khô,115600.0,115600.0,47,0.0,,0.0,1,0.0,0,0,1,0,0.0,0,
Ngũ cốc Bakalland Muesli 5 Tropical Fruits & Honey gói 300g,Gói,Ngũ Cốc - Yến Mạch,Thực Phẩm Khô,115600.0,115600.0,2,0.0,,0.0,1,0.0,0,0,1,0,0.0,0,
Ngũ cốc Kellogg's AS Corn Flaké 500g,Hộp,Ngũ Cốc - Yến Mạch,Thực Phẩm Khô,125558.82352941176,129000.0,68,0.1323529411764706,0.20155038759689922,0.07069383030119622,2,0.2524271844660195,1,0,1,9,9.0,0,Kellogg
Ngũ cốc Trái cây CalBee 700g,Gói,Ngũ Cốc - Yến Mạch,Thực Phẩm Khô,262000.0,262000.0,67,0.0,,0.0,1,0.0,0,0,1,0,0.0,0,Calbee
Ngũ cốc Trái cây Calbee 482g,Gói,Ngũ Cốc - Yến Mạch,Thực Phẩm Khô,181000.0,181000.0,47,0.0,,0.0,1,0.0,0,0,1,0,0.0,0,Calbee
Ngũ cốc Trái cây ít đường Calbee 600g,Gói,Ngũ Cốc - Yến Mạch,Thực Phẩm Khô,262000.0,262000.0,67,0.0,,0.0,1,0.0,0,0,1,0,0.0,0,Calbee
Ngũ cốc dinh dưỡng Froot Loops Kellogg's hộp 160g,Hộp,Ngũ Cốc - Yến Mạch,Thực Phẩm Khô,93341.37931034483,99500.0,58,0.3275862068965517,0.18894472361809045,0.09535452661480823,2,0.23296158612143736,1,0,1,19,19.0,0,Kellogg
Ngũ cốc dinh dưỡng Froot Loops hộp 300g,Hộp,Ngũ Cốc - Yến Mạch,Thực Phẩm Khô,136292.53731343284,140000.0,67,0.13432835820895522,0.19714285714285715,0.0695765496084533,2,0.24555160142348753,1,0,1,9,9.0,0,
Ngũ cốc dinh dưỡng Mueslix Orchard Beauty Kellogg's hộp 375g,Hộp,Ngũ Cốc - Yến Mạch,Thực Phẩm Khô,128304.34782608696,139000.0,69,0.391304347826087,0.19664268585131894,0.10474438168469305,3,0.25,1,0,1,18,13.5,0,Kellogg
Ngũ cốc mật ong Honey Stars hộp 300g,Hộp,Ngũ Cốc - Yến Mạch,Thực Phẩm Khô,111067.56756756757,115000.0,74,0.20270270270270271,0.16869565217391305,0.07069827455448506,2,0.2029288702928871,1,0,1,15,15.0,0,
Ngũ cốc ăn sáng Corn Flakes Nestlé hộp 275g,Hộp,Ngũ Cốc - Yến Mạch,Thực Phẩm Khô,66586.30136986301,72800.0,73,0.3835616438356164,0.2225274725274725,0.11912083163706244,2,0.28621908127208484,1,0,1,14,14.0,0,Nestlé
Ngũ cốc ăn sáng Koko Krunch Nestlé hộp 170g,Hộp,Ngũ Cốc - Yến Mạch,Thực Phẩm Khô,64908.333333333336,70500.0,72,0.3055555555555556,0.25957446808510637,0.1307830772795372,2,0.35057471264367823,1,0,1,22,22.0,0,Nestlé
Ngũ cốc ăn sáng Koko Krunch vị sô cô la Nestlé hộp 330g,Hộp,Ngũ Cốc - Yến Mạch,Thực Phẩm Khô,111227.77777777778,115000.0,72,0.19444444444444445,0.16869565217391305,0.06951380502660665,2,0.2029288702928871,1,0,1,14,14.0,0,Nestlé
Ngũ cốc ăn sáng Milo Nestlé hộp 330g,Gói,Ngũ Cốc - Yến Mạch,Thực Phẩm Khô,111067.56756756757,115000.0,74,0.20270270270270271,0.16869565217391305,0.07069827455448506,2,0.2029288702928871,1,0,1,15,15.0,0,Milo
Ngũ cốc ăn sáng Milo hộp 170g,Hộp,Ngũ Cốc - Yến Mạch,Thực Phẩm Khô,64579.41176470588,70500.0,68,0.3235294117647059,0.25957446808510637,0.13355353982366114,2,0.35057471264367823,1,0,1,22,22.0,0,Milo
Ngũ cốc ăn sáng Nestlé Honey Star hộp 150g,Hộp,Ngũ Cốc - Yến Mạch,Thực Phẩm Khô,63209.375,69500.0,64,0.34375,0.2633093525179856,0.13859428345827646,2,0.357421875,1,0,1,22,22.0,0,Nestlé
Nấm hương Đông Nam Việt 100g,Gói,Gạo - Nông Sản Khô,Thực Phẩm Khô,53600.0,53600.0,55,0.0,,0.0,1,0.0,0,0,1,0,0.0,0,
Nấm hương Đông Nam Việt 200g,Gói,Gạo - Nông Sản Khô,Thực Phẩm Khô,104100.0,104100.0,55,0.0,,0.0,1,0.0,0,0,1,0,0.0,0,
Pate gan HaLong Canfoco hộp 90g,Hộp,Thực Phẩm Đóng Hộp,Thực Phẩm Khô,24500.0,24500.0,17,0.0,,0.0,1,0.0,0,0,1,0,0.0,0,
Pate gan hộp Halong Canfoco hộp 170g,Hộp,Thực Phẩm Đóng Hộp,Thực Phẩm Khô,34500.0,34500.0,17,0.0,,0.0,1,0.0,0,0,1,0,0.0,0,
Pate thịt heo Vissan hộp 170g,Hộp,Thực Phẩm Đóng Hộp,Thực Phẩm Khô,32479.72972972973,33200.0,74,0.17567567567567569,0.12349397590361445,0.04836495117890336,2,0.14089347079037795,1,0,1,13,13.0,0,
Patê Cột Đèn Hải Phòng 150g,Hộp,Thực Phẩm Đóng Hộp,Thực Phẩm Khô,24900.0,28900.0,18,1.0,0.1384083044982699,0.0,1,0.0,1,1,1,18,18.0,0,
Patê Cột Đèn Hải Phòng 90g,Hộp,Thực Phẩm Đóng Hộp,Thực Phẩm Khô,22800.0,22800.0,17,0.0,,0.0,1,0.0,0,0,1,0,0.0,0,
Rong Biển Giòn Trộn Gia Vị Miwon 30g,Gói,Rong Biển - Tảo Biển,Thực Phẩm Khô,36402.5,37900.0,80,1.0,0.03951187335092348,0.006118860867690169,2,0.01671309192200554,1,1,1,80,80.0,0,
Rong Biển Giòn Trộn Hải Sản gói 30g,Gói,Rong Biển - Tảo Biển,Thực Phẩm Khô,39700.0,41200.0,81,1.0,0.03640776699029126,0.0,1,0.0,1,1,1,81,81.0,0,
"Rong Biển Giòn Trộn Óc Chó, Hạnh Nhân 30g",Gói,Rong Biển - Tảo Biển,Thực Phẩm Khô,39700.0,41200.0,81,1.0,0.03640776699029126,0.0,1,0.0,1,1,1,81,81.0,0,
Rong biển Bibigo vị truyền thống 5g/4g,Gói 3,Rong Biển - Tảo Biển,Thực Phẩm Khô,30350.0,30900.0,72,0.5,0.03559870550161812,0.018249083903651226,2,0.03691275167785224,1,0,1,25,18.0,0,
Rong biển Green World gói 20g,Gói,Rong Biển - Tảo Biển,Thực Phẩm Khô,43500.0,43500.0,61,0.0,,0.0,1,0.0,0,0,1,0,0.0,0,
Rong biển Hàn Quốc (cắt sẵn) Miwon gói 20g,Gói,Rong Biển - Tảo Biển,Thực Phẩm Khô,24800.0,24800.0,47,0.0,,0.0,1,0.0,0,0,1,0,0.0,0,
Rong biển Hàn Quốc Miwon gói 100g,Gói,Rong Biển - Tảo Biển,Thực Phẩm Khô,100064.86486486487,117000.0,74,0.7162162162162162,0.2020964360587002,0.10815189622325988,4,0.28430296377607034,1,0,1,22,17.666666666666668,0,
Rong biển Hàn Quốc Miwon gói 50g,Gói,Rong Biển - Tảo Biển,Thực Phẩm Khô,51783.561643835616,60600.0,73,0.726027397260274,0.2003860763434834,0.10623569821344685,4,0.2811839323467231,1,0,1,22,17.666666666666668,0,
Rong biển Miwon cuộn nướng vị mực 6g,Gói,Rong Biển - Tảo Biển,Thực Phẩm Khô,14260.0,15700.0,65,0.4153846153846154,0.2208067940552017,0.12103632423822602,3,0.2975206611570247,1,0,1,18,13.5,0,
Rong biển Miwon cuộn nướng vị pho mai 6g,Gói,Rong Biển - Tảo Biển,Thực Phẩm Khô,14281.818181818182,15700.0,66,0.4090909090909091,0.2208067940552017,0.12055872053871927,3,0.2975206611570247,1,0,1,18,13.5,0,
Rong biển Miwon cuộn nướng vị truyền thống 6g,Gói,Rong Biển - Tảo Biển,Thực Phẩm Khô,14281.818181818182,15700.0,66,0.4090909090909091,0.2208067940552017,0.12055872053871927,3,0.2975206611570247,1,0,1,18,13.5,0,
Rong biển Tasami xốt Wasabi 27.5g,Hộp,Rong Biển - Tảo Biển,Thực Phẩm Khô,104400.0,104400.0,64,0.0,,0.0,1,0.0,0,0,1,0,0.0,0,
Rong biển Tohogenkai trộn cơm đậu nành kinako gói 40g,Gói,Rong Biển - Tảo Biển,Thực Phẩm Khô,53700.0,53700.0,66,0.0,,0.0,1,0.0,0,0,1,0,0.0,0,
Rong biển cuộn cơm Tohogenkai 22g(10 lá),Gói,Rong Biển - Tảo Biển,Thực Phẩm Khô,44800.0,44800.0,66,0.0,,0.0,1,0.0,0,0,1,0,0.0,0,
Rong biển em bé cười hạt hướng dương và hạnh nhân Humanwell gói 50g,Gói,Rong Biển - Tảo Biển,Thực Phẩm Khô,44465.67164179104,44465.67164179104,67,0.0,,0.04698269262615532,2,0.11751152073732718,0,0,2,0,0.0,1,
Rong biển em bé cười tôm và cá cơm Humanwell gói 50g,Gói,Rong Biển - Tảo Biển,Thực Phẩm Khô,44465.67164179104,44465.67164179104,67,0.0,,0.04698269262615532,2,0.11751152073732718,0,0,2,0,0.0,1,
Rong biển giòn trộn gia vị Daesang Miwon 50g,Gói,Rong Biển - Tảo Biển,Thực Phẩm Khô,67800.0,67800.0,61,0.0,,0.0,1,0.0,0,0,1,0,0.0,0,
Rong biển giòn trộn khô gà Miwon gói 30g,Gói,Rong Biển - Tảo Biển,Thực Phẩm Khô,39596.2962962963,41200.0,81,1.0,0.03892484717727435,0.006319331527173391,2,0.017948717948717885,1,1,1,81,81.0,0,
Rong biển nấu canh Ottogi gói 50g,Gói,Rong Biển - Tảo Biển,Thực Phẩm Khô,45729.41176470588,54100.0,34,0.7352941176470589,0.21042513863216264,0.11169831383364315,4,0.2610722610722611,1,0,1,22,12.5,0,
Rong biển trộn cơm Phúc Thịnh Food gói 50g,Gói,Rong Biển - Tảo Biển,Thực Phẩm Khô,47540.0,47540.0,60,0.0,,0.01969902883463642,2,0.05095541401273884,0,0,2,0,0.0,1,
Rong biển trộn cơm hải sản kimnori Tohogenkai 50g,Gói,Rong Biển - Tảo Biển,Thực Phẩm Khô,53700.0,53700.0,65,0.0,,0.0,1,0.0,0,0,1,0,0.0,0,
Rong biển trộn cơm rau củ kimnori Tohogenkai gói 50g,Gói,Rong Biển - Tảo Biển,Thực Phẩm Khô,55100.0,55100.0,64,0.0,,0.0,1,0.0,0,0,1,0,0.0,0,
"Rong biển tẩm gia vị Daesang Miwon 8 gói x 2,3g",Gói,Rong Biển - Tảo Biển,Thực Phẩm Khô,53500.0,53500.0,36,0.0,,0.0,1,0.0,0,0,1,0,0.0,0,
Rong biển tẩm gia vị ăn liền Ottogi 4.2g,Gói,Rong Biển - Tảo Biển,Thực Phẩm Khô,30770.422535211266,31700.0,71,0.7746478873239436,0.03785488958990536,0.016410088672891367,2,0.03934426229508192,1,0,1,37,27.5,0,
Rong nho Tasami 100g 20g*5 gói,Hộp,Rong Biển - Tảo Biển,Thực Phẩm Khô,77100.0,77100.0,63,0.0,,0.0,1,0.0,0,0,1,0,0.0,0,
Rong nho Tasami 75g,Hộp,Rong Biển - Tảo Biển,Thực Phẩm Khô,44800.0,44800.0,57,0.0,,0.0,1,0.0,0,0,1,0,0.0,0,
Rong nho sốt mè rang Tasami 35g*5,Hộp,Rong Biển - Tảo Biển,Thực Phẩm Khô,104400.0,104400.0,64,0.0,,0.0,1,0.0,0,0,1,0,0.0,0,
Ruốc khô An Vĩnh 100g,Gói,Thực Phẩm Đóng Hộp,Thực Phẩm Khô,25866.666666666668,26000.0,60,0.03333333333333333,0.15384615384615385,0.027992835265885443,2,0.18181818181818188,1,0,1,2,2.0,0,
Sương sáo đen 3K gói 50g,Gói,Bột Các Loại,Thực Phẩm Khô,16400.0,16400.0,68,0.0,,0.0,1,0.0,0,0,1,0,0.0,0,
Sườn non lúa mạch chay An Nhiên 150g,Gói,Thực Phẩm Chay,Thực Phẩm Khô,69390.16393442624,69390.16393442624,61,0.0,,0.03687116194934813,2,0.09677419354838701,0,0,2,0,0.0,1,
Thạch rau câu pha sẵn vị khoai môn 3K 140g,Hộp,Bột Các Loại,Thực Phẩm Khô,17100.0,17100.0,55,0.0,,0.0,1,0.0,0,0,1,0,0.0,0,
Thịt heo viên 3 phút Heo Cao Bồi Masan hộp 200g,Hộp,Thực Phẩm Đóng Hộp,Thực Phẩm Khô,29340.0,31200.0,70,0.3,0.19871794871794868,0.09753617091130592,2,0.248,1,0,1,21,21.0,0,Masan
Thịt hộp Spam Classic hộp 340g,Hộp,Thực Phẩm Đóng Hộp,Thực Phẩm Khô,147400.0,147400.0,53,0.0,,0.0,1,0.0,0,0,1,0,0.0,0,
Thịt viên 3 phút Heo Cao Bồi Masan hộp 200g,Hộp,Thực Phẩm Đóng Hộp,Thực Phẩm Khô,31500.0,31500.0,64,0.0,,0.0,1,0.0,0,0,1,0,0.0,0,Masan
Thịt xay Halong Canfoco hộp 170g,Hộp,Thực Phẩm Đóng Hộp,Thực Phẩm Khô,32400.0,32400.0,17,0.0,,0.0,1,0.0,0,0,1,0,0.0,0,
Thịt áp chảo Ponnie 340g,Hộp,Thực Phẩm Đóng Hộp,Thực Phẩm Khô,97437.5,99000.0,64,0.0625,0.25252525252525254,0.06259782379400469,2,0.33783783783783794,1,0,1,4,4.0,0,
Thịt áp chảo Ponnie hộp 200g,Hộp,Thực Phẩm Đóng Hộp,Thực Phẩm Khô,62095.833333333336,66700.0,48,0.3541666666666667,0.19490254872563717,0.10118512033685798,2,0.24208566108007457,1,0,1,17,17.0,0,
Tinh bột bắp làm bánh STFood 200g,Gói,Bột Các Loại,Thực Phẩm Khô,17700.0,17700.0,64,0.0,,0.0,1,0.0,0,0,1,0,0.0,0,
Trái oliu xanh Latino Bella không hạt 450g,Lọ,Gạo - Nông Sản Khô,Thực Phẩm Khô,118000.0,118000.0,74,0.0,,0.0,1,0.0,0,0,1,0,0.0,0,
Trái ôliu xanh Latino Bella không hạt 235g,Lọ,Gạo - Nông Sản Khô,Thực Phẩm Khô,71500.0,71500.0,49,0.0,,0.0,1,0.0,0,0,1,0,0.0,0,
Tép moi Hùng Vương Lenger 65g,Gói,Thực Phẩm Đóng Hộp,Thực Phẩm Khô,24000.0,24000.0,60,0.0,,0.0,1,0.0,0,0,1,0,0.0,0,
Tép sấy giòn Hải Nam 90g,Gói,Thực Phẩm Đóng Hộp,Thực Phẩm Khô,51741.17647058824,51741.17647058824,51,0.0,,0.03572338004273368,2,0.3402061855670102,0,0,2,0,0.0,1,
Tôm khô An Vĩnh hộp 100g,Hộp,Thực Phẩm Đóng Hộp,Thực Phẩm Khô,107578.94736842105,118000.0,76,0.5789473684210527,0.15254237288135594,0.08315897241311519,2,0.17999999999999994,1,0,1,40,14.666666666666666,0,
Tôm khô An Vĩnh hộp 200g,Hộp,Thực Phẩm Đóng Hộp,Thực Phẩm Khô,236000.0,236000.0,67,0.0,,0.0,1,0.0,0,0,1,0,0.0,0,
Tôm khô nhỏ An Vĩnh hộp 150g,Hộp,Thực Phẩm Đóng Hộp,Thực Phẩm Khô,130000.0,130000.0,63,0.0,,0.0,1,0.0,0,0,1,0,0.0,0,
Tôm nõn khô hộp 100g,Hộp,Thực Phẩm Đóng Hộp,Thực Phẩm Khô,103957.53424657535,113000.0,73,0.5616438356164384,0.1424778761061947,0.07737651141433685,2,0.16615067079463364,1,0,1,22,13.666666666666666,0,
Tôm nõn khô hộp 200g,Hộp,Thực Phẩm Đóng Hộp,Thực Phẩm Khô,205000.0,205000.0,60,0.0,,0.0,1,0.0,0,0,1,0,0.0,0,
Tảo Mi Yuk Godbawee 50g*36,Gói,Rong Biển - Tảo Biển,Thực Phẩm Khô,56600.0,56600.0,62,0.0,,0.0,1,0.0,0,0,1,0,0.0,0,
Tảo biển Godbawee gói 3 x 15g,Gói 3,Rong Biển - Tảo Biển,Thực Phẩm Khô,44000.0,44000.0,69,0.0,,0.0,1,0.0,0,0,1,0,0.0,0,
Tảo biển Green Sonka túi 3 gói x 4g,Gói 3,Rong Biển - Tảo Biển,Thực Phẩm Khô,42181.42857142857,43500.0,70,0.18571428571428572,0.1632183908045977,0.06592841020272305,2,0.16321839080459766,1,0,1,13,13.0,0,
Tảo biển Mini Type Godbawee gói 8 x 2g,Gói 8,Rong Biển - Tảo Biển,Thực Phẩm Khô,52600.0,52600.0,69,0.0,,0.0,1,0.0,0,0,1,0,0.0,0,
Tảo biển Wild Sonka túi 3 gói x 4g,Gói 3,Rong Biển - Tảo Biển,Thực Phẩm Khô,45000.0,45000.0,69,0.0,,0.0,1,0.0,0,0,1,0,0.0,0,
Tảo cuốn cơm Godbawee 20g*130,Gói,Rong Biển - Tảo Biển,Thực Phẩm Khô,50000.0,50000.0,62,0.0,,0.0,1,0.0,0,0,1,0,0.0,0,
Tảo truyền thống Jaban 40g,Gói,Rong Biển - Tảo Biển,Thực Phẩm Khô,65800.0,65800.0,64,0.0,,0.0,1,0.0,0,0,1,0,0.0,0,
Yến Mạch Hạnh nhân Phô mai Oatta gói 300g,Gói,Ngũ Cốc - Yến Mạch,Thực Phẩm Khô,129900.0,129900.0,63,0.0,,0.0,1,0.0,0,0,1,0,0.0,0,
Yến Mạch Oatta Trái Cây 300g,Gói,Ngũ Cốc - Yến Mạch,Thực Phẩm Khô,89348.71794871795,101000.0,78,0.6666666666666666,0.17303884234577305,0.09399007960091878,3,0.2423124231242313,1,0,1,34,26.0,0,
Yến Mạch Trái Cây Oatta gói 800g,Gói,Ngũ Cốc - Yến Mạch,Thực Phẩm Khô,207100.0,207100.0,64,0.0,,0.0,1,0.0,0,0,1,0,0.0,0,
Yến Mạch nguyên chất Oganic Xuân An gói 400g,Gói,Ngũ Cốc - Yến Mạch,Thực Phẩm Khô,94718.46153846153,113000.0,65,0.6307692307692307,0.25648607813511765,0.14886313850322327,4,0.35167464114832536,1,0,1,18,13.666666666666666,0,
Yến mạch mật ong Xuân An hộp 384g,Hộp,Ngũ Cốc - Yến Mạch,Thực Phẩm Khô,85000.0,85000.0,64,0.0,,0.0,1,0.0,0,0,1,0,0.0,0,
Yến mạch nguyên chất ăn liền Xuân An 800g,Hộp,Ngũ Cốc - Yến Mạch,Thực Phẩm Khô,130727.77777777778,147000.0,72,0.4027777777777778,0.2748299319727891,0.15263400170089453,2,0.37898686679174487,1,0,1,15,14.5,0,
Yến mạch nguyên chất ăn liền nhập khẩu Úc Xuân An hộp 400g,Hộp,Ngũ Cốc - Yến Mạch,Thực Phẩm Khô,69632.35294117648,83100.0,68,0.6029411764705882,0.2687916409850019,0.1581556925485327,3,0.3735537190082645,1,0,1,18,13.666666666666666,0,
Yến mạch Úc nguyên chất Xuân An gói 400g,Gói,Ngũ Cốc - Yến Mạch,Thực Phẩm Khô,67745.88235294117,81200.0,85,0.6,0.2761518400463634,0.16314628423095054,3,0.38566552901023887,1,0,1,22,17.0,0,
Đậu xanh bóc vỏ Thu Dung gói 500g,Gói,Gạo - Nông Sản Khô,Thực Phẩm Khô,42629.11392405063,43500.0,79,0.5443037974683544,0.0367816091954023,0.01881214459613242,2,0.038186157517899666,1,0,1,43,43.0,0,
Trứng chim cút 729 Ba Vì hộp 30 quả,Hộp,Trứng,Trứng - Đậu Hũ,39775.0,39775.0,48,0.0,,0.018960088584204976,2,0.07238605898123329,0,0,2,0,0.0,1,Ba Vì
Trứng gà Ba Huân hộp 10 quả,Hộp,Trứng,Trứng - Đậu Hũ,32287.5,32287.5,40,0.0,,0.042933963967065766,3,0.1029411764705882,0,0,3,0,0.0,1,
Trứng gà DHA Dabaco hộp 10 quả,Hộp,Trứng,Trứng - Đậu Hũ,58240.0,58240.0,60,0.0,,0.060112532025713594,3,0.16959064327485374,0,0,3,0,0.0,1,
Trứng gà J Dabaco giỏ 10 quả,Bộ,Trứng,Trứng - Đậu Hũ,53500.0,53500.0,76,0.0,,0.0,1,0.0,0,0,1,0,0.0,0,
Trứng gà Omega 3 Dabaco hộp 10 quả,Hộp,Trứng,Trứng - Đậu Hũ,55680.82191780822,55680.82191780822,73,0.0,,0.046890645324909684,3,0.10982658959537561,0,0,3,0,0.0,1,
Trứng gà quê Dabaco 10 quả,Hộp,Trứng,Trứng - Đậu Hũ,51288.46153846154,51288.46153846154,78,0.0,,0.028427080758240963,4,0.08577405857740583,0,0,4,0,0.0,1,
Trứng gà quê Dabaco giỏ 10 quả,Bộ,Trứng,Trứng - Đậu Hũ,55542.10526315789,55542.10526315789,76,0.0,,0.036534522974189874,2,0.10136452241715399,0,0,2,0,0.0,1,
Trứng gà so 729 Ba Vì giỏ 10 quả,Bộ,Trứng,Trứng - Đậu Hũ,55129.11392405063,55129.11392405063,79,0.0,,0.014624757625289276,2,0.08485856905158073,0,0,2,0,0.0,0,Ba Vì
Trứng gà sạch O'LALA hộp 10 quả,Hộp,Trứng,Trứng - Đậu Hũ,38572.22222222222,38572.22222222222,18,0.0,,0.01430548789997133,2,0.029023746701847042,0,0,2,0,0.0,1,
Trứng gà ta Ba Vì 729 Omega 3,Bộ,Trứng,Trứng - Đậu Hũ,60086.74698795181,60086.74698795181,83,0.0,,0.009243476535433965,2,0.05660377358490565,0,0,2,0,0.0,0,Ba Vì
Trứng gà ta quê 729 Ba Vì giỏ 10 quả,Bộ,Trứng,Trứng - Đậu Hũ,53710.34482758621,53710.34482758621,58,0.0,,0.020904004062246236,2,0.1023489932885906,0,0,2,0,0.0,0,Ba Vì
Trứng gà ta quê 729 Ba Vì hộp 10 quả,Hộp,Trứng,Trứng - Đậu Hũ,53000.0,53000.0,70,0.0,,0.0,1,0.0,0,0,1,0,0.0,0,Ba Vì
Trứng gà tươi Dabaco hộp 10 quả,Hộp,Trứng,Trứng - Đậu Hũ,33589.873417721516,33589.873417721516,79,0.0,,0.05695622879518477,4,0.13636363636363646,0,0,4,0,0.0,1,
Trứng gà vỏ DABACO xanh hộp 12 quả,Hộp,Trứng,Trứng - Đậu Hũ,79872.72727272728,79872.72727272728,66,0.0,,0.0019463472884892103,2,0.0113924050632912,0,0,2,0,0.0,1,
Trứng gà ác 729 ba Vì giỏ 10 quả,Bộ,Trứng,Trứng - Đậu Hũ,61000.0,61000.0,65,0.0,,0.0,1,0.0,0,0,1,0,0.0,0,Ba Vì
Tàu hũ bổ dưỡng Tafu gói 300g,Cái,Đậu hũ,Trứng - Đậu Hũ,10465.78947368421,10465.78947368421,76,0.0,,0.10813055654099682,2,0.3580246913580247,0,0,2,0,0.0,1,
Tàu hũ chiên Ichiban hộp 300g,Hộp,Đậu hũ,Trứng - Đậu Hũ,14800.0,14800.0,65,0.0,,0.0,1,0.0,0,0,1,0,0.0,0,
Tàu hũ mềm Ichiban hộp 300g,Hộp,Đậu hũ,Trứng - Đậu Hũ,13900.0,13900.0,72,0.0,,0.0,1,0.0,0,0,1,0,0.0,0,
Tàu hũ trứng Ichiban Fuji San gói 240g,Cái,Đậu hũ,Trứng - Đậu Hũ,19500.0,19500.0,82,0.0,,0.0,1,0.0,0,0,1,0,0.0,0,
Tàu hũ trứng bổ dưỡng Ichiban gói 240g,Cái,Đậu hũ,Trứng - Đậu Hũ,19000.0,19000.0,83,0.0,,0.0,1,0.0,0,0,1,0,0.0,0,
Đâu phụ ABC non làng mơ 300g,Hộp,Đậu hũ,Trứng - Đậu Hũ,11000.0,11000.0,81,0.0,,0.0,1,0.0,0,0,1,0,0.0,0,
Đậu hũ đậu hũ Làng Mơ Thai corp,Hộp,Đậu hũ,Trứng - Đậu Hũ,15900.0,15900.0,73,0.0,,0.0,1,0.0,0,0,1,0,0.0,0,
Đậu phụ tươi Làng Mơ hộp 400g,Hộp,Đậu hũ,Trứng - Đậu Hũ,12000.0,12000.0,73,0.0,,0.0,1,0.0,0,0,1,0,0.0,0,
Đậu thanh truyền thống ABC 500g,Gói,Đậu hũ,Trứng - Đậu Hũ,21696.385542168675,21696.385542168675,83,0.0,,0.025413084373611148,2,0.05213270142180093,0,0,2,0,0.0,1,
Ba chỉ bò mỹ cắt cuộn chấm sốt sukiyaki Orifood khay 500g,Khay,Thịt Đông Lạnh,Thực Phẩm Đông Lạnh,195300.0,195300.0,73,0.0,,0.0,1,0.0,0,0,1,0,0.0,0,
Bao tử cá basa,1KG,Hải Sản Đông Lạnh,Thực Phẩm Đông Lạnh,128906.25,128906.25,32,0.0,,0.00411407581781264,2,0.023809523809523725,0,0,2,0,0.0,1,
Bánh khoai khen vàng WinMart Good 230g,Khay,Thực Phẩm Đông Lạnh Khác,Thực Phẩm Đông Lạnh,45000.0,45000.0,43,0.0,,0.0,1,0.0,0,0,1,0,0.0,0,
Bánh xếp Hàn Quốc Bibigo nhân hải sản 350g,Gói,Thực Phẩm Đông Lạnh Khác,Thực Phẩm Đông Lạnh,64300.0,66500.0,53,0.20754716981132076,0.1593984962406015,0.06749572606583643,2,0.1896243291592128,1,0,1,11,11.0,0,
Bánh xếp Hàn Quốc Bibigo nhân thịt 350g (gói 10 cái),Gói,Thực Phẩm Đông Lạnh Khác,Thực Phẩm Đông Lạnh,64500.0,64500.0,65,0.0,,0.0,1,0.0,0,0,1,0,0.0,0,
Bánh xếp Hàn Quốc Bibigo nhân thịt gói 175g,Gói,Thực Phẩm Đông Lạnh Khác,Thực Phẩm Đông Lạnh,35000.0,35000.0,63,0.0,,0.0,1,0.0,0,0,1,0,0.0,0,
Bánh xếp Hàn Quốc Bibigo nhân thịt và bắp 175g,Gói,Thực Phẩm Đông Lạnh Khác,Thực Phẩm Đông Lạnh,35000.0,35000.0,62,0.0,,0.0,1,0.0,0,0,1,0,0.0,0,
Bánh xếp Hàn Quốc CJ Foods nhân nấm 300g,Gói,Thực Phẩm Đông Lạnh Khác,Thực Phẩm Đông Lạnh,56600.0,56600.0,72,0.0,,0.0,1,0.0,0,0,1,0,0.0,0,
Bánh xếp Hàn Quốc CJ Foods nhân tôm 300g,Gói,Thực Phẩm Đông Lạnh Khác,Thực Phẩm Đông Lạnh,69900.0,77500.0,82,0.5,0.19612903225806452,0.1093958465265369,2,0.2439807383627608,1,0,1,22,20.5,0,
Bánh xếp kiểu Hàn Quốc Bibigo nhân hải sản gói 175g,Gói,Thực Phẩm Đông Lạnh Khác,Thực Phẩm Đông Lạnh,35440.298507462685,37000.0,67,0.2835820895522388,0.14864864864864866,0.07047796705647777,2,0.17460317460317465,1,0,1,19,19.0,0,
Bánh xếp nhân thịt và bắp CJ Foods 350g,Gói,Thực Phẩm Đông Lạnh Khác,Thực Phẩm Đông Lạnh,65000.0,65000.0,62,0.0,,0.0,1,0.0,0,0,1,0,0.0,0,
Bò viên Thaibifood túi 500g,Gói,Cá - Bò Viên,Thực Phẩm Đông Lạnh,85900.0,85900.0,81,0.0,,0.0,1,0.0,0,0,1,0,0.0,0,
Bò viên Xì Tin gói 340g,Gói,Cá - Bò Viên,Thực Phẩm Đông Lạnh,82000.0,82000.0,37,0.0,,0.0,1,0.0,0,0,1,0,0.0,0,
Bò viên gân Hoa Doanh khay 250g,Gói,Cá - Bò Viên,Thực Phẩm Đông Lạnh,53000.0,53000.0,52,0.0,,0.0,1,0.0,0,0,1,0,0.0,0,
Bò viên ngon Cầu Tre 500g,Gói,Cá - Bò Viên,Thực Phẩm Đông Lạnh,88000.0,88000.0,78,0.0,,0.0,1,0.0,0,0,1,0,0.0,0,
Chả cá chiên Quy Nhơn 200g,Gói,Chả Giò,Thực Phẩm Đông Lạnh,42000.0,42000.0,51,0.0,,0.0,1,0.0,0,0,1,0,0.0,0,
Chả cá thác lác HN gói 500g,Gói,Chả Giò,Thực Phẩm Đông Lạnh,150714.2857142857,150714.2857142857,63,0.0,,0.04008466923062233,2,0.08275862068965512,0,0,2,0,0.0,1,
Chả cá thát lát Kitkool 200g,Gói,Chả Giò,Thực Phẩm Đông Lạnh,69000.0,69000.0,71,0.0,,0.0,1,0.0,0,0,1,0,0.0,0,
Chả cá thát lát Long Nhi gói 300g,Gói,Chả Giò,Thực Phẩm Đông Lạnh,74000.0,74000.0,67,0.0,,0.0,1,0.0,0,0,1,0,0.0,0,
Chả cá viên Thaibifood gói 500g,Gói,Chả Giò,Thực Phẩm Đông Lạnh,52500.0,52500.0,81,0.0,,0.0,1,0.0,0,0,1,0,0.0,0,
Chả cốm Ngọc Thơm 300g,Gói,Chả Giò,Thực Phẩm Đông Lạnh,98000.0,98000.0,54,0.0,,0.0,1,0.0,0,0,1,0,0.0,0,
Chả giò Real hải sản gói 400g,Gói,Chả Giò,Thực Phẩm Đông Lạnh,71291.04477611941,74000.0,67,0.22388059701492538,0.1635135135135135,0.07128338639624231,2,0.19547657512116312,1,0,1,15,15.0,0,
Chả giò Real thịt gói 400g,Gói,Chả Giò,Thực Phẩm Đông Lạnh,67975.0,71300.0,72,0.2916666666666667,0.15988779803646563,0.07676353180268777,2,0.19031719532554248,1,0,1,21,21.0,0,
Chả giò da xốp chay Cầu Tre gói 400g,Gói,Chả Giò,Thực Phẩm Đông Lạnh,45800.0,45800.0,73,0.0,,0.0,1,0.0,0,0,1,0,0.0,0,
Chả giò da xốp tôm thịt Cầu Tre gói 400g,Gói,Chả Giò,Thực Phẩm Đông Lạnh,69453.75,76900.0,80,0.4625,0.2093628088426528,0.11630723392486841,2,0.26480263157894735,1,0,1,22,18.5,0,
Chả giò rế Cầu Tre tôm cua (hải sản) 500g,Gói,Chả Giò,Thực Phẩm Đông Lạnh,74900.0,74900.0,50,0.0,,0.0,1,0.0,0,0,1,0,0.0,0,
Chả giò đặc biệt hải sản Thực Phẩm Cầu Tre gói 500g,Gói,Chả Giò,Thực Phẩm Đông Lạnh,74573.25581395348,80400.0,86,0.47674418604651164,0.15201431865064918,0.08238449668975219,3,0.18409425625920472,1,0,1,22,20.5,0,
Chả heo Lá Chuối Hoa Doanh gói 200g,Gói,Chả Giò,Thực Phẩm Đông Lạnh,49000.0,49000.0,33,0.0,,0.0,1,0.0,0,0,1,0,0.0,0,
Chả lụa quết thượng hạng Cầu Tre gói 500g,Cái,Chả Giò,Thực Phẩm Đông Lạnh,144500.0,144500.0,13,0.0,,0.0,1,0.0,0,0,1,0,0.0,0,
Chả mực giã tay Đôi Đũa Vàng gói 480g,Gói,Chả Giò,Thực Phẩm Đông Lạnh,218938.55421686746,229700.0,83,0.1686746987951807,0.2777535916412712,0.10978449884266032,2,0.2777535916412712,1,0,1,14,14.0,0,
Chả nướng Ngọc Thơm 300g,Gói,Chả Giò,Thực Phẩm Đông Lạnh,94600.0,94600.0,52,0.0,,0.0,1,0.0,0,0,1,0,0.0,0,
Chả ram tôm đất Bình Định (size to) 500g,Khay,Chả Giò,Thực Phẩm Đông Lạnh,159000.0,159000.0,65,0.0,,0.0,1,0.0,0,0,1,0,0.0,0,
Chả tôm gói Long Nhi gói 300g,Gói,Chả Giò,Thực Phẩm Đông Lạnh,79000.0,79000.0,65,0.0,,0.0,1,0.0,0,0,1,0,0.0,0,
Chả viên thát lát bắp Phạm Nghĩa 200g,Gói,Chả Giò,Thực Phẩm Đông Lạnh,55363.63636363636,59000.0,11,0.7272727272727273,0.0847457627118644,0.04218467185111701,2,0.09259259259259256,1,0,1,8,8.0,0,
Chả viên thát lát cà rốt Phạm Nghĩa 200g,Gói,Chả Giò,Thực Phẩm Đông Lạnh,57518.51851851852,59000.0,27,0.2962962962962963,0.0847457627118644,0.04044972288518362,2,0.09259259259259256,1,0,1,8,8.0,0,
Chả ốc Hoa Doanh 200g,Gói,Chả Giò,Thực Phẩm Đông Lạnh,39900.0,39900.0,57,0.0,,0.0,1,0.0,0,0,1,0,0.0,0,
Chả ốc Hoa Doanh 300g,Gói,Chả Giò,Thực Phẩm Đông Lạnh,62000.0,62000.0,3,0.0,,0.0,1,0.0,0,0,1,0,0.0,0,
Cua đồng tinh chất Minh Tiến gói 200g,Gói,Hải Sản Đông Lạnh,Thực Phẩm Đông Lạnh,71700.0,71700.0,83,0.0,,0.0,1,0.0,0,0,1,0,0.0,0,
Cua đồng xay Minh Tiến gói 500g,Gói,Hải Sản Đông Lạnh,Thực Phẩm Đông Lạnh,80700.0,80700.0,82,0.0,,0.0,1,0.0,0,0,1,0,0.0,0,
Cá trứng Home Food 100% có trứng đông lạnh 500g,Khay,Hải Sản Đông Lạnh,Thực Phẩm Đông Lạnh,97000.0,97000.0,3,0.0,,0.0,1,0.0,0,0,1,0,0.0,0,
Cá trứng Nauy Thaibifood khay 450g,Khay,Hải Sản Đông Lạnh,Thực Phẩm Đông Lạnh,62000.0,62000.0,34,0.0,,0.0,1,0.0,0,0,1,0,0.0,0,
Cá trứng SG Food khay 200g,Khay,Hải Sản Đông Lạnh,Thực Phẩm Đông Lạnh,48400.0,48400.0,11,0.0,,0.0,1,0.0,0,0,1,0,0.0,0,
Cá viên Hoa Doanh gói 200g,Gói,Cá - Bò Viên,Thực Phẩm Đông Lạnh,24488.636363636364,25000.0,44,0.11363636363636363,0.18,0.05899356629868119,2,0.2195121951219512,1,0,1,5,5.0,0,
Cá viên Kitkool 200g,Gói,Cá - Bò Viên,Thực Phẩm Đông Lạnh,35610.52631578947,36900.0,76,0.18421052631578946,0.1897018970189702,0.07670825128545389,2,0.234113712374582,1,0,1,14,14.0,0,
Cá viên biển Quy Nhơn Hoa Doanh gói 300g,Gói,Cá - Bò Viên,Thực Phẩm Đông Lạnh,51129.62962962963,55000.0,54,0.35185185185185186,0.2,0.10370412852942916,2,0.25,1,0,1,19,19.0,0,
Cá viên cốm non Hoa Doanh 500g,Gói,Cá - Bò Viên,Thực Phẩm Đông Lạnh,55000.0,55000.0,47,0.0,,0.0,1,0.0,0,0,1,0,0.0,0,
Cá viên nhân tôm SG Food gói 500g,Gói,Cá - Bò Viên,Thực Phẩm Đông Lạnh,92700.0,92700.0,33,0.0,,0.0,1,0.0,0,0,1,0,0.0,0,
Cơm chiên hải sản ngũ sắc SG Food 200g,Gói,Thực Phẩm Đông Lạnh Khác,Thực Phẩm Đông Lạnh,27100.0,27100.0,77,0.0,,0.0,1,0.0,0,0,1,0,0.0,0,
Giò bò Vissan cây 500g,Cái,Chả Giò,Thực Phẩm Đông Lạnh,139139.70588235295,143300.0,68,0.4117647058823529,0.07050643006679294,0.03617057023288856,3,0.08150943396226418,1,0,1,15,14.0,0,
Giò bò đặc biệt Vissan cây 500g,Cái,Chả Giò,Thực Phẩm Đông Lạnh,156600.0,156600.0,58,0.0,,0.0,1,0.0,0,0,1,0,0.0,0,
Giò lụa Vissan cây 250g,Cái,Chả Giò,Thực Phẩm Đông Lạnh,58400.0,58400.0,87,0.0,,0.0,1,0.0,0,0,1,0,0.0,0,
Giò lụa hảo hạng 300g,Gói,Chả Giò,Thực Phẩm Đông Lạnh,62328.846153846156,65300.0,52,0.28846153846153844,0.15773353751914243,0.0755975758110122,2,0.18727272727272726,1,0,1,15,15.0,0,
Giò tai lưỡi xào Thu Hằng Food gói 250g,Gói,Chả Giò,Thực Phẩm Đông Lạnh,62842.64705882353,65900.0,68,0.3088235294117647,0.15022761760242792,0.07332421853596406,2,0.17678571428571432,1,0,1,21,21.0,0,
Giò xào HanoiFoods gói 300g,Cái,Chả Giò,Thực Phẩm Đông Lạnh,77500.0,77500.0,37,0.0,,0.0,1,0.0,0,0,1,0,0.0,0,
Gà Viên Lá Chanh Hoa Doanh 200g,Gói,Cá - Bò Viên,Thực Phẩm Đông Lạnh,30000.0,30000.0,52,0.0,,0.0,1,0.0,0,0,1,0,0.0,0,
Hàu nướng phô mai Hausubi đông lạnh 300g,Khay,Hải Sản Đông Lạnh,Thực Phẩm Đông Lạnh,72000.0,72000.0,54,0.0,,0.0,1,0.0,0,0,1,0,0.0,0,
Hàu sữa Nhật Minh túi 280g,Gói,Hải Sản Đông Lạnh,Thực Phẩm Đông Lạnh,64391.42857142857,72000.0,35,0.6571428571428571,0.16080917874396136,0.08924763640523073,4,0.24352331606217614,1,0,1,12,7.666666666666667,0,
Hàu sữa Thái Bình Dương Hasubi gói 330g,Gói,Hải Sản Đông Lạnh,Thực Phẩm Đông Lạnh,77000.0,77000.0,45,0.0,,0.0,1,0.0,0,0,1,0,0.0,0,
Hàu sữa ruột tách vỏ gói 300g,Gói,Hải Sản Đông Lạnh,Thực Phẩm Đông Lạnh,77000.0,77000.0,12,0.0,,0.0,1,0.0,0,0,1,0,0.0,0,
Há cảo Cầu Tre nhân tôm cải bó xôi 300g,Gói,Thực Phẩm Đông Lạnh Khác,Thực Phẩm Đông Lạnh,73700.0,73700.0,65,0.0,,0.0,1,0.0,0,0,1,0,0.0,0,
Há cảo Cầu Tre nhân tôm củ dền 300g,Gói,Thực Phẩm Đông Lạnh Khác,Thực Phẩm Đông Lạnh,74500.0,74500.0,73,0.0,,0.0,1,0.0,0,0,1,0,0.0,0,
Há cảo Cầu Tre thượng hạng 300gr,Gói,Thực Phẩm Đông Lạnh Khác,Thực Phẩm Đông Lạnh,81300.0,81300.0,62,0.0,,0.0,1,0.0,0,0,1,0,0.0,0,
Há cảo Dong Won meat dumpling for boilin,Gói,Thực Phẩm Đông Lạnh Khác,Thực Phẩm Đông Lạnh,63000.0,63000.0,78,0.0,,0.0,1,0.0,0,0,1,0,0.0,0,
Há cảo DongWon tôm đặc biệt,Gói,Thực Phẩm Đông Lạnh Khác,Thực Phẩm Đông Lạnh,94500.0,94500.0,76,0.0,,0.0,1,0.0,0,0,1,0,0.0,0,
Há cảo Hồng Kông Tân Việt Sin gói 500g,Gói,Thực Phẩm Đông Lạnh Khác,Thực Phẩm Đông Lạnh,50700.0,50700.0,80,0.0,,0.0,1,0.0,0,0,1,0,0.0,0,
Há cảo Thực Phẩm Cầu Tre gói 500g,Gói,Thực Phẩm Đông Lạnh Khác,Thực Phẩm Đông Lạnh,58200.0,58200.0,85,0.0,,0.0,1,0.0,0,0,1,0,0.0,0,
Há cảo mini Thực Phẩm Cầu Tre gói 500g,Gói,Thực Phẩm Đông Lạnh Khác,Thực Phẩm Đông Lạnh,75057.14285714286,78800.0,84,0.2857142857142857,0.16624365482233502,0.07931983900488203,2,0.19939117199391165,1,0,1,15,12.0,0,
Há cảo tôm cua Thực Phẩm Cầu Tre gói 500g,Gói,Thực Phẩm Đông Lạnh Khác,Thực Phẩm Đông Lạnh,77080.0,80500.0,75,0.25333333333333335,0.16770186335403728,0.07668605291974448,2,0.20149253731343286,1,0,1,19,19.0,0,
Khoai môn Lệ Phố đông lạnh Đôi Đũa Vàng gói 300g,Gói,Thực Phẩm Đông Lạnh Khác,Thực Phẩm Đông Lạnh,60200.0,60200.0,80,0.0,,0.0,1,0.0,0,0,1,0,0.0,0,
Khoai tây Golden Longs McCain 750g,Gói,Thực Phẩm Đông Lạnh Khác,Thực Phẩm Đông Lạnh,94759.30232558139,106600.0,86,0.47674418604651164,0.23298860568343022,0.13428053099008438,3,0.368421052631579,1,0,1,22,20.5,0,
Khoai tây chiên đông lạnh Đôi Đũa Vàng gói 500g,Gói,Thực Phẩm Đông Lạnh Khác,Thực Phẩm Đông Lạnh,39083.333333333336,43500.0,84,0.4166666666666667,0.24367816091954023,0.13451404776292028,2,0.3221884498480243,1,0,1,35,35.0,0,
Khoai tây cắt sợi Shoestring Farm Best 1kg,Gói,Thực Phẩm Đông Lạnh Khác,Thực Phẩm Đông Lạnh,79572.91666666667,84600.0,48,0.3958333333333333,0.15011820330969267,0.07887596683826512,2,0.17663421418636993,1,0,1,19,19.0,0,
Khoai tây cắt thẳng Straight Cut Farm Best 1kg,Gói,Thực Phẩm Đông Lạnh Khác,Thực Phẩm Đông Lạnh,78625.53191489361,83800.0,47,0.40425531914893614,0.15274463007159905,0.08075591540974804,2,0.18028169014084505,1,0,1,19,19.0,0,
Khoai tây đông lạnh sợi lớn Fries - Frites Lutosa túi 1kg,Gói,Thực Phẩm Đông Lạnh Khác,Thực Phẩm Đông Lạnh,89520.48192771085,92000.0,83,0.25301204819277107,0.10652173913043478,0.04788099688966427,2,0.11922141119221408,1,0,1,21,21.0,0,
Lõi vai bò beefsteak Orifood 350g,Khay,Thịt Đông Lạnh,Thực Phẩm Đông Lạnh,313000.0,313000.0,69,0.0,,0.0,1,0.0,0,0,1,0,0.0,0,
Lõi vai bò lúc lắc Orifood 275g,Khay,Thịt Đông Lạnh,Thực Phẩm Đông Lạnh,216000.0,216000.0,70,0.0,,0.0,1,0.0,0,0,1,0,0.0,0,
Lẩu Thái SGFood Việt Nam 500g,Khay,Thực Phẩm Đông Lạnh Khác,Thực Phẩm Đông Lạnh,84800.0,84800.0,86,0.0,,0.0,1,0.0,0,0,1,0,0.0,0,
Lẩu Tomyum ba chỉ bò Mỹ Orifood 1.3kg,Hộp,Thực Phẩm Đông Lạnh Khác,Thực Phẩm Đông Lạnh,280870.0,292000.0,70,0.3,0.12705479452054794,0.060968102303872215,2,0.14554727344056495,1,0,1,21,21.0,0,
Lẩu thả Cầu Tre Long Cung 300g,Gói,Thực Phẩm Đông Lạnh Khác,Thực Phẩm Đông Lạnh,55200.0,55200.0,76,0.0,,0.0,1,0.0,0,0,1,0,0.0,0,
MEATDELI Giò sống 200g,Gói,Chả Giò,Thực Phẩm Đông Lạnh,33872.549019607846,39000.0,51,0.6666666666666666,0.19720965309200603,0.10916926994745234,3,0.25,1,0,1,33,17.0,0,
Mực nướng Hải Nam cán duỗi tẩm ớt 60g,Gói,Hải Sản Đông Lạnh,Thực Phẩm Đông Lạnh,90402.98507462686,90402.98507462686,67,0.0,,0.015885660583456567,2,0.04597701149425282,0,0,2,0,0.0,1,
Mực trứng Minh Tiến gói 400g,Khay,Hải Sản Đông Lạnh,Thực Phẩm Đông Lạnh,109200.0,109200.0,82,0.0,,0.0,1,0.0,0,0,1,0,0.0,0,
Mực trứng cơm xôi đông lạnh NTF khay 400g,Khay,Thực Phẩm Đông Lạnh Khác,Thực Phẩm Đông Lạnh,226000.0,226000.0,45,0.0,,0.0,1,0.0,0,0,1,0,0.0,0,
Mực trứng đông lạnh Thaibifood loại A khay 450g,Khay,Hải Sản Đông Lạnh,Thực Phẩm Đông Lạnh,124000.0,124000.0,75,0.0,,0.0,1,0.0,0,0,1,0,0.0,0,
Mực viên Hoa Doanh gói 200g,Gói,Cá - Bò Viên,Thực Phẩm Đông Lạnh,37000.0,37000.0,47,0.0,,0.0,1,0.0,0,0,1,0,0.0,0,
Mực viên Kitkool 200g,Gói,Cá - Bò Viên,Thực Phẩm Đông Lạnh,38031.818181818184,39000.0,66,0.13636363636363635,0.18205128205128204,0.06455669627487799,2,0.22257053291536044,1,0,1,4,3.0,0,
Mực ống size 10-12 Hải Nam 500g,Gói,Hải Sản Đông Lạnh,Thực Phẩm Đông Lạnh,179900.0,179900.0,83,0.0,,0.0,1,0.0,0,0,1,0,0.0,0,
Mỳ spaghetti bò bằm phô mai LC Food 270g,Hộp,Thịt Đông Lạnh,Thực Phẩm Đông Lạnh,36600.0,36600.0,71,0.0,,0.0,1,0.0,0,0,1,0,0.0,0,
Mỳ Ý sốt bò bằm SG Food 250g,Gói,Thực Phẩm Đông Lạnh Khác,Thực Phẩm Đông Lạnh,32400.0,32400.0,66,0.0,,0.0,1,0.0,0,0,1,0,0.0,0,
Nem chua Hà Nội Foods vỉ 200g,VỈ,Thực Phẩm Đông Lạnh Khác,Thực Phẩm Đông Lạnh,39900.0,39900.0,3,0.0,,0.0,1,0.0,0,0,1,0,0.0,0,
Nem chua Vissan cây 200g,Cái,Thực Phẩm Đông Lạnh Khác,Thực Phẩm Đông Lạnh,40622.857142857145,41700.0,70,0.34285714285714286,0.07533972821742606,0.03698128244199804,3,0.08311688311688314,1,0,1,14,12.0,0,
Nem chua cây Hà Nội Food 200g,Cái,Thực Phẩm Đông Lạnh Khác,Thực Phẩm Đông Lạnh,35200.0,35200.0,12,0.0,,0.0,1,0.0,0,0,1,0,0.0,0,
Nem chua rán Đôi Đũa Vàng gói 240g,Hộp,Thực Phẩm Đông Lạnh Khác,Thực Phẩm Đông Lạnh,75700.0,75700.0,80,0.0,,0.0,1,0.0,0,0,1,0,0.0,0,
Nem chua Ước Lễ Thủy Hùng cây 200g,Cái,Thực Phẩm Đông Lạnh Khác,Thực Phẩm Đông Lạnh,49100.0,49100.0,45,0.0,,0.0,1,0.0,0,0,1,0,0.0,0,
Nem chua Ước Lễ Thủy Hùng gói 200g,Gói,Thực Phẩm Đông Lạnh Khác,Thực Phẩm Đông Lạnh,54200.0,54200.0,48,0.0,,0.0,1,0.0,0,0,1,0,0.0,0,
Nem tôm cua Đôi Đũa Vàng gói 480g,Gói,Thực Phẩm Đông Lạnh Khác,Thực Phẩm Đông Lạnh,80500.0,80500.0,81,0.0,,0.0,1,0.0,0,0,1,0,0.0,0,
Nugget mực vòng chiên giòn KitKool 300g,Gói,Chả Giò,Thực Phẩm Đông Lạnh,56000.0,56000.0,71,0.0,,0.0,1,0.0,0,0,1,0,0.0,0,
Nước lẩu nấm Icook Ashima gói 1L,Gói,Thực Phẩm Đông Lạnh Khác,Thực Phẩm Đông Lạnh,116002.35294117648,126000.0,85,0.38823529411764707,0.20437710437710438,0.10888457680906276,3,0.2663316582914572,1,0,1,19,16.5,0,
Phô mai que WinMart Good 300g,Khay,Thực Phẩm Đông Lạnh Khác,Thực Phẩm Đông Lạnh,104100.0,104100.0,73,0.0,,0.0,1,0.0,0,0,1,0,0.0,0,
Phô mai que hương sữa Tân Việt Sin,Gói,Thực Phẩm Đông Lạnh Khác,Thực Phẩm Đông Lạnh,107000.0,107000.0,43,0.0,,0.0,1,0.0,0,0,1,0,0.0,0,
Phô mai que Đôi Đũa Vàng khay 300g,Khay,Thực Phẩm Đông Lạnh Khác,Thực Phẩm Đông Lạnh,106200.0,106200.0,81,0.0,,0.0,1,0.0,0,0,1,0,0.0,0,
Pizza Manna thập cẩm thịt 200g,Hộp,Thực Phẩm Đông Lạnh Khác,Thực Phẩm Đông Lạnh,64800.0,64800.0,62,0.0,,0.0,1,0.0,0,0,1,0,0.0,0,
Pizza phô mai Manna hộp 200g,Hộp,Thực Phẩm Đông Lạnh Khác,Thực Phẩm Đông Lạnh,70800.0,70800.0,7,0.0,,0.0,1,0.0,0,0,1,0,0.0,0,
Pizza xúc xích phô mai Kitkool 140g,Hộp,Thực Phẩm Đông Lạnh Khác,Thực Phẩm Đông Lạnh,39000.0,39000.0,15,0.0,,0.0,1,0.0,0,0,1,0,0.0,0,
Pizza Đôi Đũa Vàng nhân hải sản hộp 350g,Hộp,Thực Phẩm Đông Lạnh Khác,Thực Phẩm Đông Lạnh,102566.66666666667,110700.0,84,0.34523809523809523,0.2128150017132355,0.1170257856919713,3,0.2782294489611563,1,0,1,15,14.5,0,
Pizza Đôi Đũa Vàng nhân thịt hộp 350g,Hộp,Thực Phẩm Đông Lạnh Khác,Thực Phẩm Đông Lạnh,102300.0,102300.0,81,0.0,,0.0,1,0.0,0,0,1,0,0.0,0,
Que Surimi Kani Supreme hương cua gói 250g,Gói,Hải Sản Đông Lạnh,Thực Phẩm Đông Lạnh,92194.11764705883,95000.0,85,0.17647058823529413,0.16736842105263158,0.06613623316705297,2,0.20101137800252844,1,0,1,15,15.0,0,
Que surimi Kani Fresh hương cua gói 250g,Gói,Hải Sản Đông Lạnh,Thực Phẩm Đông Lạnh,89000.0,89000.0,81,0.0,,0.0,1,0.0,0,0,1,0,0.0,0,
Rau sắc màu đậu Hà Lan Đôi Đũa Vàng 400g,Gói,Thực Phẩm Đông Lạnh Khác,Thực Phẩm Đông Lạnh,54700.0,54700.0,81,0.0,,0.0,1,0.0,0,0,1,0,0.0,0,
Thanh cua surimi Mayumi gói 500g,Gói,Hải Sản Đông Lạnh,Thực Phẩm Đông Lạnh,121726.25,128200.0,80,0.35,0.1442779139737018,0.07315649103213522,3,0.17722681359045,1,0,1,19,14.0,0,
Thịt bò Bít tết Fuji gói 200g,Gói,Thịt Đông Lạnh,Thực Phẩm Đông Lạnh,191708.0,208000.0,25,0.76,0.10306174089068826,0.07144252753624918,4,0.22352941176470598,1,0,1,19,19.0,0,
Thịt bò Fuji nướng xiên 200g,Gói,Thịt Đông Lạnh,Thực Phẩm Đông Lạnh,219800.0,219800.0,18,0.0,,0.0,1,0.0,0,0,1,0,0.0,0,
Thịt bò nướng mỏng Fuji 200g,Gói,Thịt Đông Lạnh,Thực Phẩm Đông Lạnh,219800.0,219800.0,42,0.0,,0.0,1,0.0,0,0,1,0,0.0,0,
Thịt bò viên khay Hoa Doanh 300g,Cái,Cá - Bò Viên,Thực Phẩm Đông Lạnh,47777.77777777778,52000.0,45,0.4222222222222222,0.19230769230769232,0.10454540110345643,2,0.23809523809523814,1,0,1,19,19.0,0,
Thịt cua đồng xay tinh chế Vinacua gói 250g,Gói,Hải Sản Đông Lạnh,Thực Phẩm Đông Lạnh,77700.0,77700.0,54,0.0,,0.0,1,0.0,0,0,1,0,0.0,0,
Thịt càng ghẹ đông lạnh Liên Việt Xanh khay 200g,Khay,Hải Sản Đông Lạnh,Thực Phẩm Đông Lạnh,102000.0,102000.0,21,0.0,,0.0,1,0.0,0,0,1,0,0.0,0,
Thịt hến làm sạch,1KG,Hải Sản Đông Lạnh,Thực Phẩm Đông Lạnh,164900.0,164900.0,46,0.0,,0.0,1,0.0,0,0,1,0,0.0,0,
Thịt nghêu Lenger 200g,Gói,Hải Sản Đông Lạnh,Thực Phẩm Đông Lạnh,68887.5,70200.0,80,0.0875,0.2054794520547945,0.09464236143539824,3,0.2586206896551724,1,0,2,7,7.0,1,
Thịt ốc làm sạch,1KG,Hải Sản Đông Lạnh,Thực Phẩm Đông Lạnh,85000.0,85000.0,25,0.0,,0.0,1,0.0,0,0,1,0,0.0,0,
Tôm sú tươi Minh Tiến size 41/50 450g,Khay,Hải Sản Đông Lạnh,Thực Phẩm Đông Lạnh,159000.0,159000.0,69,0.0,,0.0,1,0.0,0,0,1,0,0.0,0,
Tôm sú tươi Minh Tiến size 61/70 450g,Khay,Hải Sản Đông Lạnh,Thực Phẩm Đông Lạnh,137300.0,137300.0,64,0.0,,0.0,1,0.0,0,0,1,0,0.0,0,
Tôm thịt 31/40 Đôi Đũa Vàngkhay 252g,Khay,Hải Sản Đông Lạnh,Thực Phẩm Đông Lạnh,167000.0,167000.0,86,0.0,,0.0,1,0.0,0,0,1,0,0.0,0,
Tôm thịt 51/70 Đôi Đũa Vàng khay 252g,Khay,Hải Sản Đông Lạnh,Thực Phẩm Đông Lạnh,143000.0,143000.0,87,0.0,,0.0,1,0.0,0,0,1,0,0.0,0,
Tôm thịt Home Food 16/20 450g,Khay,Hải Sản Đông Lạnh,Thực Phẩm Đông Lạnh,218265.5172413793,229000.0,87,0.3793103448275862,0.12358078602620087,0.06327706172909903,2,0.14100647732934735,1,0,1,19,16.5,0,
Tôm thịt Home Food sixe 41/50 gói 450g,Khay,Hải Sản Đông Lạnh,Thực Phẩm Đông Lạnh,174396.42857142858,178200.0,84,0.17857142857142858,0.11952861952861953,0.04705800399420569,2,0.13575525812619493,1,0,1,15,15.0,0,
Tôm thịt Home Food size 71/90 khay 450g,Khay,Hải Sản Đông Lạnh,Thực Phẩm Đông Lạnh,163600.0,163600.0,85,0.0,,0.0,1,0.0,0,0,1,0,0.0,0,
Tôm thịt THABIFOOD size 26/30 khay 450g,Khay,Hải Sản Đông Lạnh,Thực Phẩm Đông Lạnh,174600.0,174600.0,85,0.0,,0.0,1,0.0,0,0,1,0,0.0,0,
Tôm thịt THABIFOOD size 8/12 khay 450g,Khay,Hải Sản Đông Lạnh,Thực Phẩm Đông Lạnh,235900.0,235900.0,87,0.0,,0.0,1,0.0,0,0,1,0,0.0,0,
Tôm thịt Thaibifood size 31/40 khay 450g,Khay,Hải Sản Đông Lạnh,Thực Phẩm Đông Lạnh,157300.0,157300.0,85,0.0,,0.0,1,0.0,0,0,1,0,0.0,0,
Tôm viên Hoa Doanh gói 200g,Gói,Cá - Bò Viên,Thực Phẩm Đông Lạnh,30180.701754385966,32000.0,57,0.2982456140350877,0.190625,0.09328751325948317,2,0.2355212355212355,1,0,1,14,8.5,0,
Tôm viên Kikool gói 200g,Gói,Cá - Bò Viên,Thực Phẩm Đông Lạnh,38621.739130434784,40500.0,46,0.1956521739130435,0.23703703703703705,0.0996956825353494,2,0.3106796116504855,1,0,1,9,9.0,0,
Viên chả tôm Phạm Nghĩa 200g,Gói,Chả Giò,Thực Phẩm Đông Lạnh,61512.19512195122,62000.0,41,0.0975609756097561,0.08064516129032258,0.024418428608568066,2,0.08771929824561409,1,0,1,4,4.0,0,
Viên hải sản rau củ Thabifood gói 500g,Gói,Cá - Bò Viên,Thực Phẩm Đông Lạnh,64000.0,64000.0,85,0.0,,0.0,1,0.0,0,0,1,0,0.0,0,
Viên thả lẩu phô mai trứng muối LCFoods 500g,Gói,Cá - Bò Viên,Thực Phẩm Đông Lạnh,84200.0,84200.0,41,0.0,,0.0,1,0.0,0,0,1,0,0.0,0,
Viên thả lẩu răng mực LCFoods 500g,Gói,Cá - Bò Viên,Thực Phẩm Đông Lạnh,84200.0,84200.0,41,0.0,,0.0,1,0.0,0,0,1,0,0.0,0,
Xíu mại Thực Phẩm Cầu Tre Gói 500g,Gói,Thực Phẩm Đông Lạnh Khác,Thực Phẩm Đông Lạnh,76140.0,78800.0,85,0.2235294117647059,0.15101522842639595,0.06549886151730044,2,0.17787742899850523,1,0,1,19,19.0,0,
Ốc viên Hoa Doanh gói 200g,Gói,Cá - Bò Viên,Thực Phẩm Đông Lạnh,38000.0,38000.0,67,0.0,,0.0,1,0.0,0,0,1,0,0.0,0,
3 MIỀN Gold Mì tôm chua cay ĐB 75g,Thùng,Mì,Mì - Thực Phẩm Ăn Liền,141270.58823529413,150000.0,17,0.4117647058823529,0.14133333333333334,0.07612874587483327,2,0.1645962732919255,1,0,1,7,7.0,0,
Bánh gạo Topokki cay ngọt Young Poong hộp 140g,Gói,Mì,Mì - Thực Phẩm Ăn Liền,42084.21052631579,44000.0,19,0.3684210526315789,0.11818181818181818,0.061236554808648314,2,0.134020618556701,1,0,1,7,7.0,0,
Bánh gạo Topokki vị phô mai Young Poong hộp 120g,Hộp,Mì,Mì - Thực Phẩm Ăn Liền,42152.94117647059,44500.0,17,0.4117647058823529,0.12808988764044943,0.06859801379483949,2,0.14690721649484528,1,0,1,7,7.0,0,
Bánh gạo Young Poong Topokki vị phô mai 120g,Hộp,Mì,Mì - Thực Phẩm Ăn Liền,40876.470588235294,43100.0,17,0.4117647058823529,0.12529002320185614,0.06701699300443649,2,0.14323607427055696,1,0,1,7,7.0,0,
Bánh gạo tokpokki tròn O'food vị phô mai ly 105g,Hộp,Mì,Mì - Thực Phẩm Ăn Liền,28000.0,34223.80952380953,63,0.9047619047619048,0.2016732693820661,0.08877040234108008,2,0.3088235294117647,1,0,2,57,57.0,1,
Bánh phở khô Bông Lúa Vàng Vifon gói 400g,Gói,Phở - Bún,Mì - Thực Phẩm Ăn Liền,35784.21052631579,38200.0,19,0.47368421052631576,0.13350785340314136,0.0731117093080243,2,0.15407854984894254,1,0,1,9,9.0,0,Vifon
Bánh tráng Safoco Việt Nam gói 200g,Gói,Mì,Mì - Thực Phẩm Ăn Liền,13651.851851851852,15500.0,27,1.0,0.11923536439665472,0.0037297143474952577,2,0.007299270072992692,1,1,1,27,27.0,0,
Bánh tráng Safoco gói 300g,Gói,Mì,Mì - Thực Phẩm Ăn Liền,19851.85185185185,22600.0,27,1.0,0.12159947558177647,0.002564874456132,2,0.005025125628140725,1,1,1,27,27.0,0,
Bánh tráng Tinh Nguyên 200g,Gói,Mì,Mì - Thực Phẩm Ăn Liền,17500.0,17500.0,15,0.0,,0.0,1,0.0,0,0,1,0,0.0,0,
Bánh tráng Việt San gói 280g,Gói,Mì,Mì - Thực Phẩm Ăn Liền,18800.0,20400.0,4,1.0,0.0784313725490196,0.0,1,0.0,1,1,1,4,4.0,0,
Bánh tráng siêu mỏng Tinh Nguyên 180g,Gói,Mì,Mì - Thực Phẩm Ăn Liền,19900.0,19900.0,12,0.0,,0.0,1,0.0,0,0,1,0,0.0,0,
Bánh đa Việt San gói 300g,Gói,Miến - Hủ Tíu - Bánh Canh,Mì - Thực Phẩm Ăn Liền,12700.0,12700.0,18,0.0,,0.0,1,0.0,0,0,1,0,0.0,0,
Bánh đa cua Hoàng Gia gói 120g,Gói,Miến - Hủ Tíu - Bánh Canh,Mì - Thực Phẩm Ăn Liền,21155.263157894737,25200.0,38,0.7631578947368421,0.2103174603174603,0.10794065047195552,2,0.2663316582914572,1,0,1,15,14.5,0,
Bánh đa cua Vifon bát 125g,Gói,Miến - Hủ Tíu - Bánh Canh,Mì - Thực Phẩm Ăn Liền,29400.0,29400.0,21,0.0,,0.0,1,0.0,0,0,1,0,0.0,0,Vifon
Bánh đa cua ăn liền Vifon gói 60g,Gói,Miến - Hủ Tíu - Bánh Canh,Mì - Thực Phẩm Ăn Liền,8500.0,8500.0,2,0.0,,0.0,1,0.0,0,0,1,0,0.0,0,Vifon
Bánh đa khô Vifon 300g,Gói,Miến - Hủ Tíu - Bánh Canh,Mì - Thực Phẩm Ăn Liền,30400.0,30400.0,12,0.0,,0.0,1,0.0,0,0,1,0,0.0,0,Vifon
Bánh đa nem 200g dày Thiên Nhiên Xanh,Gói,Miến - Hủ Tíu - Bánh Canh,Mì - Thực Phẩm Ăn Liền,28109.090909090908,29900.0,22,1.0,0.059896625114016416,0.005254876070269056,3,0.010563380281690127,1,1,1,22,22.0,0,
Bánh đa nem Thiên Nhiên Xanh gói 75g (gói 40 chiếc),Gói,Miến - Hủ Tíu - Bánh Canh,Mì - Thực Phẩm Ăn Liền,16500.0,16500.0,15,0.0,,0.0,1,0.0,0,0,1,0,0.0,0,
Bún bò Huế Hằng Nga gói 73g,Gói,Phở - Bún,Mì - Thực Phẩm Ăn Liền,9186.363636363636,9300.0,22,0.22727272727272727,0.05376344086021505,0.02334612716238384,2,0.05681818181818188,1,0,1,5,5.0,0,
Bún bò Huế Vifon Hoàng Gia gói 120g,Gói,Phở - Bún,Mì - Thực Phẩm Ăn Liền,19000.0,25200.0,31,1.0,0.24603174603174602,0.0,1,0.0,1,1,1,31,31.0,0,Vifon
Bún bò Huế Vifon gói 65g,Gói,Phở - Bún,Mì - Thực Phẩm Ăn Liền,8660.0,9200.0,20,0.45,0.13043478260869565,0.07072763771834278,2,0.1499999999999999,1,0,1,9,9.0,0,Vifon
Bún khô Hùng Lô Thiên Nhiên Xanh 500g,Gói,Phở - Bún,Mì - Thực Phẩm Ăn Liền,36200.0,36200.0,15,0.0,,0.0,1,0.0,0,0,1,0,0.0,0,
Bún khô Safoco gói 400g,Gói,Phở - Bún,Mì - Thực Phẩm Ăn Liền,26300.0,30000.0,28,1.0,0.12333333333333334,0.0,1,0.0,1,1,1,28,28.0,0,
Bún khô Thu Dung làm từ gạo lứt 500g,Gói,Phở - Bún,Mì - Thực Phẩm Ăn Liền,36400.0,36400.0,17,0.0,,0.0,1,0.0,0,0,1,0,0.0,0,
Bún riêu cua ăn liền Vifon thùng 30 gói x 80g,Thùng,Phở - Bún,Mì - Thực Phẩm Ăn Liền,322900.0,322900.0,20,0.0,,0.0,1,0.0,0,0,1,0,0.0,0,Vifon
Bún tươi Safoco gói 300g,Gói,Phở - Bún,Mì - Thực Phẩm Ăn Liền,19050.0,21800.0,28,1.0,0.1261467889908257,0.0026728350510095305,2,0.005235602094240788,1,1,1,28,28.0,0,
Cháo SGFood bổ dưỡng bồ câu yến mạch hạt sen 240g,Gói,Cháo,Mì - Thực Phẩm Ăn Liền,33200.0,33200.0,16,0.0,,0.0,1,0.0,0,0,1,0,0.0,0,
Cháo SGFood bổ dưỡng tổ yến cá hồi 240g,Gói,Cháo,Mì - Thực Phẩm Ăn Liền,33200.0,33200.0,15,0.0,,0.0,1,0.0,0,0,1,0,0.0,0,
Cháo SGFood bổ dưỡng tổ yến hạt sen lá dứa 240g,Gói,Cháo,Mì - Thực Phẩm Ăn Liền,33200.0,33200.0,15,0.0,,0.0,1,0.0,0,0,1,0,0.0,0,
Cháo bổ dưỡng gà ác nhân sâm SG Food gói 240g,Gói,Cháo,Mì - Thực Phẩm Ăn Liền,33200.0,33200.0,15,0.0,,0.0,1,0.0,0,0,1,0,0.0,0,
Cháo gà Vifon gói 50g,Gói,Cháo,Mì - Thực Phẩm Ăn Liền,3300.0,3800.0,26,1.0,0.13157894736842105,0.0,1,0.0,1,1,1,26,26.0,0,Vifon
Cháo nấm đông cô ăn liền Vifon gói 70g,Gói,Cháo,Mì - Thực Phẩm Ăn Liền,10000.0,10000.0,18,0.0,,0.0,1,0.0,0,0,1,0,0.0,0,Vifon
Cháo thịt bò Vifon gói 70g,Gói,Cháo,Mì - Thực Phẩm Ăn Liền,10000.0,10000.0,15,0.0,,0.0,1,0.0,0,0,1,0,0.0,0,Vifon
Cháo thịt bằm Vifon gói 50g,Gói,Cháo,Mì - Thực Phẩm Ăn Liền,3300.0,3800.0,26,1.0,0.13157894736842105,0.0,1,0.0,1,1,1,26,26.0,0,Vifon
Cháo thịt bằm Vifon gói 70g,Gói,Cháo,Mì - Thực Phẩm Ăn Liền,8404.0,10000.0,25,0.84,0.19,0.08459244448917763,2,0.23456790123456783,1,0,1,14,10.5,0,Vifon
Cháo thịt gà Vifon gói 70g,Gói,Cháo,Mì - Thực Phẩm Ăn Liền,8404.0,10000.0,25,0.84,0.19,0.08459244448917763,2,0.23456790123456783,1,0,1,14,10.5,0,Vifon
Cháo tươi SG Food baby gà cà rốt gói 240g,Gói,Cháo,Mì - Thực Phẩm Ăn Liền,25400.0,25400.0,15,0.0,,0.0,1,0.0,0,0,1,0,0.0,0,
Cháo tươi Saigonfood thịt thăm và bí đỏ 270g/240g,Gói,Cháo,Mì - Thực Phẩm Ăn Liền,22342.105263157893,24000.0,19,0.3684210526315789,0.1875,0.09981941266307798,2,0.23076923076923084,1,0,1,7,7.0,0,
Cháo tươi baby bò đậu Hà Lan cà rốt SG Food gói 240g,Gói,Cháo,Mì - Thực Phẩm Ăn Liền,25000.0,25000.0,10,0.0,,0.0,1,0.0,0,0,1,0,0.0,0,
Cháo tươi cá hồi và cải bó xôi SG Food gói 240g,Gói,Cháo,Mì - Thực Phẩm Ăn Liền,25000.0,25000.0,15,0.0,,0.0,1,0.0,0,0,1,0,0.0,0,
Cháo tươi thịt bằm và bí đỏ SG Food gói 240g,Gói,Cháo,Mì - Thực Phẩm Ăn Liền,25400.0,25400.0,15,0.0,,0.0,1,0.0,0,0,1,0,0.0,0,
Cháo tổ yến rong biển thịt bằm LC Foods 50g,Gói,Cháo,Mì - Thực Phẩm Ăn Liền,7500.0,10300.0,53,1.0,0.27184466019417475,0.0,1,0.0,1,1,1,53,53.0,0,
Cháo yến Yến Việt thịt bằm nest IQ 50g,Gói,Cháo,Mì - Thực Phẩm Ăn Liền,9100.0,10500.0,26,1.0,0.13333333333333333,0.0,1,0.0,1,1,1,26,26.0,0,
Cháo yến chay rau nấm Yến Việt gói 50g,Gói,Cháo,Mì - Thực Phẩm Ăn Liền,9200.0,10500.0,27,1.0,0.12380952380952381,0.0,1,0.0,1,1,1,27,27.0,0,
Cháo yến thịt bằm Yến Việt gói 50g,Gói,Cháo,Mì - Thực Phẩm Ăn Liền,9200.0,10500.0,27,1.0,0.12380952380952381,0.0,1,0.0,1,1,1,27,27.0,0,
Cháo yến vị gà Yến Việt gói 50g,Gói,Cháo,Mì - Thực Phẩm Ăn Liền,9200.0,10500.0,21,1.0,0.12380952380952381,0.0,1,0.0,1,1,1,21,21.0,0,
Cháo yến đậu xanh gà hầm hạt sen Yến Việt ly 50g,Ly,Cháo,Mì - Thực Phẩm Ăn Liền,14700.0,16800.0,26,1.0,0.125,0.0,1,0.0,1,1,1,26,26.0,0,
Hoàng Gia Miến Cua Vifon gói 105g,Gói,Miến - Hủ Tíu - Bánh Canh,Mì - Thực Phẩm Ăn Liền,23017.647058823528,25200.0,17,0.4117647058823529,0.21031746031746032,0.11680986205788373,2,0.2663316582914572,1,0,1,7,7.0,0,Vifon
Hảo Hảo Mì lẩu kim chi Hàn Quốc 75g,Thùng,Mì,Mì - Thực Phẩm Ăn Liền,128000.0,128000.0,15,0.0,,0.0,1,0.0,0,0,1,0,0.0,0,Hảo Hảo
Hủ tiếu Nam Vang Hoàng Gia Vifon thùng 18 gói x 120g,Thùng,Miến - Hủ Tíu - Bánh Canh,Mì - Thực Phẩm Ăn Liền,460000.0,460000.0,38,0.0,,0.0,1,0.0,0,0,1,0,0.0,0,Vifon
Jumbo Koreno Mì nấm 1kg,Gói,Mì,Mì - Thực Phẩm Ăn Liền,81400.0,90000.0,26,1.0,0.09555555555555556,0.0,1,0.0,1,1,1,26,26.0,0,Koreno
Lốc 5 gói Mì Nongshim Ramyun 120g,"Lốc, Lô, Lố",Mì,Mì - Thực Phẩm Ăn Liền,132100.0,132100.0,15,0.0,,0.0,1,0.0,0,0,1,0,0.0,0,
MEIZAN Mì Chay Cao Cấp Meizan 250g,Gói,Mì,Mì - Thực Phẩm Ăn Liền,13300.0,16300.0,28,1.0,0.18404907975460122,0.0,1,0.0,1,1,1,28,28.0,0,Meizan
"MEIZAN Nui cao cấp-chữ ""C"" 200g",Gói,Mì,Mì - Thực Phẩm Ăn Liền,13400.0,13400.0,4,0.0,,0.0,1,0.0,0,0,1,0,0.0,0,Meizan
Miến Măng Vịt Vifon gói 105g,Gói,Miến - Hủ Tíu - Bánh Canh,Mì - Thực Phẩm Ăn Liền,9650.0,10500.0,18,0.5,0.1619047619047619,0.09063655795096322,2,0.19318181818181812,1,0,1,9,9.0,0,Vifon
Miến Phú Hương Hương vị Gà gói 53g,Gói,Miến - Hủ Tíu - Bánh Canh,Mì - Thực Phẩm Ăn Liền,11500.0,11500.0,11,0.0,,0.0,1,0.0,0,0,1,0,0.0,0,
Miến Phú Hương Yến tiệc Vina Acecook gói 210g,Gói,Miến - Hủ Tíu - Bánh Canh,Mì - Thực Phẩm Ăn Liền,36300.0,36300.0,22,0.0,,0.0,1,0.0,0,0,1,0,0.0,0,Acecook
Miến Sườn Heo Vifon Miến Sườn Heo 50g gói 50g,Gói,Miến - Hủ Tíu - Bánh Canh,Mì - Thực Phẩm Ăn Liền,9650.0,10500.0,18,0.5,0.1619047619047619,0.09063655795096322,2,0.19318181818181812,1,0,1,9,9.0,0,Vifon
Miến dong Bắc Kạn Thiên Nhiên Xanh 500g,Gói,Miến - Hủ Tíu - Bánh Canh,Mì - Thực Phẩm Ăn Liền,77830.0,84400.0,20,1.0,0.07784360189573461,0.03823344048285813,3,0.08583106267029983,1,1,1,20,20.0,0,
Miến dong Na Rì Thiên Nhiên Xanh 500g,Gói,Miến - Hủ Tíu - Bánh Canh,Mì - Thực Phẩm Ăn Liền,75800.0,75800.0,15,0.0,,0.0,1,0.0,0,0,1,0,0.0,0,
Miến khô Vifon gói 300g,Gói,Miến - Hủ Tíu - Bánh Canh,Mì - Thực Phẩm Ăn Liền,36000.0,36000.0,15,0.0,,0.0,1,0.0,0,0,1,0,0.0,0,Vifon
Miến lẩu Thái Vifon gói 60g,Gói,Miến - Hủ Tíu - Bánh Canh,Mì - Thực Phẩm Ăn Liền,9650.0,10500.0,18,0.5,0.1619047619047619,0.09063655795096322,2,0.19318181818181812,1,0,1,9,9.0,0,Vifon
Miến ăn liền Phú Hương vị sườn heo Acecook gói 58g,Gói,Miến - Hủ Tíu - Bánh Canh,Mì - Thực Phẩm Ăn Liền,11500.0,11500.0,21,0.0,,0.0,1,0.0,0,0,1,0,0.0,0,Acecook
Miến ăn liền Phú Hương vị thịt bằm Acecook gói 58g,Gói,Miến - Hủ Tíu - Bánh Canh,Mì - Thực Phẩm Ăn Liền,11500.0,11500.0,21,0.0,,0.0,1,0.0,0,0,1,0,0.0,0,Acecook
Mì Bistro Spaghetti xốt phomai Ý 100g,Gói,Mì,Mì - Thực Phẩm Ăn Liền,10800.0,10800.0,14,0.0,,0.0,1,0.0,0,0,1,0,0.0,0,
Mì Chapaghetti Nongshim gói 140g,Gói,Mì,Mì - Thực Phẩm Ăn Liền,29428.571428571428,32300.0,21,0.42857142857142855,0.20743034055727555,0.11544971227213814,2,0.26171875,1,0,1,9,9.0,0,
Mì Cung Đình Kool spaghetti gói 105g,Gói,Mì,Mì - Thực Phẩm Ăn Liền,8900.0,8900.0,15,0.0,,0.0,1,0.0,0,0,1,0,0.0,0,
Mì Hảo Hảo mini handy tôm chua cay 47g,Hộp,Mì,Mì - Thực Phẩm Ăn Liền,7800.0,7800.0,15,0.0,,0.0,1,0.0,0,0,1,0,0.0,0,Hảo Hảo
Mì Khô Gà Cay Vị Cream Carbonara gói 140g,Gói,Mì,Mì - Thực Phẩm Ăn Liền,37800.0,37800.0,11,0.0,,0.0,1,0.0,0,0,1,0,0.0,0,
Mì Kimchi gói 8 bịch,Gói 8,Mì,Mì - Thực Phẩm Ăn Liền,74303.57142857143,91100.0,28,1.0,0.18437352987298103,0.011369601992009565,3,0.02063273727647874,1,1,1,28,28.0,0,
Mì Kokomi Đại Tôm Chua Cay 65g,Hộp,Mì,Mì - Thực Phẩm Ăn Liền,7500.0,7500.0,15,0.0,,0.0,1,0.0,0,0,1,0,0.0,0,Kokomi
Mì Kool Cung Đình BBQ Châu Á 105g,Hộp,Mì,Mì - Thực Phẩm Ăn Liền,15600.0,15600.0,10,0.0,,0.0,1,0.0,0,0,1,0,0.0,0,
Mì Koreno jumbo hải sản túi 1kg,Gói,Mì,Mì - Thực Phẩm Ăn Liền,81400.0,90000.0,26,1.0,0.09555555555555556,0.0,1,0.0,1,1,1,26,26.0,0,Koreno
Mì Koreno vị tôm gói 1kg,Gói,Mì,Mì - Thực Phẩm Ăn Liền,81400.0,90000.0,26,1.0,0.09555555555555556,0.0,1,0.0,1,1,1,26,26.0,0,Koreno
Mì Ly Khô Gà Cay Carbonara 80g,Ly,Mì,Mì - Thực Phẩm Ăn Liền,36700.0,36700.0,12,0.0,,0.0,1,0.0,0,0,1,0,0.0,0,
Mì Omachi trộn xốt Spaghetti 105g,Hộp,Mì,Mì - Thực Phẩm Ăn Liền,17900.0,17900.0,6,0.0,,0.0,1,0.0,0,0,1,0,0.0,0,Omachi
Mì Ottogi Jin tương đen vị bò 135g,Gói,Mì,Mì - Thực Phẩm Ăn Liền,13930.76923076923,15200.0,26,0.4230769230769231,0.19736842105263158,0.10850042778893086,2,0.24590163934426235,1,0,1,11,11.0,0,
Mì Ottogi không gói gia vị 110g,Gói,Mì,Mì - Thực Phẩm Ăn Liền,8900.0,8900.0,15,0.0,,0.0,1,0.0,0,0,1,0,0.0,0,
Mì Shin Nongshim ly 75g,Ly,Mì,Mì - Thực Phẩm Ăn Liền,24908.695652173912,28500.0,23,0.6086956521739131,0.20701754385964913,0.11819824808431245,2,0.2070175438596491,1,0,1,14,14.0,0,
Mì Siukay vị gà cay phô mai Acecook 129g,Gói,Mì,Mì - Thực Phẩm Ăn Liền,13000.0,13000.0,11,0.0,,0.0,1,0.0,0,0,1,0,0.0,0,Acecook
Mì Spaghetti Barilla số 5 hộp 500g,Gói,Mì,Mì - Thực Phẩm Ăn Liền,66028.0,72300.0,25,0.56,0.15491009681881054,0.08593589715473811,2,0.15491009681881052,1,0,1,14,14.0,0,
Mì Spaghetti Bistro xốt bò bằm Ý 95g,Gói,Mì,Mì - Thực Phẩm Ăn Liền,10800.0,10800.0,1,0.0,,,1,0.0,0,0,1,0,0.0,0,
Mì Spaghetti Olivoilà sợi N.5 500g,Hộp,Mì,Mì - Thực Phẩm Ăn Liền,40925.92592592593,47300.0,27,1.0,0.1347584370840185,0.001091181383441403,2,0.0024449877750611915,1,1,1,27,27.0,0,
Mì Spaghettini n.3 Barilla hộp 500g,Gói,Mì,Mì - Thực Phẩm Ăn Liền,66269.23076923077,72300.0,26,0.5384615384615384,0.15491009681881054,0.0859219363383926,2,0.15491009681881052,1,0,1,14,14.0,0,
Mì Trộn Tương Đen Paldo gói 78g,Gói,Mì,Mì - Thực Phẩm Ăn Liền,7450.0,8100.0,18,0.5,0.16049382716049382,0.0897777828262798,2,0.19117647058823528,1,0,1,9,9.0,0,
Mì Udon Sưki Sưki Teriyaki 82g,Gói,Mì,Mì - Thực Phẩm Ăn Liền,9378.947368421053,9800.0,19,0.5263157894736842,0.08163265306122448,0.04375665250194821,2,0.08163265306122447,1,0,1,10,10.0,0,
Mì Yeul Cay Ottgi lốc 5 gói,"Lốc, Lô, Lố",Mì,Mì - Thực Phẩm Ăn Liền,63000.0,63000.0,8,0.0,,0.0,1,0.0,0,0,1,0,0.0,0,
Mì bò cay phô mai Nissin 70g,Gói,Mì,Mì - Thực Phẩm Ăn Liền,7412.5,8000.0,16,0.6875,0.10681818181818183,0.05949700390205719,3,0.1428571428571428,1,0,1,11,11.0,0,
Mì bò hầm Ottogi 120g,Gói,Mì,Mì - Thực Phẩm Ăn Liền,12500.0,12500.0,12,0.0,,0.0,1,0.0,0,0,1,0,0.0,0,
Mì bò hầm Ottogi Lốc 8 gói x 120g,"Lốc, Lô, Lố",Mì,Mì - Thực Phẩm Ăn Liền,75000.0,91100.0,8,1.0,0.17672886937431395,0.0,1,0.0,1,1,1,8,8.0,0,
Mì chay rau nấm Vifon gói 65g,Gói,Mì,Mì - Thực Phẩm Ăn Liền,3600.0,4200.0,28,1.0,0.14285714285714285,0.0,1,0.0,1,1,1,28,28.0,0,Vifon
Mì chũ Thiên Nhiên Xanh gói 1kg,Gói,Mì,Mì - Thực Phẩm Ăn Liền,78500.0,78500.0,15,0.0,,0.0,1,0.0,0,0,1,0,0.0,0,
Mì chũ Thiên Nhiên Xanh gói 500g,Gói,Mì,Mì - Thực Phẩm Ăn Liền,40200.0,40200.0,15,0.0,,0.0,1,0.0,0,0,1,0,0.0,0,
Mì gói khô gà cay Carbonara Samyang 130g,Gói,Mì,Mì - Thực Phẩm Ăn Liền,39100.0,39100.0,13,0.0,,0.0,1,0.0,0,0,1,0,0.0,0,
Mì gói ăn liền hai tôm chính hiệu Vifon thùng 30 gói x75g,Thùng,Mì,Mì - Thực Phẩm Ăn Liền,138000.0,138000.0,16,0.0,,0.0,1,0.0,0,0,1,0,0.0,0,Vifon
Mì gói ăn liền khoai tây vị xốt bò hầm Omachi thùng 30 gói x 80g,Thùng,Mì,Mì - Thực Phẩm Ăn Liền,229285.7142857143,247500.0,21,0.8095238095238095,0.09090909090909091,0.0394852900453787,2,0.10000000000000009,1,0,1,10,8.5,0,Omachi
Mì gói ăn liền vị gà cay Samyang 145g,Gói,Mì,Mì - Thực Phẩm Ăn Liền,40000.0,40000.0,5,0.0,,0.0,1,0.0,0,0,1,0,0.0,0,
Mì gói ăn liền cay Shin Ramyun Nongshim 114g,Gói,Mì,Mì - Thực Phẩm Ăn Liền,27800.0,27800.0,18,0.0,,0.0,1,0.0,0,0,1,0,0.0,0,
Mì hộp ăn liền Cung Đình Kool Micoem Spaghetti sốt bò bằm bát 105g,Hộp,Mì,Mì - Thực Phẩm Ăn Liền,15600.0,15600.0,10,0.0,,0.0,1,0.0,0,0,1,0,0.0,0,
Mì khoai tây Cung Đình vị lẩu tôm chua cay Micoem 65g,Cái,Mì,Mì - Thực Phẩm Ăn Liền,9500.0,9500.0,5,0.0,,0.0,1,0.0,0,0,1,0,0.0,0,
Mì khoai tây Micoem hương măng gói 79g,Gói,Mì,Mì - Thực Phẩm Ăn Liền,8400.0,8400.0,3,0.0,,0.0,1,0.0,0,0,1,0,0.0,0,
Mì khoai tây Omachi Special bò hầm xốt vang thùng 30 gói x 92g,Thùng,Mì,Mì - Thực Phẩm Ăn Liền,271900.0,271900.0,15,0.0,,0.0,1,0.0,0,0,1,0,0.0,0,Omachi
Mì khô gà Samyang cực cay 140g,Gói,Mì,Mì - Thực Phẩm Ăn Liền,36000.0,36000.0,15,0.0,,0.0,1,0.0,0,0,1,0,0.0,0,
Mì khô gà cay Samyang ly 70g,Ly,Mì,Mì - Thực Phẩm Ăn Liền,31318.18181818182,33800.0,22,0.5909090909090909,0.1242603550295858,0.06748771008417148,2,0.12426035502958577,1,0,1,13,13.0,0,
Mì khô gà cay vị phô mai Samyang gói 140g,Gói,Mì,Mì - Thực Phẩm Ăn Liền,31500.0,39300.0,31,1.0,0.1984732824427481,0.0,1,0.0,1,1,1,31,31.0,0,
Mì khô gà phô mai Quattro Samyang gói 145g,Gói,Mì,Mì - Thực Phẩm Ăn Liền,38700.0,38700.0,15,0.0,,0.0,1,0.0,0,0,1,0,0.0,0,
Mì ly Handy hương vị Tomyum Hảo Hảo ly 67g,Ly,Mì,Mì - Thực Phẩm Ăn Liền,9350.0,9600.0,18,0.5,0.052083333333333336,0.027513142001472007,2,0.05494505494505497,1,0,1,9,9.0,0,Hảo Hảo
Mì ly Mini Doraemon vị Hải Sản Chua Ngọt 53g,Ly,Mì,Mì - Thực Phẩm Ăn Liền,10500.0,10800.0,15,0.3333333333333333,0.08333333333333333,0.041824288840651425,2,0.09090909090909083,1,0,1,5,5.0,0,
Mì ly mini Doraemon hàu sữa phô mai 48g,Ly,Mì,Mì - Thực Phẩm Ăn Liền,10500.0,10800.0,15,0.3333333333333333,0.08333333333333333,0.041824288840651425,2,0.09090909090909083,1,0,1,5,5.0,0,
Mì ly đại Kokomi tôm chua cay có thịt 90g,Hộp,Mì,Mì - Thực Phẩm Ăn Liền,9900.0,9900.0,16,0.0,,0.0,1,0.0,0,0,1,0,0.0,0,Kokomi
Mì lẩu nấm chua cay Reeva gói 85g,Gói,Mì,Mì - Thực Phẩm Ăn Liền,8386.95652173913,9300.0,23,0.6086956521739131,0.16129032258064516,0.08924766893468465,2,0.16129032258064513,1,0,1,14,14.0,0,
Mì lẩu thái hương vị chua cay Koreno 74g,Gói,Mì,Mì - Thực Phẩm Ăn Liền,7850.0,8500.0,18,0.5,0.15294117647058825,0.08520311873322095,2,0.18055555555555558,1,0,1,9,9.0,0,Koreno
Mì spaghetti số 25 Santa Lucia gói 500g,Gói,Mì,Mì - Thực Phẩm Ăn Liền,40484.61538461538,47000.0,26,0.8461538461538461,0.16382978723404254,0.0699818413238691,2,0.1638297872340425,1,0,1,22,22.0,0,
Mì sợi tròn spaghetti Golden Farm gói 500g,Gói,Mì,Mì - Thực Phẩm Ăn Liền,41700.0,41700.0,17,0.0,,0.0,1,0.0,0,0,1,0,0.0,0,
Mì trộn Ottogi BBQ vị bò 75g,Gói,Mì,Mì - Thực Phẩm Ăn Liền,9300.0,9300.0,15,0.0,,0.0,1,0.0,0,0,1,0,0.0,0,
Mì trộn trứng muối cay Vifon gói 105g,Gói,Mì,Mì - Thực Phẩm Ăn Liền,13400.0,13400.0,15,0.0,,0.0,1,0.0,0,0,1,0,0.0,0,Vifon
Mì trộn tương đen Samyang gói 140g,Gói,Mì,Mì - Thực Phẩm Ăn Liền,32900.0,32900.0,18,0.0,,0.0,1,0.0,0,0,1,0,0.0,0,
Mì trộn tương đen cay koreno gói 78g,Gói,Mì,Mì - Thực Phẩm Ăn Liền,7850.0,8500.0,18,0.5,0.15294117647058825,0.08520311873322095,2,0.18055555555555558,1,0,1,9,9.0,0,Koreno
Mì trộn ăn liền Jjajangmen Paldo gói 200g,Gói,Mì,Mì - Thực Phẩm Ăn Liền,28882.608695652172,31500.0,23,0.6086956521739131,0.1365079365079365,0.07429200055321679,2,0.13650793650793647,1,0,1,14,14.0,0,
Mì trộn ăn liền tương đen Koreno Jjajangmen Paldo gói 115g,Gói,Mì,Mì - Thực Phẩm Ăn Liền,13100.0,13100.0,15,0.0,,0.0,1,0.0,0,0,1,0,0.0,0,Koreno
Mì trứng cao cấp Meizan 500g,Gói,Mì,Mì - Thực Phẩm Ăn Liền,28100.0,33800.0,28,1.0,0.16863905325443787,0.0036240219019026015,2,0.007092198581560294,1,1,1,28,28.0,0,Meizan
Mì trứng cao cấp Meizan gói 250g,Gói,Mì,Mì - Thực Phẩm Ăn Liền,12875.438596491229,16400.0,57,1.0,0.2149122807017544,0.019652858354559214,3,0.03875968992248069,1,1,1,57,57.0,0,Meizan
Mì tôm chanh Omni gói 75g,Gói,Mì,Mì - Thực Phẩm Ăn Liền,4600.0,4600.0,3,0.0,,0.0,1,0.0,0,0,1,0,0.0,0,
Mì tôm chanh Omni ly 65g,Cái,Mì,Mì - Thực Phẩm Ăn Liền,11100.0,11100.0,18,0.0,,0.0,1,0.0,0,0,1,0,0.0,0,
Mì tương đen Bắc Kinh Ottogi gói 83g,Gói,Mì,Mì - Thực Phẩm Ăn Liền,7841.176470588235,8500.0,17,0.4117647058823529,0.18823529411764706,0.10351500861611608,2,0.2318840579710144,1,0,1,7,7.0,0,
Mì tương đen Ottogi Bắc Kinh 135g,Gói,Mì,Mì - Thực Phẩm Ăn Liền,14900.0,14900.0,13,0.0,,0.0,1,0.0,0,0,1,0,0.0,0,
Mì vị bò cay Koreno Paldo gói 100g,Gói,Mì,Mì - Thực Phẩm Ăn Liền,12000.0,12000.0,22,0.0,,0.0,1,0.0,0,0,1,0,0.0,0,Koreno
Mì vị bò cay Paldo gói 1kg,Gói,Mì,Mì - Thực Phẩm Ăn Liền,81053.84615384616,90000.0,26,1.0,0.09940170940170939,0.007951546005752458,2,0.018773466833541974,1,1,1,26,26.0,0,
Mì vị tôm chua cay Hảo 100 gói 65g,Gói,Mì,Mì - Thực Phẩm Ăn Liền,3300.0,3300.0,22,0.0,,0.0,1,0.0,0,0,1,0,0.0,0,
Mì xào NISSIN hương vị gà cay Hàn quốc gói 71g,Gói,Mì,Mì - Thực Phẩm Ăn Liền,7766.666666666667,8000.0,18,0.3888888888888889,0.075,0.038752634603785,2,0.08108108108108114,1,0,1,7,7.0,0,
Mì xào NISSIN hương vị gà cay phô mai Hàn Quốc gói 72g,Gói,Mì,Mì - Thực Phẩm Ăn Liền,7420.0,8000.0,20,0.7,0.10357142857142856,0.05727867114118644,3,0.1428571428571428,1,0,1,14,14.0,0,
Mì xào khô vị bò cay Indomie gói 91g,Gói,Mì,Mì - Thực Phẩm Ăn Liền,5755.0,6000.0,20,0.35,0.11666666666666667,0.05952256115564118,2,0.13207547169811318,1,0,1,7,7.0,0,Indomie
Mì xào tương đen Vifon khay 90g,Gói,Mì,Mì - Thực Phẩm Ăn Liền,12443.478260869566,13600.0,23,0.6086956521739131,0.13970588235294118,0.07619418388365073,2,0.13970588235294112,1,0,1,14,14.0,0,Vifon
Mì xốt tương đen Ottogi 75g,Gói,Mì,Mì - Thực Phẩm Ăn Liền,9300.0,9300.0,10,0.0,,0.0,1,0.0,0,0,1,0,0.0,0,
Mì Ý Agnesi Spaghettini N’2 500g,Gói,Mì,Mì - Thực Phẩm Ăn Liền,57100.0,64000.0,20,0.75,0.14375,0.07318554008381611,3,0.18518518518518512,1,0,1,15,15.0,0,
Mì Ý Agnesi Spaghettini N’3 500g,Gói,Mì,Mì - Thực Phẩm Ăn Liền,57400.0,64300.0,20,0.75,0.14307931570762053,0.0728030372610784,3,0.18416206261510126,1,0,1,15,15.0,0,
Mì Ý Angel Hair Barilla hộp 500g,Gói,Mì,Mì - Thực Phẩm Ăn Liền,76518.51851851853,83000.0,27,0.5185185185185185,0.15060240963855423,0.08317840685423232,2,0.1506024096385542,1,0,1,14,14.0,0,
Mì Ý Ottogi 500g,Gói,Mì,Mì - Thực Phẩm Ăn Liền,43400.0,43400.0,15,0.0,,0.0,1,0.0,0,0,1,0,0.0,0,
Mì Ý Reggia Spaghetti 19 Pasta 500g,Gói,Mì,Mì - Thực Phẩm Ăn Liền,32433.333333333332,33300.0,15,0.3333333333333333,0.07807807807807808,0.03911624136176032,2,0.08469055374592838,1,0,1,5,5.0,0,
Mì Ý spaghetti số 3 Pasta Zara gói 500g,Gói,Mì,Mì - Thực Phẩm Ăn Liền,39830.769230769234,44100.0,26,0.5769230769230769,0.16780045351473924,0.09360484311642706,2,0.20163487738419628,1,0,1,15,15.0,0,
Mì ăn liền Bongoyang​​​​​​​ Hanil Food gói 200g,Gói,Mì,Mì - Thực Phẩm Ăn Liền,18500.0,18500.0,14,0.0,,0.0,1,0.0,0,0,1,0,0.0,0,
Mì ăn liền Koreno Jumbo vị kim chi Paldo túi 1kg,Gói,Mì,Mì - Thực Phẩm Ăn Liền,81053.84615384616,90000.0,26,1.0,0.09940170940170939,0.007951546005752458,2,0.018773466833541974,1,1,1,26,26.0,0,Koreno
Mì ăn liền Koreno vị gà Paldo túi 1kg,Gói,Mì,Mì - Thực Phẩm Ăn Liền,81400.0,90000.0,26,1.0,0.09555555555555556,0.0,1,0.0,1,1,1,26,26.0,0,Koreno
Mì ăn liền Koreno vị kim chi Paldo gói 100g,Gói,Mì,Mì - Thực Phẩm Ăn Liền,12000.0,12000.0,20,0.0,,0.0,1,0.0,0,0,1,0,0.0,0,Koreno
Mì ăn liền khoai tây Cung Đình Micoem vị lẩu tôm chua cay gói 80g,Gói,Mì,Mì - Thực Phẩm Ăn Liền,7875.0,8400.0,24,0.375,0.16666666666666666,0.08791739645277159,2,0.19999999999999996,1,0,1,9,9.0,0,
Mì ăn liền khoai tây sườn ngủ quả Omachi thùng 30 gói x 80g,Thùng,Mì,Mì - Thực Phẩm Ăn Liền,229090.9090909091,247500.0,22,0.8181818181818182,0.09090909090909091,0.03877215345298639,2,0.10000000000000009,1,0,1,11,9.0,0,Omachi
Mỳ Jin JjaJang OTTOGI 135g,Gói,Mì,Mì - Thực Phẩm Ăn Liền,18931.25,20900.0,16,0.5625,0.1674641148325359,0.09472255577645057,2,0.20114942528735624,1,0,1,9,9.0,0,
Mỳ ly khô gà cay Samyang vị phô mai 70g,Ly,Mì,Mì - Thực Phẩm Ăn Liền,36700.0,36700.0,6,0.0,,0.0,1,0.0,0,0,1,0,0.0,0,
Nui cao cấp Meizan chữ C 400g,Gói,Mì,Mì - Thực Phẩm Ăn Liền,20700.0,25600.0,28,1.0,0.19140625,0.0,1,0.0,1,1,1,28,28.0,0,Meizan
Nui hình xoắn Meizan gói 300g,Gói,Mì,Mì - Thực Phẩm Ăn Liền,23350.0,25610.0,20,0.7,0.13856529736358064,0.22011918268743724,3,0.5346534653465347,1,0,2,14,14.0,1,Meizan
Nui xoắn Safoco gói 300g,Gói,Mì,Mì - Thực Phẩm Ăn Liền,18800.0,21400.0,21,1.0,0.12149532710280374,0.0,1,0.0,1,1,1,21,21.0,0,
Nui ống Meizan gói 200g,Gói,Mì,Mì - Thực Phẩm Ăn Liền,10628.57142857143,13600.0,28,1.0,0.21848739495798317,0.023588613944602477,2,0.05405405405405406,1,1,1,28,28.0,0,Meizan
Nui ống Meizan gói 400g,Gói,Mì,Mì - Thực Phẩm Ăn Liền,20101.754385964912,25600.0,57,1.0,0.2147752192982456,0.025530860439521536,4,0.04020100502512558,1,1,1,57,57.0,0,Meizan
Nui ống lớn Safoco gói 200g,Gói,Mì,Mì - Thực Phẩm Ăn Liền,12800.0,14500.0,21,1.0,0.11724137931034481,0.0,1,0.0,1,1,1,21,21.0,0,
OMACHI Lẩu tự sôi bắpbòriêucua 276g/300g,Hộp,Mì,Mì - Thực Phẩm Ăn Liền,105900.0,105900.0,15,0.0,,0.0,1,0.0,0,0,1,0,0.0,0,Omachi
Phở Bò Chin Su Story 72g,Gói,Phở - Bún,Mì - Thực Phẩm Ăn Liền,9200.0,9200.0,15,0.0,,0.0,1,0.0,0,0,1,0,0.0,0,
Phở Bò Chin su Story có thịt gói 131g,Gói,Phở - Bún,Mì - Thực Phẩm Ăn Liền,29200.0,29200.0,15,0.0,,0.0,1,0.0,0,0,1,0,0.0,0,
Phở Bò Chin su Story có thịt tô 131g,Tô,Phở - Bún,Mì - Thực Phẩm Ăn Liền,33700.0,33700.0,15,0.0,,0.0,1,0.0,0,0,1,0,0.0,0,
Phở Có Gói Xốt Thịt Vị Bò 70g,Gói,Phở - Bún,Mì - Thực Phẩm Ăn Liền,9804.347826086956,10900.0,23,0.6086956521739131,0.16513761467889912,0.09161441421286384,2,0.1651376146788991,1,0,1,14,14.0,0,
Phở Có Gói Xốt Thịt Vị Gà 70g,Gói,Phở - Bún,Mì - Thực Phẩm Ăn Liền,9804.347826086956,10900.0,23,0.6086956521739131,0.16513761467889912,0.09161441421286384,2,0.1651376146788991,1,0,1,14,14.0,0,
Phở Hà Nội Cung Đình hương vị bò 68g*30,Gói,Phở - Bún,Mì - Thực Phẩm Ăn Liền,9600.0,9600.0,14,0.0,,0.0,1,0.0,0,0,1,0,0.0,0,
Phở Hà Nội Cung Đình hương vị gà 68g*30,Gói,Phở - Bún,Mì - Thực Phẩm Ăn Liền,9600.0,9600.0,14,0.0,,0.0,1,0.0,0,0,1,0,0.0,0,
Phở bò LC Food 75g,Gói,Phở - Bún,Mì - Thực Phẩm Ăn Liền,10700.0,10700.0,15,0.0,,0.0,1,0.0,0,0,1,0,0.0,0,
Phở bò ăn liền Đệ Nhất Vina Acecook gói 65g/68g,Gói,Phở - Bún,Mì - Thực Phẩm Ăn Liền,8100.0,8100.0,21,0.0,,0.0,1,0.0,0,0,1,0,0.0,0,Acecook
Phở chay rau nấm Vifon gói 65g,Gói,Phở - Bún,Mì - Thực Phẩm Ăn Liền,9200.0,9200.0,17,0.0,,0.0,1,0.0,0,0,1,0,0.0,0,Vifon
Phở gà Đệ Nhất gói 65g,Gói,Phở - Bún,Mì - Thực Phẩm Ăn Liền,8100.0,8100.0,21,0.0,,0.0,1,0.0,0,0,1,0,0.0,0,
Phở thịt bò Hoàng gia gói 120g,Gói,Phở - Bún,Mì - Thực Phẩm Ăn Liền,23425.8064516129,25200.0,31,0.3548387096774194,0.1984126984126984,0.1038114649582176,2,0.24752475247524752,1,0,1,11,11.0,0,
Phở thịt bò Vifon bát 120g,Gói,Phở - Bún,Mì - Thực Phẩm Ăn Liền,29400.0,29400.0,18,0.0,,0.0,1,0.0,0,0,1,0,0.0,0,Vifon
Phở thịt bò Vifon gói 65g,Gói,Phở - Bún,Mì - Thực Phẩm Ăn Liền,8804.347826086956,9200.0,23,0.30434782608695654,0.14130434782608695,0.06946721911120615,2,0.16455696202531644,1,0,1,7,7.0,0,Vifon
Phở thịt gà Hoàng Gia Vifon thùng 18 gói x 120g,Thùng,Phở - Bún,Mì - Thực Phẩm Ăn Liền,440000.0,440000.0,30,0.0,,0.0,1,0.0,0,0,1,0,0.0,0,Vifon
Phở thịt gà Vifon bát 120g,Gói,Phở - Bún,Mì - Thực Phẩm Ăn Liền,29400.0,29400.0,19,0.0,,0.0,1,0.0,0,0,1,0,0.0,0,Vifon
Phở trộn Đệ Nhất hương vị bò gói 84g,Gói,Phở - Bún,Mì - Thực Phẩm Ăn Liền,10000.0,10400.0,18,0.5,0.07692307692307693,0.04115966043420212,2,0.08333333333333326,1,0,1,9,9.0,0,
Phở trộn Đệ Nhất hương vị thập cẩm cay gói 84g,Gói,Phở - Bún,Mì - Thực Phẩm Ăn Liền,10000.0,10400.0,18,0.5,0.07692307692307693,0.04115966043420212,2,0.08333333333333326,1,0,1,9,9.0,0,
Phở tươi thịt bò hầm LC Foods 90g,Gói,Phở - Bún,Mì - Thực Phẩm Ăn Liền,14900.0,14900.0,15,0.0,,0.0,1,0.0,0,0,1,0,0.0,0,
Soup Marukome Miso rong biển 152g,Gói,Cháo,Mì - Thực Phẩm Ăn Liền,98200.0,98200.0,15,0.0,,0.0,1,0.0,0,0,1,0,0.0,0,
Soup Marukome Miso rong biển đậu hũ 152g,Gói,Cháo,Mì - Thực Phẩm Ăn Liền,98200.0,98200.0,15,0.0,,0.0,1,0.0,0,0,1,0,0.0,0,
Thùng 12 hộp mì Omachi trộn phô mai trứng muối 105g,Thùng,Mì,Mì - Thực Phẩm Ăn Liền,200000.0,200000.0,11,0.0,,0.0,1,0.0,0,0,1,0,0.0,0,Omachi
Thùng 12 hộp mì Omachi trộn xốt Spaghetti 105g,Thùng,Mì,Mì - Thực Phẩm Ăn Liền,200000.0,200000.0,6,0.0,,0.0,1,0.0,0,0,1,0,0.0,0,Omachi
Thùng 18 hộp mì Omachi khoai tây xốt bò hầm 92/93g,Thùng,Mì,Mì - Thực Phẩm Ăn Liền,244500.0,244500.0,12,0.0,,0.0,1,0.0,0,0,1,0,0.0,0,Omachi
Thùng 18 hộp mì Omachi sườn hầm ngũ quả 92/95g,Thùng,Mì,Mì - Thực Phẩm Ăn Liền,244500.0,244500.0,10,0.0,,0.0,1,0.0,0,0,1,0,0.0,0,Omachi
Thùng 20 gói mì Acecook ăn liền Siukay cay 7 cấp độ vị hải sản 128g,Thùng,Mì,Mì - Thực Phẩm Ăn Liền,305100.0,305100.0,15,0.0,,0.0,1,0.0,0,0,1,0,0.0,0,Acecook
Thùng 24 gói Mì spaghetti Bistro xốt bò bằm kiểu Ý 95g,Thùng,Mì,Mì - Thực Phẩm Ăn Liền,254300.0,254300.0,12,0.0,,0.0,1,0.0,0,0,1,0,0.0,0,
Thùng 24 gói mì vị gà Koreno Paldo 100g,Thùng,Mì,Mì - Thực Phẩm Ăn Liền,278000.0,278000.0,22,0.0,,0.0,1,0.0,0,0,1,0,0.0,0,Koreno
Thùng 24 gói mì ăn liền Siukay cay 7 cấp độ vị bò Acecook 127g,Thùng,Mì,Mì - Thực Phẩm Ăn Liền,305100.0,305100.0,15,0.0,,0.0,1,0.0,0,0,1,0,0.0,0,Acecook
Thùng 24 gói mì ăn liền Udon Nhật Bản Acecook 75g,Thùng,Mì,Mì - Thực Phẩm Ăn Liền,227000.0,227000.0,19,0.0,,0.0,1,0.0,0,0,1,0,0.0,0,Acecook
Thùng 24 ly mì Handy Hảo Hảo chay Acecook vị lẩu nấm thập cẩm 66g,Thùng,Mì,Mì - Thực Phẩm Ăn Liền,220000.0,220000.0,18,0.0,,0.0,1,0.0,0,0,1,0,0.0,0,Hảo Hảo
Thùng 24 ly mì Hảo Hảo vị tôm chua cay Acecook 67g,Thùng,Mì,Mì - Thực Phẩm Ăn Liền,220000.0,220000.0,20,0.0,,0.0,1,0.0,0,0,1,0,0.0,0,Hảo Hảo
Thùng 24 ly mì hương vị lẩu Thái tôm Modern Vina Acecook 67g,Thùng,Mì,Mì - Thực Phẩm Ăn Liền,198000.0,198000.0,18,0.0,,0.0,1,0.0,0,0,1,0,0.0,0,Acecook
Thùng 24 ly mì liền khoai tây Cung Đình Micoem vị lẩu tôm chua cay 71g,Thùng,Mì,Mì - Thực Phẩm Ăn Liền,220000.0,220000.0,13,0.0,,0.0,1,0.0,0,0,1,0,0.0,0,
Thùng 30 gói bánh đa cua Vifon 60g,Thùng,Miến - Hủ Tíu - Bánh Canh,Mì - Thực Phẩm Ăn Liền,244000.0,244000.0,21,0.0,,0.0,1,0.0,0,0,1,0,0.0,0,Vifon
Thùng 30 gói hương vị sa tế hành tím Hảo Hảo 75g,Thùng,Mì,Mì - Thực Phẩm Ăn Liền,128000.0,128000.0,17,0.0,,0.0,1,0.0,0,0,1,0,0.0,0,Hảo Hảo
Thùng 30 gói mì Kokomi Đại 90 Tôm chua cay 90g,Thùng,Mì,Mì - Thực Phẩm Ăn Liền,122235.29411764706,128000.0,17,0.4117647058823529,0.109375,0.05810265552195494,2,0.12280701754385959,1,0,1,7,7.0,0,Kokomi
Thùng 30 gói mì hương vị thịt bằm Đệ Nhất gói 83g,Thùng,Mì,Mì - Thực Phẩm Ăn Liền,242000.0,242000.0,25,0.0,,0.0,1,0.0,0,0,1,0,0.0,0,
Thùng 30 gói mì khoai tây hương vị thịt hầm nấm Cung Đình 79g,Thùng,Mì,Mì - Thực Phẩm Ăn Liền,241000.0,241000.0,26,0.0,,0.0,1,0.0,0,0,1,0,0.0,0,
Thùng 30 gói mì khoai tây vị cua bể rau răm Cung Đình 79g,Thùng,Mì,Mì - Thực Phẩm Ăn Liền,241000.0,241000.0,25,0.0,,0.0,1,0.0,0,0,1,0,0.0,0,
Thùng 30 gói mì lẩu Thái hương vị tôm Vina 80g/81g,Thùng,Mì,Mì - Thực Phẩm Ăn Liền,246000.0,246000.0,19,0.0,,0.0,1,0.0,0,0,1,0,0.0,0,
Thùng 30 gói mì trộn khoai tây sốt spaghetti Omachi 91g,Thùng,Mì,Mì - Thực Phẩm Ăn Liền,255272.72727272726,270000.0,22,0.4090909090909091,0.13333333333333333,0.07096921893772,2,0.15384615384615374,1,0,1,9,9.0,0,Omachi
Thùng 30 gói mì tôm chua cay Hảo Hảo Vina Acecook 75g,Thùng,Mì,Mì - Thực Phẩm Ăn Liền,128000.0,128000.0,20,0.0,,0.0,1,0.0,0,0,1,0,0.0,0,Hảo Hảo
Thùng 30 gói mì xào khô vị tôm xào chua ngọt Hảo Hảo 75g,Thùng,Mì,Mì - Thực Phẩm Ăn Liền,128000.0,128000.0,21,0.0,,0.0,1,0.0,0,0,1,0,0.0,0,Hảo Hảo
Thùng 30 gói mì ăn liền Doraemon vị bò cuộn phô mai Acecook 62g,Thùng,Mì,Mì - Thực Phẩm Ăn Liền,131500.0,131500.0,18,0.0,,0.0,1,0.0,0,0,1,0,0.0,0,Acecook
Thùng 30 gói mì ăn liền khoai tây Cung Đình Micoem lẩu tôm chua cay 77g,Thùng,Mì,Mì - Thực Phẩm Ăn Liền,241000.0,241000.0,20,0.0,,0.0,1,0.0,0,0,1,0,0.0,0,
Thùng 30 gói mì ăn liền khoai tây Cung Đình Micoem vị gà hầm 79g,Thùng,Mì,Mì - Thực Phẩm Ăn Liền,241000.0,241000.0,26,0.0,,0.0,1,0.0,0,0,1,0,0.0,0,
Thùng 30 gói mì ăn liền khoai tây Cung Đình Micoem vị sườn heo hầm măng 79g,Thùng,Mì,Mì - Thực Phẩm Ăn Liền,241000.0,241000.0,23,0.0,,0.0,1,0.0,0,0,1,0,0.0,0,
Thùng 30 gói mì ăn liền khoai tây Cung Đình xương hầm ngũ quả 80g,Thùng,Mì,Mì - Thực Phẩm Ăn Liền,241000.0,241000.0,19,0.0,,0.0,1,0.0,0,0,1,0,0.0,0,
Thùng 30 gói mì ăn liền vị gà vàng Hảo Hảo 74g,Thùng,Mì,Mì - Thực Phẩm Ăn Liền,128000.0,128000.0,17,0.0,,0.0,1,0.0,0,0,1,0,0.0,0,Hảo Hảo
Thùng 30 gói mì ăn liền vị sườn heo tỏi phi Hảo Hảo 73g,Thùng,Mì,Mì - Thực Phẩm Ăn Liền,128000.0,128000.0,17,0.0,,0.0,1,0.0,0,0,1,0,0.0,0,Hảo Hảo
Thùng 30 gói mì ăn liền vị tôm chua cay Reeva gói 65g,Thùng,Mì,Mì - Thực Phẩm Ăn Liền,101000.0,101000.0,18,0.0,,0.0,1,0.0,0,0,1,0,0.0,0,
Thùng 30 gói mì ăn liền vị gà nấm Micoem 70g,Thùng,Mì,Mì - Thực Phẩm Ăn Liền,122000.0,122000.0,23,0.0,,0.0,1,0.0,0,0,1,0,0.0,0,
Thùng 30 gói phở gà ăn liền Vifon 65g,Thùng,Phở - Bún,Mì - Thực Phẩm Ăn Liền,251217.39130434784,264000.0,23,0.30434782608695654,0.1590909090909091,0.07865626894331393,2,0.18918918918918926,1,0,1,7,7.0,0,Vifon
Thùng 30 gói phở thịt gà Vina Acecook gói 60g,Thùng,Phở - Bún,Mì - Thực Phẩm Ăn Liền,129000.0,129000.0,22,0.0,,0.0,1,0.0,0,0,1,0,0.0,0,Acecook
Thùng 40 gói mì xào khô Goreng indomie đặc biệt 85g,Thùng,Mì,Mì - Thực Phẩm Ăn Liền,234000.0,234000.0,19,0.0,,0.0,1,0.0,0,0,1,0,0.0,0,Indomie
Thùng 40 gói mì xào khô vị cay nồng Goreng Pedas indomie 79g,Thùng,Mì,Mì - Thực Phẩm Ăn Liền,234000.0,234000.0,19,0.0,,0.0,1,0.0,0,0,1,0,0.0,0,Indomie
Thùng 40 gói mì xào khô ăn liền vị sườn Goreng Rasa Iga Penyet Indomie 80g,Thùng,Mì,Mì - Thực Phẩm Ăn Liền,234000.0,234000.0,19,0.0,,0.0,1,0.0,0,0,1,0,0.0,0,Indomie
Tokpokki Hàn Quốc vị chua ngọt hộp 105g,Hộp,Mì,Mì - Thực Phẩm Ăn Liền,35600.0,35600.0,16,0.0,,0.0,1,0.0,0,0,1,0,0.0,0,
Tokpokki Hàn Quốc vị phô mai gói 140g,Gói,Mì,Mì - Thực Phẩm Ăn Liền,28000.0,34223.80952380953,63,0.9047619047619048,0.2016732693820661,0.08877040234108008,2,0.3088235294117647,1,0,2,57,57.0,1,
Tokpokki Hàn Quốc vị truyền thống gói 140g,Gói,Mì,Mì - Thực Phẩm Ăn Liền,28075.0,34289.583333333336,48,0.8958333333333334,0.20298638843861308,0.09236537619889945,2,0.3088235294117647,1,0,2,43,43.0,1,
Tokpokki MiWon Hàn Quốc vị phô mai gói 140g,Gói,Mì,Mì - Thực Phẩm Ăn Liền,28057.14285714286,34281.63265306123,49,0.8979591836734694,0.20286488229214691,0.09156479434893676,2,0.3088235294117647,1,0,2,44,44.0,1,
Tokpokki MiWon Hàn Quốc vị phô mai hộp 105g,Hộp,Mì,Mì - Thực Phẩm Ăn Liền,28007.69230769231,34259.61538461538,52,0.9038461538461539,0.20253138669865456,0.08927896167050961,2,0.3088235294117647,1,0,2,47,47.0,1,
Tokpokki vị phô mai Miwon gói 300g,Gói,Mì,Mì - Thực Phẩm Ăn Liền,63100.0,63100.0,15,0.0,,0.0,1,0.0,0,0,1,0,0.0,0,
Tokpokki vị truyền thống Miwon gói 300g,Gói,Mì,Mì - Thực Phẩm Ăn Liền,63100.0,63100.0,15,0.0,,0.0,1,0.0,0,0,1,0,0.0,0,
Topokki Hàn Quốc vị truyền thống OFood hộp 105g,Hộp,Mì,Mì - Thực Phẩm Ăn Liền,27936.842105263157,34228.070175438595,57,0.9122807017543859,0.20206107240013974,0.08581381416281221,2,0.3088235294117647,1,0,2,52,52.0,1,
​​​​​​​Mì xào khô ăn liền vị gà cay Samyang 140g,Gói,Mì,Mì - Thực Phẩm Ăn Liền,36000.0,36000.0,15,0.0,,0.0,1,0.0,0,0,1,0,0.0,0,
Ba chỉ hun khói Ông Già Ika gói 300g,Gói,Xúc xích - Thịt Nguội,Thực Phẩm Chế Biến,112000.0,112000.0,77,0.0,,0.0,1,0.0,0,0,1,0,0.0,0,
Ba rọi nạc xông khói Le Gourmet gói 200g,Gói,Xúc xích - Thịt Nguội,Thực Phẩm Chế Biến,82200.0,82200.0,34,0.0,,0.0,1,0.0,0,0,1,0,0.0,0,
Ba rọi xông khói Angst-Trường Vinh gói 200g,Gói,Xúc xích - Thịt Nguội,Thực Phẩm Chế Biến,62232.5,64000.0,40,0.175,0.1578125,0.06245221077368587,2,0.18738404452690172,1,0,1,7,7.0,0,
Ba rọi xông khói Le Gourmet gói 200g,Gói,Xúc xích - Thịt Nguội,Thực Phẩm Chế Biến,64986.666666666664,71900.0,45,0.8222222222222222,0.11694169830470247,0.050145767096431926,4,0.13228346456692908,1,0,1,37,37.0,0,
Ba rọi xông khói Việt Nam Angst-Trường Vinh gói 500g,Gói,Xúc xích - Thịt Nguội,Thực Phẩm Chế Biến,154500.0,159000.0,50,0.18,0.15723270440251572,0.0627974004031721,2,0.18656716417910446,1,0,1,9,9.0,0,
Bánh Bông lan Maruto Castella 191g,Gói,Thực Phẩm Chế Biến Khác,Thực Phẩm Chế Biến,143000.0,143000.0,58,0.0,,0.0,1,0.0,0,0,1,0,0.0,0,
Bánh Bông lan Maruto Cheese 210g,Gói,Thực Phẩm Chế Biến Khác,Thực Phẩm Chế Biến,138187.71929824562,143000.0,57,0.22807017543859648,0.14755244755244756,0.06463676007090982,2,0.17309269893355217,1,0,1,13,13.0,0,
Bánh Dorayaki Marukyo dâu 310g,Gói,Thực Phẩm Chế Biến Khác,Thực Phẩm Chế Biến,143500.0,143500.0,66,0.0,,0.0,1,0.0,0,0,1,0,0.0,0,
Bánh Dorayaki Marukyo truyền thống 310g,Gói,Thực Phẩm Chế Biến Khác,Thực Phẩm Chế Biến,143500.0,143500.0,66,0.0,,0.0,1,0.0,0,0,1,0,0.0,0,
Bánh Dorayaki Marukyo trà xanh 310g,Gói,Thực Phẩm Chế Biến Khác,Thực Phẩm Chế Biến,143500.0,143500.0,53,0.0,,0.0,1,0.0,0,0,1,0,0.0,0,
Bánh Sandwich nhỏ Bảo Ngọc gói 275g,Gói,Bánh mì,Thực Phẩm Chế Biến,18536.0,20000.0,25,0.24,0.305,0.1434467174989108,2,0.4388489208633093,1,0,1,6,6.0,0,
Bánh bao Malai nhân xíu mại thịt heo 300g,Gói,Bánh bao,Thực Phẩm Chế Biến,34600.0,34600.0,24,0.0,,0.0,1,0.0,0,0,1,0,0.0,0,
Bánh bao Malai xíu mại trứng cút 6 cái 300g,Gói,Bánh bao,Thực Phẩm Chế Biến,35300.0,35300.0,23,0.0,,0.0,1,0.0,0,0,1,0,0.0,0,
Bánh bao Phú Mỹ Bakery thập cẩm trứng cút 280g,Gói,Bánh bao,Thực Phẩm Chế Biến,33000.0,33000.0,63,0.0,,0.0,1,0.0,0,0,1,0,0.0,0,
Bánh bao chay bơ sữa Phú Mỹ Bakery 270g,Gói,Bánh bao,Thực Phẩm Chế Biến,32098.0,32098.0,50,0.0,,0.013299792134736243,2,0.034482758620689724,0,0,2,0,0.0,1,
Bánh bao chay sữa dừa Phú Mỹ Bakery 200g,Gói,Bánh bao,Thực Phẩm Chế Biến,19601.85185185185,19601.85185185185,54,0.0,,0.010369758862534877,2,0.02564102564102555,0,0,2,0,0.0,1,
Bánh bao chay trắng Malai 40 chiếc 600g,Gói,Bánh bao,Thực Phẩm Chế Biến,38600.0,38600.0,52,0.0,,0.0,1,0.0,0,0,1,0,0.0,0,
Bánh bao kim sa Kitkool 240g,Gói,Bánh bao,Thực Phẩm Chế Biến,39000.0,39000.0,54,0.0,,0.0,1,0.0,0,0,1,0,0.0,0,
Bánh bao nhân gà quay Phú Mỹ Bakery 300g,Gói,Bánh bao,Thực Phẩm Chế Biến,37882.97872340425,37882.97872340425,47,0.0,,0.0626976100377286,2,0.17886178861788626,0,0,2,0,0.0,1,
Bánh bao nhân thịt heo trứng cút Thọ Phát gói 250g,Gói,Bánh bao,Thực Phẩm Chế Biến,27807.246376811596,29500.0,69,0.4927536231884058,0.11645064805583251,0.06326423856774988,3,0.13899613899613894,1,0,1,34,34.0,0,
Bánh bao nhân xíu mại Phú Mỹ Bakery 300g,Gói,Bánh bao,Thực Phẩm Chế Biến,31748.958333333332,31748.958333333332,48,0.0,,0.10501898893295818,2,0.26210350584307185,0,0,2,0,0.0,1,
Bánh bông nhài Bảo Minh gói 180g,Gói,Thực Phẩm Chế Biến Khác,Thực Phẩm Chế Biến,33900.0,33900.0,81,0.0,,0.0,1,0.0,0,0,1,0,0.0,0,
Bánh chưng Kay Nọi 800g,Cái,Thực Phẩm Chế Biến Khác,Thực Phẩm Chế Biến,72758.33333333333,72758.33333333333,24,0.0,,0.009538729957006994,2,0.048920863309352525,0,0,2,0,0.0,1,
Bánh cốm Bảo Minh hộp 85g,Hộp,Thực Phẩm Chế Biến Khác,Thực Phẩm Chế Biến,10800.0,10800.0,55,0.0,,0.0,1,0.0,0,0,1,0,0.0,0,
Bánh cốm sầu riêng Bảo Minh 85g,Cái,Thực Phẩm Chế Biến Khác,Thực Phẩm Chế Biến,11200.0,11200.0,57,0.0,,0.0,1,0.0,0,0,1,0,0.0,0,
Bánh cốm đậu xanh trần Bảo Minh 85g,Cái,Thực Phẩm Chế Biến Khác,Thực Phẩm Chế Biến,10000.0,10000.0,52,0.0,,0.0,1,0.0,0,0,1,0,0.0,0,
Bánh mì chà bông Staff gói 60g,Gói,Bánh mì,Thực Phẩm Chế Biến,8700.0,8700.0,51,0.0,,0.0,1,0.0,0,0,1,0,0.0,0,
Bánh mì hoa cúc OTTO gói 300g,Gói,Bánh mì,Thực Phẩm Chế Biến,41270.37037037037,45900.0,54,0.46296296296296297,0.21786492374727667,0.12195393619912659,2,0.2785515320334262,1,0,1,15,12.5,0,
Bánh mì mềm thịt xông khói Staff Plus gói 68g,Cái,Bánh mì,Thực Phẩm Chế Biến,12200.0,12200.0,53,0.0,,0.0,1,0.0,0,0,1,0,0.0,0,
Bánh mì sandwich Staff gói 275g,Gói,Bánh mì,Thực Phẩm Chế Biến,19000.0,19000.0,67,0.0,,0.0,1,0.0,0,0,1,0,0.0,0,
Bánh mì tươi 6 múi Kinh Đô vị chà bông 90g,Cái,Bánh mì,Thực Phẩm Chế Biến,14000.0,14000.0,57,0.0,,0.0,1,0.0,0,0,1,0,0.0,0,
Bánh mì tươi Kinh Đô xốt Pizza XX phô mai 70g,Cái,Bánh mì,Thực Phẩm Chế Biến,11900.0,11900.0,65,0.0,,0.0,1,0.0,0,0,1,0,0.0,0,
Bánh mỳ Paket Bảo Ngọc gói 108g,Gói,Thực Phẩm Chế Biến Khác,Thực Phẩm Chế Biến,12200.0,12200.0,16,0.0,,0.0,1,0.0,0,0,1,0,0.0,0,
Bánh ngon Nue vị sữa tươi 33g,Cái,Thực Phẩm Chế Biến Khác,Thực Phẩm Chế Biến,7000.0,7000.0,58,0.0,,0.0,1,0.0,0,0,1,0,0.0,0,
Bánh ngon vị dâu Nue 45g,Cái,Thực Phẩm Chế Biến Khác,Thực Phẩm Chế Biến,7000.0,7000.0,59,0.0,,0.0,1,0.0,0,0,1,0,0.0,0,
Bánh ngon vị phô mai Nue 38g,Cái,Thực Phẩm Chế Biến Khác,Thực Phẩm Chế Biến,8000.0,8000.0,58,0.0,,0.0,1,0.0,0,0,1,0,0.0,0,
Bánh phồng tôm Sa Giang gói 100g,Gói,Thực Phẩm Chế Biến Khác,Thực Phẩm Chế Biến,12200.0,12200.0,69,0.0,,0.0,1,0.0,0,0,1,0,0.0,0,
Bánh phồng tôm Sa Giang gói 200g,Gói,Thực Phẩm Chế Biến Khác,Thực Phẩm Chế Biến,18444.285714285714,19000.0,70,0.38571428571428573,0.07582846003898636,0.054457524734590465,3,0.20253164556962022,1,0,1,19,13.5,0,
Bánh phồng tôm hạt sen Sa Giang 100g,Gói,Thực Phẩm Chế Biến Khác,Thực Phẩm Chế Biến,10900.0,10900.0,66,0.0,,0.0,1,0.0,0,0,1,0,0.0,0,
Bánh phồng tôm rau củ Sa Giang 100g,Gói,Thực Phẩm Chế Biến Khác,Thực Phẩm Chế Biến,10183.333333333334,10400.0,48,0.5416666666666666,0.038461538461538464,0.019778734384452726,2,0.040000000000000036,1,0,1,19,13.0,0,
Bánh pía Cơm Dừa Sữa Mỹ Ngọc 90g,Gói,Thực Phẩm Chế Biến Khác,Thực Phẩm Chế Biến,21900.0,21900.0,62,0.0,,0.0,1,0.0,0,0,1,0,0.0,0,
Bánh pía Mỹ Ngọc chà bông trứng muối phô mai 90g,Gói,Thực Phẩm Chế Biến Khác,Thực Phẩm Chế Biến,20250.0,21900.0,64,0.375,0.2009132420091324,0.10602371162897645,2,0.25142857142857133,1,0,1,13,12.0,0,
Bánh pía chay Bảo Minh gói 300g,Gói,Thực Phẩm Chế Biến Khác,Thực Phẩm Chế Biến,55200.0,55200.0,51,0.0,,0.0,1,0.0,0,0,1,0,0.0,0,
Bánh pía sầu riêng Thiên Lương chay số 11-400g,Gói,Thực Phẩm Chế Biến Khác,Thực Phẩm Chế Biến,65500.0,65500.0,53,0.0,,0.0,1,0.0,0,0,1,0,0.0,0,
Bánh pía sầu riêng Thiên Lương số 9 gói 500g,Gói,Thực Phẩm Chế Biến Khác,Thực Phẩm Chế Biến,97000.0,97000.0,50,0.0,,0.0,1,0.0,0,0,1,0,0.0,0,
Bánh pía sầu riêng Thiên Lương Đặc biệt Số 7-400g,Gói,Thực Phẩm Chế Biến Khác,Thực Phẩm Chế Biến,76000.0,76000.0,48,0.0,,0.0,1,0.0,0,0,1,0,0.0,0,
Bánh pía trứng Bảo Minh gói 300g,Gói,Thực Phẩm Chế Biến Khác,Thực Phẩm Chế Biến,62900.0,62900.0,57,0.0,,0.0,1,0.0,0,0,1,0,0.0,0,
Bánh sừng bò Bauli Moonfils Dâu 45g,Cái,Bánh mì,Thực Phẩm Chế Biến,8938.157894736842,10600.0,76,0.6052631578947368,0.25902378999179654,0.1552616141110613,3,0.39473684210526305,1,0,1,21,15.333333333333334,0,
Bánh sừng bò Bauli Moonfils Socola 45g,Cái,Bánh mì,Thực Phẩm Chế Biến,8947.887323943662,10600.0,71,0.6056338028169014,0.2573497147871873,0.15435886578666147,3,0.39473684210526305,1,0,1,21,14.333333333333334,0,
Bánh sừng bò Bauli Moonfils Vanilla 47g,Cái,Bánh mì,Thực Phẩm Chế Biến,8863.157894736842,10600.0,57,0.5789473684210527,0.2830188679245283,0.16860246428624248,2,0.39473684210526305,1,0,1,21,16.5,0,
Bánh sừng hươu Bảo Ngọc gói 175g,Gói,Thực Phẩm Chế Biến Khác,Thực Phẩm Chế Biến,16044.444444444445,17200.0,27,0.2222222222222222,0.3023255813953488,0.1373078529794319,2,0.43333333333333335,1,0,1,6,6.0,0,
Bánh tráng mắm ruốc Vị gói 125g,Gói,Thực Phẩm Chế Biến Khác,Thực Phẩm Chế Biến,28267.241379310344,28267.241379310344,58,0.0,,0.02837404979809779,3,0.07462686567164178,0,0,3,0,0.0,1,
Bánh tráng sốt tôm Vị gói 125g,Gói,Thực Phẩm Chế Biến Khác,Thực Phẩm Chế Biến,33559.32203389831,33559.32203389831,59,0.0,,0.03229843288464986,2,0.07187499999999991,0,0,2,0,0.0,1,
Bánh trứng tươi sợi thịt gà Fasty túi 6gói x 26g,Gói 6,Thực Phẩm Chế Biến Khác,Thực Phẩm Chế Biến,31900.0,41500.0,84,1.0,0.23132530120481926,0.0,1,0.0,1,1,1,84,84.0,0,
Bánh đậu Hoàng Gia,Hộp,Thực Phẩm Chế Biến Khác,Thực Phẩm Chế Biến,41500.0,41500.0,54,0.0,,0.0,1,0.0,0,0,1,0,0.0,0,
Bóng bì Thiên Nhiên Xanh gói 100g,Gói,Thực Phẩm Chế Biến Khác,Thực Phẩm Chế Biến,86000.0,86000.0,66,0.0,,0.0,1,0.0,0,0,1,0,0.0,0,
Bông lan trứng muối Sapo hộp 215g,Hộp,Thực Phẩm Chế Biến Khác,Thực Phẩm Chế Biến,50500.0,50500.0,8,0.0,,0.0,1,0.0,0,0,1,0,0.0,0,
Bắp bò Ông già Ika hun khói gói 200g,Gói,Xúc xích - Thịt Nguội,Thực Phẩm Chế Biến,122700.0,122700.0,73,0.0,,0.0,1,0.0,0,0,1,0,0.0,0,
Bịch 6 gói Karo Bánh trứng chà bông phô mai 26g,Gói,Thực Phẩm Chế Biến Khác,Thực Phẩm Chế Biến,33198.64864864865,38800.0,74,0.7432432432432432,0.19423617619493908,0.10721108583829886,3,0.2976588628762542,1,0,1,30,27.5,0,
Chà bông heo sạch Ponnie hộp 100g,Hộp,Thực Phẩm Chế Biến Khác,Thực Phẩm Chế Biến,67400.0,67400.0,64,0.0,,0.0,1,0.0,0,0,1,0,0.0,0,
Chà bông keo sạch Ponnie gói 100g,Gói,Thực Phẩm Chế Biến Khác,Thực Phẩm Chế Biến,51585.71428571428,53900.0,70,0.21428571428571427,0.20037105751391465,0.08652621691405389,2,0.25058004640371223,1,0,1,15,15.0,0,
Chân giò heo muối Ngọc Thơm 300g,Gói,Xúc xích - Thịt Nguội,Thực Phẩm Chế Biến,93551.35135135135,96300.0,74,0.24324324324324326,0.11734164070612668,0.052177270237373265,2,0.13294117647058834,1,0,1,18,18.0,0,
Chân giò hun khói Thanh Nga 300g,Gói,Xúc xích - Thịt Nguội,Thực Phẩm Chế Biến,84500.0,84500.0,35,0.0,,0.0,1,0.0,0,0,1,0,0.0,0,
Chân giò hun khói Ông Già Ika gói 400g,Gói,Xúc xích - Thịt Nguội,Thực Phẩm Chế Biến,131800.0,131800.0,79,0.0,,0.0,1,0.0,0,0,1,0,0.0,0,
Chân giò xông khói rút xương Đức Việt 300g,Gói,Xúc xích - Thịt Nguội,Thực Phẩm Chế Biến,91225.0,98881.25,80,0.5125,0.15089923626508991,0.08230398675671945,5,0.16161616161616166,1,0,2,41,41.0,1,
Chân giò ủ muối Đức Việt gói 450g,Gói,Xúc xích - Thịt Nguội,Thực Phẩm Chế Biến,92346.15384615384,92540.0,65,0.2153846153846154,0.01005586592178771,0.05311647137895551,3,0.11620111731843585,1,0,2,14,14.0,1,
Chân gà bách thảo Hey Yo 40g,Cái,Thực Phẩm Chế Biến Khác,Thực Phẩm Chế Biến,11300.0,11300.0,61,0.0,,0.0,1,0.0,0,0,1,0,0.0,0,
Chân gà nhất tâm trắng Hey Yo 40g,Cái,Thực Phẩm Chế Biến Khác,Thực Phẩm Chế Biến,11300.0,11300.0,59,0.0,,0.0,1,0.0,0,0,1,0,0.0,0,
Chân gà vị cay Chef Biggy 30g,Cái,Thực Phẩm Chế Biến Khác,Thực Phẩm Chế Biến,10800.0,10800.0,55,0.0,,0.0,1,0.0,0,0,1,0,0.0,0,
Chân gà vị mật ong Chef Biggy 30g,Cái,Thực Phẩm Chế Biến Khác,Thực Phẩm Chế Biến,10800.0,10800.0,57,0.0,,0.0,1,0.0,0,0,1,0,0.0,0,
Chả cốm làng vòng Hoa Doanh gói 200g,Gói,Thực Phẩm Chế Biến Khác,Thực Phẩm Chế Biến,40000.0,40000.0,25,0.0,,0.0,1,0.0,0,0,1,0,0.0,0,
Cánh gà tây hun khói Nguyễn Hồng 500/600g,Gói,Xúc xích - Thịt Nguội,Thực Phẩm Chế Biến,336000.0,336000.0,66,0.0,,0.0,1,0.0,0,0,1,0,0.0,0,
Da cá trứng muối cay Feddy 25g,Gói,Thực Phẩm Chế Biến Khác,Thực Phẩm Chế Biến,18336.842105263157,20400.0,38,0.3684210526315789,0.27450980392156865,0.14929334885741385,2,0.3783783783783783,1,0,1,14,14.0,0,
Da cá trứng muối cay Feddy 50g,Gói,Thực Phẩm Chế Biến Khác,Thực Phẩm Chế Biến,36233.333333333336,39500.0,42,0.3333333333333333,0.2481012658227848,0.12904591052661193,2,0.32996632996633,1,0,1,14,14.0,0,
Da cá vị trứng muối Feddy G gói 25g,Gói,Thực Phẩm Chế Biến Khác,Thực Phẩm Chế Biến,18639.655172413793,19400.0,58,0.15517241379310345,0.25257731958762886,0.09601212378099329,2,0.33793103448275863,1,0,1,9,9.0,0,
Da cá vị trứng muối Feddy gói 50g,Gói,Thực Phẩm Chế Biến Khác,Thực Phẩm Chế Biến,34203.38983050847,35500.0,59,0.15254237288135594,0.23943661971830985,0.09011893064806979,2,0.3148148148148149,1,0,1,9,9.0,0,
Dăm bông vai Angst-Trường Vinh gói 200g,Gói,Xúc xích - Thịt Nguội,Thực Phẩm Chế Biến,58500.0,58500.0,53,0.0,,0.0,1,0.0,0,0,1,0,0.0,0,
Dăm bông đùi Angst-Trường Vinh gói 200g,Gói,Xúc xích - Thịt Nguội,Thực Phẩm Chế Biến,51596.0,53000.0,75,0.17333333333333334,0.15283018867924528,0.05982600654293089,2,0.18040089086859679,1,0,1,13,13.0,0,
Dọi quế hong khói Đức Việt gói 200g,Gói,Xúc xích - Thịt Nguội,Thực Phẩm Chế Biến,40290.90909090909,40290.90909090909,77,0.0,,0.05224548107245417,2,0.11052631578947358,0,0,2,0,0.0,1,
Gà hun khói Ông Già Ika gói 450g,Gói,Xúc xích - Thịt Nguội,Thực Phẩm Chế Biến,157100.0,157100.0,76,0.0,,0.0,1,0.0,0,0,1,0,0.0,0,
Gà muối Ngọc Thơm 500g,Gói,Xúc xích - Thịt Nguội,Thực Phẩm Chế Biến,128387.03703703704,150051.85185185185,54,0.7222222222222222,0.20091305250051877,0.16200306330334752,5,0.5815815815815817,1,0,2,18,13.0,1,
Gà xì dầu Ngọc Thơm 500g,Gói,Thực Phẩm Chế Biến Khác,Thực Phẩm Chế Biến,149500.0,149500.0,52,0.0,,0.0,1,0.0,0,0,1,0,0.0,0,
Jambong vai xông khói Angst Trường Vinh,Gói,Xúc xích - Thịt Nguội,Thực Phẩm Chế Biến,63000.0,63000.0,27,0.0,,0.0,1,0.0,0,0,1,0,0.0,0,
Khô Bò vị cà ry miếng 200g,Gói,Thực Phẩm Chế Biến Khác,Thực Phẩm Chế Biến,166376.4705882353,173500.0,68,0.6470588235294118,0.06345297353942886,0.03216516715202293,3,0.07164916615194561,1,0,1,44,44.0,0,
Khô Bò vị cà ry sợi 200g,Gói,Thực Phẩm Chế Biến Khác,Thực Phẩm Chế Biến,150276.1194029851,160400.0,67,0.6417910447761194,0.09834425563996985,0.051095443049596984,3,0.11466296038915913,1,0,1,43,43.0,0,
Khô bò miếng Kiến Lĩnh vị Tứ Xuyên 200g,Gói,Thực Phẩm Chế Biến Khác,Thực Phẩm Chế Biến,166941.17647058822,175100.0,68,0.6470588235294118,0.07201079902393438,0.03663185179747528,3,0.08153180975911045,1,0,1,44,44.0,0,
Khô bò viên Kiến Lĩnh vị cà ri 200g,Gói,Thực Phẩm Chế Biến Khác,Thực Phẩm Chế Biến,173500.0,173500.0,63,0.0,,0.0,1,0.0,0,0,1,0,0.0,0,
Khô gà lá chanh Chà Bông Việt gói 100g,Gói,Thực Phẩm Chế Biến Khác,Thực Phẩm Chế Biến,50600.0,50600.0,51,0.0,,0.0,1,0.0,0,0,1,0,0.0,0,
Kim chi cải thảo Cô Hường 500g,Hộp,Kim chi,Thực Phẩm Chế Biến,44300.0,44300.0,6,0.0,,0.0,1,0.0,0,0,1,0,0.0,0,
Kim chi cải thảo King BBQ cắt lát 450g,Hộp,Kim chi,Thực Phẩm Chế Biến,48400.0,48400.0,38,0.0,,0.0,1,0.0,0,0,1,0,0.0,0,
Kim chi cải thảo chay King BBQ 450g,Hộp,Kim chi,Thực Phẩm Chế Biến,50100.0,50100.0,22,0.0,,0.0,1,0.0,0,0,1,0,0.0,0,
Kim chi cải thảo chay cắt King 500g,Gói,Kim chi,Thực Phẩm Chế Biến,45000.0,45000.0,56,0.0,,0.0,1,0.0,0,0,1,0,0.0,0,
Kim chi cải thảo chay Ông Kim's hộp 500g,Hộp,Kim chi,Thực Phẩm Chế Biến,48500.0,48500.0,70,0.0,,0.0,1,0.0,0,0,1,0,0.0,0,
Kim chi cải thảo cây King BBQ 950g,Gói,Kim chi,Thực Phẩm Chế Biến,97900.0,97900.0,13,0.0,,0.0,1,0.0,0,0,1,0,0.0,0,
Kim chi cải thảo cây cao cấp King gói 500g,Gói,Kim chi,Thực Phẩm Chế Biến,45000.0,45000.0,56,0.0,,0.0,1,0.0,0,0,1,0,0.0,0,
Kim chi cải thảo cây ÔNG KIM'S gói 1kg,Gói,Kim chi,Thực Phẩm Chế Biến,95900.0,96700.0,42,0.047619047619047616,0.1737331954498449,0.0377588791891132,2,0.21026282853566958,1,0,1,2,2.0,0,
Kim chi cải thảo cắt King 500g,Gói,Kim chi,Thực Phẩm Chế Biến,44000.0,44000.0,56,0.0,,0.0,1,0.0,0,0,1,0,0.0,0,
Kim chi cải thảo cắt lát Ông Kim's hộp 500g,Hộp,Kim chi,Thực Phẩm Chế Biến,44675.0,48600.0,56,0.42857142857142855,0.18844307270233196,0.10263111045329558,3,0.249357326478149,1,0,1,13,12.0,0,
Kim chi cải thảo cắt lát Ông Kim's túi 100g,Gói,Kim chi,Thực Phẩm Chế Biến,13815.853658536585,14200.0,82,0.18292682926829268,0.14788732394366197,0.05912554617340367,2,0.17355371900826455,1,0,1,15,15.0,0,
Kim chi cải thảo ngò Ông Kim's hộp 500g,Hộp,Kim chi,Thực Phẩm Chế Biến,49000.0,49000.0,56,0.0,,0.0,1,0.0,0,0,1,0,0.0,0,
LC Xúc Xích LC Yummy St 200g,Gói,Xúc xích - Thịt Nguội,Thực Phẩm Chế Biến,29700.0,29700.0,63,0.0,,0.0,1,0.0,0,0,1,0,0.0,0,
Long nhi Chả cốm ngon 300g,Gói,Thực Phẩm Chế Biến Khác,Thực Phẩm Chế Biến,59000.0,59000.0,57,0.0,,0.0,1,0.0,0,0,1,0,0.0,0,
Lạp sườn hun khói Cao Bằng Tâm Hòa 500g,Gói,Xúc xích - Thịt Nguội,Thực Phẩm Chế Biến,178600.0,178600.0,52,0.0,,0.0,1,0.0,0,0,1,0,0.0,0,
Lạp xưởng Mai Quế Lộ Vissan gói 500g,Gói,Xúc xích - Thịt Nguội,Thực Phẩm Chế Biến,118272.0,119900.0,75,0.52,0.02611150317572336,0.014608683047427271,4,0.03669724770642202,1,0,1,26,19.5,0,
Lạp xưởng VISSAN Mai Quế Lộ gói 200g,Gói,Xúc xích - Thịt Nguội,Thực Phẩm Chế Biến,48512.0,49200.0,75,0.52,0.02689180737961226,0.01444119383916309,4,0.03455284552845528,1,0,1,26,19.5,0,
Lạp xưởng Vissan 3 bông mai gói 500g,Gói,Xúc xích - Thịt Nguội,Thực Phẩm Chế Biến,103300.0,103300.0,73,0.0,,0.0,1,0.0,0,0,1,0,0.0,0,
Lạp xưởng Vissan gói 500g,Gói,Xúc xích - Thịt Nguội,Thực Phẩm Chế Biến,113700.0,113700.0,70,0.0,,0.0,1,0.0,0,0,1,0,0.0,0,
Lạp xưởng tôm Vissan gói 500g,Gói,Xúc xích - Thịt Nguội,Thực Phẩm Chế Biến,155800.0,155800.0,70,0.0,,0.0,1,0.0,0,0,1,0,0.0,0,
Lốc 6 gói bánh trứng Karo chà bông 26g,Gói 6,Thực Phẩm Chế Biến Khác,Thực Phẩm Chế Biến,33346.05263157895,38800.0,76,0.7236842105263158,0.19423617619493908,0.10872737598494601,3,0.2976588628762542,1,0,1,30,27.5,0,
Măng muối ớt muối dổ Kim bôi lọ 750g,Lọ,Thực Phẩm Chế Biến Khác,Thực Phẩm Chế Biến,43900.0,43900.0,45,0.0,,0.0,1,0.0,0,0,1,0,0.0,0,
Mỳ spaghetti bò bằm phô mai LC Food 270g,Hộp,Thực Phẩm Chế Biến Khác,Thực Phẩm Chế Biến,36600.0,36600.0,54,0.0,,0.0,1,0.0,0,0,1,0,0.0,0,
Nem Bùi ABC Kinh bắc 170g,Gói,Thực Phẩm Chế Biến Khác,Thực Phẩm Chế Biến,35000.0,35000.0,56,0.0,,0.0,1,0.0,0,0,1,0,0.0,0,
Nem Bùi Hải Tuyết 100g,Cái,Thực Phẩm Chế Biến Khác,Thực Phẩm Chế Biến,34900.0,34900.0,58,0.0,,0.0,1,0.0,0,0,1,0,0.0,0,
Nugget mực vòng chiên giòn KitKool 300g,Gói,Thực Phẩm Chế Biến Khác,Thực Phẩm Chế Biến,56000.0,56000.0,54,0.0,,0.0,1,0.0,0,0,1,0,0.0,0,
Salami khô Ông già Ika gói 100g,Gói,Xúc xích - Thịt Nguội,Thực Phẩm Chế Biến,49300.0,49300.0,56,0.0,,0.0,1,0.0,0,0,1,0,0.0,0,
Salami khô Ông già Ika tiêu đỏ 200g,Gói,Xúc xích - Thịt Nguội,Thực Phẩm Chế Biến,96137.03703703704,103100.0,54,0.4444444444444444,0.15195602974458455,0.08178434571544611,3,0.18505747126436778,1,0,1,24,24.0,0,
Sanwhich khoai tây gạo lứt Momiji 300g,Gói,Bánh mì,Thực Phẩm Chế Biến,24721.81818181818,27000.0,55,0.41818181818181815,0.20177133655394525,0.1104174133500459,3,0.29186602870813405,1,0,1,15,11.5,0,
Seoul's Hotdog Đức Việt nhân phô mai 250g,Gói,Thực Phẩm Chế Biến Khác,Thực Phẩm Chế Biến,49903.125,52725.0,64,0.21875,0.24431818181818182,0.10757812106958416,3,0.32330827067669166,1,0,2,14,14.0,1,
Sữa bắp non Sài Gòn 300ml,Chai,Thực Phẩm Chế Biến Khác,Thực Phẩm Chế Biến,14840.0,15800.0,55,0.2,0.3037974683544304,0.13057252200959532,2,0.4363636363636363,1,0,1,11,11.0,0,
Tai heo muối Ngọc Thơm 200g,Gói,Xúc xích - Thịt Nguội,Thực Phẩm Chế Biến,72515.9420289855,72800.0,69,0.028985507246376812,0.1346153846153846,0.022838416037347035,2,0.15555555555555545,1,0,1,2,2.0,0,
Thanh cơm lứt Nue Ngũ cốc rong biển 15g,Cái,Thực Phẩm Chế Biến Khác,Thực Phẩm Chế Biến,4500.0,4500.0,49,0.0,,0.0,1,0.0,0,0,1,0,0.0,0,
Thăn lưng xông khói Angst-Trường Vinh gói 200g,Gói,Xúc xích - Thịt Nguội,Thực Phẩm Chế Biến,69000.0,69000.0,45,0.0,,0.0,1,0.0,0,0,1,0,0.0,0,
Thạch đen Cao Bằng Thạch An 230g,Hộp,Thực Phẩm Chế Biến Khác,Thực Phẩm Chế Biến,24900.0,24900.0,52,0.0,,0.0,1,0.0,0,0,1,0,0.0,0,
Thạch đen Cao Bằng Thạch An 480g,Hộp,Thực Phẩm Chế Biến Khác,Thực Phẩm Chế Biến,30877.777777777777,34100.0,72,0.4166666666666667,0.22678396871945258,0.12607816901610447,3,0.3372549019607842,1,0,1,17,15.0,0,
Thạch đen trân châu Thạch An ly 280g,Ly,Thực Phẩm Chế Biến Khác,Thực Phẩm Chế Biến,21000.0,21000.0,57,0.0,,0.0,1,0.0,0,0,1,0,0.0,0,
Thịt lợn hun khói Tâm Hòa Cao bằng gói 500g,Gói,Xúc xích - Thịt Nguội,Thực Phẩm Chế Biến,192500.0,192500.0,52,0.0,,0.0,1,0.0,0,0,1,0,0.0,0,
Trà sữa Go Thái Sơn 330ml,Chai,Thực Phẩm Chế Biến Khác,Thực Phẩm Chế Biến,16688.46153846154,19500.0,52,0.3269230769230769,0.441025641025641,0.2440921833547454,2,0.441025641025641,1,0,1,17,17.0,0,
Trà sữa thái Saionmilk chai 300ml,Chai,Thực Phẩm Chế Biến Khác,Thực Phẩm Chế Biến,16065.30612244898,16800.0,49,0.24489795918367346,0.17857142857142858,0.0811344087501668,2,0.21739130434782616,1,0,1,12,12.0,0,
Trà xanh Go Thái Sơn 330ml,Chai,Thực Phẩm Chế Biến Khác,Thực Phẩm Chế Biến,19500.0,19500.0,36,0.0,,0.0,1,0.0,0,0,1,0,0.0,0,
Xúc Xích Hanns xông khói tự nhiên 200g,Gói,Xúc xích - Thịt Nguội,Thực Phẩm Chế Biến,29800.0,29800.0,55,0.0,,0.0,1,0.0,0,0,1,0,0.0,0,
Xúc Xích Tiệt Trùng cá phô mai Ponnie 45g,Gói,Xúc xích - Thịt Nguội,Thực Phẩm Chế Biến,10007.246376811594,10500.0,69,0.2898550724637681,0.1619047619047619,0.07763693207230733,2,0.19318181818181812,1,0,1,20,20.0,0,
Xúc Xích Tiệt Trùng thịt phô mai Ponnie 45g,Gói,Xúc xích - Thịt Nguội,Thực Phẩm Chế Biến,10014.285714285714,10500.0,70,0.2857142857142857,0.1619047619047619,0.07724233219401075,2,0.19318181818181812,1,0,1,20,20.0,0,
Xúc xích Coctail Kitkool 200g,Gói,Xúc xích - Thịt Nguội,Thực Phẩm Chế Biến,41300.0,41300.0,7,0.0,,0.0,1,0.0,0,0,1,0,0.0,0,
Xúc xích Heo Cao Bồi xốt trứng muối cay 15g,Ly,Xúc xích - Thịt Nguội,Thực Phẩm Chế Biến,10450.0,10800.0,68,0.20588235294117646,0.1574074074074074,0.0662676654377961,2,0.18681318681318682,1,0,1,14,14.0,0,
Xúc xích Hotdog Đức Việt gói 200g,Gói,Xúc xích - Thịt Nguội,Thực Phẩm Chế Biến,23176.470588235294,23783.823529411766,68,0.10294117647058823,0.23694779116465864,0.07751498678827586,3,0.31052631578947376,1,0,2,7,7.0,1,
Xúc xích Klobasa Ông Già Ika gói 500g,Gói,Xúc xích - Thịt Nguội,Thực Phẩm Chế Biến,142600.0,142600.0,80,0.0,,0.0,1,0.0,0,0,1,0,0.0,0,
Xúc xích Klobasa ông già Ika 500g,Gói,Xúc xích - Thịt Nguội,Thực Phẩm Chế Biến,151600.0,151600.0,65,0.0,,0.0,1,0.0,0,0,1,0,0.0,0,
Xúc xích Mỹ Đức Việt gói 500g,Gói,Xúc xích - Thịt Nguội,Thực Phẩm Chế Biến,53853.65853658537,59286.58536585366,82,0.6829268292682927,0.13347433870176867,0.06586257794753324,5,0.13389830508474576,1,0,2,40,28.0,1,
Xúc xích Pari Đức Việt gói 500g,Gói,Xúc xích - Thịt Nguội,Thực Phẩm Chế Biến,55087.878787878784,58439.393939393936,66,0.48484848484848486,0.11641359717868338,0.055201376524033466,3,0.12403100775193798,1,0,2,18,16.0,1,
Xúc xích Ponnie dinh dưỡng thịt heo 4*70g,Gói,Xúc xích - Thịt Nguội,Thực Phẩm Chế Biến,30515.384615384617,33100.0,39,0.41025641025641024,0.1903323262839879,0.10373128269733452,3,0.24905660377358485,1,0,1,13,8.0,0,
Xúc xích Roma Đức Việt gói 500g,Gói,Xúc xích - Thịt Nguội,Thực Phẩm Chế Biến,59515.0,62725.0,80,0.3375,0.1478496768531078,0.0769118732257936,3,0.18674698795180722,1,0,2,14,13.5,1,
Xúc xích Vườn Bia Đức Việt gói 500g,Gói,Xúc xích - Thịt Nguội,Thực Phẩm Chế Biến,105808.75,107086.25,80,0.175,0.06809701492537314,0.0276059381542357,3,0.09276248725790004,1,0,2,14,14.0,1,
Xúc xích bò Vissan gói 160g,Gói,Xúc xích - Thịt Nguội,Thực Phẩm Chế Biến,17700.0,17700.0,70,0.0,,0.0,1,0.0,0,0,1,0,0.0,0,
Xúc xích bò Vissan gói 90g,Gói,Xúc xích - Thịt Nguội,Thực Phẩm Chế Biến,10800.0,10800.0,73,0.0,,0.0,1,0.0,0,0,1,0,0.0,0,
Xúc xích bò tiệt trùng Every Day Halong Canfoco túi 250g,Gói,Xúc xích - Thịt Nguội,Thực Phẩm Chế Biến,28893.333333333332,33000.0,15,0.9333333333333333,0.13333333333333333,0.03931962788027834,2,0.15384615384615374,1,0,1,14,14.0,0,
Xúc xích bò tiệt trùng Vissan gói 280g,Gói,Xúc xích - Thịt Nguội,Thực Phẩm Chế Biến,32579.45205479452,33500.0,73,0.3835616438356164,0.07164179104477611,0.03627084231521167,3,0.07761194029850749,1,0,1,14,14.0,0,
Xúc xích dinh dưỡng bò Vissan gói 175g,Gói,Xúc xích - Thịt Nguội,Thực Phẩm Chế Biến,21864.788732394365,22000.0,71,0.16901408450704225,0.03636363636363636,0.013809664767628255,2,0.037735849056603765,1,0,1,12,12.0,0,
Xúc xích dinh dưỡng thịt heo Ponnie (35gr x 5 Cây),Gói,Xúc xích - Thịt Nguội,Thực Phẩm Chế Biến,21642.465753424658,22900.0,73,0.3698630136986301,0.14847161572052403,0.07636692396526186,2,0.1743589743589744,1,0,1,14,13.5,0,
Xúc xích heo Vissan gòi 90g,Gói,Xúc xích - Thịt Nguội,Thực Phẩm Chế Biến,10800.0,10800.0,71,0.0,,0.0,1,0.0,0,0,1,0,0.0,0,
Xúc xích heo Vissan gói 160g,Gói,Xúc xích - Thịt Nguội,Thực Phẩm Chế Biến,17700.0,17700.0,70,0.0,,0.0,1,0.0,0,0,1,0,0.0,0,
Xúc xích heo tiệt trùng Every Day Halong Canfoco túi 250g,Gói,Xúc xích - Thịt Nguội,Thực Phẩm Chế Biến,28966.666666666668,33000.0,12,0.9166666666666666,0.13333333333333333,0.0438493875333893,2,0.15384615384615374,1,0,1,11,11.0,0,
Xúc xích hong khói (50g) Đức Việt gói 500g,Gói,Xúc xích - Thịt Nguội,Thực Phẩm Chế Biến,93993.82716049382,95964.1975308642,81,0.2345679012345679,0.08580183861082738,0.048190175805224306,3,0.11123723041997735,1,0,2,19,19.0,1,
Xúc xích lắc Heo Cao Bồi phô mai hộp 4 cây*15g,Hộp,Xúc xích - Thịt Nguội,Thực Phẩm Chế Biến,10800.0,10800.0,57,0.0,,0.0,1,0.0,0,0,1,0,0.0,0,
Xúc xích lắc Heo Cao Bồi thịt nướng phô mai 5*15g,Ly,Xúc xích - Thịt Nguội,Thực Phẩm Chế Biến,10800.0,10800.0,62,0.0,,0.0,1,0.0,0,0,1,0,0.0,0,
Xúc xích lắc phô mai bắp bơ Heo Cao Bồi 64g,Ly,Xúc xích - Thịt Nguội,Thực Phẩm Chế Biến,10800.0,10800.0,54,0.0,,0.0,1,0.0,0,0,1,0,0.0,0,
Xúc xích phô mai LC Food 200g,Gói,Xúc xích - Thịt Nguội,Thực Phẩm Chế Biến,52233.333333333336,60000.0,54,0.5555555555555556,0.23299999999999998,0.13428725909444938,3,0.235,1,0,1,30,30.0,0,
Xúc xích thịt heo Ponnie cây 45g,Gói,Xúc xích - Thịt Nguội,Thực Phẩm Chế Biến,9997.18309859155,10500.0,71,0.29577464788732394,0.1619047619047619,0.07816057222467516,2,0.19318181818181812,1,0,1,21,21.0,0,
Xúc xích tiệt trùng Heo Cao Bồi xốt spaghetti 15g*4,Hộp,Xúc xích - Thịt Nguội,Thực Phẩm Chế Biến,10431.666666666666,10800.0,60,0.21666666666666667,0.1574074074074074,0.067703979180335,2,0.18681318681318682,1,0,1,13,13.0,0,
Xúc xích tiệt trùng Heo Cao Bồi xốt tôm sữa 20g,Ly,Xúc xích - Thịt Nguội,Thực Phẩm Chế Biến,10412.280701754386,10800.0,57,0.22807017543859648,0.1574074074074074,0.06911457261613055,2,0.18681318681318682,1,0,1,13,13.0,0,
Xúc xích tiệt trùng Vissan lắc kêu phô mai 3 cây,Hộp,Xúc xích - Thịt Nguội,Thực Phẩm Chế Biến,9900.0,9900.0,58,0.0,,0.0,1,0.0,0,0,1,0,0.0,0,
Xúc xích tiệt trùng Vissan trộn đều BBQ 3 cây,Hộp,Xúc xích - Thịt Nguội,Thực Phẩm Chế Biến,10000.0,10000.0,58,0.0,,0.0,1,0.0,0,0,1,0,0.0,0,
Xúc xích tỏi Angst Trường Vinh xông khói 200g,Gói,Xúc xích - Thịt Nguội,Thực Phẩm Chế Biến,55000.0,55000.0,74,0.0,,0.0,1,0.0,0,0,1,0,0.0,0,
Xúc xích tỏi Đức Việt gói 200g,Gói,Xúc xích - Thịt Nguội,Thực Phẩm Chế Biến,38215.49295774648,40861.971830985916,71,0.39436619718309857,0.15606312292358804,0.05884988619016848,4,0.21126760563380276,1,0,2,15,14.0,1,
Xúc xích viên hong khói Đức Việt gói 500g,Gói,Xúc xích - Thịt Nguội,Thực Phẩm Chế Biến,108544.8717948718,109391.02564102564,78,0.15384615384615385,0.0502283105022831,0.020033252340665317,3,0.08415841584158423,1,0,2,12,12.0,1,
Xúc xích Ông già Ika Klobasa mini gói 250g,Gói,Xúc xích - Thịt Nguội,Thực Phẩm Chế Biến,79500.0,79500.0,73,0.0,,0.0,1,0.0,0,0,1,0,0.0,0,
Xúc xích ăn liền Đức Việt Handy vị bò gói 105g,Gói,Xúc xích - Thịt Nguội,Thực Phẩm Chế Biến,10237.313432835821,10832.835820895523,67,0.4925373134328358,0.11195286195286194,0.06561157068457214,4,0.13684210526315788,1,0,2,18,16.5,1,
Xúc xích ăn liền Đức Việt Handy vị heo gói 105g,Gói,Xúc xích - Thịt Nguội,Thực Phẩm Chế Biến,10288.732394366198,11025.352112676057,71,0.5211267605633803,0.1285012285012285,0.07346325447639061,4,0.1578947368421053,1,0,2,21,18.5,1,
Xúc xích Đức Le Gourmet gói 500g,Gói,Xúc xích - Thịt Nguội,Thực Phẩm Chế Biến,101700.0,121500.0,11,1.0,0.16296296296296298,0.0,1,0.0,1,1,1,11,11.0,0,
Xúc xích Đức Việt Hotdog gói 500g,Gói,Xúc xích - Thịt Nguội,Thực Phẩm Chế Biến,60953.246753246756,60953.246753246756,77,0.0,,0.038249882152153775,2,0.07966101694915251,0,0,2,0,0.0,1,
Xúc xích Đức Việt Seoul's 350g,Gói,Xúc xích - Thịt Nguội,Thực Phẩm Chế Biến,61151.78571428572,65712.5,56,0.44642857142857145,0.16241653418124005,0.13041665585446857,4,0.2309197651663406,1,0,2,25,25.0,1,
Xúc xích Đức Việt nướng gói 500g,Gói,Xúc xích - Thịt Nguội,Thực Phẩm Chế Biến,99670.73170731707,99670.73170731707,82,0.0,,0.05788937953034696,2,0.12299465240641716,0,0,2,0,0.0,1,
Xúc Đức Việt chua mặn ngọt Beclin,Gói,Thực Phẩm Chế Biến Khác,Thực Phẩm Chế Biến,114852.5,114852.5,80,0.0,,0.011486733912843656,2,0.11434108527131781,0,0,2,0,0.0,1,
Bột Canh 14% Vifon gói 900g,Gói,Gia Vị,Gia Vị,23200.0,23200.0,46,0.0,,0.0,1,0.0,0,0,1,0,0.0,0,Vifon
Bột Vianco Cary 10g,Gói,Gia Vị,Gia Vị,5000.0,5000.0,50,0.0,,0.0,1,0.0,0,0,1,0,0.0,0,
Bột canh Hải Châu gói 190g,Gói,Gia Vị,Gia Vị,5200.0,5200.0,55,0.0,,0.0,1,0.0,0,0,1,0,0.0,0,
Bột canh Vifon gói 200g,Gói,Gia Vị,Gia Vị,6420.895522388059,6600.0,67,0.1791044776119403,0.15151515151515152,0.06016819667849737,2,0.1785714285714286,1,0,1,12,12.0,0,Vifon
Bột canh i-ốt Hải Châu gói 190g,Gói,Gia Vị,Gia Vị,5200.0,5200.0,55,0.0,,0.0,1,0.0,0,0,1,0,0.0,0,
Bột canh thịt Hà Nội Hanufood gói 500g,Gói,Gia Vị,Gia Vị,17600.0,17600.0,42,0.0,,0.0,1,0.0,0,0,1,0,0.0,0,
Bột cà ri không cay Ottogi gói 100g,Gói,Gia Vị,Gia Vị,55600.0,55600.0,30,0.0,,0.0,1,0.0,0,0,1,0,0.0,0,
Bột ngọt (mì chính) Ajinomoto 100g,Gói,Gia Vị,Gia Vị,9300.0,9300.0,51,0.0,,0.0,1,0.0,0,0,1,0,0.0,0,
Bột ngọt (mì chính) Ajinomoto 2kg,Gói,Gia Vị,Gia Vị,129300.0,129300.0,57,0.0,,0.0,1,0.0,0,0,1,0,0.0,0,
Bột ngọt (mì chính) Ajinomoto 400g,Gói,Gia Vị,Gia Vị,34100.0,34100.0,57,0.0,,0.0,1,0.0,0,0,1,0,0.0,0,
"Bột ngọt (mì chính) Ajinomoto gói 1,8kg",Gói,Gia Vị,Gia Vị,133300.0,133300.0,57,0.0,,0.0,1,0.0,0,0,1,0,0.0,0,
Bột ngọt (mì chính) Ajinomoto gói 1kg,Gói,Gia Vị,Gia Vị,70588.13559322034,71130.50847457627,59,0.3389830508474576,0.02248086960569429,0.014276382915842156,3,0.033660589060308554,1,0,2,11,10.0,1,
Bột ngọt (mì chính) Ajinomoto gói 454g,Gói,Gia Vị,Gia Vị,35543.10344827586,35900.0,58,0.39655172413793105,0.025069637883008356,0.01249492574188159,2,0.0257142857142858,1,0,1,16,11.5,0,
Bột ngọt (mì chính) Miwon gói 1kg,Gói,Gia Vị,Gia Vị,71879.31034482758,74300.0,58,0.3103448275862069,0.10497981157469717,0.050641379164843806,2,0.11729323308270678,1,0,1,12,9.0,0,
Bột ngọt (mì chính) Miwon gói 454g,Gói,Gia Vị,Gia Vị,30496.774193548386,35000.0,62,1.0,0.12866359447004608,0.018348075859753624,4,0.054421768707483054,1,1,1,62,62.0,0,
Bột ngọt (mì chính) Vedan gói 454g,Gói,Gia Vị,Gia Vị,32675.43859649123,35900.0,57,0.8245614035087719,0.10893142891009305,0.04715078182471841,3,0.11490683229813659,1,0,1,18,15.666666666666666,0,
Bột nước cốt dừa Mikko gói 150g,Gói,Gia Vị,Gia Vị,20800.0,20800.0,50,0.0,,0.0,1,0.0,0,0,1,0,0.0,0,
Bột ớt Taeyung gói 454g,Gói,Gia Vị,Gia Vị,185800.0,185800.0,50,0.0,,0.0,1,0.0,0,0,1,0,0.0,0,
Dấm gạo lên men Lisa chai 400ml,Chai,Gia Vị,Gia Vị,19200.0,19200.0,47,0.0,,0.0,1,0.0,0,0,1,0,0.0,0,
Dấm táo Heinz chai 473ml,Chai,Gia Vị,Gia Vị,93200.0,93200.0,45,0.0,,0.0,1,0.0,0,0,1,0,0.0,0,
Dấm táo Ottogi chai 450ml,Chai,Gia Vị,Gia Vị,21476.190476190477,23500.0,42,0.40476190476190477,0.2127659574468085,0.11566198692578142,2,0.2702702702702702,1,0,1,17,17.0,0,
Dầu Hào Nam Dương chai 270g,Chai,Gia Vị,Gia Vị,12200.0,17100.0,77,1.0,0.28654970760233917,0.0,1,0.0,1,1,1,77,77.0,0,Nam Dương
Dầu Hướng Dương Tsar 1L,Chai,Gia Vị,Gia Vị,77120.0,78000.0,45,0.26666666666666666,0.0423076923076923,0.019136473873831186,2,0.04417670682730934,1,0,1,12,12.0,0,
Dầu dấm trộn salad Cholimex chai 270g,Chai,Gia Vị,Gia Vị,19016.949152542373,20400.0,59,0.576271186440678,0.11764705882352941,0.06289843745564798,2,0.1333333333333333,1,0,1,12,11.333333333333334,0,
Dầu dừa tinh khiết Organic Vietcoco 0.5L,Chai,Gia Vị,Gia Vị,90700.0,90700.0,46,0.0,,0.0,1,0.0,0,0,1,0,0.0,0,
Dầu gạo lức nguyên chất Simply RBO 1 lít,Chai,Gia Vị,Gia Vị,65528.301886792455,75500.0,53,1.0,0.1320754716981132,0.005837027526658425,2,0.012158054711246202,1,1,1,53,53.0,0,
Dầu gạo lứt Light 5 dưỡng chất Tường An chai 1 lít,Chai,Gia Vị,Gia Vị,73295.55555555556,78400.0,45,0.7333333333333333,0.08878324056895485,0.042662958095373,3,0.1280575539568345,1,0,1,11,8.25,0,
Dầu gạo nguyên chất Simply chai 2L,Chai,Gia Vị,Gia Vị,125305.88235294117,148000.0,68,1.0,0.15333863275039744,0.03746368219368956,3,0.08067226890756296,1,1,1,68,68.0,0,
Dầu hào Lee Kum Kee Kum Chun chai 255g,Chai,Gia Vị,Gia Vị,26200.0,26200.0,46,0.0,,0.0,1,0.0,0,0,1,0,0.0,0,
Dầu hào Maggi chai 350g,Chai,Gia Vị,Gia Vị,25226.666666666668,51080.0,60,0.18333333333333332,0.4385463021826659,0.09899490811824685,2,0.32000000000000006,1,0,2,11,11.0,1,Maggi
Dầu hào Maggi chai 530g,Chai,Gia Vị,Gia Vị,36039.34426229508,40400.0,61,0.45901639344262296,0.23514851485148514,0.13244701284101704,2,0.3074433656957929,1,0,1,26,14.0,0,Maggi
Dầu hào Maggi chai 820g,Chai,Gia Vị,Gia Vị,55600.0,55600.0,49,0.0,,0.0,1,0.0,0,0,1,0,0.0,0,Maggi
Dầu hào chay Maggi từ nấm hương chai 350g,Chai,Gia Vị,Gia Vị,30261.32075471698,33700.0,53,0.4339622641509434,0.23513095084505223,0.13635080131164953,4,0.5784543325526932,1,0,1,16,7.666666666666667,0,Maggi
Dầu hào chay Maggi từ nấm hương chai 820g,Chai,Gia Vị,Gia Vị,63400.0,63400.0,44,0.0,,0.0,1,0.0,0,0,1,0,0.0,0,Maggi
Dầu hướng dương Mamrukovskoe 1000ml,Chai,Gia Vị,Gia Vị,91200.0,91200.0,24,0.0,,0.0,1,0.0,0,0,1,0,0.0,0,
Dầu hướng dương Organic Sloboda chai 1 lít,Chai,Gia Vị,Gia Vị,70142.85714285714,75000.0,49,0.3469387755102041,0.18666666666666668,0.09598986363684256,2,0.2295081967213115,1,0,1,17,17.0,0,
Dầu hướng dương Sloboda 1.8L,Chai,Gia Vị,Gia Vị,140000.0,140000.0,28,0.0,,0.0,1,0.0,0,0,1,0,0.0,0,
Dầu hướng dương VitaOrganic cao cấp 1L,Chai,Gia Vị,Gia Vị,92400.0,92400.0,26,0.0,,0.0,1,0.0,0,0,1,0,0.0,0,
Dầu hướng dương VitaOrganic cao cấp chai 2L,Chai,Gia Vị,Gia Vị,183400.0,183400.0,24,0.0,,0.0,1,0.0,0,0,1,0,0.0,0,
Dầu hướng dương chai Simply chai 1L,Chai,Gia Vị,Gia Vị,70401.40845070423,84900.0,71,1.0,0.17077257419665223,0.018395937093779034,4,0.02071823204419887,1,1,1,71,71.0,0,
Dầu hạt cải Simply chai 1 lít,Chai,Gia Vị,Gia Vị,69046.03174603175,79900.0,63,1.0,0.13584440868546,0.011594720414087559,4,0.035816618911174825,1,1,1,63,63.0,0,
Dầu mè Ottogi chai 110ml,Chai,Gia Vị,Gia Vị,89400.0,89400.0,54,0.0,,0.0,1,0.0,0,0,1,0,0.0,0,
Dầu mè Tường An chai 1L lít,Chai,Gia Vị,Gia Vị,123927.27272727272,125000.0,33,0.18181818181818182,0.0472,0.01864707285132833,2,0.04953820319059621,1,0,1,6,6.0,0,
Dầu mè Tường An chai 400ml,Chai,Gia Vị,Gia Vị,56300.0,58100.0,33,0.3333333333333333,0.09294320137693632,0.04591568722810147,2,0.09294320137693635,1,0,1,11,11.0,0,
Dầu mè thơm hảo hạng Meizan chai 250ml,Chai,Gia Vị,Gia Vị,58966.666666666664,67500.0,51,1.0,0.12641975308641976,0.006459177775957356,2,0.013628620102214661,1,1,1,51,51.0,0,Meizan
Dầu nành Tường An can 5L,Chai,Gia Vị,Gia Vị,321212.5,338000.0,56,0.625,0.07946745562130178,0.06430709663568496,4,0.18223154949282971,1,0,1,12,11.666666666666666,0,
Dầu nành Tường An chai 1L,Chai,Gia Vị,Gia Vị,61335.59322033898,69300.0,59,0.5932203389830508,0.19373325087610802,0.10898130242500699,3,0.26,1,0,1,18,11.666666666666666,0,
Dầu rán o liu Hanoli chai 1L,Chai,Gia Vị,Gia Vị,266161.53846153844,272900.0,39,0.3076923076923077,0.08024917552216929,0.038472217555569725,2,0.08725099601593622,1,0,1,12,12.0,0,
Dầu rán o liu Hanoli chai 3L,Chai,Gia Vị,Gia Vị,701830.4347826086,717300.0,46,0.2608695652173913,0.08267112784051303,0.03751175685984734,2,0.0901215805471125,1,0,1,12,12.0,0,
Dầu thực vật Cái Lân tinh luyện can 5L,Can,Gia Vị,Gia Vị,244325.0,261300.0,52,0.9423076923076923,0.06894100923951671,0.02317778589836841,4,0.10626587637595253,1,0,1,38,24.5,0,
Dầu thực vật Cái Lân tinh luyện chai 2L,Chai,Gia Vị,Gia Vị,98732.20338983051,105600.0,59,0.9491525423728814,0.06852002164502165,0.02274478335112495,3,0.1080797481636937,1,0,1,44,28.0,0,
Dầu thực vật cao cấp Meizan chai 2L,Chai,Gia Vị,Gia Vị,94400.0,116000.0,24,1.0,0.18620689655172415,0.0,1,0.0,1,1,1,24,24.0,0,Meizan
Dầu ô liu Extra Virgin Latino Bella chai 250ml,Chai,Gia Vị,Gia Vị,124459.45945945945,131000.0,37,0.2972972972972973,0.16793893129770993,0.08190787795460847,2,0.16793893129770987,1,0,1,11,11.0,0,
Dầu ô liu Extra Virgin Olivoilà chai 250ml,Chai,Gia Vị,Gia Vị,98902.0,107000.0,50,1.0,0.07568224299065421,0.00014299140182939628,2,0.0010111223458038054,1,1,1,50,50.0,0,
Dầu ô liu Extra Virgin Tường An chai 250ml,Chai,Gia Vị,Gia Vị,103590.38461538461,106000.0,52,0.38461538461538464,0.059103773584905664,0.029723847165292746,3,0.06106106106106113,1,0,1,11,10.0,0,
Dầu ô liu Extra Virgin Tường An chai 500ml,Chai,Gia Vị,Gia Vị,204000.0,204000.0,49,0.0,,0.0,1,0.0,0,0,1,0,0.0,0,
Dầu ô liu Olivoila Pomace chai 750ml,Chai,Gia Vị,Gia Vị,225910.0,250000.0,60,1.0,0.09636,0.000613684375028699,2,0.0013274336283185528,1,1,1,60,60.0,0,
Dầu ôliu Olivoila Extra Virgin chai750ml,Chai,Gia Vị,Gia Vị,297930.76923076925,322000.0,52,1.0,0.07474916387959867,0.00042839042530916225,2,0.0010067114093960106,1,1,1,52,52.0,0,
Dầu ăn Ajinomoto JP 1000g,Chai,Gia Vị,Gia Vị,131600.0,131600.0,22,0.0,,0.0,1,0.0,0,0,1,0,0.0,0,
Dầu ăn Danh Tiếng Tường An chai 2L,Chai,Gia Vị,Gia Vị,114744.44444444444,123000.0,54,0.5,0.13423667570009035,0.0740616344825053,3,0.17816091954022983,1,0,1,12,9.0,0,
Dầu ăn Tường An Gold chai 1L,Chai,Gia Vị,Gia Vị,57111.32075471698,63900.0,53,0.6415094339622641,0.16560802724845808,0.09045036773373193,4,0.22884615384615392,1,0,1,18,11.333333333333334,0,
Dầu ăn Tường An Gold chai 2L,Chai,Gia Vị,Gia Vị,116822.64150943396,127000.0,53,0.660377358490566,0.12134983127109111,0.07398754067800083,4,0.17592592592592582,1,0,1,12,11.666666666666666,0,
Dầu ăn Tường An can 5L,Chai,Gia Vị,Gia Vị,282943.3962264151,295000.0,53,0.2830188679245283,0.14440677966101698,0.06860367064090331,3,0.17999999999999994,1,0,1,8,7.5,0,
Dầu ăn Tường An chai 1 lít,Chai,Gia Vị,Gia Vị,50119.40298507463,59000.0,67,0.8059701492537313,0.18675455116133083,0.09098031382723526,5,0.25799573560767586,1,0,1,16,13.5,0,
Dầu ăn cao cấp Coba chai 1L,Chai,Gia Vị,Gia Vị,59895.454545454544,66100.0,22,0.5909090909090909,0.15885022692889558,0.0882200657357406,2,0.1888489208633093,1,0,1,13,13.0,0,
Dầu ăn cao cấp Meizan GOLD 1L,Chai,Gia Vị,Gia Vị,47725.0,60600.0,48,1.0,0.21245874587458746,0.009917890739166053,3,0.024844720496894457,1,1,1,48,48.0,0,Meizan
Dầu ăn cao cấp Meizan GOLD 2L,Chai,Gia Vị,Gia Vị,93650.0,116000.0,48,1.0,0.19267241379310343,0.012004290918582813,2,0.026086956521739202,1,1,1,48,48.0,0,Meizan
Dầu ăn cao cấp Meizan GOLD 5L,Chai,Gia Vị,Gia Vị,278000.0,278000.0,11,0.0,,0.0,1,0.0,0,0,1,0,0.0,0,Meizan
Dầu ăn cao cấp Meizan Gold chai 1 lít,Chai,Gia Vị,Gia Vị,48300.0,60600.0,25,1.0,0.20297029702970298,0.0,1,0.0,1,1,1,25,25.0,0,Meizan
Dầu ăn cao cấp Meizan Gold chai 5L,Chai,Gia Vị,Gia Vị,224000.0,278000.0,12,1.0,0.19424460431654678,0.0,1,0.0,1,1,1,12,12.0,0,Meizan
Dầu ăn dinh dưỡng Marvela Tường An chai 1L,Chai,Gia Vị,Gia Vị,61900.0,61900.0,46,0.0,,0.0,1,0.0,0,0,1,0,0.0,0,
Dầu ăn dinh dưỡng Marvela Tường An chai 5L,Chai,Gia Vị,Gia Vị,283186.6666666667,289000.0,45,0.26666666666666666,0.0754325259515571,0.034426961186611,2,0.08158682634730541,1,0,1,12,12.0,0,
Dầu ăn hảo hạng Cái Lân chai 1L,Chai,Gia Vị,Gia Vị,47280.0,50400.0,60,1.0,0.0619047619047619,0.0028296224039116974,2,0.0063157894736841635,1,1,1,60,60.0,0,
Dầu ăn olive Kiddy cho trẻ em chai 250ml,Chai,Gia Vị,Gia Vị,107163.33333333333,118000.0,60,1.0,0.09183615819209039,0.00583379486513636,4,0.011194029850746245,1,1,1,60,60.0,0,
Dầu ăn thượng hạng Neptune Light can 2 lít,Chai,Gia Vị,Gia Vị,110466.66666666667,126133.33333333333,51,0.7647058823529411,0.1613163739147991,0.07543135762253181,5,0.20265151515151514,1,0,2,22,13.0,1,
Dầu ăn thượng hạng Neptune Light chai 5L,Chai,Gia Vị,Gia Vị,283932.60869565216,314000.0,46,0.6304347826086957,0.15188886448495495,0.08220659351071394,3,0.16685247120029723,1,0,1,18,14.5,0,
Dầu đậu nành Gold Tiara 2L,Chai,Gia Vị,Gia Vị,111700.0,135000.0,9,1.0,0.1725925925925926,0.0,1,0.0,1,1,1,9,9.0,0,
Dầu đậu nành Janbee chai 1L,Chai,Gia Vị,Gia Vị,65764.44444444444,69000.0,45,0.28888888888888886,0.16231884057971013,0.07806222704601692,2,0.19377162629757794,1,0,1,13,13.0,0,
Dầu đậu nành Meizan 1L,Chai,Gia Vị,Gia Vị,43700.0,63900.0,50,1.0,0.3161189358372457,0.0,1,0.0,1,1,1,50,50.0,0,Meizan
Dầu đậu nành Meizan 2L,Chai,Gia Vị,Gia Vị,80887.80487804877,124209.75609756098,41,0.9024390243902439,0.3721349256232977,0.04400289198441615,2,0.14453961456102782,1,0,2,26,18.5,1,Meizan
Dầu đậu nành Meizan 5L,Chai,Gia Vị,Gia Vị,265379.3103448276,284000.0,29,0.41379310344827586,0.15845070422535212,0.08499287532188005,2,0.18828451882845187,1,0,1,12,12.0,0,Meizan
Dầu đậu nành Meizan can 5L,Chai,Gia Vị,Gia Vị,261945.0,284000.0,20,0.55,0.14119718309859156,0.07813759835047442,2,0.16441164411644116,1,0,1,11,11.0,0,Meizan
Dầu đậu nành Meizan chai 1L,Chai,Gia Vị,Gia Vị,42944.444444444445,63900.0,27,1.0,0.32794296644061904,0.013750869542905155,2,0.028235294117647136,1,1,1,27,27.0,0,Meizan
Dầu đậu nành Meizan chai 2L,Chai,Gia Vị,Gia Vị,85529.62962962964,129000.0,27,1.0,0.3369796152741889,0.07191994162642416,2,0.15451174289245984,1,1,1,27,27.0,0,Meizan
Dầu đậu nành Simply chai 1 lít,Chai,Gia Vị,Gia Vị,58666.666666666664,66200.0,60,0.6666666666666666,0.1706948640483384,0.09182297772338095,5,0.20582877959927148,1,0,1,28,20.0,0,
Dầu đậu nành Simply chai 2L,Chai,Gia Vị,Gia Vị,115800.0,130753.44827586207,58,0.6551724137931034,0.1729066985645933,0.09105146897196392,5,0.2233549582947174,1,0,2,32,19.0,1,
Dầu đậu nành TƯỜNG AN Marvela 1L,Chai,Gia Vị,Gia Vị,68500.0,68500.0,32,0.0,,0.0,1,0.0,0,0,1,0,0.0,0,
Dầu đậu nành Tường An chai 2L,Chai,Gia Vị,Gia Vị,116197.01492537314,139000.0,67,0.8059701492537313,0.20354383160138556,0.10203924870439994,5,0.31255901794145413,1,0,1,17,13.5,0,
Dầu đậu nành can Simply chai 5L,Chai,Gia Vị,Gia Vị,278400.0,323000.0,45,0.8444444444444444,0.16351637607951766,0.06965962361918263,3,0.2007434944237918,1,0,1,20,19.0,0,
Dầu đậu nành không biến đổi gen Amur Pearl chai 1L,Chai,Gia Vị,Gia Vị,74800.0,79300.0,28,0.42857142857142855,0.13240857503152584,0.07074201366482863,2,0.15261627906976738,1,0,1,12,12.0,0,
Gia Vị Nấu Phở Bò SG DHFoods 25g,Gói,Gia Vị,Gia Vị,15852.631578947368,16400.0,38,0.21052631578947367,0.15853658536585366,0.06776180124683386,2,0.18840579710144922,1,0,1,8,8.0,0,
Gia vị bún bò huế DHFood Natural 25g,Gói,Gia Vị,Gia Vị,15574.468085106382,16000.0,47,0.1702127659574468,0.15625,0.060978429898032496,2,0.18518518518518512,1,0,1,8,8.0,0,
Gia vị hoàn chỉnh Knorr cá kho gói 28g,Gói,Gia Vị,Gia Vị,7300.0,7300.0,54,0.0,,0.0,1,0.0,0,0,1,0,0.0,0,Knorr
Gia vị hoàn chỉnh Knorr cá kho riềng gói 28g,Gói,Gia Vị,Gia Vị,7400.0,7400.0,54,0.0,,0.0,1,0.0,0,0,1,0,0.0,0,Knorr
Gia vị hoàn chỉnh Knorr thịt kho tàu gói 28g,Gói,Gia Vị,Gia Vị,7400.0,7400.0,54,0.0,,0.0,1,0.0,0,0,1,0,0.0,0,Knorr
Gia vị hoàn chỉnh thịt kho dạng xốt Chin-su 70g,Gói 4,Gia Vị,Gia Vị,29000.0,29000.0,42,0.0,,0.0,1,0.0,0,0,1,0,0.0,0,
Gia vị nêm sẵn lẩu Thái Aji-Quick gói 50g,Gói,Gia Vị,Gia Vị,8680.701754385966,9100.0,57,0.5614035087719298,0.08207417582417582,0.04329180335361119,3,0.09638554216867479,1,0,1,17,16.0,0,
Gia vị wasabi neri S&B 43g,Tuýp,Gia Vị,Gia Vị,30021.428571428572,31500.0,56,0.32142857142857145,0.14603174603174604,0.07220697810692041,2,0.17100371747211907,1,0,1,18,18.0,0,
Gói gia vị Lẩu riêu cua bò nanocurcumin SSH gói 70g,Gói,Gia Vị,Gia Vị,27424.074074074073,29600.0,54,0.46296296296296297,0.15878378378378377,0.08625813683590083,2,0.1887550200803212,1,0,1,13,12.5,0,
Gói gia vị lẩu Thái nanocurcumin SSH gói 70g,Gói,Gia Vị,Gia Vị,28600.0,28600.0,29,0.0,,0.0,1,0.0,0,0,1,0,0.0,0,
Gói gia vị lẩu nấm đông trùng hạ thảo Nano Curcumin SSH gói 70g,Gói,Gia Vị,Gia Vị,37500.0,37500.0,46,0.0,,0.0,1,0.0,0,0,1,0,0.0,0,
Hũ xốt gia vị hoàn chỉnh Barona thịt nướng 260g,Hộp,Gia Vị,Gia Vị,38100.0,38100.0,22,0.0,,0.0,1,0.0,0,0,1,0,0.0,0,
Hướng dương Simply 2L,Chai,Gia Vị,Gia Vị,133367.64705882352,162000.0,68,1.0,0.1767429193899782,0.0469758014775598,4,0.09600000000000009,1,1,1,68,68.0,0,
Hạt Nêm Meizan Vị Heo 1kg,Gói,Gia Vị,Gia Vị,40910.14492753623,65152.17391304348,69,0.9565217391304348,0.38226152932035284,0.043501073006004636,2,0.09318181818181814,1,0,2,40,33.0,1,Meizan
Hạt hêm Chin Su nấm shiitake & tảo kombu 450g,Hộp,Gia Vị,Gia Vị,117300.0,117300.0,44,0.0,,0.0,1,0.0,0,0,1,0,0.0,0,
Hạt nêm Aji-ngon Ajinomoto gói 900g,Gói,Gia Vị,Gia Vị,64898.181818181816,68900.0,55,0.4,0.14520385275102254,0.076712898445429,3,0.19618055555555558,1,0,1,15,11.0,0,
Hạt nêm Aji-ngon gói 400g,Gói,Gia Vị,Gia Vị,29490.0,31600.0,60,0.5666666666666667,0.11783320923306032,0.06480022328076486,3,0.16605166051660514,1,0,1,12,11.333333333333334,0,
Hạt nêm Knorr chay nấm hương organic gói 380g,Gói,Gia Vị,Gia Vị,43005.0,45000.0,40,0.35,0.12666666666666665,0.06876034273523984,3,0.16666666666666663,1,0,1,7,7.0,0,Knorr
Hạt nêm Knorr thịt thăn xương ống và tủy gói 1.2Kg,Gói,Gia Vị,Gia Vị,100575.0,106000.0,36,0.3333333333333333,0.15353773584905658,0.07736932815174699,3,0.1830357142857142,1,0,1,7,6.0,0,Knorr
Hạt nêm Knorr thịt thăn xương ống và tủy gói 400g,Gói,Gia Vị,Gia Vị,35391.07142857143,38400.0,56,0.5535714285714286,0.14154905913978494,0.07797995753135434,3,0.19999999999999996,1,0,1,16,10.333333333333334,0,Knorr
Hạt nêm Neptune 4 trong 1 - heo 850g,Gói,Gia Vị,Gia Vị,77300.0,157947.72727272726,66,0.07575757575757576,0.9323028418794064,0.0,1,0.0,1,0,2,5,5.0,1,
Hạt nêm Neptune nấm 380g,Gói,Gia Vị,Gia Vị,32356.25,40800.0,64,1.0,0.20695465686274508,0.0972695456135683,2,0.34262948207171307,1,1,1,64,64.0,0,
Hạt nêm cao cấp vị nấm hương Maggi gói 450g,Gói,Gia Vị,Gia Vị,50359.649122807015,54100.0,57,0.47368421052631576,0.1459574176764565,0.08790490892406236,3,0.11451942740286303,1,0,1,20,13.5,0,Maggi
Hạt nêm heo Aji ngon 170g,Gói,Gia Vị,Gia Vị,15100.0,15100.0,43,0.0,,0.0,1,0.0,0,0,1,0,0.0,0,
Hạt nêm nấm hương Maggi gói 200g,Gói,Gia Vị,Gia Vị,23492.98245614035,26300.0,57,0.43859649122807015,0.2433460076045627,0.13638147143049634,2,0.3216080402010051,1,0,1,15,8.333333333333334,0,Maggi
"Hạt nêm thịt thăn, xương ống, tủy Knorr 900g",Gói,Gia Vị,Gia Vị,83186.20689655172,86300.0,58,0.3620689655172414,0.0996523754345307,0.050119440494352636,2,0.11068211068211076,1,0,1,11,10.5,0,Knorr
Kewpie Xốt Mayonnaise 1/2 Ít Béo 300g,Chai,Gia Vị,Gia Vị,48800.0,50000.0,56,0.14285714285714285,0.168,0.060778463670818815,2,0.20192307692307687,1,0,1,8,8.0,0,
Lốc 4 gói xốt gia vị hoàn chỉnh gà chiên nước mắm Chin-su gói 70g,Gói 4,Gia Vị,Gia Vị,29000.0,29000.0,52,0.0,,0.0,1,0.0,0,0,1,0,0.0,0,
Muối biển Visaco Mặt trời (tinh) 450g,Gói,Gia Vị,Gia Vị,6700.0,6700.0,55,0.0,,0.0,1,0.0,0,0,1,0,0.0,0,
Muối chấm Tôm chua cay Hảo Hảo 120g,Lọ,Gia Vị,Gia Vị,16090.243902439024,16200.0,41,0.21951219512195122,0.0308641975308642,0.013022120112120375,2,0.031847133757961776,1,0,1,9,9.0,0,Hảo Hảo
Muối chấm hoa quả DHF lọ 110g,Lọ,Gia Vị,Gia Vị,19756.521739130436,20000.0,46,0.15217391304347827,0.08,0.029410719337603756,2,0.08695652173913038,1,0,1,7,7.0,0,
Muối hồng Vipep xay nhuyễn 500g,Lọ,Gia Vị,Gia Vị,48600.0,48600.0,32,0.0,,0.0,1,0.0,0,0,1,0,0.0,0,
Muối tôm Tây Ninh Dh Foods lọ 120g,Hộp,Gia Vị,Gia Vị,18500.0,18500.0,52,0.0,,0.0,1,0.0,0,0,1,0,0.0,0,
Muối tôm ớt kiểu Tây Ninh Dh Foods chai 120g,Chai,Gia Vị,Gia Vị,20000.0,20000.0,48,0.0,,0.0,1,0.0,0,0,1,0,0.0,0,
Muối ô mai Duyên Hải 100g,Hộp,Gia Vị,Gia Vị,15800.0,15800.0,42,0.0,,0.0,1,0.0,0,0,1,0,0.0,0,
Muối ớt Dh Foods lọ 120g,Hộp,Gia Vị,Gia Vị,18785.714285714286,19000.0,49,0.14285714285714285,0.07894736842105263,0.028230498868664442,2,0.08571428571428563,1,0,1,7,7.0,0,
Muối ớt chanh Nha Trang Dh Foods lọ 200g,Chai,Gia Vị,Gia Vị,24894.736842105263,25800.0,57,0.21052631578947367,0.16666666666666666,0.0710438280343265,2,0.19999999999999996,1,0,1,12,12.0,0,
Mì chính Ajinomoto Plus gói 1kg,Gói,Gia Vị,Gia Vị,102200.0,102200.0,50,0.0,,0.0,1,0.0,0,0,1,0,0.0,0,
Mù tạt Wasabi S&B hộp 43g,Hộp,Gia Vị,Gia Vị,48750.0,50800.0,48,0.25,0.16141732283464566,0.07360571878662987,2,0.192488262910798,1,0,1,12,12.0,0,
Mù tạt vàng Heinz chai 255g,Chai,Gia Vị,Gia Vị,80700.0,82900.0,48,0.22916666666666666,0.1158021712907117,0.05052721432193834,2,0.11580217129071169,1,0,1,11,11.0,0,
Mật ong hoa chín Honimore miền núi,Chai,Gia Vị,Gia Vị,274761.2244897959,302000.0,49,0.7755102040816326,0.11630359010108053,0.056845829584396435,4,0.15267175572519087,1,0,1,16,12.666666666666666,0,
"Mật ong sữa chúa Vinabee chai 1,4kg",Lọ,Gia Vị,Gia Vị,182800.0,182800.0,34,0.0,,0.0,1,0.0,0,0,1,0,0.0,0,
"Mật ông hoa rừng Vinabee chai 1,4kg",Lọ,Gia Vị,Gia Vị,173400.0,173400.0,45,0.0,,0.0,1,0.0,0,0,1,0,0.0,0,
Mắm chay Minh Hà pha sẵn Nhất Tâm250ml,Chai,Gia Vị,Gia Vị,28444.0,28444.0,50,0.0,,0.045834235504790405,2,0.09523809523809534,0,0,2,0,0.0,1,
NAM DƯƠNG Tương Cà 500g,Chai,Gia Vị,Gia Vị,15882.432432432432,21600.0,74,1.0,0.2647022022022022,0.0024123609365640786,2,0.0062893081761006275,1,1,1,74,74.0,0,Nam Dương
NEPTUNE Hạt nêm 4 trong 1 - heo 380g,Gói,Gia Vị,Gia Vị,36100.0,116192.7536231884,69,0.07246376811594203,0.9683716203192626,0.0,1,0.0,1,0,2,5,5.0,1,
NEPTUNE Light Dầu ăn thượng hạng 1L,"Lốc, Lô, Lố",Gia Vị,Gia Vị,125178.84615384616,133000.0,52,0.5192307692307693,0.11325536062378168,0.06093477175310992,4,0.13772455089820368,1,0,1,27,27.0,0,
Nước Dùng Barona Lẩu Thái Barona 180g,Gói,Gia Vị,Gia Vị,31858.73015873016,38000.0,63,0.9523809523809523,0.16969298245614037,0.0542514154100524,5,0.22580645161290325,1,0,1,51,30.0,0,
Nước chấm Nam Ngư nhãn vàng chai 650ml,Chai,Gia Vị,Gia Vị,48291.11111111111,51200.0,45,0.37777777777777777,0.150390625,0.07817977359050177,2,0.17701149425287355,1,0,1,17,17.0,0,
"Nước chấm Nam Ngư siêu tiết kiệm can 4,8L",Can,Gia Vị,Gia Vị,78800.0,78800.0,43,0.0,,0.0,1,0.0,0,0,1,0,0.0,0,
Nước chấm mè rang Kewpie chai 180ml,Chai,Gia Vị,Gia Vị,22048.14814814815,22700.0,54,0.2962962962962963,0.09691629955947137,0.045990437116996116,2,0.1073170731707318,1,0,1,16,16.0,0,
Nước chấm tỏi ớt Lý Sơn Nam Ngư 300ml,Chai,Gia Vị,Gia Vị,34753.846153846156,36000.0,52,0.23076923076923078,0.15,0.06610354407429944,2,0.17647058823529416,1,0,1,12,12.0,0,
Nước cốt dừa tươi Vietcoco 160ml,Lon,Gia Vị,Gia Vị,18000.0,18000.0,20,0.0,,0.0,1,0.0,0,0,1,0,0.0,0,
Nước dùng SG Food Cô Đặc Thái chay 150g/180g,Gói,Gia Vị,Gia Vị,21900.0,21900.0,33,0.0,,0.0,1,0.0,0,0,1,0,0.0,0,
Nước dùng cô đặc vị lẩu Thái SG Food gói 150g,Gói,Gia Vị,Gia Vị,21900.0,21900.0,35,0.0,,0.0,1,0.0,0,0,1,0,0.0,0,
Nước dùng hoàn chỉnh Barona lẩu kim gói 180g,Gói,Gia Vị,Gia Vị,37227.90697674418,38400.0,43,0.27906976744186046,0.109375,0.05120274771139203,2,0.12280701754385959,1,0,1,12,12.0,0,
Nước dùng hoàn chỉnh Barona lẩu riêu cua 230g,Gói,Gia Vị,Gia Vị,33421.739130434784,40000.0,69,1.0,0.16445652173913045,0.0381962264836055,2,0.10942249240121571,1,1,1,69,69.0,0,
Nước lẩu Tomyum Hotpot Story gói 200g,Gói,Gia Vị,Gia Vị,48800.0,48800.0,36,0.0,,0.0,1,0.0,0,0,1,0,0.0,0,
Nước màu dừa Anh Tuấn Khang 150g,Lọ,Gia Vị,Gia Vị,30610.0,30610.0,50,0.0,,0.057566188130369476,2,0.1206896551724137,0,0,2,0,0.0,1,
Nước mắm Barona đặc biệt Hải Nhi chai 50ml,Chai,Gia Vị,Gia Vị,26427.083333333332,27700.0,48,0.2708333333333333,0.16967509025270758,0.07987020045828962,2,0.20434782608695645,1,0,1,13,13.0,0,
Nước mắm Chin Su cao cấp biển đông khẩu vị Nhật 500m,Chai,Gia Vị,Gia Vị,102000.0,102000.0,43,0.0,,0.0,1,0.0,0,0,1,0,0.0,0,
Nước mắm Cá Cơm Than Thuận Phát chai 490ml,Chai,Gia Vị,Gia Vị,28411.940298507463,33000.0,67,0.7910447761194029,0.17575757575757575,0.08362183310638285,2,0.17575757575757578,1,0,1,53,53.0,0,
Nước mắm Cá Cơm Thuận Phát 40N chai 490ml,Chai,Gia Vị,Gia Vị,59598.11320754717,68900.0,53,0.32075471698113206,0.420899854862119,0.2292986994864183,2,0.7268170426065164,1,0,1,17,17.0,0,
Nước mắm Cá Cơm Thuận Phát 60N chai 490ml,Chai,Gia Vị,Gia Vị,138200.0,145000.0,44,0.36363636363636365,0.1289655172413793,0.06584336296540064,2,0.1480601741884402,1,0,1,16,16.0,0,
Nước mắm Hạnh Phúc 40B chai 500ml,Chai,Gia Vị,Gia Vị,83500.0,83500.0,51,0.0,,0.0,1,0.0,0,0,1,0,0.0,0,
Nước mắm Hạnh Phúc 60N 50ml,Chai,Gia Vị,Gia Vị,18200.0,18200.0,33,0.0,,0.0,1,0.0,0,0,1,0,0.0,0,
Nước mắm Hạnh Phúc 60N chai 250ml,Chai,Gia Vị,Gia Vị,73100.0,73100.0,50,0.0,,0.0,1,0.0,0,0,1,0,0.0,0,
Nước mắm Khải Hoàn 38N chai 520ml,Chai,Gia Vị,Gia Vị,114800.0,114800.0,40,0.0,,0.0,1,0.0,0,0,1,0,0.0,0,
Nước mắm Knorr cao cấp 43 độ đạm chai thủy tinh 500ml,Chai,Gia Vị,Gia Vị,114900.0,114900.0,44,0.0,,0.0,1,0.0,0,0,1,0,0.0,0,Knorr
Nước mắm Knorr ngon tròn vị 15 độ đạm 750ml,Chai,Gia Vị,Gia Vị,56254.0,59400.0,50,0.26,0.2037037037037037,0.09530626661376561,2,0.2558139534883721,1,0,1,13,13.0,0,Knorr
Nước mắm Nam Ngư cao cấp ủ chượp và đóng chai tại Phú Quốc chai 500ml,Chai,Gia Vị,Gia Vị,58846.153846153844,65000.0,52,0.6153846153846154,0.15384615384615385,0.09273479668202875,3,0.25,1,0,1,16,16.0,0,
Nước mắm Nam Ngư chai 1.2L,Chai,Gia Vị,Gia Vị,61062.74509803922,64162.74509803922,51,0.6078431372549019,0.07846153846153846,0.03848878215270618,3,0.10356536502546687,1,0,2,31,31.0,1,
Nước mắm Nam Ngư chai 750ml,Chai,Gia Vị,Gia Vị,51611.11111111111,52000.0,54,0.12962962962962962,0.057692307692307696,0.019707937671091847,2,0.061224489795918435,1,0,1,7,7.0,0,
Nước mắm Nam Ngư chai 900ml,Chai,Gia Vị,Gia Vị,59384.61538461538,60200.0,52,0.15384615384615385,0.08803986710963455,0.032515204773677836,2,0.09653916211293256,1,0,1,8,8.0,0,
Nước mắm Nam Ngư Đệ nhị 900ml,Chai,Gia Vị,Gia Vị,26500.0,26500.0,54,0.0,,0.0,1,0.0,0,0,1,0,0.0,0,
Nước mắm Phú Quốc Thanh Quốc 35 độ đạm,Chai,Gia Vị,Gia Vị,85900.0,85900.0,43,0.0,,0.0,1,0.0,0,0,1,0,0.0,0,
Nước mắm Phú Quốc Thanh Quốc chai 520ml,Chai,Gia Vị,Gia Vị,136300.0,136300.0,45,0.0,,0.0,1,0.0,0,0,1,0,0.0,0,
Nước mắm Phú Quốc Ông Kỳ 35 độ đạm chai 525ml,Chai,Gia Vị,Gia Vị,109200.0,109200.0,49,0.0,,0.0,1,0.0,0,0,1,0,0.0,0,
Nước mắm Phú Quốc Ông Kỳ 38 độ đạm chai 525ml,Chai,Gia Vị,Gia Vị,100633.33333333333,118800.0,63,1.0,0.15291806958473625,0.010028006013630785,2,0.021021021021021102,1,1,1,63,63.0,0,
Nước mắm Phú Quốc Ông Kỳ chai 525ml,Chai,Gia Vị,Gia Vị,134100.0,134100.0,49,0.0,,0.0,1,0.0,0,0,1,0,0.0,0,
Nước mắm Thanh Quốc Phú Quốc chai 520ml,Chai,Gia Vị,Gia Vị,107000.0,107000.0,49,0.0,,0.0,1,0.0,0,0,1,0,0.0,0,
Nước mắm cao cấp Barona vị xưa chai 500ml,Chai,Gia Vị,Gia Vị,85428.57142857143,92500.0,56,0.9464285714285714,0.08077511473737889,0.027307329705611904,4,0.09597156398104256,1,0,1,45,26.5,0,
Nước mắm cho bé Lê Gia 200ml,Chai,Gia Vị,Gia Vị,75600.0,75600.0,29,0.0,,0.0,1,0.0,0,0,1,0,0.0,0,
Nước mắm cá cơm 50 độ đạm Hạnh Phúc chai 250ml,Chai,Gia Vị,Gia Vị,53700.0,53700.0,50,0.0,,0.0,1,0.0,0,0,1,0,0.0,0,
Nước mắm cá cơm 50 độ đạm Hạnh Phúc chai 500ml,Chai,Gia Vị,Gia Vị,104100.0,104100.0,33,0.0,,0.0,1,0.0,0,0,1,0,0.0,0,
Nước mắm cá cơm 60 độ đạm Hạnh Phúc 50ml,Hộp,Gia Vị,Gia Vị,201100.0,201100.0,49,0.0,,0.0,1,0.0,0,0,1,0,0.0,0,
Nước mắm cá cơm 60 độ đạm Hạnh Phúc chai 500ml,Chai,Gia Vị,Gia Vị,138000.0,138000.0,39,0.0,,0.0,1,0.0,0,0,1,0,0.0,0,
Nước mắm cá cơm Cholimex chai 750g,Chai,Gia Vị,Gia Vị,84300.0,84300.0,50,0.0,,0.0,1,0.0,0,0,1,0,0.0,0,
Nước mắm cá cơm Phú Quốc Hồng Hạnh chai 650ml,Chai,Gia Vị,Gia Vị,98300.0,98300.0,57,0.0,,0.0,1,0.0,0,0,1,0,0.0,0,
Nước mắm cá cơm Thuận Phát 30N chai 620ml,Chai,Gia Vị,Gia Vị,61748.07692307692,65500.0,52,0.36538461538461536,0.15676978706307754,0.08195359702572991,3,0.1725190839694657,1,0,1,12,9.5,0,
Nước mắm cá cơm Thuận Phát 40 độ đạm chai 610ml,Chai,Gia Vị,Gia Vị,64843.10344827586,82500.0,58,0.7758620689655172,0.27585185185185185,0.14855697426461692,4,0.41025641025641035,1,0,1,19,15.0,0,
Nước mắm cốt DB Lê Gia chai 525ml,Chai,Gia Vị,Gia Vị,112136.53846153847,118800.0,52,0.4230769230769231,0.13257575757575757,0.07564570325580192,3,0.19999999999999996,1,0,1,13,11.0,0,
Nước mắm hương cá hồi Chin-su chai 500ml,Chai,Gia Vị,Gia Vị,50400.0,50400.0,54,0.0,,0.0,1,0.0,0,0,1,0,0.0,0,
Nước mắm nhĩ chính hiệu Phú Quốc 35 độ đạm Thanh Hà chai 520ml,Chai,Gia Vị,Gia Vị,112000.0,112000.0,23,0.0,,0.0,1,0.0,0,0,1,0,0.0,0,
Nước mắm nhỉ chánh hiệu Thanh Hà 40 độ đạm chai 520ml,Chai,Gia Vị,Gia Vị,139800.0,139800.0,23,0.0,,0.0,1,0.0,0,0,1,0,0.0,0,
Nước mắm pha tỏi ớt Thanh Hà chai 250ml,Chai,Gia Vị,Gia Vị,41096.55172413793,41096.55172413793,29,0.0,,0.046798492794435334,2,0.09743589743589753,0,0,2,0,0.0,1,
Nước sốt mè rang Kewpie chai 210ml,Chai,Gia Vị,Gia Vị,57963.333333333336,60200.0,60,0.36666666666666664,0.10132890365448505,0.051142033216001886,2,0.11275415896487995,1,0,1,11,11.0,0,
Nước tương Kikkoman chai 150ml,Chai,Gia Vị,Gia Vị,97067.24137931035,100900.0,58,0.3275862068965517,0.1159563924677899,0.05706513563211708,2,0.1311659192825112,1,0,1,11,9.5,0,
Nước tương Nấm Shiitake Chin su chai 330ml,Chai,Gia Vị,Gia Vị,17369.811320754718,18200.0,53,0.41509433962264153,0.10989010989010989,0.057277951240653005,2,0.1234567901234569,1,0,1,11,11.0,0,
Nước tương Tam Thái Tử Nhất Ca chai 500ml,Chai,Gia Vị,Gia Vị,20400.0,20400.0,41,0.0,,0.0,1,0.0,0,0,1,0,0.0,0,
Nước tương hảo hạng Maggi chai 200ml,Chai,Gia Vị,Gia Vị,23700.0,25100.0,24,0.2916666666666667,0.19123505976095617,0.09403658156709602,2,0.23645320197044328,1,0,1,7,7.0,0,Maggi
Nước tương lên men Nam Dương 500ml,Chai,Gia Vị,Gia Vị,17000.0,23400.0,76,1.0,0.27350427350427353,0.0,1,0.0,1,1,1,76,76.0,0,Nam Dương
Nước tương thượng hạng Nam Dương chai 210ml,Chai,Gia Vị,Gia Vị,18127.777777777777,22800.0,72,1.0,0.2049220272904483,0.008547078289818166,2,0.02197802197802201,1,1,1,72,72.0,0,Nam Dương
Nước tương tỏi ớt Chinsu 330ml,Chai,Gia Vị,Gia Vị,19846.808510638297,20800.0,47,0.3404255319148936,0.1346153846153846,0.0675741116903984,2,0.15555555555555545,1,0,1,16,16.0,0,Chinsu
Nước tương tỏi ớt tươi Nam Dương chai 310g,Chai,Gia Vị,Gia Vị,12964.383561643835,17600.0,73,1.0,0.263387297633873,0.005942890759198732,2,0.01538461538461533,1,1,1,73,73.0,0,Nam Dương
Nước tương Đậm đặc Maggi 700ml,Chai,Gia Vị,Gia Vị,31986.567164179105,37400.0,67,0.8656716417910447,0.16720449935460077,0.06750074363750669,3,0.1873015873015873,1,0,1,41,29.0,0,Maggi
Nước tương đậm đặc Maggi 300ml,Chai,Gia Vị,Gia Vị,19500.0,19500.0,54,0.0,,0.0,1,0.0,0,0,1,0,0.0,0,Maggi
Nước tương đậm đặc Nam Dương chai 500ml,Chai,Gia Vị,Gia Vị,15982.191780821919,21600.0,73,1.0,0.2600837138508371,0.0024103676242845976,2,0.006249999999999978,1,1,1,73,73.0,0,Nam Dương
Nước tương đậu nành Maggi chai 700ml,Chai,Gia Vị,Gia Vị,27091.304347826088,32900.0,69,0.8695652173913043,0.20303951367781153,0.09975890732289824,3,0.1963636363636363,1,0,1,43,30.0,0,Maggi
Nước xốt KEWPIE mè rang Yuzu &Tắc 210ml,Chai,Gia Vị,Gia Vị,55450.0,58000.0,32,0.25,0.17586206896551723,0.08092699223901552,2,0.21338912133891208,1,0,1,8,8.0,0,
Nước xốt mè rang Kewpie chai 1 lít,Chai,Gia Vị,Gia Vị,177792.3076923077,183700.0,39,0.3076923076923077,0.1045182362547632,0.050493638329006066,2,0.11671732522796363,1,0,1,12,12.0,0,
Nước xốt mè rang Kewpie chai 500ml,Chai,Gia Vị,Gia Vị,121963.82978723405,125100.0,47,0.23404255319148937,0.10711430855315746,0.04702117672470606,2,0.11996418979409129,1,0,1,11,11.0,0,
Nước xốt mè rang wasabi và rong biển Kewpie 210ml,Chai,Gia Vị,Gia Vị,62542.857142857145,64000.0,49,0.14285714285714285,0.159375,0.05766037480210083,2,0.18959107806691455,1,0,1,7,7.0,0,
Nước xốt phô mai cay Kewpie chai 210ml,Chai,Gia Vị,Gia Vị,56235.71428571428,58400.0,56,0.21428571428571427,0.17294520547945205,0.07436194850070536,2,0.2091097308488612,1,0,1,12,12.0,0,
ORCHID Dầu Thực Vật 1L T12,Chai,Gia Vị,Gia Vị,44500.0,47700.0,59,1.0,0.06708595387840671,0.0,1,0.0,1,1,1,59,59.0,0,
Sa tế tôm ngon Thuận Phát lọ 85g,Hộp,Gia Vị,Gia Vị,11686.206896551725,12100.0,58,0.20689655172413793,0.1652892561983471,0.06993177296810339,2,0.1652892561983471,1,0,1,12,12.0,0,
Sôt bò bằm Agnesi Bolognese 400g,Hộp,Gia Vị,Gia Vị,142100.0,142100.0,34,0.0,,0.0,1,0.0,0,0,1,0,0.0,0,
Sốt Aij - Mayo mayoinaise ngọtdịu 260g,Tuýp,Gia Vị,Gia Vị,36882.35294117647,39800.0,51,0.6078431372549019,0.12060301507537688,0.06417241338283855,2,0.13714285714285723,1,0,1,16,10.333333333333334,0,
Sốt Arrabbiata Barilla lọ 400g,Lọ,Gia Vị,Gia Vị,123355.1724137931,125600.0,58,0.1206896551724138,0.1480891719745223,0.0495493843799974,2,0.17383177570093467,1,0,1,7,7.0,0,
Sốt BBQ Sài Gòn Dh Foods chai 200g,Chai,Gia Vị,Gia Vị,29817.30769230769,30600.0,52,0.21153846153846154,0.12091503267973856,0.05117228478918958,2,0.12091503267973858,1,0,1,11,11.0,0,
Sốt Lẩu Miwon Tokpokki HQ 180g,Gói,Gia Vị,Gia Vị,31600.0,31600.0,21,0.0,,0.0,1,0.0,0,0,1,0,0.0,0,
Sốt Spagetti Heinz 400ml,Hộp,Gia Vị,Gia Vị,69022.22222222222,71100.0,45,0.24444444444444444,0.11954992967651196,0.05352210603112284,2,0.1195499296765119,1,0,1,11,11.0,0,
Sốt dầu dấm trộn salad Nam Dương chai 250g,Chai,Gia Vị,Gia Vị,16338.235294117647,20200.0,68,1.0,0.19117647058823528,0.0982719347988268,2,0.3600000000000001,1,1,1,68,68.0,0,Nam Dương
Sốt gia vị Barona canh chua Nam Bộ 80g,Gói,Gia Vị,Gia Vị,12900.0,12900.0,52,0.0,,0.0,1,0.0,0,0,1,0,0.0,0,
Sốt gia vị Barona thịt nướng sả gói 180g,Gói,Gia Vị,Gia Vị,11490.16393442623,12700.0,61,1.0,0.09526268232864335,0.05528818090028932,2,0.11818181818181817,1,1,1,61,61.0,0,
Sốt gia vị cá thịt kho Barona gói 80g,Gói,Gia Vị,Gia Vị,11986.440677966102,12900.0,59,0.7457627118644068,0.09496124031007752,0.05984967075018888,3,0.09821428571428581,1,0,1,44,44.0,0,
Sốt gia vị hoàn chỉnh Barona Bún Bò Huế 80g,Gói,Gia Vị,Gia Vị,16100.0,16100.0,35,0.0,,0.0,1,0.0,0,0,1,0,0.0,0,
Sốt gà chiên vị cay Miwon Han Quốc gói 120g,Gói,Gia Vị,Gia Vị,23600.0,23600.0,45,0.0,,0.0,1,0.0,0,0,1,0,0.0,0,
Sốt gà chiên vị phomai Miwon Hàn Quốc gói 120g,Gói,Gia Vị,Gia Vị,23600.0,23600.0,45,0.0,,0.0,1,0.0,0,0,1,0,0.0,0,
Sốt lẩu Thái Miwon gói 180g,Gói,Gia Vị,Gia Vị,32000.0,32000.0,44,0.0,,0.0,1,0.0,0,0,1,0,0.0,0,
Sốt lẩu thập cẩm Miwon 180g,Gói,Gia Vị,Gia Vị,32000.0,32000.0,44,0.0,,0.0,1,0.0,0,0,1,0,0.0,0,
Sốt mayonnaise Aji - Mayo chai 1kg,Tuýp,Gia Vị,Gia Vị,115100.0,115100.0,56,0.0,,0.0,1,0.0,0,0,1,0,0.0,0,
Sốt mayonnaise Aji - Mayo chai 430g,Tuýp,Gia Vị,Gia Vị,60325.0,61200.0,48,0.14583333333333334,0.09803921568627451,0.03547523822336509,2,0.10869565217391308,1,0,1,7,7.0,0,
Sốt mayonnaise Kewpie gói 300g,Chai,Gia Vị,Gia Vị,44788.88888888889,46100.0,54,0.2222222222222222,0.1279826464208243,0.05527925436765768,2,0.1467661691542288,1,0,1,12,12.0,0,
Sốt mayonnaise Kewpie hương vị Nhật gói 300g,Chai,Gia Vị,Gia Vị,43409.52380952381,46100.0,42,0.5238095238095238,0.11141786629856044,0.060956726590071675,3,0.1467661691542288,1,0,1,12,11.0,0,
Sốt mayonnaise Simply hương gạo rang chai 230g,Chai,Gia Vị,Gia Vị,29653.424657534248,39800.0,73,1.0,0.254939078956426,0.07409259677337307,4,0.20512820512820507,1,1,1,73,73.0,0,
Sốt muối kim chi Hàn Quốc Miwon 180g,Gói,Gia Vị,Gia Vị,37962.96296296296,41111.11111111111,54,0.46296296296296297,0.19047619047619047,0.4447628789815688,3,1.3641456582633054,1,0,2,13,12.5,1,
Sốt mì Spaghetti Ottogi Fresco lọ 220g,Lọ,Gia Vị,Gia Vị,27350.0,30600.0,48,0.5,0.21241830065359477,0.12008747686140489,2,0.26970954356846466,1,0,1,16,12.0,0,
Sốt spaghetti Miwon nguyên bản 220g,Chai,Gia Vị,Gia Vị,41600.0,41600.0,37,0.0,,0.0,1,0.0,0,0,1,0,0.0,0,
Sốt tiêu đen Lee Kum Kee lọ 230g,Hộp,Gia Vị,Gia Vị,63000.0,63000.0,54,0.0,,0.0,1,0.0,0,0,1,0,0.0,0,
Sốt uớp Miwon thịt vị truyền thống 240g,Chai,Gia Vị,Gia Vị,35063.82978723404,40500.0,47,0.7446808510638298,0.18024691358024691,0.09176145918785202,2,0.18024691358024691,1,0,1,35,35.0,0,
Sốt uớp thịt Hàn Quốc Miwon vị cay 80g,Gói,Gia Vị,Gia Vị,12630.434782608696,14100.0,46,0.5434782608695652,0.19177304964539008,0.10813173619661608,3,0.24778761061946897,1,0,1,17,12.5,0,
Sốt uớp thịt vị truyền thống Miwon 80g,Gói,Gia Vị,Gia Vị,12522.222222222223,14100.0,45,0.5555555555555556,0.20141843971631207,0.11483120374058992,3,0.2702702702702702,1,0,1,17,12.5,0,
Sốt đậu hũ Tứ Xuyên Lee Kum Kee 80g,Gói,Gia Vị,Gia Vị,14900.0,14900.0,42,0.0,,0.0,1,0.0,0,0,1,0,0.0,0,
Sốt ướp đồ nướng Lee Kum Kee lọ 240g,Hộp,Gia Vị,Gia Vị,52500.0,52500.0,54,0.0,,0.0,1,0.0,0,0,1,0,0.0,0,
Tiêu sọ xay Phú Quốc DH Foods lọ 45g,Chai,Gia Vị,Gia Vị,47611.53846153846,48500.0,52,0.21153846153846154,0.0865979381443299,0.03637798055727348,2,0.09480812641083514,1,0,1,11,11.0,0,
Tiêu đen xay DH Foods hũ 45g,Lọ,Gia Vị,Gia Vị,22600.0,22600.0,29,0.0,,0.0,1,0.0,0,0,1,0,0.0,0,
Tiêu đen xay DH Foods lọ 80g,Hộp,Gia Vị,Gia Vị,45033.333333333336,45500.0,54,0.12962962962962962,0.07912087912087913,0.027103884672752515,2,0.08591885441527447,1,0,1,7,7.0,0,
Tiêu đen xay Phú Quốc DH Foods lọ 45g,Chai,Gia Vị,Gia Vị,31600.0,31600.0,49,0.0,,0.0,1,0.0,0,0,1,0,0.0,0,
Tương cà Chin-su chai eo 250g,Chai,Gia Vị,Gia Vị,18300.0,18300.0,49,0.0,,0.0,1,0.0,0,0,1,0,0.0,0,
Tương cà Chinsu chai 500g,Chai,Gia Vị,Gia Vị,31620.833333333332,34500.0,48,0.5416666666666666,0.15406911928651057,0.09106545095030194,4,0.20209059233449467,1,0,1,18,13.0,0,Chinsu
Tương cà Cholimex chai 270g,Chai,Gia Vị,Gia Vị,12906.666666666666,13600.0,60,0.43333333333333335,0.11764705882352941,0.06194844226622829,2,0.1333333333333333,1,0,1,26,26.0,0,
Tương cà Nam Dương chai 265g,Chai,Gia Vị,Gia Vị,8700.0,12800.0,77,1.0,0.3203125,0.0,1,0.0,1,1,1,77,77.0,0,Nam Dương
Tương cà chai PET Cholimex chai 2.1kg,Chai,Gia Vị,Gia Vị,67767.79661016949,70800.0,59,0.3898305084745763,0.10986244166052567,0.05664963729425659,3,0.13280000000000003,1,0,1,12,11.5,0,
Tương cà chua Heinz chai 300g,Chai,Gia Vị,Gia Vị,34263.46153846154,36600.0,52,0.38461538461538464,0.16598360655737704,0.08816139838519546,3,0.23232323232323226,1,0,1,11,10.0,0,
Tương đậu Chungjungone Daesang hộp 200g,Hộp,Gia Vị,Gia Vị,32297.14285714286,36700.0,35,0.6571428571428571,0.18256130790190736,0.09990604309874898,2,0.1825613079019074,1,0,1,23,23.0,0,
Tương ớt Chin Su chai 1kg,Chai,Gia Vị,Gia Vị,56359.32203389831,61200.0,59,0.5084745762711864,0.15555555555555556,0.08555767660792384,3,0.2023575638506876,1,0,1,30,30.0,0,
Tương ớt Chin-su 250g,Chai,Gia Vị,Gia Vị,18300.0,18300.0,54,0.0,,0.0,1,0.0,0,0,1,0,0.0,0,
Tương ớt Chin-su chai eo 500g,Chai,Gia Vị,Gia Vị,32846.34146341463,33900.0,41,0.3902439024390244,0.07964601769911504,0.04059614849228098,2,0.08653846153846145,1,0,1,16,16.0,0,
"Tương ớt Cholimex chai 2,1kg",Chai,Gia Vị,Gia Vị,67015.25423728813,69900.0,59,0.3898305084745763,0.10586552217453506,0.05431667991358267,2,0.11840000000000006,1,0,1,12,11.5,0,
Tương ớt Cholimex chai 270g,Chai,Gia Vị,Gia Vị,12206.666666666666,12900.0,60,0.43333333333333335,0.12403100775193798,0.06550091984020642,2,0.1415929203539823,1,0,1,26,26.0,0,
Tương ớt Cholimex chai chai 830g,Chai,Gia Vị,Gia Vị,33400.0,33400.0,51,0.0,,0.0,1,0.0,0,0,1,0,0.0,0,
Tương ớt Heinz chai 300g,Chai,Gia Vị,Gia Vị,35700.0,35700.0,49,0.0,,0.0,1,0.0,0,0,1,0,0.0,0,
Tương ớt Knorr tròn 5 vị cay tê tê hành phi chai 220g,Chai,Gia Vị,Gia Vị,17300.0,17300.0,39,0.0,,0.0,1,0.0,0,0,1,0,0.0,0,Knorr
Tương ớt Miwon Chungjungone gạo lứt 200g,Hộp,Gia Vị,Gia Vị,46000.0,46000.0,30,0.0,,0.0,1,0.0,0,0,1,0,0.0,0,
Tương ớt Sempio hộp 500g,Hộp,Gia Vị,Gia Vị,88500.0,88500.0,52,0.0,,0.0,1,0.0,0,0,1,0,0.0,0,
Tương ớt Vifon chai 560g,Chai,Gia Vị,Gia Vị,18600.0,19200.0,56,0.21428571428571427,0.14583333333333334,0.062328502134148124,2,0.1707317073170731,1,0,1,12,12.0,0,Vifon
Tương ớt cay vừa Nam Dương 255g,Chai,Gia Vị,Gia Vị,8794.594594594595,12000.0,74,1.0,0.26711711711711716,0.01639590649653154,2,0.03488372093023262,1,1,1,74,74.0,0,Nam Dương
Tương ớt chua ngọt Cholimex PET 2.1kg,Chai,Gia Vị,Gia Vị,65600.0,68900.0,58,0.3793103448275862,0.1262699564586357,0.0649122375098898,2,0.14451827242524917,1,0,1,11,11.0,0,
Tương ớt chua ngọt Cholimex chai 270g,Chai,Gia Vị,Gia Vị,13806.77966101695,14400.0,59,0.423728813559322,0.09722222222222224,0.050536493143532535,2,0.10769230769230775,1,0,1,25,25.0,0,
Tương ớt tròn 5 vị cay đậm Knorr chai 220g,Chai,Gia Vị,Gia Vị,17300.0,17300.0,30,0.0,,0.0,1,0.0,0,0,1,0,0.0,0,Knorr
Tương ớt đặc biệt cay Nam Dương 400g,Gói,Gia Vị,Gia Vị,14481.034482758621,14900.0,58,1.0,0.028118491090025458,0.0027308274471484094,2,0.006896551724137945,1,1,1,58,58.0,0,Nam Dương
Tương ớt đặc biệt cay Nam Dương chai 250g,Chai,Gia Vị,Gia Vị,10162.857142857143,12500.0,70,1.0,0.18697142857142857,0.007708142120301584,2,0.019607843137254943,1,1,1,70,70.0,0,Nam Dương
Xốt Basilico Barilla lọ 400g,Lọ,Gia Vị,Gia Vị,123355.1724137931,125600.0,58,0.1206896551724138,0.1480891719745223,0.0495493843799974,2,0.17383177570093467,1,0,1,7,7.0,0,
Xốt Mayonnaise Simply Chấm Và Trộn Đều Ngon chai 230g,Chai,Gia Vị,Gia Vị,29338.88888888889,38800.0,72,1.0,0.24384306987399773,0.05813825012523474,5,0.15999999999999992,1,1,1,72,72.0,0,
Xốt bò kho Cholimex gói 90g,Gói,Gia Vị,Gia Vị,11100.0,11100.0,48,0.0,,0.0,1,0.0,0,0,1,0,0.0,0,
Xốt cà chua thịt bò băm Barilla lọ 400g,Lọ,Gia Vị,Gia Vị,139335.9375,149200.0,64,0.359375,0.18396666278120993,0.09604270639393678,3,0.19772117962466484,1,0,1,23,23.0,0,
Xốt gia vị hoàn chỉnh - Thịt nướng ngũ vị Barona gói 80g,Gói,Gia Vị,Gia Vị,11888.135593220339,12700.0,59,0.7627118644067796,0.08381452318460193,0.0615976695719742,3,0.11818181818181817,1,0,1,45,45.0,0,
Xốt gia vị hoàn chỉnh Barona bò kho gói 80g,Gói,Gia Vị,Gia Vị,12658.333333333334,14900.0,60,0.9166666666666666,0.16412446613788897,0.05665614233613909,3,0.21138211382113825,1,0,1,31,18.333333333333332,0,
Xốt gia vị hoàn chỉnh Barona cà ri gói 80g,Gói,Gia Vị,Gia Vị,11851.923076923076,12900.0,52,0.7115384615384616,0.11418395139325373,0.061538859826564235,3,0.1517857142857142,1,0,1,18,12.333333333333334,0,
Xốt gia vị hoàn chỉnh Barona gà chiên nước mắm 80g,Gói,Gia Vị,Gia Vị,11771.698113207547,12800.0,53,0.6981132075471698,0.11507601351351351,0.06256650182491372,3,0.15315315315315314,1,0,1,18,12.333333333333334,0,
Xốt gia vị hoàn chỉnh Barona nướng muối ớt 80g,Gói,Gia Vị,Gia Vị,12800.0,12800.0,44,0.0,,0.0,1,0.0,0,0,1,0,0.0,0,
Xốt gia vị hoàn chỉnh Barona thịt nướng Hàn Quốc 80g,Gói,Gia Vị,Gia Vị,12814.285714285714,13100.0,42,0.2857142857142857,0.07633587786259542,0.0356812675363934,2,0.0826446280991735,1,0,1,12,12.0,0,
Xốt gia vị hoàn chỉnh Barona xào sả ớt 80g,Gói,Gia Vị,Gia Vị,14900.0,14900.0,42,0.0,,0.0,1,0.0,0,0,1,0,0.0,0,
Xốt mayonnaise Aji-mayo chai 260g,Tuýp,Gia Vị,Gia Vị,37044.444444444445,39800.0,54,0.5740740740740741,0.12060301507537688,0.06467375863946959,2,0.13714285714285723,1,0,1,16,10.333333333333334,0,
Xốt mayonnaise Aji-mayo tuýp 130g,Tuýp,Gia Vị,Gia Vị,22693.44262295082,24100.0,61,0.5409836065573771,0.1078838174273859,0.057566311978100165,2,0.12093023255813962,1,0,1,11,11.0,0,
Xốt mayonnaise Ottogi chai 240g,Chai,Gia Vị,Gia Vị,29692.424242424244,33600.0,66,0.5606060606060606,0.20744851994851995,0.11749828575686541,3,0.26792452830188673,1,0,1,25,18.5,0,
Xốt mayonnaise ngọt dịu Aji-mayo tuýp 130g,Tuýp,Gia Vị,Gia Vị,22589.830508474577,24100.0,59,0.559322033898305,0.11203319502074689,0.059848660272714495,2,0.12616822429906538,1,0,1,11,11.0,0,
Xốt muối kim cho Barona Hàn Quốc 180g,Gói,Gia Vị,Gia Vị,34408.0,36900.0,50,0.94,0.07184454823271637,0.0186495636530892,3,0.08211143695014655,1,0,1,35,23.5,0,
Xốt mì Napoletana Barilla lọ 400g,Lọ,Gia Vị,Gia Vị,123232.72727272728,125600.0,55,0.12727272727272726,0.1480891719745223,0.050766625712279474,2,0.17383177570093467,1,0,1,7,7.0,0,
Xốt mì ô liu Barilla lọ 400g,Lọ,Gia Vị,Gia Vị,151224.1379310345,154000.0,58,0.1206896551724138,0.14935064935064934,0.04997921171160321,2,0.17557251908396942,1,0,1,7,7.0,0,
Xốt salad Golden Farm mè rang 250ml,Chai,Gia Vị,Gia Vị,48054.34782608696,50800.0,46,0.391304347826087,0.1381233595800525,0.07329807794650194,3,0.1633858267716536,1,0,1,18,18.0,0,
Xốt spaghetti Presco Ottogi lọ 400g,Chai,Gia Vị,Gia Vị,51006.12244897959,55700.0,49,0.40816326530612246,0.20646319569120286,0.1119620571077531,2,0.2601809954751131,1,0,1,11,10.0,0,
Xốt sườn xào chua ngọt Barona gói 80g,Gói,Gia Vị,Gia Vị,11488.524590163934,12700.0,61,1.0,0.09539176455402092,0.04751905154670774,3,0.10569105691056913,1,1,1,61,61.0,0,
Xốt tương ngọt Lee Kum Kee 240g,Hộp,Gia Vị,Gia Vị,59000.0,59000.0,49,0.0,,0.0,1,0.0,0,0,1,0,0.0,0,
Xốt xá xíu Cholimex gói 70g,Gói,Gia Vị,Gia Vị,8565.95744680851,8800.0,47,0.23404255319148937,0.11363636363636363,0.049962462526976226,2,0.1282051282051282,1,0,1,11,11.0,0,
Xốt ướp thịt nướng Cholimex gói 70g,Gói,Gia Vị,Gia Vị,8240.677966101695,8800.0,59,0.559322033898305,0.11363636363636363,0.06076320856489015,2,0.1282051282051282,1,0,1,11,11.0,0,
Đường Organic T.SU Special Biên Hòa 400g,Gói,Gia Vị,Gia Vị,42200.0,42200.0,10,0.0,,0.0,1,0.0,0,0,1,0,0.0,0,
Đường mía thượng hạng Biên Hòa gói 1kg,Gói,Gia Vị,Gia Vị,30575.862068965518,33100.0,58,1.0,0.07625794353578498,0.010238642283189627,3,0.039867109634551534,1,1,1,58,58.0,0,
Đường mía thượng hạng Biên Hòa gói 500g,Gói,Gia Vị,Gia Vị,18600.0,18600.0,50,0.0,,0.0,1,0.0,0,0,1,0,0.0,0,
Đường phèn Biên Hòa gói 500g,Gói,Gia Vị,Gia Vị,37247.36842105263,38900.0,57,0.5614035087719298,0.07567480719794344,0.04089642460531822,3,0.10511363636363646,1,0,1,11,10.666666666666666,0,
Đường phèn hạt thiên nhiên Biên Hòa gói 500g,Gói,Gia Vị,Gia Vị,42700.0,42700.0,3,0.0,,0.0,1,0.0,0,0,1,0,0.0,0,
Đường trắng cao cấp Biên Hòa Daily gói 1kg,Gói,Gia Vị,Gia Vị,35066.666666666664,35800.0,54,0.4074074074074074,0.05027932960893855,0.025458307911823658,2,0.05294117647058827,1,0,1,11,11.0,0,
Đường túi Biên Hòa Pure 1kg,Gói,Gia Vị,Gia Vị,32784.0,33900.0,50,0.62,0.05309734513274336,0.0269206269113112,2,0.05607476635514019,1,0,1,16,10.333333333333334,0,
Đường vàng Biên Hòa thiên nhiên 1kg,Gói,Gia Vị,Gia Vị,36047.916666666664,38000.0,48,0.6041666666666666,0.08502722323049001,0.0447746491671606,3,0.09826589595375723,1,0,1,15,9.666666666666666,0,
Đường vàng khoáng chất Biên Hòa gói 1kg,Gói,Gia Vị,Gia Vị,38257.5,39000.0,40,0.275,0.06923076923076923,0.03191392496362849,2,0.07438016528925617,1,0,1,11,11.0,0,
Đường ăn kiêng Biên Hòa Isomalts 5g 250g,Hộp,Gia Vị,Gia Vị,77100.0,77100.0,52,0.0,,0.0,1,0.0,0,0,1,0,0.0,0,
Đường ăn kiêng Hermesetas lọ 90g,Lọ,Gia Vị,Gia Vị,162800.0,162800.0,35,0.0,,0.0,1,0.0,0,0,1,0,0.0,0,
Đường đen nữ hoàng Biên Hòa gói 1kg,Gói,Gia Vị,Gia Vị,56700.0,56700.0,42,0.0,,0.0,1,0.0,0,0,1,0,0.0,0,
Ướp thịt nướng Cholimex 600g,Lọ,Gia Vị,Gia Vị,60631.37254901961,62400.0,51,0.21568627450980393,0.13141025641025642,0.056178831356469026,2,0.1512915129151291,1,0,1,11,11.0,0,
