product_name,unit,final_price,marked_price,product_url,scrape_timestamp,run_id
Bánh quy bơ giòn Borggreve 800g,Hộp,215000.0,386000.0,https://winmart.vn/products/borggreve-banh-quy-bo-gion-goldringe800g--s10193970?storeGroupCode=1998&storeCode=1535,"2/7/2026, 1:59:12 PM",3e7a3132-b6ad-4e23-a219-3db2aebd8faa
Kẹo cứng phát tài thỏi vàng Bibica 68g,Hộp,34900.0,62000.0,https://winmart.vn/products/keo-phat-tai-thoi-vang-hop-nhua-68g--s10305111?storeGroupCode=1998&storeCode=1535,"2/7/2026, 1:59:12 PM",3e7a3132-b6ad-4e23-a219-3db2aebd8faa
Kẹo socola Snickers 240g,Gói,75000.0,129000.0,https://winmart.vn/products/snickers-keo-socola-240g--s10014581?storeGroupCode=1998&storeCode=1535,"2/7/2026, 1:59:12 PM",3e7a3132-b6ad-4e23-a219-3db2aebd8faa
Kẹo mềm hương trái cây Sugus gói 210g,Gói,35900.0,56000.0,https://winmart.vn/products/sugus-keo-mem-huong-trai-cay-210g--s10014797?storeGroupCode=1998&storeCode=1535,"2/7/2026, 1:59:12 PM",3e7a3132-b6ad-4e23-a219-3db2aebd8faa
Bánh Ladyfingers nguyên gốc Ý Vicenzovo Matilde Vicenzi hộp 400g,Hộp,203000.0,296400.0,https://winmart.vn/products/vicenzovo-hop-banh-400g--s10616560?storeGroupCode=1998&storeCode=1535,"2/7/2026, 1:59:12 PM",3e7a3132-b6ad-4e23-a219-3db2aebd8faa
Hộp Sô Cô La Đen Trứng Mini 1 La Suissa,Hộp,214000.0,308200.0,https://winmart.vn/products/la-suissa-hop-so-co-la-den-trung-mini-1--s10196374?storeGroupCode=1998&storeCode=1535,"2/7/2026, 1:59:12 PM",3e7a3132-b6ad-4e23-a219-3db2aebd8faa
Sô cô la Ferrero Rocher hộp 200g,Hộp,175000.0,249000.0,https://winmart.vn/products/ferrero-socola-rocher-200g--s10056640?storeGroupCode=1998&storeCode=1535,"2/7/2026, 1:59:12 PM",3e7a3132-b6ad-4e23-a219-3db2aebd8faa
Bánh quy ITO 470g,Hộp,270000.0,386000.0,https://winmart.vn/products/ito-banh-quy-tong-hop-4539g--s10195555?storeGroupCode=1998&storeCode=1535,"2/7/2026, 1:59:12 PM",3e7a3132-b6ad-4e23-a219-3db2aebd8faa
Snack khoai tây Pringles kem chua sốt hành 107g,Hộp,32500.0,45500.0,https://winmart.vn/products/pringles-snack-k.tay-kem-sot-107g-102g--s10015827?storeGroupCode=1998&storeCode=1535,"2/7/2026, 1:59:12 PM",3e7a3132-b6ad-4e23-a219-3db2aebd8faa
Snack khoai tây Pringles vị phô mai 110g,Hộp,32500.0,45500.0,https://winmart.vn/products/pringles-snack-k.tay-pho-mai-107g102g--s10015828?storeGroupCode=1998&storeCode=1535,"2/7/2026, 1:59:12 PM",3e7a3132-b6ad-4e23-a219-3db2aebd8faa
Khoai tây vị tự nhiên Pringles lon 110g,Hộp,32500.0,45500.0,https://winmart.vn/products/pringles-snack-k.tay-tu-nhien-107g102g--s10015826?storeGroupCode=1998&storeCode=1535,"2/7/2026, 1:59:12 PM",3e7a3132-b6ad-4e23-a219-3db2aebd8faa
Hạt hướng dương ngũ vị Cha Cheer gói 130g,Gói,22500.0,29900.0,https://winmart.vn/products/cha-cheer-hat-huong-duong-ngu-vi-130g--s10015629?storeGroupCode=1998&storeCode=1535,"2/7/2026, 1:59:12 PM",3e7a3132-b6ad-4e23-a219-3db2aebd8faa
Hạt hướng dương vị dừa Cha Cheer gói 130g,Gói,22500.0,29900.0,https://winmart.vn/products/cha-cheer-hat-huong-duong-vi-dua-130g--s10015630?storeGroupCode=1998&storeCode=1535,"2/7/2026, 1:59:12 PM",3e7a3132-b6ad-4e23-a219-3db2aebd8faa
Bánh phủ sôcôla 2 vị AN – Choco PN 280 (280g x 12 hộp),Hộp,50900.0,68000.0,https://winmart.vn/products/choco-pn-banh-scl-2-vi-an-280gt12--s10193900?storeGroupCode=1998&storeCode=1535,"2/7/2026, 1:59:12 PM",3e7a3132-b6ad-4e23-a219-3db2aebd8faa
HỘP TẾT lộc phú quý vàng 795.4g,Hộp,141900.0,189000.0,https://winmart.vn/products/hop-tet-loc-phu-quy-vang-795.4g--s10196300?storeGroupCode=1998&storeCode=1535,"2/7/2026, 1:59:12 PM",3e7a3132-b6ad-4e23-a219-3db2aebd8faa
Bánh Socola Pie vị Dâu Oreo 180g,Hộp,27900.0,37000.0,https://winmart.vn/products/oreo-banh-socola-pie-vi-dau-180g168g--s10197435?storeGroupCode=1998&storeCode=1535,"2/7/2026, 1:59:12 PM",3e7a3132-b6ad-4e23-a219-3db2aebd8faa
Hạt hướng dương nguyên vị 130g,Gói,22500.0,29900.0,https://winmart.vn/products/cha-cheer-hat-h.duong-nguyen-vi-130g--s10607307?storeGroupCode=1998&storeCode=1535,"2/7/2026, 1:59:12 PM",3e7a3132-b6ad-4e23-a219-3db2aebd8faa
Kẹo Socola Snickers Túi 3 thanh 51g,Hộp,51900.0,68500.0,https://winmart.vn/products/snickers-keo-socola-tui-3-thanh-51g--s10192468?storeGroupCode=1998&storeCode=1535,"2/7/2026, 1:59:12 PM",3e7a3132-b6ad-4e23-a219-3db2aebd8faa
Sô cô la Ferrero Rocher hộp trái tim 100g,Hộp,171000.0,225000.0,https://winmart.vn/products/ferrerorocher-100-g-trai-tim--s10193880?storeGroupCode=1998&storeCode=1535,"2/7/2026, 1:59:12 PM",3e7a3132-b6ad-4e23-a219-3db2aebd8faa
Bánh Socola Pie Cadbury Oreo hộp 180g,Hộp,27900.0,36200.0,https://winmart.vn/products/oreo-banh-socola-pie-cadbury-180g168g--s10194651?storeGroupCode=1998&storeCode=1535,"2/7/2026, 1:59:12 PM",3e7a3132-b6ad-4e23-a219-3db2aebd8faa
Chocolate Ferrero Rocher Collection,Hộp,268500.0,349000.0,https://winmart.vn/products/ferrero-chocolate-rocher-collection-162g--s10195470?storeGroupCode=1998&storeCode=1535,"2/7/2026, 1:59:12 PM",3e7a3132-b6ad-4e23-a219-3db2aebd8faa
"ORION Hộp quà tết An 700,6g",Hộp,99000.0,129000.0,https://winmart.vn/products/orion-hop-qua-tet-an-7006g-t6--s10196292?storeGroupCode=1998&storeCode=1535,"2/7/2026, 1:59:12 PM",3e7a3132-b6ad-4e23-a219-3db2aebd8faa
Xoài sấy THD,0.5KG,214500.0,277900.0,https://winmart.vn/products/thd-xoai-saykg--s10305393?storeGroupCode=1998&storeCode=1535,"2/7/2026, 1:59:12 PM",3e7a3132-b6ad-4e23-a219-3db2aebd8faa
So cô la Ferrero Rocher 300g,Hộp,332900.0,435000.0,https://winmart.vn/products/ferrero-socola-rocher-300g--s10602085?storeGroupCode=1998&storeCode=1535,"2/7/2026, 1:59:12 PM",3e7a3132-b6ad-4e23-a219-3db2aebd8faa
Kẹo dừa hạnh nhân Ferrero Confett 150g,Hộp,174500.0,225000.0,https://winmart.vn/products/raffaello-keo-dua-h.nhan-confett-150g--s10606942?storeGroupCode=1998&storeCode=1535,"2/7/2026, 1:59:12 PM",3e7a3132-b6ad-4e23-a219-3db2aebd8faa
Bánh ống socola Pepperidge Farm Pirouette 382g,Hộp,104900.0,133600.0,https://winmart.vn/products/pep-farm-banh-ong-scl-pirouette-382g--s10013424?storeGroupCode=1998&storeCode=1535,"2/7/2026, 1:59:12 PM",3e7a3132-b6ad-4e23-a219-3db2aebd8faa
Bánh ống hạt dẻ Pepperidge Farm Pirouette 382g,Hộp,104900.0,133600.0,https://winmart.vn/products/pep-farm-banh-ong-hat-de-pirouette-382g--s10013426?storeGroupCode=1998&storeCode=1535,"2/7/2026, 1:59:12 PM",3e7a3132-b6ad-4e23-a219-3db2aebd8faa
Bánh gạo vị ngọt Richy gói 315g,Gói,32500.0,41300.0,https://winmart.vn/products/richy-banh-gao-vi-ngot-303g--s10013857?storeGroupCode=1998&storeCode=1535,"2/7/2026, 1:59:12 PM",3e7a3132-b6ad-4e23-a219-3db2aebd8faa
Kẹo Arcor Sortidos BonOBon Chocolate 255g,Gói,215000.0,273000.0,https://winmart.vn/products/arcor-keo-sortidos-bon-o-bon-255g--s10015129?storeGroupCode=1998&storeCode=1535,"2/7/2026, 1:59:12 PM",3e7a3132-b6ad-4e23-a219-3db2aebd8faa
Kẹo Alpenliebe Hương Xoài Nhân Muối Ớt 223g,Gói,28000.0,35500.0,https://winmart.vn/products/alpenliebe-keo-xoai-muoi-ot-217.5g203g--s10193136?storeGroupCode=1998&storeCode=1535,"2/7/2026, 1:59:12 PM",3e7a3132-b6ad-4e23-a219-3db2aebd8faa
Nho khô Sunraysia Úc 220g,Hộp,46600.0,58800.0,https://winmart.vn/products/sunraysia-nho-kho-uc-200220g--s10196833?storeGroupCode=1998&storeCode=1535,"2/7/2026, 1:59:12 PM",3e7a3132-b6ad-4e23-a219-3db2aebd8faa
Nho khô nguyên cành Crimson Sunraysia 420g,Hộp,199100.0,252000.0,https://winmart.vn/products/sunraysia-nhokho-nguyencanh-crimson450g--s10196838?storeGroupCode=1998&storeCode=1535,"2/7/2026, 1:59:12 PM",3e7a3132-b6ad-4e23-a219-3db2aebd8faa
Kẹo socola nhân đậu phộng M&M's gói 100g,Gói,50500.0,63000.0,https://winmart.vn/products/mms-keo-socola-dau-phong-90g--s10014578?storeGroupCode=1998&storeCode=1535,"2/7/2026, 1:59:12 PM",3e7a3132-b6ad-4e23-a219-3db2aebd8faa
Snack Lay Stax khoai tây sườn BBQ 160g,Lon,38500.0,48000.0,https://winmart.vn/products/lay-stax-snack-k.tay-suon-bbq-160155g--s10193134?storeGroupCode=1998&storeCode=1535,"2/7/2026, 1:59:12 PM",3e7a3132-b6ad-4e23-a219-3db2aebd8faa
Socola Merci Storck Petits - Crunch 315g,Hộp,125900.0,158000.0,https://winmart.vn/products/hop-qua-keo-so-co-la-riesen-210g--s10193508?storeGroupCode=1998&storeCode=1535,"2/7/2026, 1:59:12 PM",3e7a3132-b6ad-4e23-a219-3db2aebd8faa
Socola viên hỗn hợp Ritter 192g,Hộp,175000.0,219000.0,https://winmart.vn/products/ritter-sport-socola-vien-hon-hop-160g--s10194097?storeGroupCode=1998&storeCode=1535,"2/7/2026, 1:59:12 PM",3e7a3132-b6ad-4e23-a219-3db2aebd8faa
Thạch rau câu Zai Zai+ dài Đức Hạnh (Kg),1KG,69000.0,85900.0,https://winmart.vn/products/duc-hanh-thach-rau-cau-zai-zai-daikg--s10194793?storeGroupCode=1998&storeCode=1535,"2/7/2026, 1:59:12 PM",3e7a3132-b6ad-4e23-a219-3db2aebd8faa
Thạch Caramen Zai Zai Đức Hạnh (Kg),0.5KG,34500.0,42950.0,https://winmart.vn/products/duc-hanh-thach-tra-sua-t.chau-zai-zai--s10196001?storeGroupCode=1998&storeCode=1535,"2/7/2026, 1:59:12 PM",3e7a3132-b6ad-4e23-a219-3db2aebd8faa
Thạch rau câu Zai Zai Đức Hạnh (Kg),1 KG,69000.0,85900.0,https://winmart.vn/products/duc-hanh-thach-rau-cau-zai-zai-kg--s10640295?storeGroupCode=1998&storeCode=1535,"2/7/2026, 1:59:12 PM",3e7a3132-b6ad-4e23-a219-3db2aebd8faa
Trái cây sấy Vinamit gói 250g,Gói,65000.0,80000.0,https://winmart.vn/products/vinamit-trai-cay-say-goi-250g--s10015654?storeGroupCode=1998&storeCode=1535,"2/7/2026, 1:59:12 PM",3e7a3132-b6ad-4e23-a219-3db2aebd8faa
Kẹo cà phê Coffeeshot Kopiko gói 150g,Gói,14000.0,17000.0,https://winmart.vn/products/kopiko-keo-ca-phe-coffeeshot-140g--s10014464?storeGroupCode=1998&storeCode=1535,"2/7/2026, 1:59:12 PM",3e7a3132-b6ad-4e23-a219-3db2aebd8faa
Kẹoo Kopiko Capuchiano Coffếhot 140g,Gói,14000.0,17000.0,https://winmart.vn/products/kopiko-keo-capuchianocoffeeshot-140g--s10014466?storeGroupCode=1998&storeCode=1535,"2/7/2026, 1:59:12 PM",3e7a3132-b6ad-4e23-a219-3db2aebd8faa
Kẹo Hương Dâu Kem 119/115.5g,Gói,13500.0,16500.0,https://winmart.vn/products/alpenliebe-keo-huong-dau-kem-115.5g--s10014735?storeGroupCode=1998&storeCode=1535,"2/7/2026, 1:59:12 PM",3e7a3132-b6ad-4e23-a219-3db2aebd8faa
Kẹo sữa caramen Alpenliebe gói 120g,Gói,13500.0,16500.0,https://winmart.vn/products/alpenliebe-keo-sua-caramen-115.5g--s10014733?storeGroupCode=1998&storeCode=1535,"2/7/2026, 1:59:12 PM",3e7a3132-b6ad-4e23-a219-3db2aebd8faa
Kẹo Alpenliebe Hương Xoài Nhân Muối Ớt 87g,Gói,13500.0,16500.0,https://winmart.vn/products/alpenliebe-keo-huong-xoai-muoi-ot-84.1g--s10192818?storeGroupCode=1998&storeCode=1535,"2/7/2026, 1:59:12 PM",3e7a3132-b6ad-4e23-a219-3db2aebd8faa
Kẹo dẻo Boom mix gói 200g,Gói,41000.0,49900.0,https://winmart.vn/products/boom-keo-deo-mix-200g--s10195933?storeGroupCode=1998&storeCode=1535,"2/7/2026, 1:59:12 PM",3e7a3132-b6ad-4e23-a219-3db2aebd8faa
Kit Kat Pack Chunky Tết 114g,Hộp,69500.0,85000.0,https://winmart.vn/products/kit-kat-pack-chunky-114g-tet--s10230516?storeGroupCode=1998&storeCode=1535,"2/7/2026, 1:59:12 PM",3e7a3132-b6ad-4e23-a219-3db2aebd8faa
Thạch rau câu Vfoods New Joy 800g (2 lớp),Gói,39500.0,48000.0,https://winmart.vn/products/vfoods-thach-rau-cau-new-joy-735g2-lop--s10303897?storeGroupCode=1998&storeCode=1535,"2/7/2026, 1:59:12 PM",3e7a3132-b6ad-4e23-a219-3db2aebd8faa
Kẹo Butter Toffees Griego 272g,Hộp,151900.0,183600.0,https://winmart.vn/products/arcor-keo-butter-toffees-griego-272g--s10193990?storeGroupCode=1998&storeCode=1535,"2/7/2026, 1:59:12 PM",3e7a3132-b6ad-4e23-a219-3db2aebd8faa
Hộp Bánh Pocky Glico 118g,Hộp,51500.0,61700.0,https://winmart.vn/products/glico-hop-banh-pocky-118g--s10195472?storeGroupCode=1998&storeCode=1535,"2/7/2026, 1:59:12 PM",3e7a3132-b6ad-4e23-a219-3db2aebd8faa
Nho khô Sunraysia hỗn hợp 90g,Lon,122400.0,147000.0,https://winmart.vn/products/sunraysia-nho-kho-hon-hop-425g--s10196835?storeGroupCode=1998&storeCode=1535,"2/7/2026, 1:59:12 PM",3e7a3132-b6ad-4e23-a219-3db2aebd8faa
Socola Merci Storck Finest 375g,Hộp,401900.0,484000.0,https://winmart.vn/products/merci-socola-storck-finest-375g--s10303030?storeGroupCode=1998&storeCode=1535,"2/7/2026, 1:59:12 PM",3e7a3132-b6ad-4e23-a219-3db2aebd8faa
Thạch New Joy VFOOD hương sữa chia 920,Gói,38500.0,46000.0,https://winmart.vn/products/vfoods-thach-new-joy-h.sua-chua-850g--s10014861?storeGroupCode=1998&storeCode=1535,"2/7/2026, 1:59:12 PM",3e7a3132-b6ad-4e23-a219-3db2aebd8faa
Kẹo Socola Ferrero Rocher 375g,Hộp,375500.0,448000.0,https://winmart.vn/products/ferrero-keo-socola-rocher-375g--s10015253?storeGroupCode=1998&storeCode=1535,"2/7/2026, 1:59:12 PM",3e7a3132-b6ad-4e23-a219-3db2aebd8faa
Xoài sấy dẻo Tuấn Đạt gói 200g,Gói,65000.0,77000.0,https://winmart.vn/products/tuan-dat-xoai-say-deo-goi-200g--s10192430?storeGroupCode=1998&storeCode=1535,"2/7/2026, 1:59:12 PM",3e7a3132-b6ad-4e23-a219-3db2aebd8faa
Bánh Choco-Pie Orion hộp 396g,Hộp,49500.0,58200.0,https://winmart.vn/products/chocopie-banh-orion-hop-396g435.6g--s10013500?storeGroupCode=1998&storeCode=1535,"2/7/2026, 1:59:12 PM",3e7a3132-b6ad-4e23-a219-3db2aebd8faa
Kẹo Alpenliebe Sữa Caramen 34 viên,Hộp,27500.0,32300.0,https://winmart.vn/products/alpenliebe-keo-sua-caramen-tet-101.5g--s10194010?storeGroupCode=1998&storeCode=1535,"2/7/2026, 1:59:12 PM",3e7a3132-b6ad-4e23-a219-3db2aebd8faa
Hộp quà Tết An - Tân niên Vạn Sự Khởi Đầu An Orion 683.6g,Hộp,149000.0,175900.0,https://winmart.vn/products/orion-hop-qua-tet-an-8906-g-t4--s10325253?storeGroupCode=1998&storeCode=1535,"2/7/2026, 1:59:12 PM",3e7a3132-b6ad-4e23-a219-3db2aebd8faa
Bánh xốp phủ sô cô la trà xanh Nestlé KitKat gói 8 + 2 thanh 2F 136g,Gói,98000.0,114000.0,https://winmart.vn/products/kitkat-tra-xanh-8-thanh-2f-136g--s10015413?storeGroupCode=1998&storeCode=1535,"2/7/2026, 1:59:12 PM",3e7a3132-b6ad-4e23-a219-3db2aebd8faa
Socola Beautitude túi chuông hảo hạng 350g,Gói,103500.0,120400.0,https://winmart.vn/products/beautitude-socola-tui-chuong-haohang350g--s10190294?storeGroupCode=1998&storeCode=1535,"2/7/2026, 1:59:12 PM",3e7a3132-b6ad-4e23-a219-3db2aebd8faa
Socola beautitude túi radter 300g,Gói,75000.0,87000.0,https://winmart.vn/products/socola-radter-tui-300g--s10194056?storeGroupCode=1998&storeCode=1535,"2/7/2026, 1:59:12 PM",3e7a3132-b6ad-4e23-a219-3db2aebd8faa
Sô cô la Merci hộp 400g,Hộp,337500.0,387000.0,https://winmart.vn/products/merci-socola-400g--s10014453?storeGroupCode=1998&storeCode=1535,"2/7/2026, 1:59:12 PM",3e7a3132-b6ad-4e23-a219-3db2aebd8faa
Kẹo gừng Ginberbon 125g,Gói,18900.0,21800.0,https://winmart.vn/products/gingerbon-keo-gung-125g--s10014771?storeGroupCode=1998&storeCode=1535,"2/7/2026, 1:59:12 PM",3e7a3132-b6ad-4e23-a219-3db2aebd8faa
Bánh quy thập cẩm bơ sữa Cosy 378g,Hộp,113100.0,129900.0,https://winmart.vn/products/cosy-banh-quy-bo-tc-bo-sua-atv-390g--s10196294?storeGroupCode=1998&storeCode=1535,"2/7/2026, 1:59:12 PM",3e7a3132-b6ad-4e23-a219-3db2aebd8faa
Bánh quy thập cẩm Cosy Socola 378g,Hộp,113100.0,129900.0,https://winmart.vn/products/cosy-banh-quy-tc-socola-atd-390g--s10616459?storeGroupCode=1998&storeCode=1535,"2/7/2026, 1:59:12 PM",3e7a3132-b6ad-4e23-a219-3db2aebd8faa
Bánh sô cô la KitKat Nestlé gói 35g,Cái,19900.0,22700.0,https://winmart.vn/products/kitkat-banh-socola-nestle-4f-35g--s10014779?storeGroupCode=1998&storeCode=1535,"2/7/2026, 1:59:12 PM",3e7a3132-b6ad-4e23-a219-3db2aebd8faa
Hộp Sô Cô La Đen Và Trắng Nhân Nougat Sperlari 165g,Hộp,234000.0,267000.0,https://winmart.vn/products/sperlari-scl-den-trang-nhan-nougat-165g--s10195531?storeGroupCode=1998&storeCode=1535,"2/7/2026, 1:59:12 PM",3e7a3132-b6ad-4e23-a219-3db2aebd8faa
Bánh quy bơ Danisa hộp 454g,Hộp,129500.0,146000.0,https://winmart.vn/products/danisa-banh-qui-bo-454g--s10013471?storeGroupCode=1998&storeCode=1535,"2/7/2026, 1:59:12 PM",3e7a3132-b6ad-4e23-a219-3db2aebd8faa
Bánh quy bơ Danisa hộp 681g,Hộp,189000.0,212000.0,https://winmart.vn/products/danisa-banh-qui-bo-681g--s10056560?storeGroupCode=1998&storeCode=1535,"2/7/2026, 1:59:12 PM",3e7a3132-b6ad-4e23-a219-3db2aebd8faa
Bánh Chocopie dưa hấu 336g,Hộp,53900.0,60500.0,https://winmart.vn/products/orion-banh-chocopie-dua-hau-336g-t8--s10196212?storeGroupCode=1998&storeCode=1535,"2/7/2026, 1:59:12 PM",3e7a3132-b6ad-4e23-a219-3db2aebd8faa
Lambertz Luxury hộp thiếc hộp 420g,Hộp,279900.0,315000.0,https://winmart.vn/products/lambertz-banh-chu-nhat-420gx12-doxanh--s10305451?storeGroupCode=1998&storeCode=1535,"2/7/2026, 1:59:12 PM",3e7a3132-b6ad-4e23-a219-3db2aebd8faa
Bánh dừa nướng THD,0.5KG,99500.0,111500.0,https://winmart.vn/products/thd-banh-dua-nuong-kg--s10614826?storeGroupCode=1998&storeCode=1535,"2/7/2026, 1:59:12 PM",3e7a3132-b6ad-4e23-a219-3db2aebd8faa
Bánh Mochi hỗn hợp SanShuGong 300g,Hộp,146900.0,163000.0,https://winmart.vn/products/yukilove-b.-mochi-h.hop-sanshugong-300g--s10014048?storeGroupCode=1998&storeCode=1535,"2/7/2026, 1:59:12 PM",3e7a3132-b6ad-4e23-a219-3db2aebd8faa
Bánh quy bơ Marika vị tự nhiên 432g,Hộp,149000.0,165900.0,https://winmart.vn/products/marika-banh-quy-bo-tu-nhien-432gr-t4--s10193895?storeGroupCode=1998&storeCode=1535,"2/7/2026, 1:59:12 PM",3e7a3132-b6ad-4e23-a219-3db2aebd8faa
Bánh đậu xanh Hoàng Gia Chĩnh vàng Phúc Lộc 200g,Hộp,150900.0,167500.0,https://winmart.vn/products/banh-d.xanh-chinh-vang-phuc-locrvhg200g--s10195502?storeGroupCode=1998&storeCode=1535,"2/7/2026, 1:59:12 PM",3e7a3132-b6ad-4e23-a219-3db2aebd8faa
Bánh đậu xanh Hoàng Gia Chĩnh Lộc Vàng 80g,Hộp,48500.0,54000.0,https://winmart.vn/products/banh-dau-xanh-chinh-loc-vangrvhg80g--s10639631?storeGroupCode=1998&storeCode=1535,"2/7/2026, 1:59:12 PM",3e7a3132-b6ad-4e23-a219-3db2aebd8faa
Hạt bí rang Minh Việt gói 400g,Gói,89000.0,97700.0,https://winmart.vn/products/minh-viet-hat-bi-rang-400g--s10071583?storeGroupCode=1998&storeCode=1535,"2/7/2026, 1:59:12 PM",3e7a3132-b6ad-4e23-a219-3db2aebd8faa
Bánh Gouté mè giòn tan Orion hộp 475.2g,Hộp,141800.0,154900.0,https://winmart.vn/products/goute-banh-vi-me-gion-tan-475.2g-t6--s10014262?storeGroupCode=1998&storeCode=1535,"2/7/2026, 1:59:12 PM",3e7a3132-b6ad-4e23-a219-3db2aebd8faa
Ô mai sấu bao tử Hồng Lam hộp 200g,Hộp,56000.0,60200.0,https://winmart.vn/products/hong-lam-o-mai-sau-bao-tu-200g--s10005087?storeGroupCode=1998&storeCode=1535,"2/7/2026, 1:59:12 PM",3e7a3132-b6ad-4e23-a219-3db2aebd8faa
Bánh Richy Kenju Kem dẻo đỏ 310g,Hộp,156900.0,169000.0,https://winmart.vn/products/richy-banh-kenju-kem-deo-do-310g--s10196224?storeGroupCode=1998&storeCode=1535,"2/7/2026, 1:59:12 PM",3e7a3132-b6ad-4e23-a219-3db2aebd8faa
Bánh quy bơ Danisa hộp 908g,Hộp,267000.0,281000.0,https://winmart.vn/products/danisa-banh-quy-bo-hop-908g--s10013472?storeGroupCode=1998&storeCode=1535,"2/7/2026, 1:59:12 PM",3e7a3132-b6ad-4e23-a219-3db2aebd8faa
Bánh qui bơ Danisa hộp 200g,Hộp,59900.0,61600.0,https://winmart.vn/products/danisa-banh-qui-bo-200g--s10013980?storeGroupCode=1998&storeCode=1535,"2/7/2026, 1:59:12 PM",3e7a3132-b6ad-4e23-a219-3db2aebd8faa
Ô mai chanh mặn ngọt Hồng Lam hộp 200g,Hộp,60500.0,,https://winmart.vn/products/hong-lam-o-mai-chanh-man-ngot-200g--s10005039?storeGroupCode=1998&storeCode=1535,"2/7/2026, 1:59:12 PM",3e7a3132-b6ad-4e23-a219-3db2aebd8faa
Ô mai mơ cam thảo Hồng Lam hộp 200g,Hộp,70700.0,,https://winmart.vn/products/hong-lam-o-mai-mo-cam-thao-200g--s10005043?storeGroupCode=1998&storeCode=1535,"2/7/2026, 1:59:12 PM",3e7a3132-b6ad-4e23-a219-3db2aebd8faa
Ô mai mơ gừng Hồng Lam 200g,Hộp,71300.0,,https://winmart.vn/products/hong-lam-o-mai-mo-gung-200g-ds--s10005048?storeGroupCode=1998&storeCode=1535,"2/7/2026, 1:59:12 PM",3e7a3132-b6ad-4e23-a219-3db2aebd8faa
Ô mai mơ gừng Hồng Lam chua mặn ngọt hộp 200g,Hộp,71300.0,,https://winmart.vn/products/hong-lam-o-mai-mo-gung-cmn-200g--s10005050?storeGroupCode=1998&storeCode=1535,"2/7/2026, 1:59:12 PM",3e7a3132-b6ad-4e23-a219-3db2aebd8faa
Ô mai mận cơm chua ngọt Hồng Lam hộp 200g,Hộp,60500.0,,https://winmart.vn/products/hong-lam-o-mai-man-com-chua-ngot-200g--s10005071?storeGroupCode=1998&storeCode=1535,"2/7/2026, 1:59:12 PM",3e7a3132-b6ad-4e23-a219-3db2aebd8faa
Ô mai mận xào chua ngọt Hồng Lam 200g,Hộp,60500.0,,https://winmart.vn/products/hong-lam-o-mai-man-xao-chua-ngot-200g--s10005083?storeGroupCode=1998&storeCode=1535,"2/7/2026, 1:59:12 PM",3e7a3132-b6ad-4e23-a219-3db2aebd8faa
Ô mai mơ xí muội Hồng Lam chua ngọt 200g,Hộp,71300.0,,https://winmart.vn/products/hong-lam-o-mai-mo-xi-muoi-chua-ngot-200g--s10005100?storeGroupCode=1998&storeCode=1535,"2/7/2026, 1:59:12 PM",3e7a3132-b6ad-4e23-a219-3db2aebd8faa
Ô mai mơ chua mặn ngọt Hồng Lam hộp 200g,Hộp,71300.0,,https://winmart.vn/products/hong-lam-o-mai-mo-chua-man-ngot-200g--s10005045?storeGroupCode=1998&storeCode=1535,"2/7/2026, 1:59:12 PM",3e7a3132-b6ad-4e23-a219-3db2aebd8faa
Kẹo Chobisca Đức Hạnh (kg),0.5KG,90900.0,,https://winmart.vn/products/duc-hanh-keo-chobisca-kg--s10005140?storeGroupCode=1998&storeCode=1535,"2/7/2026, 1:59:12 PM",3e7a3132-b6ad-4e23-a219-3db2aebd8faa
Mực tẩm gia vị Thái Bento gói 24g,Gói,29500.0,,https://winmart.vn/products/bento-snack-hai-san-namprik-thai-22g--s10011145?storeGroupCode=1998&storeCode=1535,"2/7/2026, 1:59:12 PM",3e7a3132-b6ad-4e23-a219-3db2aebd8faa
Snack mực tẩm gia vị cay ngọt Bento gói 24g,Gói,29500.0,,https://winmart.vn/products/bento-snack-hai-san-cay-ngot-22g--s10011147?storeGroupCode=1998&storeCode=1535,"2/7/2026, 1:59:12 PM",3e7a3132-b6ad-4e23-a219-3db2aebd8faa
Thạch Thái Lan 3in1 Trái Cây Deedo 720g,Gói,50600.0,,https://winmart.vn/products/deedo-thach-3-trong-1-720g--s10011523?storeGroupCode=1998&storeCode=1535,"2/7/2026, 1:59:12 PM",3e7a3132-b6ad-4e23-a219-3db2aebd8faa
Bánh quy bơ Pep Farm Chessmen 206g,Gói,130000.0,,https://winmart.vn/products/pep-farm-banh-quy-bo-chessmen-206g--s10013412?storeGroupCode=1998&storeCode=1535,"2/7/2026, 1:59:12 PM",3e7a3132-b6ad-4e23-a219-3db2aebd8faa
Bánh Loacker Socola Quadratini 125g,Gói,66000.0,,https://winmart.vn/products/loacker-banh-socola-quadratini-125g--s10013438?storeGroupCode=1998&storeCode=1535,"2/7/2026, 1:59:12 PM",3e7a3132-b6ad-4e23-a219-3db2aebd8faa
Bánh quy Marine Boy vị tôm nướng môi đỏ Orion hộp 32g,Hộp,14100.0,,https://winmart.vn/products/marine-boy-vi-tom-nuong-moi-do-35g--s10013462?storeGroupCode=1998&storeCode=1535,"2/7/2026, 1:59:12 PM",3e7a3132-b6ad-4e23-a219-3db2aebd8faa
Bánh quy Marine Boy vị rong biển tuyết xanh hộp 32g,Hộp,13900.0,,https://winmart.vn/products/marine-boy-vi-r.bien-tuyet-xanh-35g--s10013463?storeGroupCode=1998&storeCode=1535,"2/7/2026, 1:59:12 PM",3e7a3132-b6ad-4e23-a219-3db2aebd8faa
Bánh que tôm Doakbua gói 55g,Gói,17100.0,,https://winmart.vn/products/doakbua-banh-que-vi-truyen-thong-50g--s10013465?storeGroupCode=1998&storeCode=1535,"2/7/2026, 1:59:12 PM",3e7a3132-b6ad-4e23-a219-3db2aebd8faa
Bánh Choco-Pie Orion hộp 198g,Hộp,34500.0,,https://winmart.vn/products/chocopie-banh-orion-hop-198g217.8g--s10013501?storeGroupCode=1998&storeCode=1535,"2/7/2026, 1:59:12 PM",3e7a3132-b6ad-4e23-a219-3db2aebd8faa
Bánh Custas kem trứng Orion hộp 276g,Hộp,60000.0,,https://winmart.vn/products/custas-banh-cao-cap-orion-hop-282g--s10013503?storeGroupCode=1998&storeCode=1535,"2/7/2026, 1:59:12 PM",3e7a3132-b6ad-4e23-a219-3db2aebd8faa
Bánh quy Goody Chip hạt điều 80g,Cái,10000.0,,https://winmart.vn/products/goody-chip-banh-quy-hat-dieu-80g--s10013515?storeGroupCode=1998&storeCode=1535,"2/7/2026, 1:59:12 PM",3e7a3132-b6ad-4e23-a219-3db2aebd8faa
Bánh cao cấp Orion CUSTAS hộp 138g,Hộp,33000.0,,https://winmart.vn/products/custas-banh-cao-cap-orion-hop-138g--s10013504?storeGroupCode=1998&storeCode=1535,"2/7/2026, 1:59:12 PM",3e7a3132-b6ad-4e23-a219-3db2aebd8faa
Bánh gạo vị bò nướng One-One gói 150g,Gói,33000.0,,https://winmart.vn/products/oneone-banh-gao-vi-bo-nuong-150g--s10013531?storeGroupCode=1998&storeCode=1535,"2/7/2026, 1:59:12 PM",3e7a3132-b6ad-4e23-a219-3db2aebd8faa
Bánh quy Tresor Dore hộp 600g,Hộp,265000.0,,https://winmart.vn/products/tresor-dore-banh-600gx4--s10013612?storeGroupCode=1998&storeCode=1535,"2/7/2026, 1:59:12 PM",3e7a3132-b6ad-4e23-a219-3db2aebd8faa
Bánh bông lan vị bơ sữa Solite khay 360g,Khay,53100.0,,https://winmart.vn/products/solite-banh-bl-vi-bo-sua-378g324g--s10013613?storeGroupCode=1998&storeCode=1535,"2/7/2026, 1:59:12 PM",3e7a3132-b6ad-4e23-a219-3db2aebd8faa
Bánh bông lan cuốn vị dâu Solite hộp 360g,Khay,52500.0,,https://winmart.vn/products/solite-banh-bl-cuon-vi-dau-378g324g--s10013614?storeGroupCode=1998&storeCode=1535,"2/7/2026, 1:59:12 PM",3e7a3132-b6ad-4e23-a219-3db2aebd8faa
Bánh quy bơ Diet Leibniz gói 200g,Gói,82000.0,,https://winmart.vn/products/leibniz-banh-qui-bo-it-duong-200g--s10013549?storeGroupCode=1998&storeCode=1535,"2/7/2026, 1:59:12 PM",3e7a3132-b6ad-4e23-a219-3db2aebd8faa
Bánh bông lan cuốn kem vị lá dứa Solite hộp 360g,Khay,52500.0,,https://winmart.vn/products/solite-banh-bl-cuon-la-dua-378g324g--s10013615?storeGroupCode=1998&storeCode=1535,"2/7/2026, 1:59:12 PM",3e7a3132-b6ad-4e23-a219-3db2aebd8faa
Bánh cracker dinh dưỡng AFC vị lúa mì hộp 200g,Hộp,30500.0,,https://winmart.vn/products/afc-tpbs-banh-lua-mi-172g-t16--s10013618?storeGroupCode=1998&storeCode=1535,"2/7/2026, 1:59:12 PM",3e7a3132-b6ad-4e23-a219-3db2aebd8faa
Bánh cracker vị bò bít tết AFC hộp 200g,Hộp,30500.0,,https://winmart.vn/products/afc-banh-bo-bit-tet-200g172gt16--s10013620?storeGroupCode=1998&storeCode=1535,"2/7/2026, 1:59:12 PM",3e7a3132-b6ad-4e23-a219-3db2aebd8faa
Bánh cracker AFC vị tảo biển hộp 200g,Hộp,30500.0,,https://winmart.vn/products/afc-banh-tao-bien-200g172gt16--s10013621?storeGroupCode=1998&storeCode=1535,"2/7/2026, 1:59:12 PM",3e7a3132-b6ad-4e23-a219-3db2aebd8faa
Bánh cracker dinh dưỡng AFC vị rau hộp 200g,Hộp,29600.0,,https://winmart.vn/products/afc-tpbs-banh-rau-cai-172g-t16--s10013619?storeGroupCode=1998&storeCode=1535,"2/7/2026, 1:59:12 PM",3e7a3132-b6ad-4e23-a219-3db2aebd8faa
Bánh quy Marie Cosy Kinh Đô gói 450g,Gói,46500.0,,https://winmart.vn/products/cosy-banh-quy-marie-408g480g--s10013638?storeGroupCode=1998&storeCode=1535,"2/7/2026, 1:59:12 PM",3e7a3132-b6ad-4e23-a219-3db2aebd8faa
Bánh quế vị kem dâu Cosy gói 132g,Gói,15200.0,,https://winmart.vn/products/cosy-banh-que-vi-dau-126g1176gt24--s10013649?storeGroupCode=1998&storeCode=1535,"2/7/2026, 1:59:12 PM",3e7a3132-b6ad-4e23-a219-3db2aebd8faa
Bánh quy Marie Cosy Kinh Đô gói 144g,Gói,19400.0,,https://winmart.vn/products/tpbs-cosy-banh-quy-marie-136g120g-t24--s10013635?storeGroupCode=1998&storeCode=1535,"2/7/2026, 1:59:12 PM",3e7a3132-b6ad-4e23-a219-3db2aebd8faa
Bánh quế vị kem lá dứa Cosy gói 132g,Gói,15200.0,,https://winmart.vn/products/cosy-banh-que-vi-dua-126g1176gt24--s10013650?storeGroupCode=1998&storeCode=1535,"2/7/2026, 1:59:12 PM",3e7a3132-b6ad-4e23-a219-3db2aebd8faa
Bánh quế vị kem socola Cosy Kinh Đô gói 132g,Gói,15200.0,,https://winmart.vn/products/cosy-banh-que-vi-socola-1261176g--s10013652?storeGroupCode=1998&storeCode=1535,"2/7/2026, 1:59:12 PM",3e7a3132-b6ad-4e23-a219-3db2aebd8faa
Bánh que Yan Yan hương vani 50g,Cái,25600.0,,https://winmart.vn/products/yan-yan-banh-que-vani-50g--s10013656?storeGroupCode=1998&storeCode=1535,"2/7/2026, 1:59:12 PM",3e7a3132-b6ad-4e23-a219-3db2aebd8faa
Bánh que Yan Yan socola 50g,Cái,25600.0,,https://winmart.vn/products/yan-yan-banh-que-socola-50g--s10013655?storeGroupCode=1998&storeCode=1535,"2/7/2026, 1:59:12 PM",3e7a3132-b6ad-4e23-a219-3db2aebd8faa
Bánh que Yan Yan vị dâu 50g,Cái,25600.0,,https://winmart.vn/products/yan-yan-banh-que-vi-dau-50g--s10013657?storeGroupCode=1998&storeCode=1535,"2/7/2026, 1:59:12 PM",3e7a3132-b6ad-4e23-a219-3db2aebd8faa
Bánh que Lucky Stick hương socola 45g,Hộp,25600.0,,https://winmart.vn/products/lucky-stick-banh-que-huong-socola-45g--s10013667?storeGroupCode=1998&storeCode=1535,"2/7/2026, 1:59:12 PM",3e7a3132-b6ad-4e23-a219-3db2aebd8faa
Bánh que hương dâu Lucky Stick 45g,Hộp,25600.0,,https://winmart.vn/products/lucky-stick-banh-que-huong-dau-45g--s10013668?storeGroupCode=1998&storeCode=1535,"2/7/2026, 1:59:12 PM",3e7a3132-b6ad-4e23-a219-3db2aebd8faa
Bánh qui Gullon Doradas al Horno 330g,Hộp,127300.0,,https://winmart.vn/products/gullon-banh-qui-k.dg-shortbread-330g--s10013680?storeGroupCode=1998&storeCode=1535,"2/7/2026, 1:59:12 PM",3e7a3132-b6ad-4e23-a219-3db2aebd8faa
Bánh kem sô cô la Hello Panda Meiji hộp 500g,Hộp,24500.0,,https://winmart.vn/products/hello-panda-banh-gau-nhan-kem-scl-50g--s10013658?storeGroupCode=1998&storeCode=1535,"2/7/2026, 1:59:12 PM",3e7a3132-b6ad-4e23-a219-3db2aebd8faa
Bánh xốp Gullon ăn kiêng không đường 210g/180g,Gói,112500.0,,https://winmart.vn/products/gullon-banh-xop-0-dg-nhan-vani-180g--s10013679?storeGroupCode=1998&storeCode=1535,"2/7/2026, 1:59:12 PM",3e7a3132-b6ad-4e23-a219-3db2aebd8faa
Bánh ăn kiêng Gullon Cookíe Socola gói 125g,Gói,79700.0,,https://winmart.vn/products/gullon-banh-qui-0-dg-hat-scl-125g--s10013681?storeGroupCode=1998&storeCode=1535,"2/7/2026, 1:59:12 PM",3e7a3132-b6ad-4e23-a219-3db2aebd8faa
Bánh Choco Phaner Marshmallow P&N Chocolate gói 216g,Gói,25200.0,,https://winmart.vn/products/phaner-pie-banh-choco-marshmallow-216g--s10013702?storeGroupCode=1998&storeCode=1535,"2/7/2026, 1:59:12 PM",3e7a3132-b6ad-4e23-a219-3db2aebd8faa
Bánh Gullon ăn kiêng không đường nhiều chất xơ 170g,Gói,71300.0,,https://winmart.vn/products/gullon-banh-qui-0-dg-chat-xo-170g--s10013682?storeGroupCode=1998&storeCode=1535,"2/7/2026, 1:59:12 PM",3e7a3132-b6ad-4e23-a219-3db2aebd8faa
Snack Ostar vị Kim Chi Hàn Quốc 58/63g,Gói,11900.0,,https://winmart.vn/products/ostar-snack-vi-kim-chi-h.quoc-60g55g--s10013764?storeGroupCode=1998&storeCode=1535,"2/7/2026, 1:59:12 PM",3e7a3132-b6ad-4e23-a219-3db2aebd8faa
Bánh trứng Tipo Hữu Nghị gói 220g,Gói,43300.0,,https://winmart.vn/products/tipo-banh-trung-220g--s10013765?storeGroupCode=1998&storeCode=1535,"2/7/2026, 1:59:12 PM",3e7a3132-b6ad-4e23-a219-3db2aebd8faa
Bánh que thịt heo xông khói Doakbua gói 25g,Gói,8200.0,,https://winmart.vn/products/doakbua-banh-que-thit-heo-x.khoi-20g--s10013794?storeGroupCode=1998&storeCode=1535,"2/7/2026, 1:59:12 PM",3e7a3132-b6ad-4e23-a219-3db2aebd8faa
Bánh que tôm Doakbua gói 25g,Gói,8200.0,,https://winmart.vn/products/doakbua-banh-que-vi-truyen-thong-20g--s10013793?storeGroupCode=1998&storeCode=1535,"2/7/2026, 1:59:12 PM",3e7a3132-b6ad-4e23-a219-3db2aebd8faa
Bánh que thịt xông khói Doakbua gói 55g,Gói,17100.0,,https://winmart.vn/products/doakbua-banh-que-thit-xong-khoi-50g--s10013795?storeGroupCode=1998&storeCode=1535,"2/7/2026, 1:59:12 PM",3e7a3132-b6ad-4e23-a219-3db2aebd8faa
Bánh que sô cô la Toppo hộp 40g,Hộp,17200.0,,https://winmart.vn/products/toppo-banh-que-socola-hop-40g--s10013811?storeGroupCode=1998&storeCode=1535,"2/7/2026, 1:59:12 PM",3e7a3132-b6ad-4e23-a219-3db2aebd8faa
Sô cô la KitKat Chunky gói 38g,Cái,26500.0,,https://winmart.vn/products/kitkat-socola-chunky-38g--s10013845?storeGroupCode=1998&storeCode=1535,"2/7/2026, 1:59:12 PM",3e7a3132-b6ad-4e23-a219-3db2aebd8faa
Socola chunky Kitkat 3 thanh 114g,Gói,76000.0,,https://winmart.vn/products/kitkat-socola-chunky-3-thanh-114g--s10013846?storeGroupCode=1998&storeCode=1535,"2/7/2026, 1:59:12 PM",3e7a3132-b6ad-4e23-a219-3db2aebd8faa
Bánh bơ trứng Richy gói 270g,Gói,37700.0,,https://winmart.vn/products/richy-banh-karo-bo-trung-gion-270g--s10013858?storeGroupCode=1998&storeCode=1535,"2/7/2026, 1:59:12 PM",3e7a3132-b6ad-4e23-a219-3db2aebd8faa
Bánh Mochi đậu đỏ Royal Family 120g,Gói,52000.0,,https://winmart.vn/products/royal-family-banh-mochi-dau-do-120g--s10013863?storeGroupCode=1998&storeCode=1535,"2/7/2026, 1:59:12 PM",3e7a3132-b6ad-4e23-a219-3db2aebd8faa
Bánh quy kem vani Oreo gói 264.6g,Gói,34900.0,,https://winmart.vn/products/oreo-banh-quy-vani-9x27.6g--s10013883?storeGroupCode=1998&storeCode=1535,"2/7/2026, 1:59:12 PM",3e7a3132-b6ad-4e23-a219-3db2aebd8faa
Bánh gạo Nhật Ichi Kameda gói 100g,Gói,25000.0,,https://winmart.vn/products/ichi-banh-gao-nhat-kameda-100g--s10013881?storeGroupCode=1998&storeCode=1535,"2/7/2026, 1:59:12 PM",3e7a3132-b6ad-4e23-a219-3db2aebd8faa
Bánh cà phê Mayora hộp 180g,Hộp,27200.0,,https://winmart.vn/products/coffee-joy-banh-qui-vi-ca-phe-156g--s10013920?storeGroupCode=1998&storeCode=1535,"2/7/2026, 1:59:12 PM",3e7a3132-b6ad-4e23-a219-3db2aebd8faa
Bánh quy cà phê Roma gói 142g,Gói,20300.0,,https://winmart.vn/products/coffee-joy-banh-qui-vi-ca-phe-142g--s10013919?storeGroupCode=1998&storeCode=1535,"2/7/2026, 1:59:12 PM",3e7a3132-b6ad-4e23-a219-3db2aebd8faa
Bánh snack vị kim chi Hàn Quốc O'Star gói 90g,Gói,21600.0,,https://winmart.vn/products/ostar-snack-vi-kim-chi-h.quoc-105g95g--s10013932?storeGroupCode=1998&storeCode=1535,"2/7/2026, 1:59:12 PM",3e7a3132-b6ad-4e23-a219-3db2aebd8faa
Bánh snack khoai tây tươi vị tảo biển O'Star gói 90g,Gói,21600.0,,https://winmart.vn/products/ostar-snack-k.tay-vi-tao-bien-105g95g--s10013935?storeGroupCode=1998&storeCode=1535,"2/7/2026, 1:59:12 PM",3e7a3132-b6ad-4e23-a219-3db2aebd8faa
Bánh qui cacao Leibniz Zoo Animals 100g,Gói,53900.0,,https://winmart.vn/products/leibniz-banh-qui-cacao-zoo-animals-100g--s10013954?storeGroupCode=1998&storeCode=1535,"2/7/2026, 1:59:12 PM",3e7a3132-b6ad-4e23-a219-3db2aebd8faa
Bánh kem xốp phômai Richeese Nabati cheese wafer hộp 160g,Hộp,40800.0,,https://winmart.vn/products/nabati-tpbsbanh-k.xop-richeese-p.mai120g--s10013957?storeGroupCode=1998&storeCode=1535,"2/7/2026, 1:59:12 PM",3e7a3132-b6ad-4e23-a219-3db2aebd8faa
Bánh mochi vị trà xanh Royal Family hộp 152g,Hộp,50900.0,,https://winmart.vn/products/royal-family-banh-mochi-tra-xanh-152g--s10013973?storeGroupCode=1998&storeCode=1535,"2/7/2026, 1:59:12 PM",3e7a3132-b6ad-4e23-a219-3db2aebd8faa
Bánh kem xốp phômai Richeese Nabati cheese wafer 320g (16gr x20),Hộp,51000.0,,https://winmart.vn/products/nabati-banh-k.xop-richeese-p.mai320300g--s10013962?storeGroupCode=1998&storeCode=1535,"2/7/2026, 1:59:12 PM",3e7a3132-b6ad-4e23-a219-3db2aebd8faa
Bánh Royal Family Mochi Đậu đỏ 180g,Hộp,67700.0,,https://winmart.vn/products/royal-family-banh-mochi-dau-do-180g--s10013977?storeGroupCode=1998&storeCode=1535,"2/7/2026, 1:59:12 PM",3e7a3132-b6ad-4e23-a219-3db2aebd8faa
Bánh mochi trà xanh kem Royal Family hộp 180g,Hộp,67700.0,,https://winmart.vn/products/royal-family-banh-mochi-txanh-kem180g--s10013976?storeGroupCode=1998&storeCode=1535,"2/7/2026, 1:59:12 PM",3e7a3132-b6ad-4e23-a219-3db2aebd8faa
Bánh que nhân socola Toppo gói 132g,Gói,56500.0,,https://winmart.vn/products/toppo-banh-que-nhan-socola-goi-132g--s10013979?storeGroupCode=1998&storeCode=1535,"2/7/2026, 1:59:12 PM",3e7a3132-b6ad-4e23-a219-3db2aebd8faa
Bánh Qui Coffê Joy Vị Cà Phê 312/360g,Hộp,51300.0,,https://winmart.vn/products/coffee-joy-banh-qui-vi-ca-phe-312g--s10014042?storeGroupCode=1998&storeCode=1535,"2/7/2026, 1:59:12 PM",3e7a3132-b6ad-4e23-a219-3db2aebd8faa
Bánh Mochi nhân tổng hợp Yuki& Love 450g,Hộp,152000.0,,https://winmart.vn/products/yukilove-b.-mochi-nhan-tong-hop-450g--s10014047?storeGroupCode=1998&storeCode=1535,"2/7/2026, 1:59:12 PM",3e7a3132-b6ad-4e23-a219-3db2aebd8faa
Bánh qui Cremon 16 loại ngũ cốc 190g,Gói,87000.0,,https://winmart.vn/products/cremon-banh-qui-16-loai-ngu-coc-190g--s10014089?storeGroupCode=1998&storeCode=1535,"2/7/2026, 1:59:12 PM",3e7a3132-b6ad-4e23-a219-3db2aebd8faa
Bánh cuộn giòn dinh dưỡng 12 loại ngũ cốc Pei Tien gói 180g,Gói,77000.0,,https://winmart.vn/products/pei-tien-banh-dd-12n.coc-vi-tu-nhien180g--s10014109?storeGroupCode=1998&storeCode=1535,"2/7/2026, 1:59:12 PM",3e7a3132-b6ad-4e23-a219-3db2aebd8faa
Bánh snack que nhân cà phê moka Akiko gói 160g,Gói,21000.0,,https://winmart.vn/products/akiko-banh-que-nhan-cafe-moka-140g--s10014110?storeGroupCode=1998&storeCode=1535,"2/7/2026, 1:59:12 PM",3e7a3132-b6ad-4e23-a219-3db2aebd8faa
Snack que nhân sữa Akiko gói 160g,Gói,21000.0,,https://winmart.vn/products/akiko-banh-que-nhan-sua-140g--s10014111?storeGroupCode=1998&storeCode=1535,"2/7/2026, 1:59:12 PM",3e7a3132-b6ad-4e23-a219-3db2aebd8faa
Bánh gạo Nhật Ichi vị mật ong Kameda gói 180g,Gói,42500.0,,https://winmart.vn/products/ichi-banh-gao-nhat-vi-m.ong-kameda-180g--s10014231?storeGroupCode=1998&storeCode=1535,"2/7/2026, 1:59:12 PM",3e7a3132-b6ad-4e23-a219-3db2aebd8faa
Bánh xốp nhân phô mai Nabati gói 52g,Gói,7800.0,,https://winmart.vn/products/nabati-banh-k.xop-richeese-p.mai-50g--s10014286?storeGroupCode=1998&storeCode=1535,"2/7/2026, 1:59:12 PM",3e7a3132-b6ad-4e23-a219-3db2aebd8faa
Kẹo dẻo Goldbears Haribo gói 80g,Gói,28500.0,,https://winmart.vn/products/haribo-keo-deo-goldbears-80g--s10014412?storeGroupCode=1998&storeCode=1535,"2/7/2026, 1:59:12 PM",3e7a3132-b6ad-4e23-a219-3db2aebd8faa
Kẹo dẻo trái cây Haribo Goldbears gói 160g,Gói,52500.0,,https://winmart.vn/products/haribo-keo-deo-goldbears-160g--s10014415?storeGroupCode=1998&storeCode=1535,"2/7/2026, 1:59:12 PM",3e7a3132-b6ad-4e23-a219-3db2aebd8faa
Kẹo dẻo Happy Cola Haribo gói 80g,Gói,28500.0,,https://winmart.vn/products/haribo-keo-deo-happy-cola-80g--s10014413?storeGroupCode=1998&storeCode=1535,"2/7/2026, 1:59:12 PM",3e7a3132-b6ad-4e23-a219-3db2aebd8faa
Kẹo dẻo Haribo Happy Cola gói 160g,Gói,52500.0,,https://winmart.vn/products/haribo-keo-deo-happy-cola-160g--s10014416?storeGroupCode=1998&storeCode=1535,"2/7/2026, 1:59:12 PM",3e7a3132-b6ad-4e23-a219-3db2aebd8faa
Sô cô la 85% cocoa Lindt Excellence thanh 100g,Cái,167200.0,,https://winmart.vn/products/lindt-socola-85-cocoa-excellence-100g--s10014426?storeGroupCode=1998&storeCode=1535,"2/7/2026, 1:59:12 PM",3e7a3132-b6ad-4e23-a219-3db2aebd8faa
Kẹo dẻo Starmix Haribo gói 160g,Gói,52500.0,,https://winmart.vn/products/haribo-keo-deo-star-mix-160g--s10014417?storeGroupCode=1998&storeCode=1535,"2/7/2026, 1:59:12 PM",3e7a3132-b6ad-4e23-a219-3db2aebd8faa
Thạch dừa Hạnh Dung túi 1kg,Gói,32200.0,,https://winmart.vn/products/hanh-dung-thach-dua-tui-1kg--s10014449?storeGroupCode=1998&storeCode=1535,"2/7/2026, 1:59:12 PM",3e7a3132-b6ad-4e23-a219-3db2aebd8faa
Kẹo dẻo Haribo Fruity Basket 80g,Gói,28800.0,,https://winmart.vn/products/haribo-keo-deo-fruity-basket-80g--s10014414?storeGroupCode=1998&storeCode=1535,"2/7/2026, 1:59:12 PM",3e7a3132-b6ad-4e23-a219-3db2aebd8faa
Socola đen Merci 250g,Hộp,223000.0,,https://winmart.vn/products/merci-socola-hon-hop-250g--s10014454?storeGroupCode=1998&storeCode=1535,"2/7/2026, 1:59:12 PM",3e7a3132-b6ad-4e23-a219-3db2aebd8faa
Kẹo Hải hà Jelly Chip Chip 450g,Gói,50200.0,,https://winmart.vn/products/jelly-chip-chip-keo-hai-ha-450g--s10014480?storeGroupCode=1998&storeCode=1535,"2/7/2026, 1:59:12 PM",3e7a3132-b6ad-4e23-a219-3db2aebd8faa
Kẹo dẻo Yubi Frankurter 96g/90g,Gói,33400.0,,https://winmart.vn/products/yubi-keo-deo-frankurter-84g--s10014499?storeGroupCode=1998&storeCode=1535,"2/7/2026, 1:59:12 PM",3e7a3132-b6ad-4e23-a219-3db2aebd8faa
Kẹo gum không đường hương Chanh Bạc Hà Xylitol Lotte hộp 58g,Hộp,28800.0,,https://winmart.vn/products/xylitol-keo-gum-limemint-58g55.1g--s10014525?storeGroupCode=1998&storeCode=1535,"2/7/2026, 1:59:12 PM",3e7a3132-b6ad-4e23-a219-3db2aebd8faa
Kẹo gum không đường hương Việt Quất Xylitol hộp 58g,Hộp,28800.0,,https://winmart.vn/products/xylitol-keo-gum-blueberry-58g55.1g--s10014526?storeGroupCode=1998&storeCode=1535,"2/7/2026, 1:59:12 PM",3e7a3132-b6ad-4e23-a219-3db2aebd8faa
Kẹo gum không đường hương Dâu Bạc Hà Xylitol hộp 58g,Hộp,28800.0,,https://winmart.vn/products/xylitol-keo-gum-strawberry-58g55.1g--s10014528?storeGroupCode=1998&storeCode=1535,"2/7/2026, 1:59:12 PM",3e7a3132-b6ad-4e23-a219-3db2aebd8faa
"Kẹo ngậm Doublemin hương Chanh tuýp 23,8g",Tuýp,32500.0,,https://winmart.vn/products/doublemint-keo-ngam-h.chanh-23.8g--s10014553?storeGroupCode=1998&storeCode=1535,"2/7/2026, 1:59:12 PM",3e7a3132-b6ad-4e23-a219-3db2aebd8faa
"Kẹo ngậm Doublemin hương Spearmint tuýp 23,8g",Tuýp,32500.0,,https://winmart.vn/products/doublemint-keo-ngam-h.spearmint-23.8g--s10014552?storeGroupCode=1998&storeCode=1535,"2/7/2026, 1:59:12 PM",3e7a3132-b6ad-4e23-a219-3db2aebd8faa
Kẹo gum hương bạc hà Doublemint hộp 58.4g,Hộp,31000.0,,https://winmart.vn/products/doublemint-gum-h.bac-ha-58.4g--s10014541?storeGroupCode=1998&storeCode=1535,"2/7/2026, 1:59:12 PM",3e7a3132-b6ad-4e23-a219-3db2aebd8faa
Kẹo gum Xylitol Fresh Mint hũ 58g,Hộp,28800.0,,https://winmart.vn/products/xylitol-keo-gum-fresh-mint-58g55.1g--s10014527?storeGroupCode=1998&storeCode=1535,"2/7/2026, 1:59:12 PM",3e7a3132-b6ad-4e23-a219-3db2aebd8faa
Kẹo gum không đường hương Chanh Bạc Hà Xylitol hộp 145g,Hộp,58600.0,,https://winmart.vn/products/xylitol-keo-gum-limemint-137.8g130.5g--s10014529?storeGroupCode=1998&storeCode=1535,"2/7/2026, 1:59:12 PM",3e7a3132-b6ad-4e23-a219-3db2aebd8faa
Kẹo gum không đường hương Việt Quất Xylitol hộp 145g,Hộp,58600.0,,https://winmart.vn/products/xylitol-keo-gum-blueberry-137.8g130.5g--s10014530?storeGroupCode=1998&storeCode=1535,"2/7/2026, 1:59:12 PM",3e7a3132-b6ad-4e23-a219-3db2aebd8faa
"Kẹo ngậm Doublemin hương cam bạc hà tuýp 23,8g",Tuýp,32500.0,,https://winmart.vn/products/doublemint-keo-ngam-h.cam-bac-ha-23.8g--s10014554?storeGroupCode=1998&storeCode=1535,"2/7/2026, 1:59:12 PM",3e7a3132-b6ad-4e23-a219-3db2aebd8faa
Socola Sữa M&M'S gói 40g/37g,Gói,21700.0,,https://winmart.vn/products/mms-keo-socola-sua-37g--s10014574?storeGroupCode=1998&storeCode=1535,"2/7/2026, 1:59:12 PM",3e7a3132-b6ad-4e23-a219-3db2aebd8faa
Socola Đậu Phộng M&M'S gói 40g/37g,Gói,21700.0,,https://winmart.vn/products/mms-keo-socola-dau-phong-37g--s10014577?storeGroupCode=1998&storeCode=1535,"2/7/2026, 1:59:12 PM",3e7a3132-b6ad-4e23-a219-3db2aebd8faa
Kẹo socola Snickers gói 51g,Cái,24500.0,,https://winmart.vn/products/snickers-keo-socola-51g--s10014580?storeGroupCode=1998&storeCode=1535,"2/7/2026, 1:59:12 PM",3e7a3132-b6ad-4e23-a219-3db2aebd8faa
Thạch trái cây Vfoods tổng hợp 1kg,Gói,38300.0,,https://winmart.vn/products/vfoods-thach-t.cay-tong-hop-1kg--s10014602?storeGroupCode=1998&storeCode=1535,"2/7/2026, 1:59:12 PM",3e7a3132-b6ad-4e23-a219-3db2aebd8faa
Thạch sữa chưa Vfoods ABC 920g,Gói,53400.0,,https://winmart.vn/products/vfoods-thach-sua-chua-abc-920g--s10014608?storeGroupCode=1998&storeCode=1535,"2/7/2026, 1:59:12 PM",3e7a3132-b6ad-4e23-a219-3db2aebd8faa
Kẹo hương bạc hà nhân socola Dynamite BigBang gói 330g,Gói,32300.0,,https://winmart.vn/products/dynamite-keo-bac-ha-scl-bigbang330g308g--s10014612?storeGroupCode=1998&storeCode=1535,"2/7/2026, 1:59:12 PM",3e7a3132-b6ad-4e23-a219-3db2aebd8faa
Thạch bút chì poke VFoods cốc 22 cây,Hộp,28000.0,,https://winmart.vn/products/vfoods-thach-but-chi-abc-17g22cay--s10014603?storeGroupCode=1998&storeCode=1535,"2/7/2026, 1:59:12 PM",3e7a3132-b6ad-4e23-a219-3db2aebd8faa
Kẹo hương bạc hà Dynamite socola Bigbang 120g,Gói,14000.0,,https://winmart.vn/products/dynamite-keo-bac-ha-scl-bigbang120g112g--s10014613?storeGroupCode=1998&storeCode=1535,"2/7/2026, 1:59:12 PM",3e7a3132-b6ad-4e23-a219-3db2aebd8faa
Kẹo dẻo Lot 100 hương xoài 150g,Gói,46500.0,,https://winmart.vn/products/lot-100-keo-deo-huong-xoai-150g--s10014641?storeGroupCode=1998&storeCode=1535,"2/7/2026, 1:59:12 PM",3e7a3132-b6ad-4e23-a219-3db2aebd8faa
Kẹo hương xoài Lot 100 320g,Gói,91800.0,,https://winmart.vn/products/lot-100-keo-huong-xoai-320g--s10014647?storeGroupCode=1998&storeCode=1535,"2/7/2026, 1:59:12 PM",3e7a3132-b6ad-4e23-a219-3db2aebd8faa
Kẹo dẻo LOT 100 tổng hợp 320g,Gói,91800.0,,https://winmart.vn/products/lot-100-keo-deo-tong-hop-320g--s10014648?storeGroupCode=1998&storeCode=1535,"2/7/2026, 1:59:12 PM",3e7a3132-b6ad-4e23-a219-3db2aebd8faa
Kẹo nhai socola hương bạc hà Dynamite Jack'n Jill gói 125g,Gói,17400.0,,https://winmart.vn/products/dynamite-keo-scl-bac-ha-125g1125g--s10014615?storeGroupCode=1998&storeCode=1535,"2/7/2026, 1:59:12 PM",3e7a3132-b6ad-4e23-a219-3db2aebd8faa
Socola sữa Meiji 50g,Cái,61500.0,,https://winmart.vn/products/meiji-socola-sua-50g--s10014668?storeGroupCode=1998&storeCode=1535,"2/7/2026, 1:59:12 PM",3e7a3132-b6ad-4e23-a219-3db2aebd8faa
Socola đen Meiji 50g,Cái,61500.0,,https://winmart.vn/products/meiji-socola-den-50g--s10014669?storeGroupCode=1998&storeCode=1535,"2/7/2026, 1:59:12 PM",3e7a3132-b6ad-4e23-a219-3db2aebd8faa
Socola Meiji đen 120g,Hộp,145500.0,,https://winmart.vn/products/meiji-socola-den-120g--s10014671?storeGroupCode=1998&storeCode=1535,"2/7/2026, 1:59:12 PM",3e7a3132-b6ad-4e23-a219-3db2aebd8faa
Kẹo sô cô la sữa Meiji hộp 120g,Hộp,145500.0,,https://winmart.vn/products/meiji-socola-sua-120g--s10014670?storeGroupCode=1998&storeCode=1535,"2/7/2026, 1:59:12 PM",3e7a3132-b6ad-4e23-a219-3db2aebd8faa
Kẹo mút trái cây Chupa Chups 100g,Gói,12600.0,,https://winmart.vn/products/chupa-chups-keo-mut-trai-cay-93g--s10014729?storeGroupCode=1998&storeCode=1535,"2/7/2026, 1:59:12 PM",3e7a3132-b6ad-4e23-a219-3db2aebd8faa
Kẹo trái cây Popop quả 100g,Qủa,48500.0,,https://winmart.vn/products/phuong-hien-keo-trung-trai-cay-qua-100g--s10014675?storeGroupCode=1998&storeCode=1535,"2/7/2026, 1:59:12 PM",3e7a3132-b6ad-4e23-a219-3db2aebd8faa
Kẹo bạc hà Lotte Anytime gói 60g,Gói,32000.0,,https://winmart.vn/products/anytime-keo-bac-ha-60g--s10014763?storeGroupCode=1998&storeCode=1535,"2/7/2026, 1:59:12 PM",3e7a3132-b6ad-4e23-a219-3db2aebd8faa
Bánh quy nhân kem vani Oreo gói 66.5g/ 68.5g,Cái,10100.0,,https://winmart.vn/products/oreo-banh-quy-huong-vani-64.4g--s10014782?storeGroupCode=1998&storeCode=1535,"2/7/2026, 1:59:12 PM",3e7a3132-b6ad-4e23-a219-3db2aebd8faa
Bánh quy nhân kem vani Oreo gói 137g,Cái,18000.0,,https://winmart.vn/products/oreo-banh-quy-kem-vani-119.6g110g--s10014784?storeGroupCode=1998&storeCode=1535,"2/7/2026, 1:59:12 PM",3e7a3132-b6ad-4e23-a219-3db2aebd8faa
Bánh quy nhân kem sô cô la Oreo gói 133g,Cái,18000.0,,https://winmart.vn/products/oreo-banh-quy-kem-socola-119.6g110g--s10014785?storeGroupCode=1998&storeCode=1535,"2/7/2026, 1:59:12 PM",3e7a3132-b6ad-4e23-a219-3db2aebd8faa
Bánh quy kem dâu Oreo gói 133g,Cái,18000.0,,https://winmart.vn/products/oreo-banh-quy-kem-dau-119.6g-110g--s10014787?storeGroupCode=1998&storeCode=1535,"2/7/2026, 1:59:12 PM",3e7a3132-b6ad-4e23-a219-3db2aebd8faa
Bánh quy kem lạnh Oreo gói 123.5g/ 119.6g,Cái,17900.0,,https://winmart.vn/products/oreo-banh-quy-kem-lanh-119.6g110g--s10014788?storeGroupCode=1998&storeCode=1535,"2/7/2026, 1:59:12 PM",3e7a3132-b6ad-4e23-a219-3db2aebd8faa
Kẹo sô cô la Snickers gói 35g,Cái,19200.0,,https://winmart.vn/products/snickers-keo-socola-35g--s10014826?storeGroupCode=1998&storeCode=1535,"2/7/2026, 1:59:12 PM",3e7a3132-b6ad-4e23-a219-3db2aebd8faa
Kẹo mút sắc màu Chupa Chups 100/39g,Gói,12600.0,,https://winmart.vn/products/chupa-chups-keo-mut-sac-mau-93g--s10014827?storeGroupCode=1998&storeCode=1535,"2/7/2026, 1:59:12 PM",3e7a3132-b6ad-4e23-a219-3db2aebd8faa
Sô cô la KitKat Nestlé Bites gói 40g,Gói,35800.0,,https://winmart.vn/products/kitkat-socola-bites-40g--s10014830?storeGroupCode=1998&storeCode=1535,"2/7/2026, 1:59:12 PM",3e7a3132-b6ad-4e23-a219-3db2aebd8faa
Bánh sô cô la KitKat Nestlé gói 12 thanh x 17g,Cái,88000.0,,https://winmart.vn/products/kitkat-banh-socola-nestle-150g170g--s10014832?storeGroupCode=1998&storeCode=1535,"2/7/2026, 1:59:12 PM",3e7a3132-b6ad-4e23-a219-3db2aebd8faa
Kẹo gum không đường hương Bạc Hà Xylitol hộp 145g,Hộp,58600.0,,https://winmart.vn/products/xylitol-keo-gum-fresh-mint-137.8g130.5g--s10014976?storeGroupCode=1998&storeCode=1535,"2/7/2026, 1:59:12 PM",3e7a3132-b6ad-4e23-a219-3db2aebd8faa
Kẹo trái cây Starmix gói 80g,Gói,28500.0,,https://winmart.vn/products/haribo-keo-trai-cay-starmix-80g--s10014898?storeGroupCode=1998&storeCode=1535,"2/7/2026, 1:59:12 PM",3e7a3132-b6ad-4e23-a219-3db2aebd8faa
Kẹo ngậm không đường trà xanh Mentos lọ H35g,Lọ,36800.0,,https://winmart.vn/products/mentos-keo-ngam-k.dg-tra-xanh-35g--s10015010?storeGroupCode=1998&storeCode=1535,"2/7/2026, 1:59:12 PM",3e7a3132-b6ad-4e23-a219-3db2aebd8faa
Kẹo ngậm hương Spearmint Pure Fresh với trà xanh Mentos hộp 35g,Lọ,36800.0,,https://winmart.vn/products/mentos-keo-ngam-k.dg-35g--s10015011?storeGroupCode=1998&storeCode=1535,"2/7/2026, 1:59:12 PM",3e7a3132-b6ad-4e23-a219-3db2aebd8faa
Kẹo dẻo vị trái cây Goldbears Haribo gói 200g,Gói,79800.0,,https://winmart.vn/products/haribo-keo-deo-t.cay-goldbears-200g--s10015098?storeGroupCode=1998&storeCode=1535,"2/7/2026, 1:59:12 PM",3e7a3132-b6ad-4e23-a219-3db2aebd8faa
Thạch dừa tổng hợp Nanaco vỉ 6 hộp 80g,VỈ,61700.0,,https://winmart.vn/products/thach-dua-tong-hop-nanaco-vi-6-hop-80g--s10015143?storeGroupCode=1998&storeCode=1535,"2/7/2026, 1:59:12 PM",3e7a3132-b6ad-4e23-a219-3db2aebd8faa
"Kẹo mềm Alpenlibe hương nho 2chew gói 73,5g",Gói,16100.0,,https://winmart.vn/products/alpenliebe-keo-mem-h.nho-2chew-735g--s10015179?storeGroupCode=1998&storeCode=1535,"2/7/2026, 1:59:12 PM",3e7a3132-b6ad-4e23-a219-3db2aebd8faa
Kẹo dẻo Worms Haribo gói 80g,Gói,28800.0,,https://winmart.vn/products/haribo-keo-deo-worms-80g--s10015047?storeGroupCode=1998&storeCode=1535,"2/7/2026, 1:59:12 PM",3e7a3132-b6ad-4e23-a219-3db2aebd8faa
"Kẹo mềm Alpenlibe hương dâu 2chew gói 73,5g",Gói,16100.0,,https://winmart.vn/products/alpenliebe-keo-mem-h.dau-2chew-735g--s10015181?storeGroupCode=1998&storeCode=1535,"2/7/2026, 1:59:12 PM",3e7a3132-b6ad-4e23-a219-3db2aebd8faa
Kẹo gum không đường Xylitol Cool Lotte hộp 58g,Hộp,28800.0,,https://winmart.vn/products/xylitol-keo-gum-cool-58g55.1g--s10015372?storeGroupCode=1998&storeCode=1535,"2/7/2026, 1:59:12 PM",3e7a3132-b6ad-4e23-a219-3db2aebd8faa
"Kẹo mềm Alpenliebe hương trái cây 87,5g",Gói,16500.0,,https://winmart.vn/products/alpenliebe-keo-mem-h.trai-cay-84g--s10015340?storeGroupCode=1998&storeCode=1535,"2/7/2026, 1:59:12 PM",3e7a3132-b6ad-4e23-a219-3db2aebd8faa
Kẹo gum không đường Xylitol Cool Lotte hộp 145g,Hộp,58600.0,,https://winmart.vn/products/xylitol-keo-gum-cool-137.8g130.5g--s10015373?storeGroupCode=1998&storeCode=1535,"2/7/2026, 1:59:12 PM",3e7a3132-b6ad-4e23-a219-3db2aebd8faa
Thanh bánh quy kem KitKat trà xanh Nestlé gói 35g,Cái,31400.0,,https://winmart.vn/products/kitkat-tra-xanh-4f-35g--s10015412?storeGroupCode=1998&storeCode=1535,"2/7/2026, 1:59:12 PM",3e7a3132-b6ad-4e23-a219-3db2aebd8faa
Snack khoai tây vị tảo biển O'Star gói 48g,Gói,11900.0,,https://winmart.vn/products/ostar-snack-k.tay-vi-tao-bien-60g55g--s10015596?storeGroupCode=1998&storeCode=1535,"2/7/2026, 1:59:12 PM",3e7a3132-b6ad-4e23-a219-3db2aebd8faa
Snack Swing bít tết New York 58g/63g,Gói,11900.0,,https://winmart.vn/products/swing-snack-bit-tet-new-yorrk-63g55g--s10015597?storeGroupCode=1998&storeCode=1535,"2/7/2026, 1:59:12 PM",3e7a3132-b6ad-4e23-a219-3db2aebd8faa
Đậu phộng Poca da cá gói 45/42g,Gói,5500.0,,https://winmart.vn/products/poca-dau-phong-da-ca-cot-dua-35g--s10015610?storeGroupCode=1998&storeCode=1535,"2/7/2026, 1:59:12 PM",3e7a3132-b6ad-4e23-a219-3db2aebd8faa
Snack khoai tây Lay's vị khoai tây tự nhiên Classic 56g,Gói,10900.0,,https://winmart.vn/products/lays-snack-k.tay-tu-nhien-classic-58g--s10015616?storeGroupCode=1998&storeCode=1535,"2/7/2026, 1:59:12 PM",3e7a3132-b6ad-4e23-a219-3db2aebd8faa
Snack Lay's vị tảo biển Nori gói 52g,Gói,10900.0,,https://winmart.vn/products/lays-vi-tao-bien-nori-58g--s10015618?storeGroupCode=1998&storeCode=1535,"2/7/2026, 1:59:12 PM",3e7a3132-b6ad-4e23-a219-3db2aebd8faa
Snack khoai tây Lay's vị khoai tây tự nhiên Classic 95g,Gói,22000.0,,https://winmart.vn/products/lays-snack-k.tay-tu-nhien-classic-90g--s10015622?storeGroupCode=1998&storeCode=1535,"2/7/2026, 1:59:12 PM",3e7a3132-b6ad-4e23-a219-3db2aebd8faa
Mít sấy Vinamit gói 150g,Gói,64400.0,,https://winmart.vn/products/vinamit-mit-say-goi-150g--s10015643?storeGroupCode=1998&storeCode=1535,"2/7/2026, 1:59:12 PM",3e7a3132-b6ad-4e23-a219-3db2aebd8faa
Mít sấy Vinamit gói 100g,Gói,45000.0,,https://winmart.vn/products/vinamit-mit-say-goi-100g--s10015642?storeGroupCode=1998&storeCode=1535,"2/7/2026, 1:59:12 PM",3e7a3132-b6ad-4e23-a219-3db2aebd8faa
Mít sấy gói Vinamit 250g,Gói,105600.0,,https://winmart.vn/products/vinamit-mit-say-goi-250g--s10015645?storeGroupCode=1998&storeCode=1535,"2/7/2026, 1:59:12 PM",3e7a3132-b6ad-4e23-a219-3db2aebd8faa
Chuối sấy Vinamit gói 100g,Gói,24800.0,,https://winmart.vn/products/vinamit-chuoi-say-100g--s10015647?storeGroupCode=1998&storeCode=1535,"2/7/2026, 1:59:12 PM",3e7a3132-b6ad-4e23-a219-3db2aebd8faa
Khoai lang sấy Vinamit gói 250g,Gói,72500.0,,https://winmart.vn/products/vinamit-khoai-lang-say-goi-250g--s10015650?storeGroupCode=1998&storeCode=1535,"2/7/2026, 1:59:12 PM",3e7a3132-b6ad-4e23-a219-3db2aebd8faa
Chuối sấy Vinamit gói 250g,Gói,58900.0,,https://winmart.vn/products/vinamit-chuoi-say-250g--s10015648?storeGroupCode=1998&storeCode=1535,"2/7/2026, 1:59:12 PM",3e7a3132-b6ad-4e23-a219-3db2aebd8faa
Trái cây sấy Vinamit gói 500g,Gói,143300.0,,https://winmart.vn/products/vinamit-trai-cay-say-goi-500g--s10015655?storeGroupCode=1998&storeCode=1535,"2/7/2026, 1:59:12 PM",3e7a3132-b6ad-4e23-a219-3db2aebd8faa
Snack khoai tây Slide thịt nướng lon 75g,Lon,28400.0,,https://winmart.vn/products/slide-snack-k.tay-thit-nuong-60g65g--s10015707?storeGroupCode=1998&storeCode=1535,"2/7/2026, 1:59:12 PM",3e7a3132-b6ad-4e23-a219-3db2aebd8faa
Snack khoai tây vị phô mai Slide lon 75g,Lon,28400.0,,https://winmart.vn/products/slide-snack-banh-k.tay-pho-mai-60g65g--s10015708?storeGroupCode=1998&storeCode=1535,"2/7/2026, 1:59:12 PM",3e7a3132-b6ad-4e23-a219-3db2aebd8faa
Snack khoai tây vị tự nhiên Slide lon 75g,Lon,28400.0,,https://winmart.vn/products/slide-snack-banh-k.tay-tu-nhien-60g65g--s10015710?storeGroupCode=1998&storeCode=1535,"2/7/2026, 1:59:12 PM",3e7a3132-b6ad-4e23-a219-3db2aebd8faa
Khoai tây vị Barbecue Slide lon 160g,Lon,48500.0,,https://winmart.vn/products/slide-snack-k.tay-thit-nuong-145g150g--s10015712?storeGroupCode=1998&storeCode=1535,"2/7/2026, 1:59:12 PM",3e7a3132-b6ad-4e23-a219-3db2aebd8faa
Bánh lát khoai tây vị thơm cay Slide hộp 160g,Lon,48500.0,,https://winmart.vn/products/slide-snack-k.tay-thom-cay-145g150g--s10015714?storeGroupCode=1998&storeCode=1535,"2/7/2026, 1:59:12 PM",3e7a3132-b6ad-4e23-a219-3db2aebd8faa
Bánh lát khoai tây vị phô mai Slide hộp 160g,Lon,48500.0,,https://winmart.vn/products/slide-snack-k.tay-pho-mai-145g150g--s10015713?storeGroupCode=1998&storeCode=1535,"2/7/2026, 1:59:12 PM",3e7a3132-b6ad-4e23-a219-3db2aebd8faa
Snack khoai tây Slide hành lon 160g,Lon,48500.0,,https://winmart.vn/products/slide-snack-k.tay-k.chuahanh-145g150g--s10015716?storeGroupCode=1998&storeCode=1535,"2/7/2026, 1:59:12 PM",3e7a3132-b6ad-4e23-a219-3db2aebd8faa
Nho khô Raisins hộp 250g,Hộp,71900.0,,https://winmart.vn/products/raisins-nho-kho-phuong-hien-hop-250g--s10015717?storeGroupCode=1998&storeCode=1535,"2/7/2026, 1:59:12 PM",3e7a3132-b6ad-4e23-a219-3db2aebd8faa
Nho khô Raisins hộp 200g,Hộp,54900.0,,https://winmart.vn/products/raisins-nho-kho-phuong-hien-hop-200g--s10015718?storeGroupCode=1998&storeCode=1535,"2/7/2026, 1:59:12 PM",3e7a3132-b6ad-4e23-a219-3db2aebd8faa
Khoai tây Slide Original hộp 160g,Lon,48500.0,,https://winmart.vn/products/slide-snack-k.tay-tu-nhien-145g150g--s10015715?storeGroupCode=1998&storeCode=1535,"2/7/2026, 1:59:12 PM",3e7a3132-b6ad-4e23-a219-3db2aebd8faa
Bánh snack vị bít tết kiểu New York Swing gói 90g,Gói,21600.0,,https://winmart.vn/products/swing-snack-vi-bit-tet-newyork-105g95g--s10015741?storeGroupCode=1998&storeCode=1535,"2/7/2026, 1:59:12 PM",3e7a3132-b6ad-4e23-a219-3db2aebd8faa
Đậu phộng nước cốt dừa Tân Tân lon 265g,Lon,63200.0,,https://winmart.vn/products/tan-tan-dau-phong-nuoc-cot-dua-lon-265g--s10015747?storeGroupCode=1998&storeCode=1535,"2/7/2026, 1:59:12 PM",3e7a3132-b6ad-4e23-a219-3db2aebd8faa
Đậu phộng da cá Tân Tân gói 285g,Gói,44700.0,,https://winmart.vn/products/tan-tan-dau-phong-da-ca-goi-265g--s10015748?storeGroupCode=1998&storeCode=1535,"2/7/2026, 1:59:12 PM",3e7a3132-b6ad-4e23-a219-3db2aebd8faa
Hạt điều rang muối Minh Việt vỏ hạt to 400g,Hộp,210000.0,,https://winmart.vn/products/minh-viet-hat-dieu-r.muoi-vo-hat-to-400g--s10015769?storeGroupCode=1998&storeCode=1535,"2/7/2026, 1:59:12 PM",3e7a3132-b6ad-4e23-a219-3db2aebd8faa
Hạt điều rang muối nguyên vỏ Minh Việt 500g,Gói,253900.0,,https://winmart.vn/products/minh-viet-hat-dieu-r.muoi-nguyen-vo-500g--s10015768?storeGroupCode=1998&storeCode=1535,"2/7/2026, 1:59:12 PM",3e7a3132-b6ad-4e23-a219-3db2aebd8faa
Hạt dẻ cười Minh Việt gói 150g,Gói,89900.0,,https://winmart.vn/products/minh-viet-hat-de-cuoi-goi-150g--s10015770?storeGroupCode=1998&storeCode=1535,"2/7/2026, 1:59:12 PM",3e7a3132-b6ad-4e23-a219-3db2aebd8faa
Hạt dẻ cười Pistachios Minh Việt 300g,Gói,171900.0,,https://winmart.vn/products/minh-viet-hat-de-cuoi-pistachios-300g--s10015771?storeGroupCode=1998&storeCode=1535,"2/7/2026, 1:59:12 PM",3e7a3132-b6ad-4e23-a219-3db2aebd8faa
Hạt dẻ cười Minh Việt gói 500g,Gói,286900.0,,https://winmart.vn/products/minh-viet-hat-de-cuoi-goi-500g--s10015772?storeGroupCode=1998&storeCode=1535,"2/7/2026, 1:59:12 PM",3e7a3132-b6ad-4e23-a219-3db2aebd8faa
Snacks và đậu thập cẩm Tân Tân hộp 200g,Hộp,50000.0,,https://winmart.vn/products/tan-tan-snacks-va-dau-thap-cam-hop-200g--s10015752?storeGroupCode=1998&storeCode=1535,"2/7/2026, 1:59:12 PM",3e7a3132-b6ad-4e23-a219-3db2aebd8faa
Snack bắp ngọt Oishi gói 42g,Gói,5400.0,,https://winmart.vn/products/oishi-snack-bap-ngot-34gr--s10015794?storeGroupCode=1998&storeCode=1535,"2/7/2026, 1:59:12 PM",3e7a3132-b6ad-4e23-a219-3db2aebd8faa
Snack tôm cay đặc biệt Oishi gói 45g,Gói,5400.0,,https://winmart.vn/products/oishi-snack-tom-cay-dac-biet-34gr--s10015796?storeGroupCode=1998&storeCode=1535,"2/7/2026, 1:59:12 PM",3e7a3132-b6ad-4e23-a219-3db2aebd8faa
Snack Hành Oishi gói35/39g,Gói,5400.0,,https://winmart.vn/products/oishi-snack-hanh-34gr--s10015799?storeGroupCode=1998&storeCode=1535,"2/7/2026, 1:59:12 PM",3e7a3132-b6ad-4e23-a219-3db2aebd8faa
Snack Oishi cua sốt chua ngọt CrabMe gói 35/39g,Gói,5400.0,,https://winmart.vn/products/oishi-snack-cua-chua-ngot-crabme-34gr--s10015800?storeGroupCode=1998&storeCode=1535,"2/7/2026, 1:59:12 PM",3e7a3132-b6ad-4e23-a219-3db2aebd8faa
Snack bí đỏ vị bò nướng Oishi gói 42g,Gói,5400.0,,https://winmart.vn/products/oishi-snack-bi-do-vi-bo-nuong-34gr--s10015798?storeGroupCode=1998&storeCode=1535,"2/7/2026, 1:59:12 PM",3e7a3132-b6ad-4e23-a219-3db2aebd8faa
Snack pho mát miếng Oishi gói 42g,Gói,5400.0,,https://winmart.vn/products/oishi-snack-phomat-mieng-34gr--s10015795?storeGroupCode=1998&storeCode=1535,"2/7/2026, 1:59:12 PM",3e7a3132-b6ad-4e23-a219-3db2aebd8faa
Snack nhân đậu phộng vị nước cốt dừa Pinattsu Oishi gói 100g,Gói,11000.0,,https://winmart.vn/products/pinattsu-dau-phong-nuoc-cot-dua-8085gr--s10015802?storeGroupCode=1998&storeCode=1535,"2/7/2026, 1:59:12 PM",3e7a3132-b6ad-4e23-a219-3db2aebd8faa
Snack Oishi phồng mực Indochip 35/39g,Gói,5400.0,,https://winmart.vn/products/oishi-snack-phong-muc-indochip-34gr--s10015801?storeGroupCode=1998&storeCode=1535,"2/7/2026, 1:59:12 PM",3e7a3132-b6ad-4e23-a219-3db2aebd8faa
Snack Oishi nhân socola pillow gói 95/85g,Gói,10800.0,,https://winmart.vn/products/oishi-snack-nhan-scl-pillows-goi-80g--s10015804?storeGroupCode=1998&storeCode=1535,"2/7/2026, 1:59:12 PM",3e7a3132-b6ad-4e23-a219-3db2aebd8faa
Snack nhân đậu phộng vị mực cay Pinattsu Oishi gói 100g,Gói,11000.0,,https://winmart.vn/products/pinattsu-dau-phong-vi-muc-cay-80gr-85gr--s10015803?storeGroupCode=1998&storeCode=1535,"2/7/2026, 1:59:12 PM",3e7a3132-b6ad-4e23-a219-3db2aebd8faa
Snack Toonies vị gà BBQ gói 38g,Gói,6500.0,,https://winmart.vn/products/toonies-banh-snack-vi-ga-ran-35g40g--s10015813?storeGroupCode=1998&storeCode=1535,"2/7/2026, 1:59:12 PM",3e7a3132-b6ad-4e23-a219-3db2aebd8faa
Hạt điều rang muối Minh Việt có vỏ 150g,Hộp,84500.0,,https://winmart.vn/products/minh-viet-hat-dieu-r.muoi-co-vo-150g--s10015836?storeGroupCode=1998&storeCode=1535,"2/7/2026, 1:59:12 PM",3e7a3132-b6ad-4e23-a219-3db2aebd8faa
Hạt điều rang muối Minh Việt bóc vỏ 400g,Hộp,244900.0,,https://winmart.vn/products/minh-viet-hat-dieu-r.muoi-boc-vo-400g--s10015837?storeGroupCode=1998&storeCode=1535,"2/7/2026, 1:59:12 PM",3e7a3132-b6ad-4e23-a219-3db2aebd8faa
Snack Oishi nhân sữa dừa Pillows 95/85g,Gói,10800.0,,https://winmart.vn/products/oishi-snack-nhan-sua-dua-pillows-80g--s10015805?storeGroupCode=1998&storeCode=1535,"2/7/2026, 1:59:12 PM",3e7a3132-b6ad-4e23-a219-3db2aebd8faa
Xoài sấy dẻo Vinamit gói 160g,Gói,56900.0,,https://winmart.vn/products/vinamit-xoai-say-deo-goi-100g--s10015893?storeGroupCode=1998&storeCode=1535,"2/7/2026, 1:59:12 PM",3e7a3132-b6ad-4e23-a219-3db2aebd8faa
Hạt điều rang muối Minh Việt bóc vỏ 500g,Gói,291900.0,,https://winmart.vn/products/minh-viet-hat-dieu-r.muoi-boc-vo-500g--s10015835?storeGroupCode=1998&storeCode=1535,"2/7/2026, 1:59:12 PM",3e7a3132-b6ad-4e23-a219-3db2aebd8faa
Snack Lay's wavy vị thăn bò nướng Texas 63/58g,Gói,10900.0,,https://winmart.vn/products/lays-wavy-vi-than-bo-nuong-texas-58g--s10015874?storeGroupCode=1998&storeCode=1535,"2/7/2026, 1:59:12 PM",3e7a3132-b6ad-4e23-a219-3db2aebd8faa
Bánh snack tôm Ruay Puan gói 20g,Gói,5800.0,,https://winmart.vn/products/ruay-puan-snack-tom-goi-20g--s10015902?storeGroupCode=1998&storeCode=1535,"2/7/2026, 1:59:12 PM",3e7a3132-b6ad-4e23-a219-3db2aebd8faa
Snack Toonies vị phô mai Orion gói 36g,Gói,6500.0,,https://winmart.vn/products/toonies-banh-snack-vi-pho-mai-35g40g--s10015811?storeGroupCode=1998&storeCode=1535,"2/7/2026, 1:59:12 PM",3e7a3132-b6ad-4e23-a219-3db2aebd8faa
Snack tôm cay Oishi gói 45g,Gói,5400.0,,https://winmart.vn/products/oishi-snack-tom-cay-34gr--s10015849?storeGroupCode=1998&storeCode=1535,"2/7/2026, 1:59:12 PM",3e7a3132-b6ad-4e23-a219-3db2aebd8faa
Hạt hướng dương Martin rang gói 200g,Gói,63900.0,,https://winmart.vn/products/martin-hat-huong-duong-rang-goi-200g--s10015953?storeGroupCode=1998&storeCode=1535,"2/7/2026, 1:59:12 PM",3e7a3132-b6ad-4e23-a219-3db2aebd8faa
Snack khoai tây Lay's Stax vị tự nhiên lon 110g,Lon,35000.0,,https://winmart.vn/products/lays-snack-k.tay-vi-tu-nhien-105g--s10015924?storeGroupCode=1998&storeCode=1535,"2/7/2026, 1:59:12 PM",3e7a3132-b6ad-4e23-a219-3db2aebd8faa
Snack khoai tây Lay's vị bò bít tết Manhattan gói 95g,Gói,22000.0,,https://winmart.vn/products/lays-wavy-than-bo-nuong-texas-90g--s10015875?storeGroupCode=1998&storeCode=1535,"2/7/2026, 1:59:12 PM",3e7a3132-b6ad-4e23-a219-3db2aebd8faa
Snack rong biển vị truyền thống TaoKaeNoi gói 20g,Gói,28500.0,,https://winmart.vn/products/taokeanoi-snack-r.bien-t.thong-15g--s10016024?storeGroupCode=1998&storeCode=1535,"2/7/2026, 1:59:12 PM",3e7a3132-b6ad-4e23-a219-3db2aebd8faa
Snack Rong biển Taokeanoi vị truyền thống gói 32g,Gói,48900.0,,https://winmart.vn/products/taokeanoi-snack-r.bien-t.thong-32g--s10016026?storeGroupCode=1998&storeCode=1535,"2/7/2026, 1:59:12 PM",3e7a3132-b6ad-4e23-a219-3db2aebd8faa
Snack vị cay Taokaenoi gói 32g,Gói,49000.0,,https://winmart.vn/products/taokeanoi-snack-vi-cay-goi-32g--s10016027?storeGroupCode=1998&storeCode=1535,"2/7/2026, 1:59:12 PM",3e7a3132-b6ad-4e23-a219-3db2aebd8faa
Snack Big sheet truyền thống 3.2g,Gói,8600.0,,https://winmart.vn/products/big-sheet-snack-truyen-thong-3.2g--s10016022?storeGroupCode=1998&storeCode=1535,"2/7/2026, 1:59:12 PM",3e7a3132-b6ad-4e23-a219-3db2aebd8faa
Snack vị cay Big Roll 3g/3.6g,Gói,8800.0,,https://winmart.vn/products/big-roll-snack-vi-cay-3g--s10016035?storeGroupCode=1998&storeCode=1535,"2/7/2026, 1:59:12 PM",3e7a3132-b6ad-4e23-a219-3db2aebd8faa
Snakc tuyền thông Big Roll 3g,Gói,8800.0,,https://winmart.vn/products/big-roll-snack-truyen-thong-3g--s10016034?storeGroupCode=1998&storeCode=1535,"2/7/2026, 1:59:12 PM",3e7a3132-b6ad-4e23-a219-3db2aebd8faa
Big roll Taokeanoi vị mực 3g/3.6g,Gói,8600.0,,https://winmart.vn/products/taokeanoi-big-roll-vi-muc-3g--s10016036?storeGroupCode=1998&storeCode=1535,"2/7/2026, 1:59:12 PM",3e7a3132-b6ad-4e23-a219-3db2aebd8faa
Bắp chiên bơ Hùng Cường gói 200g,Gói,21900.0,,https://winmart.vn/products/hung-cuong-bap-chien-bo-200g--s10016246?storeGroupCode=1998&storeCode=1535,"2/7/2026, 1:59:12 PM",3e7a3132-b6ad-4e23-a219-3db2aebd8faa
Bánh snack khoai tây miếng Lay's Stax vị kem chua và hành tây lon 100g,Lon,35500.0,,https://winmart.vn/products/stax-snack-k.tay-kem-chua-hanh-tay-103g--s10016332?storeGroupCode=1998&storeCode=1535,"2/7/2026, 1:59:12 PM",3e7a3132-b6ad-4e23-a219-3db2aebd8faa
Mít sấy Dann gói 100g,Gói,40300.0,,https://winmart.vn/products/dann-food-mit-say-100g--s10016342?storeGroupCode=1998&storeCode=1535,"2/7/2026, 1:59:12 PM",3e7a3132-b6ad-4e23-a219-3db2aebd8faa
Ngô nếp tươi Minh Dương sấy gói 160g,Gói,46500.0,,https://winmart.vn/products/minh-duong-ngo-nep-tuoi-say-goi-160g--s10016164?storeGroupCode=1998&storeCode=1535,"2/7/2026, 1:59:12 PM",3e7a3132-b6ad-4e23-a219-3db2aebd8faa
Trái cây sấy khô Dann Food gói 100g,Gói,30500.0,,https://winmart.vn/products/dann-food-trai-cay-say-100g--s10016343?storeGroupCode=1998&storeCode=1535,"2/7/2026, 1:59:12 PM",3e7a3132-b6ad-4e23-a219-3db2aebd8faa
Xoài sấy dẻo Dann Food gói 100g,Gói,42300.0,,https://winmart.vn/products/dann-food-xoai-say-deo-100g--s10016344?storeGroupCode=1998&storeCode=1535,"2/7/2026, 1:59:12 PM",3e7a3132-b6ad-4e23-a219-3db2aebd8faa
Bánh Chocopie 2P 66g,Hộp,11000.0,,https://winmart.vn/products/chocopie-banh-2p-66g72.6g--s10056598?storeGroupCode=1998&storeCode=1535,"2/7/2026, 1:59:12 PM",3e7a3132-b6ad-4e23-a219-3db2aebd8faa
Snack Khoai Tây Ostar vị tảo biển gói 30/36g,Gói,6500.0,,https://winmart.vn/products/banh-snack-ostar-vi-tao-bien-35g33g--s10056670?storeGroupCode=1998&storeCode=1535,"2/7/2026, 1:59:12 PM",3e7a3132-b6ad-4e23-a219-3db2aebd8faa
Hạt điều muối 150g,Hộp,81000.0,,https://winmart.vn/products/tuan-dat-hat-dieu-rang-muoi-hop-150g--s10056694?storeGroupCode=1998&storeCode=1535,"2/7/2026, 1:59:12 PM",3e7a3132-b6ad-4e23-a219-3db2aebd8faa
Hạt sen sấy Vinamit gói 250g,Gói,186000.0,,https://winmart.vn/products/vinamit-hat-sen-say-250g--s10056718?storeGroupCode=1998&storeCode=1535,"2/7/2026, 1:59:12 PM",3e7a3132-b6ad-4e23-a219-3db2aebd8faa
YẾN NHUNG Điều vỏ lụa 250g,Hộp,148900.0,,https://winmart.vn/products/yen-nhung-dieu-vo-lua-250g--s10056739?storeGroupCode=1998&storeCode=1535,"2/7/2026, 1:59:12 PM",3e7a3132-b6ad-4e23-a219-3db2aebd8faa
Snack vị truyền thống Big Bang gói 6g,Gói,12500.0,,https://winmart.vn/products/big-bang-snack-vi-truyen-thong-6g--s10056691?storeGroupCode=1998&storeCode=1535,"2/7/2026, 1:59:12 PM",3e7a3132-b6ad-4e23-a219-3db2aebd8faa
Socola Ritter Sport sữa hạnh nhân 100g,Cái,76900.0,,https://winmart.vn/products/ritter-sport-socola-sua-h.nhan-100g--s10060890?storeGroupCode=1998&storeCode=1535,"2/7/2026, 1:59:12 PM",3e7a3132-b6ad-4e23-a219-3db2aebd8faa
Socola đen Ritter Sport hạt dẻ 100g,Cái,76900.0,,https://winmart.vn/products/ritter-sport-socola-den-hat-de-100g--s10060898?storeGroupCode=1998&storeCode=1535,"2/7/2026, 1:59:12 PM",3e7a3132-b6ad-4e23-a219-3db2aebd8faa
Socola sữa hạt dẻ Ritter Sport 100g,Cái,76900.0,,https://winmart.vn/products/ritter-sport-socola-sua-h.de-100g--s10060901?storeGroupCode=1998&storeCode=1535,"2/7/2026, 1:59:12 PM",3e7a3132-b6ad-4e23-a219-3db2aebd8faa
Bánh xốp phô mai Cal Cheese Mayora hộp 20 x 8.5g,Hộp,28900.0,,https://winmart.vn/products/cal-cheese-banh-xop-8.5-x18g--s10060926?storeGroupCode=1998&storeCode=1535,"2/7/2026, 1:59:12 PM",3e7a3132-b6ad-4e23-a219-3db2aebd8faa
Socola trứng Kinder Joy bé gái hộp 20g,Qủa,33900.0,,https://winmart.vn/products/kinder-joy-socola-cho-be-gai-20g--s10060963?storeGroupCode=1998&storeCode=1535,"2/7/2026, 1:59:12 PM",3e7a3132-b6ad-4e23-a219-3db2aebd8faa
Sôcôla KitKat Nestle hộp 102g,Gói,61500.0,,https://winmart.vn/products/kitkat-socola-102g--s10076156?storeGroupCode=1998&storeCode=1535,"2/7/2026, 1:59:12 PM",3e7a3132-b6ad-4e23-a219-3db2aebd8faa
Socola trứng Kinder Joy bé trai hộp 20g,Qủa,33900.0,,https://winmart.vn/products/kinder-joy-socola-cho-be-trai-20g--s10081368?storeGroupCode=1998&storeCode=1535,"2/7/2026, 1:59:12 PM",3e7a3132-b6ad-4e23-a219-3db2aebd8faa
Snack Khoai Tây Karamucho cay đặc biệt 85g,Gói,24500.0,,https://winmart.vn/products/karamucho-snack-k.tay-cay-db-82g--s10132432?storeGroupCode=1998&storeCode=1535,"2/7/2026, 1:59:12 PM",3e7a3132-b6ad-4e23-a219-3db2aebd8faa
Bánh dứa Sansugon Yeou Bin Mini 470g,Hộp,201000.0,,https://winmart.vn/products/sansugongbanh-dua-yeou-bin-mini-470g--s10190369?storeGroupCode=1998&storeCode=1535,"2/7/2026, 1:59:12 PM",3e7a3132-b6ad-4e23-a219-3db2aebd8faa
Bánh gạo One One tảo biển bạch tuộc nướng 104g,Gói,25100.0,,https://winmart.vn/products/oneone-banh-gao-t.bien-b.tuocbbq-104g--s10191018?storeGroupCode=1998&storeCode=1535,"2/7/2026, 1:59:12 PM",3e7a3132-b6ad-4e23-a219-3db2aebd8faa
Bò nướng tiêu đen Swing Max 108g,Gói,21600.0,,https://winmart.vn/products/swing-max-bo-nuong-tieu-den-9578g--s10191553?storeGroupCode=1998&storeCode=1535,"2/7/2026, 1:59:12 PM",3e7a3132-b6ad-4e23-a219-3db2aebd8faa
Bánh que Pocky Double Sô cô la 39g,Hộp,17900.0,,https://winmart.vn/products/pocky-banh-que-double-so-co-la-39g--s10191608?storeGroupCode=1998&storeCode=1535,"2/7/2026, 1:59:12 PM",3e7a3132-b6ad-4e23-a219-3db2aebd8faa
Snack bánh mì hương tỏi An Viên HN 120g,Gói,43900.0,,https://winmart.vn/products/an-vien-hn-snack-banh-mi-huong-toi-120g--s10191598?storeGroupCode=1998&storeCode=1535,"2/7/2026, 1:59:12 PM",3e7a3132-b6ad-4e23-a219-3db2aebd8faa
Bánh que vị trà xanh Pocky 35g,Hộp,17900.0,,https://winmart.vn/products/pocky-banh-que-vi-tra-xanh-35g--s10191607?storeGroupCode=1998&storeCode=1535,"2/7/2026, 1:59:12 PM",3e7a3132-b6ad-4e23-a219-3db2aebd8faa
Bánh que Pocky vị dâu 38g,Hộp,17800.0,,https://winmart.vn/products/pocky-banh-que-vi-dau-38g--s10191609?storeGroupCode=1998&storeCode=1535,"2/7/2026, 1:59:12 PM",3e7a3132-b6ad-4e23-a219-3db2aebd8faa
Bánh Que vị SoCoLa Pocky hộp 40g,Hộp,17900.0,,https://winmart.vn/products/pocky-banh-que-vi-socola-40g--s10191610?storeGroupCode=1998&storeCode=1535,"2/7/2026, 1:59:12 PM",3e7a3132-b6ad-4e23-a219-3db2aebd8faa
Bánh kem xốp phô mai Tipo hộp 180g,Hộp,29500.0,,https://winmart.vn/products/tipo-banh-kem-xop-pho-mai-180g--s10192260?storeGroupCode=1998&storeCode=1535,"2/7/2026, 1:59:12 PM",3e7a3132-b6ad-4e23-a219-3db2aebd8faa
Kẹo the Playmore vị nho hũ 22g,Hộp,34000.0,,https://winmart.vn/products/playmore-keo-the-vi-nho-hu-22g--s10192262?storeGroupCode=1998&storeCode=1535,"2/7/2026, 1:59:12 PM",3e7a3132-b6ad-4e23-a219-3db2aebd8faa
Kẹo the PLAYMORE siêu mát lạnh 22g,Hộp,34000.0,,https://winmart.vn/products/playmore-keo-the-sieu-mat-lanh-22g--s10192263?storeGroupCode=1998&storeCode=1535,"2/7/2026, 1:59:12 PM",3e7a3132-b6ad-4e23-a219-3db2aebd8faa
Xoài sấy dẻo Tuấn Đạt gói 500g,Gói,189700.0,,https://winmart.vn/products/tuan-dat-xoai-say-deo-goi-500g--s10192431?storeGroupCode=1998&storeCode=1535,"2/7/2026, 1:59:12 PM",3e7a3132-b6ad-4e23-a219-3db2aebd8faa
Bánh gấu Koala's March socola black 37g,Hộp,18100.0,,https://winmart.vn/products/koalas-march-banh-gau-scl-black-37g--s10192450?storeGroupCode=1998&storeCode=1535,"2/7/2026, 1:59:12 PM",3e7a3132-b6ad-4e23-a219-3db2aebd8faa
Snack Lay Stax khoai tây vị tự nhiên 160g,Lon,48000.0,,https://winmart.vn/products/lay-stax-khoai-tay-vi-tu-nhien-160g155g--s10192428?storeGroupCode=1998&storeCode=1535,"2/7/2026, 1:59:12 PM",3e7a3132-b6ad-4e23-a219-3db2aebd8faa
Kẹo bơm PLaymore bong bóng 100g,Cái,63200.0,,https://winmart.vn/products/playmore-keo-bom-bong-bong-5g--s10192536?storeGroupCode=1998&storeCode=1535,"2/7/2026, 1:59:12 PM",3e7a3132-b6ad-4e23-a219-3db2aebd8faa
Xoài sấy dẻo Tuấn Đạt gói 100g,Gói,40600.0,,https://winmart.vn/products/tuan-dat-xoai-say-deo-goi-100g--s10192659?storeGroupCode=1998&storeCode=1535,"2/7/2026, 1:59:12 PM",3e7a3132-b6ad-4e23-a219-3db2aebd8faa
Kẹo mút Sukusuku hương trái cây 72g,Gói,19500.0,,https://winmart.vn/products/sukusuku-keo-mut-huong-trai-cay-72g--s10192785?storeGroupCode=1998&storeCode=1535,"2/7/2026, 1:59:12 PM",3e7a3132-b6ad-4e23-a219-3db2aebd8faa
Kẹo ngậm Mentos không đường chanh bạc hà 35g,Hộp,37200.0,,https://winmart.vn/products/mentos-keo-ngam-k.dg-chanh-bac-ha-35g--s10192797?storeGroupCode=1998&storeCode=1535,"2/7/2026, 1:59:12 PM",3e7a3132-b6ad-4e23-a219-3db2aebd8faa
Kẹo lồng Playmore cún cảnh gói 8g,Cái,61900.0,,https://winmart.vn/products/playmore-keo-long-cun-canh-8g--s10192537?storeGroupCode=1998&storeCode=1535,"2/7/2026, 1:59:12 PM",3e7a3132-b6ad-4e23-a219-3db2aebd8faa
Kẹo ngậm Mentos không đường bạc hà 35g,Hộp,36800.0,,https://winmart.vn/products/mentos-keo-ngam-k.dg-bac-ha-35g--s10192798?storeGroupCode=1998&storeCode=1535,"2/7/2026, 1:59:12 PM",3e7a3132-b6ad-4e23-a219-3db2aebd8faa
Kẹo mút Chuppa Chups còi thổi 15g,Gói,28000.0,,https://winmart.vn/products/chupa-chups-keo-mut-coi-thoi-60g--s10192800?storeGroupCode=1998&storeCode=1535,"2/7/2026, 1:59:12 PM",3e7a3132-b6ad-4e23-a219-3db2aebd8faa
Me thái cay ngọt FITO hộp 100g,Gói,30000.0,,https://winmart.vn/products/fito-me-thai-cay-ngot-hop-100g--s10192825?storeGroupCode=1998&storeCode=1535,"2/7/2026, 1:59:12 PM",3e7a3132-b6ad-4e23-a219-3db2aebd8faa
Bánh gạo Richy Jinju vị bò nướng tiêu 134.4g,Gói,26800.0,,https://winmart.vn/products/richy-banh-gao-jingu-bo-nuong-tieu1344g--s10192803?storeGroupCode=1998&storeCode=1535,"2/7/2026, 1:59:12 PM",3e7a3132-b6ad-4e23-a219-3db2aebd8faa
Me thái ngọt Fito hộp 200g,Hộp,46900.0,,https://winmart.vn/products/fito-me-thai-ngot-hop-200g--s10192986?storeGroupCode=1998&storeCode=1535,"2/7/2026, 1:59:12 PM",3e7a3132-b6ad-4e23-a219-3db2aebd8faa
Kẹo dẻo chupa chups bites gói 90g,Gói,24400.0,,https://winmart.vn/products/chupa-chups-keo-deo-bites-90g--s10193139?storeGroupCode=1998&storeCode=1535,"2/7/2026, 1:59:12 PM",3e7a3132-b6ad-4e23-a219-3db2aebd8faa
Gum mini gumballs machine Zed Candy 35g,Cái,42600.0,,https://winmart.vn/products/zed-candy-gum-mini-gumballs-machine-35g--s10193292?storeGroupCode=1998&storeCode=1535,"2/7/2026, 1:59:12 PM",3e7a3132-b6ad-4e23-a219-3db2aebd8faa
Bò khô Thu Ba hộp 250g,Hộp,235700.0,,https://winmart.vn/products/thu-ba-bo-kho-hop-250g--s10193459?storeGroupCode=1998&storeCode=1535,"2/7/2026, 1:59:12 PM",3e7a3132-b6ad-4e23-a219-3db2aebd8faa
Kẹo the Playmore vị đào Sakura 22g,Hộp,34000.0,,https://winmart.vn/products/playmore-keo-the-vi-dao-sakura-22g--s10193293?storeGroupCode=1998&storeCode=1535,"2/7/2026, 1:59:12 PM",3e7a3132-b6ad-4e23-a219-3db2aebd8faa
Khô bò miếng cay truyền thống Pichi gói 50g,Gói,76900.0,,https://winmart.vn/products/pichi-kho-bo-mieng-cay-truyen-thong-50g--s10193300?storeGroupCode=1998&storeCode=1535,"2/7/2026, 1:59:12 PM",3e7a3132-b6ad-4e23-a219-3db2aebd8faa
Bánh Mochi Royal Family trà sữa 210g,Hộp,68700.0,,https://winmart.vn/products/royal-family-banh-mochi-tra-sua210g--s10193530?storeGroupCode=1998&storeCode=1535,"2/7/2026, 1:59:12 PM",3e7a3132-b6ad-4e23-a219-3db2aebd8faa
Kẹo trái tim Relkon đồ chơi Hello Kitty,Cái,31000.0,,https://winmart.vn/products/relkon-keomut-traitimhgdauphucbontu-10g--s10193758?storeGroupCode=1998&storeCode=1535,"2/7/2026, 1:59:12 PM",3e7a3132-b6ad-4e23-a219-3db2aebd8faa
Kẹo Relkon trứng đồ chơi Justice League,Cái,31000.0,,https://winmart.vn/products/relkon-keomut-quatrunghgdauphucbontu10g--s10193760?storeGroupCode=1998&storeCode=1535,"2/7/2026, 1:59:12 PM",3e7a3132-b6ad-4e23-a219-3db2aebd8faa
Kẹo búp bê Relkon Hello Kitty,Cái,37000.0,,https://winmart.vn/products/relkon-keo-deo-flipperz-cho-be-gai--s10193761?storeGroupCode=1998&storeCode=1535,"2/7/2026, 1:59:12 PM",3e7a3132-b6ad-4e23-a219-3db2aebd8faa
Kẹo Relkon cây quạt và con dấu Shimmer&shine,Cái,117000.0,,https://winmart.vn/products/relkon-keo-cay-quatcondau-shimmershine--s10193766?storeGroupCode=1998&storeCode=1535,"2/7/2026, 1:59:12 PM",3e7a3132-b6ad-4e23-a219-3db2aebd8faa
Kẹo cây quạt và con dấu Relkon Hello Kitty,Cái,125000.0,,https://winmart.vn/products/relkon-keo-do-choi-cay-quat-bat-ngo-10g--s10193764?storeGroupCode=1998&storeCode=1535,"2/7/2026, 1:59:12 PM",3e7a3132-b6ad-4e23-a219-3db2aebd8faa
Kẹo tự làm DIY socola - hình thú hộp 42g,Hộp,40000.0,,https://winmart.vn/products/diy-keo-tu-lam-socola-hinh-thu-hop-42g--s10193778?storeGroupCode=1998&storeCode=1535,"2/7/2026, 1:59:12 PM",3e7a3132-b6ad-4e23-a219-3db2aebd8faa
Bánh đậu xanh Bánh chưng Tết,Hộp,174200.0,,https://winmart.vn/products/banh-dau-xanh-banh-chung-tetrvhg250g--s10193876?storeGroupCode=1998&storeCode=1535,"2/7/2026, 1:59:12 PM",3e7a3132-b6ad-4e23-a219-3db2aebd8faa
Bánh đậu xanh Hoàng Gia chĩnh vàng thần tài 250g,Hộp,270000.0,,https://winmart.vn/products/banh-dau-xanh-chinh-vangthan-tairvhg250g--s10193872?storeGroupCode=1998&storeCode=1535,"2/7/2026, 1:59:12 PM",3e7a3132-b6ad-4e23-a219-3db2aebd8faa
Bánh tự làm DIY my sushi hộp 43g,Hộp,42400.0,,https://winmart.vn/products/diy-banh-tu-lam-my-sushi-hop-43g--s10193779?storeGroupCode=1998&storeCode=1535,"2/7/2026, 1:59:12 PM",3e7a3132-b6ad-4e23-a219-3db2aebd8faa
Bánh dứa vị trà sữa trân châu 470g,Hộp,201000.0,,https://winmart.vn/products/yeou-bin-banh-dua-vi-tr.sua-tranchau470g--s10193948?storeGroupCode=1998&storeCode=1535,"2/7/2026, 1:59:12 PM",3e7a3132-b6ad-4e23-a219-3db2aebd8faa
Khoai tây Lay's vị tảo biển Nori 150g,Gói,33000.0,,https://winmart.vn/products/lays-khoai-tay-vi-tao-bien-nori-150g--s10194183?storeGroupCode=1998&storeCode=1535,"2/7/2026, 1:59:12 PM",3e7a3132-b6ad-4e23-a219-3db2aebd8faa
Khoai tây Lay's vị thăn bò nướng Texas 150g,Gói,33000.0,,https://winmart.vn/products/layskhoai-tay-vi-than-bo-nuongtexas150g--s10194184?storeGroupCode=1998&storeCode=1535,"2/7/2026, 1:59:12 PM",3e7a3132-b6ad-4e23-a219-3db2aebd8faa
Khoai tây LAY'S vị tự nhiên classic 150g,Gói,33000.0,,https://winmart.vn/products/lays-khoai-tay-vi-tu-nhien-classic-150g--s10194182?storeGroupCode=1998&storeCode=1535,"2/7/2026, 1:59:12 PM",3e7a3132-b6ad-4e23-a219-3db2aebd8faa
Bánh Socola OREO Pie Cadbury hộp 360g,Hộp,63900.0,,https://winmart.vn/products/oreo-banh-socola-pie-336g420g--s10194650?storeGroupCode=1998&storeCode=1535,"2/7/2026, 1:59:12 PM",3e7a3132-b6ad-4e23-a219-3db2aebd8faa
Snack O'star khoai tây tự nhiên gói 63g,Gói,11900.0,,https://winmart.vn/products/ostar-snack-khoai-tay-tu-nhien-63g55g--s10194726?storeGroupCode=1998&storeCode=1535,"2/7/2026, 1:59:12 PM",3e7a3132-b6ad-4e23-a219-3db2aebd8faa
Snack O'star khoai tây tự nhiên 108g,Gói,21600.0,,https://winmart.vn/products/ostar-snack-khoai-tay-tu-nhien-105g95g--s10194725?storeGroupCode=1998&storeCode=1535,"2/7/2026, 1:59:12 PM",3e7a3132-b6ad-4e23-a219-3db2aebd8faa
Kẹo dẻo trái cây Trolli Mini Berger 50g,Cái,36300.0,,https://winmart.vn/products/trolli-keo-deo-trai-cay-mini-berger-50g--s10194730?storeGroupCode=1998&storeCode=1535,"2/7/2026, 1:59:12 PM",3e7a3132-b6ad-4e23-a219-3db2aebd8faa
Bánh que Toppo nhân kem dâu 40g,Hộp,17000.0,,https://winmart.vn/products/toppo-banh-que-nhan-kem-dau-40g--s10194740?storeGroupCode=1998&storeCode=1535,"2/7/2026, 1:59:12 PM",3e7a3132-b6ad-4e23-a219-3db2aebd8faa
Thạch rau câu cốt trái cây tươi Fruit Gel,0.5KG,32850.0,,https://winmart.vn/products/thach-rc-cot-trai-cay-tuoi-fruit-gel--s10194775?storeGroupCode=1998&storeCode=1535,"2/7/2026, 1:59:12 PM",3e7a3132-b6ad-4e23-a219-3db2aebd8faa
Bánh Bông Lan Ăn Sáng C'est Bon Sợi Thịt Gà Nhân Kem Phô Mai (Gói 5 cái),Gói,22000.0,,https://winmart.vn/products/cest-bon-banh-bong-lan-nhan-pho-mai-5p--s10194734?storeGroupCode=1998&storeCode=1535,"2/7/2026, 1:59:12 PM",3e7a3132-b6ad-4e23-a219-3db2aebd8faa
Kẹo Popit Doraemon Phạm Nguyên,Gói,50000.0,,https://winmart.vn/products/p.nguyen-k.popit-doreamon-240g--s10194779?storeGroupCode=1998&storeCode=1535,"2/7/2026, 1:59:12 PM",3e7a3132-b6ad-4e23-a219-3db2aebd8faa
Bánh gạo Jinju cốm sữa,Gói,25900.0,,https://winmart.vn/products/jinju-banh-gao-vi-com-sua-145g--s10194776?storeGroupCode=1998&storeCode=1535,"2/7/2026, 1:59:12 PM",3e7a3132-b6ad-4e23-a219-3db2aebd8faa
Kẹo dẻo jelly Jongkol Mashmalow xiên que gói 300g,Gói,96000.0,,https://winmart.vn/products/vinh-tien-keo-deo-mashmalow-jongkol-300g--s10194785?storeGroupCode=1998&storeCode=1535,"2/7/2026, 1:59:12 PM",3e7a3132-b6ad-4e23-a219-3db2aebd8faa
Socola Vĩnh Tiến đồng tiền kho báu 112/100g,Hộp,88300.0,,https://winmart.vn/products/keo-socola-d.tien-choc-coin-100g--s10194789?storeGroupCode=1998&storeCode=1535,"2/7/2026, 1:59:12 PM",3e7a3132-b6ad-4e23-a219-3db2aebd8faa
Kẹo mút trái cây khổng lồ Phương Hiền gói 90g,Cái,51700.0,,https://winmart.vn/products/keo-trai-cay-popop-khong-lo-90g--s10194809?storeGroupCode=1998&storeCode=1535,"2/7/2026, 1:59:12 PM",3e7a3132-b6ad-4e23-a219-3db2aebd8faa
Bánh gạo vị rau củ Vetrue 300g,Gói,82000.0,,https://winmart.vn/products/vetrue-banh-gao-vi-rau-cu-300g--s10194944?storeGroupCode=1998&storeCode=1535,"2/7/2026, 1:59:12 PM",3e7a3132-b6ad-4e23-a219-3db2aebd8faa
Bánh gạo Vetrue phô mai 320g,Gói,81900.0,,https://winmart.vn/products/vetrue-banh-gao-phomai-320g--s10194945?storeGroupCode=1998&storeCode=1535,"2/7/2026, 1:59:12 PM",3e7a3132-b6ad-4e23-a219-3db2aebd8faa
Bánh gạo giòn Nguyên Huy trứng muối 300g,Gói,81500.0,,https://winmart.vn/products/nguyen-huy-banh-gao-gion-trung-muoi-300g--s10194938?storeGroupCode=1998&storeCode=1535,"2/7/2026, 1:59:12 PM",3e7a3132-b6ad-4e23-a219-3db2aebd8faa
Bánh bông lan kem sữa Tipo hộp 180g,Hộp,27900.0,,https://winmart.vn/products/tipo-b.-trung-bong-lan-cuon-kem-sua-180g--s10195036?storeGroupCode=1998&storeCode=1535,"2/7/2026, 1:59:12 PM",3e7a3132-b6ad-4e23-a219-3db2aebd8faa
Snack vị bò lúc lắc Poca gói 75g,Gói,10500.0,,https://winmart.vn/products/poca-snack-vi-bo-luc-lac-75g--s10195058?storeGroupCode=1998&storeCode=1535,"2/7/2026, 1:59:12 PM",3e7a3132-b6ad-4e23-a219-3db2aebd8faa
Snack mực lăn muối ớt Poca gói 75g,Gói,10500.0,,https://winmart.vn/products/poca-snack-muc-lan-muoi-ot-75g--s10195059?storeGroupCode=1998&storeCode=1535,"2/7/2026, 1:59:12 PM",3e7a3132-b6ad-4e23-a219-3db2aebd8faa
Thạch trái cây tươi Vietfood Fruit Gel 850g,Gói,53600.0,,https://winmart.vn/products/vietfood-thach-tr.cay-tuoi-fruit-gel850g--s10195106?storeGroupCode=1998&storeCode=1535,"2/7/2026, 1:59:12 PM",3e7a3132-b6ad-4e23-a219-3db2aebd8faa
"Snack Oishi vị cookie, kem vani gói 95/85g",Gói,11300.0,,https://winmart.vn/products/oishi-snack-vi-cookie-kem-vani-80g--s10195156?storeGroupCode=1998&storeCode=1535,"2/7/2026, 1:59:12 PM",3e7a3132-b6ad-4e23-a219-3db2aebd8faa
Snack Oishi tôm cay đặc biệt gói 68g/73g,Gói,11800.0,,https://winmart.vn/products/oishi-snack-tom-cay-db-goi-68g-73g--s10195157?storeGroupCode=1998&storeCode=1535,"2/7/2026, 1:59:12 PM",3e7a3132-b6ad-4e23-a219-3db2aebd8faa
Kẹo dẻo Happy Grapes Haribo gói 80g,Gói,28800.0,,https://winmart.vn/products/haribo-keo-deo-happy-grapes-80g--s10195191?storeGroupCode=1998&storeCode=1535,"2/7/2026, 1:59:12 PM",3e7a3132-b6ad-4e23-a219-3db2aebd8faa
Kẹo Storch socola sữa hỗn hợp Merci 250g,Hộp,198000.0,,https://winmart.vn/products/storck-keo-socola-sua-hon-hop-merci-250g--s10195192?storeGroupCode=1998&storeCode=1535,"2/7/2026, 1:59:12 PM",3e7a3132-b6ad-4e23-a219-3db2aebd8faa
Socola đen Ritter Sport hạnh nhân 100g,Cái,76900.0,,https://winmart.vn/products/ritter-sport-socola-den-hanh-nhan-100g--s10195194?storeGroupCode=1998&storeCode=1535,"2/7/2026, 1:59:12 PM",3e7a3132-b6ad-4e23-a219-3db2aebd8faa
Kẹo the vị cookie dâu Playmore 22g,Hộp,34000.0,,https://winmart.vn/products/playmore-keo-the-huong-dau-tay-22g--s10195185?storeGroupCode=1998&storeCode=1535,"2/7/2026, 1:59:12 PM",3e7a3132-b6ad-4e23-a219-3db2aebd8faa
Franzzi Bánh quy vị sô cô la phô mai115g,Gói,38900.0,,https://winmart.vn/products/franzzi-banh-quy-vi-so-co-la-pho-mai115g--s10195206?storeGroupCode=1998&storeCode=1535,"2/7/2026, 1:59:12 PM",3e7a3132-b6ad-4e23-a219-3db2aebd8faa
Khoai tây LAY STAX vị tôm hùm nướng ngũ vị lon 160g,Lon,48000.0,,https://winmart.vn/products/lay-stax-tom-hum-nuong-ngu-vi-160155g--s10195380?storeGroupCode=1998&storeCode=1535,"2/7/2026, 1:59:12 PM",3e7a3132-b6ad-4e23-a219-3db2aebd8faa
Bánh quy Cosy Marie gói 240g,Gói,29900.0,,https://winmart.vn/products/cosy-banh-quy-marie-240g--s10195386?storeGroupCode=1998&storeCode=1535,"2/7/2026, 1:59:12 PM",3e7a3132-b6ad-4e23-a219-3db2aebd8faa
Kẹo dẻo PLAYMORE hình trứng chiên gói 48g,Gói,30500.0,,https://winmart.vn/products/playmore-keo-deo-hinh-trung-chien-48g--s10195352?storeGroupCode=1998&storeCode=1535,"2/7/2026, 1:59:12 PM",3e7a3132-b6ad-4e23-a219-3db2aebd8faa
Bánh Oreo Chocolate 66.5g,Gói,10100.0,,https://winmart.vn/products/oreo-chocolate-64.4g--s10195389?storeGroupCode=1998&storeCode=1535,"2/7/2026, 1:59:12 PM",3e7a3132-b6ad-4e23-a219-3db2aebd8faa
Bánh bông lan nhận trứng muối C'est Bon gói 162.4g,Gói,36400.0,,https://winmart.vn/products/cestbon-banh-soi-gakemtrung-lava-162.4g--s10195216?storeGroupCode=1998&storeCode=1535,"2/7/2026, 1:59:12 PM",3e7a3132-b6ad-4e23-a219-3db2aebd8faa
Kẹo dẻo Playmore mì jajang 60g,Hộp,38500.0,,https://winmart.vn/products/playmore-keo-deo-mi-jajang-60g--s10195353?storeGroupCode=1998&storeCode=1535,"2/7/2026, 1:59:12 PM",3e7a3132-b6ad-4e23-a219-3db2aebd8faa
Kẹo dẻo Haribo Happy Worm Sour gói 80g,Gói,28800.0,,https://winmart.vn/products/haribo-keo-deo-happy-worm-sour-80g--s10195450?storeGroupCode=1998&storeCode=1535,"2/7/2026, 1:59:12 PM",3e7a3132-b6ad-4e23-a219-3db2aebd8faa
Quế Hoa Hồng Merry 200g,Hộp,61900.0,,https://winmart.vn/products/mery-banh-que-vani-200g-do-xanh--s10195533?storeGroupCode=1998&storeCode=1535,"2/7/2026, 1:59:12 PM",3e7a3132-b6ad-4e23-a219-3db2aebd8faa
Kẹo đậu phộng hạnh nhân socola KDV 180g,Gói,62500.0,,https://winmart.vn/products/kdv-keo-socola-hanh-nhan-krokant-180g--s10195572?storeGroupCode=1998&storeCode=1535,"2/7/2026, 1:59:12 PM",3e7a3132-b6ad-4e23-a219-3db2aebd8faa
Kẹo đậu phộng hạnh nhân socola KDV 500g,Gói,159000.0,,https://winmart.vn/products/kdv-keo-socola-hanh-nhan-krokant-goi500g--s10195573?storeGroupCode=1998&storeCode=1535,"2/7/2026, 1:59:12 PM",3e7a3132-b6ad-4e23-a219-3db2aebd8faa
"Kẹo dẻo Vị Đào Boom 52,5g",Gói,12700.0,,https://winmart.vn/products/boom-keo-deo-vi-dao-525g--s10195875?storeGroupCode=1998&storeCode=1535,"2/7/2026, 1:59:12 PM",3e7a3132-b6ad-4e23-a219-3db2aebd8faa
Mít sấy WinMart Good gói 150g,Gói,45400.0,,https://winmart.vn/products/wmg-mit-say-150g--s10195885?storeGroupCode=1998&storeCode=1535,"2/7/2026, 1:59:12 PM",3e7a3132-b6ad-4e23-a219-3db2aebd8faa
Mít sấy WinMart Good 100g,Gói,31200.0,,https://winmart.vn/products/wmg-mit-say-100g--s10195884?storeGroupCode=1998&storeCode=1535,"2/7/2026, 1:59:12 PM",3e7a3132-b6ad-4e23-a219-3db2aebd8faa
Thập cẩm sấy WinMart Good gói 150g,Gói,32900.0,,https://winmart.vn/products/wmg-thap-cam-say-150g--s10195887?storeGroupCode=1998&storeCode=1535,"2/7/2026, 1:59:12 PM",3e7a3132-b6ad-4e23-a219-3db2aebd8faa
Bánh yến mạch sữa Richy gói 250g,Gói,50100.0,,https://winmart.vn/products/richy-banh-yen-mach-sua-250g--s10195891?storeGroupCode=1998&storeCode=1535,"2/7/2026, 1:59:12 PM",3e7a3132-b6ad-4e23-a219-3db2aebd8faa
Xoài sấy dẻo WinMart Good 100g,Gói,36100.0,,https://winmart.vn/products/wmg-xoai-say-deo-100g--s10195886?storeGroupCode=1998&storeCode=1535,"2/7/2026, 1:59:12 PM",3e7a3132-b6ad-4e23-a219-3db2aebd8faa
Bánh Kenju kem dẻo Richy túi 186g,Gói,45500.0,,https://winmart.vn/products/richy-banh-kenju-kem-deo-goi-186g--s10195893?storeGroupCode=1998&storeCode=1535,"2/7/2026, 1:59:12 PM",3e7a3132-b6ad-4e23-a219-3db2aebd8faa
Bánh vị Kem Cốm Custas hộp 12P 276g,Hộp,61200.0,,https://winmart.vn/products/custas-banh-bong-lan-kem-com-276g279g--s10195894?storeGroupCode=1998&storeCode=1535,"2/7/2026, 1:59:12 PM",3e7a3132-b6ad-4e23-a219-3db2aebd8faa
Bánh gạo An khoai tây phô mai nướng gói 100.8g,Gói,21900.0,,https://winmart.vn/products/an-banh-gao-k.tay-p.mai-nuong-100.8g--s10195895?storeGroupCode=1998&storeCode=1535,"2/7/2026, 1:59:12 PM",3e7a3132-b6ad-4e23-a219-3db2aebd8faa
Bánh cuộn kem sữa chua việt quất Tipo 180g,Hộp,32600.0,,https://winmart.vn/products/tipo-banh-cuon-kem-s.chua-viet-quat-180g--s10195916?storeGroupCode=1998&storeCode=1535,"2/7/2026, 1:59:12 PM",3e7a3132-b6ad-4e23-a219-3db2aebd8faa
Kẹo nổ Striking hương đào 15g,Gói,25000.0,,https://winmart.vn/products/striking-keo-no-huong-dao-15g--s10195920?storeGroupCode=1998&storeCode=1535,"2/7/2026, 1:59:12 PM",3e7a3132-b6ad-4e23-a219-3db2aebd8faa
Bánh Bông Lan Cuộn Kem Dâu Tipo hộp 180g,Hộp,28100.0,,https://winmart.vn/products/tipo-banh-bong-lan-cuon-kem-vi-dau-h180g--s10195918?storeGroupCode=1998&storeCode=1535,"2/7/2026, 1:59:12 PM",3e7a3132-b6ad-4e23-a219-3db2aebd8faa
Ngô nếp tươi cay Hà Nội xưa gói 150g,Gói,35500.0,,https://winmart.vn/products/ha-noi-xua-ngo-nep-tuoi-cay-150g--s10195930?storeGroupCode=1998&storeCode=1535,"2/7/2026, 1:59:12 PM",3e7a3132-b6ad-4e23-a219-3db2aebd8faa
Kẹo dẻo Boom vị đào gói 91g,Gói,20900.0,,https://winmart.vn/products/boom-keo-deo-vi-dao-91g--s10195932?storeGroupCode=1998&storeCode=1535,"2/7/2026, 1:59:12 PM",3e7a3132-b6ad-4e23-a219-3db2aebd8faa
Snack O'star Family Pack vị Kim Chi 152g,Gói,30100.0,,https://winmart.vn/products/ostar-snack-vi-kim-chi-hq-152g--s10195934?storeGroupCode=1998&storeCode=1535,"2/7/2026, 1:59:12 PM",3e7a3132-b6ad-4e23-a219-3db2aebd8faa
Snack Swing Family Pack vị bò 152g,Gói,30100.0,,https://winmart.vn/products/swing-snack-vi-bit-tet-ny-152g--s10195935?storeGroupCode=1998&storeCode=1535,"2/7/2026, 1:59:12 PM",3e7a3132-b6ad-4e23-a219-3db2aebd8faa
"Bánh dinh dưỡng Peitein 12 loại, mè đen gói 160g",Gói,78900.0,,https://winmart.vn/products/peitein-banh-d.duong-12-loai-me-den160g--s10195948?storeGroupCode=1998&storeCode=1535,"2/7/2026, 1:59:12 PM",3e7a3132-b6ad-4e23-a219-3db2aebd8faa
Bánh que vị rong biển Mix 60g,Gói,16000.0,,https://winmart.vn/products/mix-banh-que-vi-rong-bien-6050g--s10195958?storeGroupCode=1998&storeCode=1535,"2/7/2026, 1:59:12 PM",3e7a3132-b6ad-4e23-a219-3db2aebd8faa
Bánh quy caramel flan AFC hộp 125g,Hộp,24300.0,,https://winmart.vn/products/afc-banh-dd-caramel-flan-125109gt36--s10195969?storeGroupCode=1998&storeCode=1535,"2/7/2026, 1:59:12 PM",3e7a3132-b6ad-4e23-a219-3db2aebd8faa
Thanh dinh dưỡng Play vị rong biển 25g,Hộp,102500.0,,https://winmart.vn/products/play-thanh-d.duong-vi-rong-bien-25g--s10195983?storeGroupCode=1998&storeCode=1535,"2/7/2026, 1:59:12 PM",3e7a3132-b6ad-4e23-a219-3db2aebd8faa
Bánh cuộn Gery phủ socola vani 276g,Hộp,49500.0,,https://winmart.vn/products/gery-banh-cuon-phu-socola-vani-276g299g--s10195985?storeGroupCode=1998&storeCode=1535,"2/7/2026, 1:59:12 PM",3e7a3132-b6ad-4e23-a219-3db2aebd8faa
Thanh dinh dưỡng Play việt quất hạt điều 25g,Hộp,102500.0,,https://winmart.vn/products/play-thanh-d.duong-v.quat-h.dieu-25g--s10195982?storeGroupCode=1998&storeCode=1535,"2/7/2026, 1:59:12 PM",3e7a3132-b6ad-4e23-a219-3db2aebd8faa
Kẹo xương cá và lồng mèo Playmore 8g,Cái,62000.0,,https://winmart.vn/products/playmore-keo-xuong-ca-va-long-meo-8g--s10195995?storeGroupCode=1998&storeCode=1535,"2/7/2026, 1:59:12 PM",3e7a3132-b6ad-4e23-a219-3db2aebd8faa
Thạch Caramen Zai Zai Đức Hạnh (Kg),0.5KG,42950.0,,https://winmart.vn/products/duc-hanh-thach-caramen-zai-zai--s10196002?storeGroupCode=1998&storeCode=1535,"2/7/2026, 1:59:12 PM",3e7a3132-b6ad-4e23-a219-3db2aebd8faa
Snack Talaethong mực vị truyền thống gói 100g,Gói,34000.0,,https://winmart.vn/products/talaethong-snack-muc-vi-truyen-thong100g--s10196005?storeGroupCode=1998&storeCode=1535,"2/7/2026, 1:59:12 PM",3e7a3132-b6ad-4e23-a219-3db2aebd8faa
Bánh Que DoaKbua vị Tomyum stick biscuit gói 62g,Gói,19900.0,,https://winmart.vn/products/doakbua-banh-que-tomyum-62g--s10196006?storeGroupCode=1998&storeCode=1535,"2/7/2026, 1:59:12 PM",3e7a3132-b6ad-4e23-a219-3db2aebd8faa
Bánh Que DoaKbua vị mực sốt cay stick biscuit gói 62g,Gói,19900.0,,https://winmart.vn/products/doakbua-b.que-mucsotcay-stick-biscuit62g--s10196007?storeGroupCode=1998&storeCode=1535,"2/7/2026, 1:59:12 PM",3e7a3132-b6ad-4e23-a219-3db2aebd8faa
Snack Khoai tây Gokochi vị muối tự nhiên gói 65g,Gói,20500.0,,https://winmart.vn/products/gokochi-snack-k.tay-vi-muoi-tu-nhien-65g--s10196010?storeGroupCode=1998&storeCode=1535,"2/7/2026, 1:59:12 PM",3e7a3132-b6ad-4e23-a219-3db2aebd8faa
Mật ong Devie Granola vanilla 300g,Lọ,129000.0,,https://winmart.vn/products/devie-granola-mat-ong-vanilla-300g--s10196093?storeGroupCode=1998&storeCode=1535,"2/7/2026, 1:59:12 PM",3e7a3132-b6ad-4e23-a219-3db2aebd8faa
Kẹo Họng Orion vị gừng mật ong 87.5g,Gói,16200.0,,https://winmart.vn/products/orion-keo-hong-vi-gung-mat-ong-87.5g84g--s10196291?storeGroupCode=1998&storeCode=1535,"2/7/2026, 1:59:12 PM",3e7a3132-b6ad-4e23-a219-3db2aebd8faa
Bánh quy Demarie sữa tươi Orion 384g,Hộp,47500.0,,https://winmart.vn/products/demarie-banh-quy-sua-tuoi-orion-384g--s10196290?storeGroupCode=1998&storeCode=1535,"2/7/2026, 1:59:12 PM",3e7a3132-b6ad-4e23-a219-3db2aebd8faa
Bánh đậu xanh Hoa đào Tết 300g,Hộp,209000.0,,https://winmart.vn/products/banh-dau-xanh-hoa-dao-tet-rvhg300g--s10196301?storeGroupCode=1998&storeCode=1535,"2/7/2026, 1:59:12 PM",3e7a3132-b6ad-4e23-a219-3db2aebd8faa
Lộc Xuân Phú Quý 794g,Hộp,208000.0,,https://winmart.vn/products/loc-xuan-phu-quy-713g--s10196329?storeGroupCode=1998&storeCode=1535,"2/7/2026, 1:59:12 PM",3e7a3132-b6ad-4e23-a219-3db2aebd8faa
Hạt dẻ Tuấn Đạt 110g,Gói,82000.0,,https://winmart.vn/products/tuan-dat-hat-de-110g--s10196408?storeGroupCode=1998&storeCode=1535,"2/7/2026, 1:59:12 PM",3e7a3132-b6ad-4e23-a219-3db2aebd8faa
Bánh bông lan Solitetròn bơ sữa 144g,Hộp,28900.0,,https://winmart.vn/products/solite-banh-bong-lan-tron-bo-sua-144g--s10196811?storeGroupCode=1998&storeCode=1535,"2/7/2026, 1:59:12 PM",3e7a3132-b6ad-4e23-a219-3db2aebd8faa
Bánh Mềm Kiểu Âu Vị Socola Opera 336g,Hộp,61500.0,,https://winmart.vn/products/opera-banh-mem-kieu-au-vi-socola-280g--s10197302?storeGroupCode=1998&storeCode=1535,"2/7/2026, 1:59:12 PM",3e7a3132-b6ad-4e23-a219-3db2aebd8faa
Lay’s Stax Vị Thịt Nướng 100g,Lọ,35000.0,,https://winmart.vn/products/lays-stax-vi-thit-nuong-100g--s10197338?storeGroupCode=1998&storeCode=1535,"2/7/2026, 1:59:12 PM",3e7a3132-b6ad-4e23-a219-3db2aebd8faa
Kẹo Trứng Playmore Socola Sữa 20g,Cái,28000.0,,https://winmart.vn/products/playmore-keo-trung-socola-sua-20g--s10197352?storeGroupCode=1998&storeCode=1535,"2/7/2026, 1:59:12 PM",3e7a3132-b6ad-4e23-a219-3db2aebd8faa
Funmore Kẹo Dẻo Burger Khổng Lồ 50g,Cái,31000.0,,https://winmart.vn/products/funmore-keo-deo-burger-khong-lo-50g--s10197368?storeGroupCode=1998&storeCode=1535,"2/7/2026, 1:59:12 PM",3e7a3132-b6ad-4e23-a219-3db2aebd8faa
Kẹo dẻo vị nho Boom 52.5g,Gói,12500.0,,https://winmart.vn/products/boom-keo-deo-vi-nho-52.5g--s10197432?storeGroupCode=1998&storeCode=1535,"2/7/2026, 1:59:12 PM",3e7a3132-b6ad-4e23-a219-3db2aebd8faa
"Bánh quế Cosy xoài xí muội 126/117,6g",Gói,15200.0,,https://winmart.vn/products/cosy-banh-que-xoai-xi-muoi-1261176g--s10197436?storeGroupCode=1998&storeCode=1535,"2/7/2026, 1:59:12 PM",3e7a3132-b6ad-4e23-a219-3db2aebd8faa
Bánh Bouchee Lotte Chocolat socola 162 g,Hộp,29900.0,,https://winmart.vn/products/lotte-banh-bouchee-chocolat-socola162-g--s10197446?storeGroupCode=1998&storeCode=1535,"2/7/2026, 1:59:12 PM",3e7a3132-b6ad-4e23-a219-3db2aebd8faa
"Bánh Lotte Socola Pie Chocolat 169,8g",Hộp,29900.0,,https://winmart.vn/products/lotte-banh-socola-pie-chocolat-1698g--s10197447?storeGroupCode=1998&storeCode=1535,"2/7/2026, 1:59:12 PM",3e7a3132-b6ad-4e23-a219-3db2aebd8faa
Bánh AFC cốm non 109g,Hộp,23800.0,,https://winmart.vn/products/afc-banh-com-non-109gr-x-36hg--s10197458?storeGroupCode=1998&storeCode=1535,"2/7/2026, 1:59:12 PM",3e7a3132-b6ad-4e23-a219-3db2aebd8faa
Snack Masita vị bắp bơ kiểu Hàn Quốc 60g,Gói,11900.0,,https://winmart.vn/products/masita-snack-vi-bap-bo-kieu-han-quoc-60g--s10197480?storeGroupCode=1998&storeCode=1535,"2/7/2026, 1:59:12 PM",3e7a3132-b6ad-4e23-a219-3db2aebd8faa
Snack vị sô cô la Toonies 60g,Gói,11900.0,,https://winmart.vn/products/toonies-snack-vi-so-co-la-60g--s10197482?storeGroupCode=1998&storeCode=1535,"2/7/2026, 1:59:12 PM",3e7a3132-b6ad-4e23-a219-3db2aebd8faa
Snack vị phô mai bùng nổ Toonies 60g,Gói,11900.0,,https://winmart.vn/products/toonies-snack-vi-pho-mai-bung-no-60g--s10197481?storeGroupCode=1998&storeCode=1535,"2/7/2026, 1:59:12 PM",3e7a3132-b6ad-4e23-a219-3db2aebd8faa
Bánh Lotte Bouchee Chocolat socola 324g,Hộp,56900.0,,https://winmart.vn/products/lotte-banh-bouchee-chocolat-scl324g378g--s10197484?storeGroupCode=1998&storeCode=1535,"2/7/2026, 1:59:12 PM",3e7a3132-b6ad-4e23-a219-3db2aebd8faa
Kẹo dẻo Boom vị nho 91g,Gói,20400.0,,https://winmart.vn/products/boom-keo-deo-vi-nho-91g-t40--s10197486?storeGroupCode=1998&storeCode=1535,"2/7/2026, 1:59:12 PM",3e7a3132-b6ad-4e23-a219-3db2aebd8faa
Snack Marineboy king vị tảo biển nori 56g,Gói,11900.0,,https://winmart.vn/products/marineboy-snack-king-vi-tao-bien-nori56g--s10197483?storeGroupCode=1998&storeCode=1535,"2/7/2026, 1:59:12 PM",3e7a3132-b6ad-4e23-a219-3db2aebd8faa
Kẹo dẻo Boom vị xoài lắc muối ớt 50g,Gói,12900.0,,https://winmart.vn/products/boom-keo-deo-vi-xoai-lac-muoi-ot-50g-t40--s10197487?storeGroupCode=1998&storeCode=1535,"2/7/2026, 1:59:12 PM",3e7a3132-b6ad-4e23-a219-3db2aebd8faa
Kẹo dẻo Boom vị dâu 91gT40,Gói,20400.0,,https://winmart.vn/products/boom-keo-deo-vi-dau-91gt40--s10197488?storeGroupCode=1998&storeCode=1535,"2/7/2026, 1:59:12 PM",3e7a3132-b6ad-4e23-a219-3db2aebd8faa
Bánh quy AFC vị cốm non 261.6g,Hộp,50000.0,,https://winmart.vn/products/afc-tpbs-banh-quy-vi-com-non-261.6g--s10197512?storeGroupCode=1998&storeCode=1535,"2/7/2026, 1:59:12 PM",3e7a3132-b6ad-4e23-a219-3db2aebd8faa
Snack Oishi phô mát miếng 68g,Gói,10700.0,,https://winmart.vn/products/oishi-snack-pho-mat-mieng-68g--s10197526?storeGroupCode=1998&storeCode=1535,"2/7/2026, 1:59:12 PM",3e7a3132-b6ad-4e23-a219-3db2aebd8faa
Snack Oishi nhân socola vị hazelnut 85g,Gói,10700.0,,https://winmart.vn/products/oishi-snack-nhan-socola-vi-hazelnut-80g--s10197529?storeGroupCode=1998&storeCode=1535,"2/7/2026, 1:59:12 PM",3e7a3132-b6ad-4e23-a219-3db2aebd8faa
Thạch Zai Zai gói 210g,Gói,20900.0,,https://winmart.vn/products/zaizai-thach-goi-210g--s10197597?storeGroupCode=1998&storeCode=1535,"2/7/2026, 1:59:12 PM",3e7a3132-b6ad-4e23-a219-3db2aebd8faa
Thạch Zai Zai gói 160g,Gói,16000.0,,https://winmart.vn/products/zaizai-thach-goi-160g--s10197599?storeGroupCode=1998&storeCode=1535,"2/7/2026, 1:59:12 PM",3e7a3132-b6ad-4e23-a219-3db2aebd8faa
Thạch trà sữa Zai Zai gói 210g,Gói,20900.0,,https://winmart.vn/products/zaizai-thach-tra-sua-goi-210g--s10197598?storeGroupCode=1998&storeCode=1535,"2/7/2026, 1:59:12 PM",3e7a3132-b6ad-4e23-a219-3db2aebd8faa
Hạt điều lụa rang muối Mỹ Linh 500g,Hộp,266000.0,,https://winmart.vn/products/my-linh-dieu-boc-lua-rang-muoi-500g--s10208394?storeGroupCode=1998&storeCode=1535,"2/7/2026, 1:59:12 PM",3e7a3132-b6ad-4e23-a219-3db2aebd8faa
Socola Cadbury 40g/37g,Cái,22500.0,,https://winmart.vn/products/cadbury-socola-37g34g--s10210730?storeGroupCode=1998&storeCode=1535,"2/7/2026, 1:59:12 PM",3e7a3132-b6ad-4e23-a219-3db2aebd8faa
"Kẹo sing gum hương bạc hà và khuynh diệp CooL Air Wrigley's hộp 58,4g",Lọ,30900.0,,https://winmart.vn/products/cool-air-keo-sing-gum-40-vien55.4g--s10225945?storeGroupCode=1998&storeCode=1535,"2/7/2026, 1:59:12 PM",3e7a3132-b6ad-4e23-a219-3db2aebd8faa
Kẹo Socola hạnh nhân Nga Ivan 400g,Gói,258000.0,,https://winmart.vn/products/kdv-keo-so-co-la-hanh-nhan-ivanovich400g--s10229108?storeGroupCode=1998&storeCode=1535,"2/7/2026, 1:59:12 PM",3e7a3132-b6ad-4e23-a219-3db2aebd8faa
Hạnh nhân rang muối Minh Việt hộp 170g,Hộp,99000.0,,https://winmart.vn/products/minh-viet-hanh-nhan-r.muoi-hop-170g--s10229148?storeGroupCode=1998&storeCode=1535,"2/7/2026, 1:59:12 PM",3e7a3132-b6ad-4e23-a219-3db2aebd8faa
Hạt hạnh nhân rang muối Minh Việt hộp 300g,Hộp,171500.0,,https://winmart.vn/products/minh-viet-hanh-nhan-r.muoi-hop-300g--s10229149?storeGroupCode=1998&storeCode=1535,"2/7/2026, 1:59:12 PM",3e7a3132-b6ad-4e23-a219-3db2aebd8faa
Hạnh nhân rang muối Minh Việt hộp 500g,Hộp,284300.0,,https://winmart.vn/products/minh-viet-hanh-nhan-r.muoi-hop-500g--s10229150?storeGroupCode=1998&storeCode=1535,"2/7/2026, 1:59:12 PM",3e7a3132-b6ad-4e23-a219-3db2aebd8faa
Hạt điều lụa Cô Ba Bình Dương hộp 400g,Hộp,197500.0,,https://winmart.vn/products/tuan-dat-hat-dieu-lua-cbbd-400g--s10230546?storeGroupCode=1998&storeCode=1535,"2/7/2026, 1:59:12 PM",3e7a3132-b6ad-4e23-a219-3db2aebd8faa
Hạt điều lụa Tuấn Đạt hộp 450g,Hộp,219000.0,,https://winmart.vn/products/tuan-dat-hat-dieu-lua-hop-450g--s10230548?storeGroupCode=1998&storeCode=1535,"2/7/2026, 1:59:12 PM",3e7a3132-b6ad-4e23-a219-3db2aebd8faa
"Ngũ cốc Fitnesse sôcôla Nestlé 23,5g",Gói,15900.0,,https://winmart.vn/products/fitnesse-ngu-coc-thanh-vi-solola-23.5g--s10235029?storeGroupCode=1998&storeCode=1535,"2/7/2026, 1:59:12 PM",3e7a3132-b6ad-4e23-a219-3db2aebd8faa
Bánh que cay MAXS 55G,Gói,14800.0,,https://winmart.vn/products/maxs-banh-que-cay-55g--s10270024?storeGroupCode=1998&storeCode=1535,"2/7/2026, 1:59:12 PM",3e7a3132-b6ad-4e23-a219-3db2aebd8faa
Bánh tự DIY làm khu vườn nấm 46g,Hộp,40000.0,,https://winmart.vn/products/diy-banh-tu-lam-khu-vuon-nam-46g--s10270025?storeGroupCode=1998&storeCode=1535,"2/7/2026, 1:59:12 PM",3e7a3132-b6ad-4e23-a219-3db2aebd8faa
Kẹo dẻo DIY tự làm thế giới đại dương 32g,Hộp,40000.0,,https://winmart.vn/products/diy-keo-deo-tu-lam-tg-dai-duong-32g--s10270026?storeGroupCode=1998&storeCode=1535,"2/7/2026, 1:59:12 PM",3e7a3132-b6ad-4e23-a219-3db2aebd8faa
Kẹo Hương bạc hà lục Tic Tac 14.5g,Hộp,14900.0,,https://winmart.vn/products/tic-tac-keo-huong-bac-ha-luc-14.5g--s10303016?storeGroupCode=1998&storeCode=1535,"2/7/2026, 1:59:12 PM",3e7a3132-b6ad-4e23-a219-3db2aebd8faa
Kẹo xốp Haribo C.Pink & White 70g,Gói,28800.0,,https://winmart.vn/products/haribo-keo-xop-c.pink-white-70g--s10303010?storeGroupCode=1998&storeCode=1535,"2/7/2026, 1:59:12 PM",3e7a3132-b6ad-4e23-a219-3db2aebd8faa
Bánh gạo ngọt vị phô mai bắp One One gói 118g,Gói,37900.0,,https://winmart.vn/products/oneone-banh-gao-vi-p.mai-ngo-118g--s10303026?storeGroupCode=1998&storeCode=1535,"2/7/2026, 1:59:12 PM",3e7a3132-b6ad-4e23-a219-3db2aebd8faa
Snack Swing gà Teriyaki gói 58/63g,Gói,11900.0,,https://winmart.vn/products/swing-snack-ga-teriyaki-63g55g--s10303865?storeGroupCode=1998&storeCode=1535,"2/7/2026, 1:59:12 PM",3e7a3132-b6ad-4e23-a219-3db2aebd8faa
Bánh trứng sữa mềm Belgi 240g/230g,Gói,39100.0,,https://winmart.vn/products/belgi-banh-trung-sua-mem-230g--s10303873?storeGroupCode=1998&storeCode=1535,"2/7/2026, 1:59:12 PM",3e7a3132-b6ad-4e23-a219-3db2aebd8faa
Bánh Oreo vani 313.5g/303.6g,Hộp,53500.0,,https://winmart.vn/products/oreo-banh-vani-303.6g288g--s10303879?storeGroupCode=1998&storeCode=1535,"2/7/2026, 1:59:12 PM",3e7a3132-b6ad-4e23-a219-3db2aebd8faa
Bánh snack Swing vị gà Teriyali Osaka Orion gói 90g,Gói,21600.0,,https://winmart.vn/products/swing-snack-vi-ga-teriyaki-105g95g--s10303866?storeGroupCode=1998&storeCode=1535,"2/7/2026, 1:59:12 PM",3e7a3132-b6ad-4e23-a219-3db2aebd8faa
Bánh quy Cheese Cracker Gery GarudaFood hộp 200g,Hộp,35700.0,,https://winmart.vn/products/gery-banh-qui-vi-pho-mai-180g--s10303906?storeGroupCode=1998&storeCode=1535,"2/7/2026, 1:59:12 PM",3e7a3132-b6ad-4e23-a219-3db2aebd8faa
Bánh quy Cheese Cracker Gery GarudaFood hộp 300g,Hộp,53100.0,,https://winmart.vn/products/gery-banh-qui-vi-pho-mai-270g--s10303908?storeGroupCode=1998&storeCode=1535,"2/7/2026, 1:59:12 PM",3e7a3132-b6ad-4e23-a219-3db2aebd8faa
Bánh Tipo Hữu Nghị trà xanh hộp 75g,Hộp,21900.0,,https://winmart.vn/products/tipo-banh-butter-cookies-matcha-hop-75g--s10305224?storeGroupCode=1998&storeCode=1535,"2/7/2026, 1:59:12 PM",3e7a3132-b6ad-4e23-a219-3db2aebd8faa
Kẹo chanh muối Kheesan gói 150g,Gói,21500.0,,https://winmart.vn/products/kheesan-keo-chanh-muoi-150120g--s10306510?storeGroupCode=1998&storeCode=1535,"2/7/2026, 1:59:12 PM",3e7a3132-b6ad-4e23-a219-3db2aebd8faa
Điều lụa rang muối 250g,Hộp,126000.0,,https://winmart.vn/products/my-linh-dieu-lua-r.muoi-250g--s10306548?storeGroupCode=1998&storeCode=1535,"2/7/2026, 1:59:12 PM",3e7a3132-b6ad-4e23-a219-3db2aebd8faa
Mứt thập cẩm hộp mica Bảo Minh 500g,Hộp,276500.0,,https://winmart.vn/products/bao-minh-mut-tet-hop-mica-400g--s10306577?storeGroupCode=1998&storeCode=1535,"2/7/2026, 1:59:12 PM",3e7a3132-b6ad-4e23-a219-3db2aebd8faa
Hạt điều lụa rang muối Mỹ Linh 500g,Hộp,224000.0,,https://winmart.vn/products/my-linh-dieu-lua-r.muoi-500g--s10306549?storeGroupCode=1998&storeCode=1535,"2/7/2026, 1:59:12 PM",3e7a3132-b6ad-4e23-a219-3db2aebd8faa
Mứt Gừng Bảo Minh 180g,Hộp,88000.0,,https://winmart.vn/products/bao-minh-mut-gung-180g--s10306586?storeGroupCode=1998&storeCode=1535,"2/7/2026, 1:59:12 PM",3e7a3132-b6ad-4e23-a219-3db2aebd8faa
Bánh trứng sầu riêng Tipo 220g,Gói,44500.0,,https://winmart.vn/products/tipo-banh-trung-sau-rieng-220g--s10311553?storeGroupCode=1998&storeCode=1535,"2/7/2026, 1:59:12 PM",3e7a3132-b6ad-4e23-a219-3db2aebd8faa
Snack Lay's vị sườn nướng BBQ Brazil 95g,Gói,21600.0,,https://winmart.vn/products/lays-snack-suon-nuong-bbq-brazil-95g--s10313110?storeGroupCode=1998&storeCode=1535,"2/7/2026, 1:59:12 PM",3e7a3132-b6ad-4e23-a219-3db2aebd8faa
Điều lụa rang muối Mỹ Linh 200g,Hộp,99000.0,,https://winmart.vn/products/my-linh-dieu-lua-r.muoi-200g--s10313121?storeGroupCode=1998&storeCode=1535,"2/7/2026, 1:59:12 PM",3e7a3132-b6ad-4e23-a219-3db2aebd8faa
Snack Lay's vị tảo biển Nori 95g,Gói,21600.0,,https://winmart.vn/products/lays-snack-vi-tao-bien-nori-95g--s10313111?storeGroupCode=1998&storeCode=1535,"2/7/2026, 1:59:12 PM",3e7a3132-b6ad-4e23-a219-3db2aebd8faa
Bánh qui vị phô mai Gery gói 100g,Gói,16800.0,,https://winmart.vn/products/gery-banh-qui-vi-pho-mai-goi-90g--s10316536?storeGroupCode=1998&storeCode=1535,"2/7/2026, 1:59:12 PM",3e7a3132-b6ad-4e23-a219-3db2aebd8faa
Snack Oishi bắp ngọt vị phô mai 35/39g,Gói,5300.0,,https://winmart.vn/products/oishi-snack-bap-ngot-vi-pho-mai-34gr--s10320541?storeGroupCode=1998&storeCode=1535,"2/7/2026, 1:59:12 PM",3e7a3132-b6ad-4e23-a219-3db2aebd8faa
Kem đánh răng New Choice vị trái cây 450g,Gói,32500.0,,https://winmart.vn/products/new-choice-kem-dah.trai-cay-450g--s10320566?storeGroupCode=1998&storeCode=1535,"2/7/2026, 1:59:12 PM",3e7a3132-b6ad-4e23-a219-3db2aebd8faa
Sô cô la sữa Cadbury Dairy Milk 165g,Gói,83600.0,,https://winmart.vn/products/cadbury-socola-sua-160g135g--s10322008?storeGroupCode=1998&storeCode=1535,"2/7/2026, 1:59:12 PM",3e7a3132-b6ad-4e23-a219-3db2aebd8faa
Thạch trái cây hình Magic Việt Quốc 240g,Gói,30700.0,,https://winmart.vn/products/viet-quoc-thach-t.cay-hinh-magic-240g--s10322603?storeGroupCode=1998&storeCode=1535,"2/7/2026, 1:59:12 PM",3e7a3132-b6ad-4e23-a219-3db2aebd8faa
Bánh mè giòn tan Orion Gouté hộp 288g,Hộp,52400.0,,https://winmart.vn/products/goute-banh-vi-me-gion-tan-hop-288g--s10321999?storeGroupCode=1998&storeCode=1535,"2/7/2026, 1:59:12 PM",3e7a3132-b6ad-4e23-a219-3db2aebd8faa
Bánh Mochi Qidea thập cẩm 450g,Hộp,128000.0,,https://winmart.vn/products/mochi-qidea-banh-thap-cam-450g--s10322809?storeGroupCode=1998&storeCode=1535,"2/7/2026, 1:59:12 PM",3e7a3132-b6ad-4e23-a219-3db2aebd8faa
Thạch trái cây hình cá voi Gummy gói 300g,Gói,35500.0,,https://winmart.vn/products/viet-quoc-thach-t.cay-hinh-ca-voi-300g--s10322604?storeGroupCode=1998&storeCode=1535,"2/7/2026, 1:59:12 PM",3e7a3132-b6ad-4e23-a219-3db2aebd8faa
Bim bim Poppedcorn quẩy soắn 280g,Gói,60400.0,,https://winmart.vn/products/poppedcorn-bim-bim-quay-soan-280g--s10322820?storeGroupCode=1998&storeCode=1535,"2/7/2026, 1:59:12 PM",3e7a3132-b6ad-4e23-a219-3db2aebd8faa
Hạt điều lụa Tuấn Đạt hộp 200g,Hộp,106800.0,,https://winmart.vn/products/tuan-dat-hat-dieu-lua-tuan-dat-200g--s10323720?storeGroupCode=1998&storeCode=1535,"2/7/2026, 1:59:12 PM",3e7a3132-b6ad-4e23-a219-3db2aebd8faa
Bánh mochi tổng hợp Royal Family 250g,Gói,99000.0,,https://winmart.vn/products/royal-family-banh-mochi-tong-hop-250g--s10323735?storeGroupCode=1998&storeCode=1535,"2/7/2026, 1:59:12 PM",3e7a3132-b6ad-4e23-a219-3db2aebd8faa
Bánh quy bơ LU Pháp 505g/540g,Hộp,205000.0,,https://winmart.vn/products/lu-banh-quy-bo-tc-atm-540g--s10324065?storeGroupCode=1998&storeCode=1535,"2/7/2026, 1:59:12 PM",3e7a3132-b6ad-4e23-a219-3db2aebd8faa
Ricola Carton box Alpin Fresh 40g,Hộp,40800.0,,https://winmart.vn/products/ricola-keo-t.moc-alpin-fresh-40g--s10324076?storeGroupCode=1998&storeCode=1535,"2/7/2026, 1:59:12 PM",3e7a3132-b6ad-4e23-a219-3db2aebd8faa
Bánh vị Chocopie Cacao 180g,Hộp,34900.0,,https://winmart.vn/products/chocopie-banh-vi-cacao-180g--s10324071?storeGroupCode=1998&storeCode=1535,"2/7/2026, 1:59:12 PM",3e7a3132-b6ad-4e23-a219-3db2aebd8faa
Bánh Chocopie Orion vị cacao 360g,Hộp,58200.0,,https://winmart.vn/products/chocopie-banh-vi-cacao-360g--s10324070?storeGroupCode=1998&storeCode=1535,"2/7/2026, 1:59:12 PM",3e7a3132-b6ad-4e23-a219-3db2aebd8faa
Kẹo thảo mộc Ricola trái cây Cranberry 40g,Hộp,40800.0,,https://winmart.vn/products/ricola-keo-t.moc-t.cay-cranberry-40g--s10324080?storeGroupCode=1998&storeCode=1535,"2/7/2026, 1:59:12 PM",3e7a3132-b6ad-4e23-a219-3db2aebd8faa
Kẹo thảo mộc Ricola Chanh & Bạc Hà 40g,Hộp,40800.0,,https://winmart.vn/products/ricola-keo-t.moc-chanh-bac-ha-40g--s10324077?storeGroupCode=1998&storeCode=1535,"2/7/2026, 1:59:12 PM",3e7a3132-b6ad-4e23-a219-3db2aebd8faa
Macca Minh Việt 300g,Gói,147100.0,,https://winmart.vn/products/minh-viet-macca-300g--s10325199?storeGroupCode=1998&storeCode=1535,"2/7/2026, 1:59:12 PM",3e7a3132-b6ad-4e23-a219-3db2aebd8faa
Kẹo Apple Teddy Marsmallows 70g,Gói,17100.0,,https://winmart.vn/products/marsmallows-keo-apple-teddy-70g--s10325536?storeGroupCode=1998&storeCode=1535,"2/7/2026, 1:59:12 PM",3e7a3132-b6ad-4e23-a219-3db2aebd8faa
Kẹo Marsmallows Fluffy Jelly 70g,Gói,17300.0,,https://winmart.vn/products/marsmallows-keo-fluffy-jelly-70g--s10325537?storeGroupCode=1998&storeCode=1535,"2/7/2026, 1:59:12 PM",3e7a3132-b6ad-4e23-a219-3db2aebd8faa
Kẹo Mega Marshmallows CorNichE 120g,Gói,30100.0,,https://winmart.vn/products/marsmallows-keo-mega-120g--s10325538?storeGroupCode=1998&storeCode=1535,"2/7/2026, 1:59:12 PM",3e7a3132-b6ad-4e23-a219-3db2aebd8faa
Bánh đậu xanh Hoàng Giang Đồng tiền lớn250g,Hộp,108000.0,,https://winmart.vn/products/banh-dau-xanh-dong-tien-lonrvhg250g--s10325650?storeGroupCode=1998&storeCode=1535,"2/7/2026, 1:59:12 PM",3e7a3132-b6ad-4e23-a219-3db2aebd8faa
Bánh đậu xanh Hoàng Giang Đồng tiền nhỏ 60g,Hộp,31000.0,,https://winmart.vn/products/banh-dau-xanh-dong-tien-nhorvhg50g--s10325655?storeGroupCode=1998&storeCode=1535,"2/7/2026, 1:59:12 PM",3e7a3132-b6ad-4e23-a219-3db2aebd8faa
Kẹo Marsmallows snow white mega 120g,Gói,30100.0,,https://winmart.vn/products/marsmallows-keo-snow-white-mega-m120g--s10325539?storeGroupCode=1998&storeCode=1535,"2/7/2026, 1:59:12 PM",3e7a3132-b6ad-4e23-a219-3db2aebd8faa
Bánh quế Oreo vị vani hộp 54g,Hộp,15000.0,,https://winmart.vn/products/oreo-banh-que-vi-vani-54g--s10327514?storeGroupCode=1998&storeCode=1535,"2/7/2026, 1:59:12 PM",3e7a3132-b6ad-4e23-a219-3db2aebd8faa
Bánh quế Oreo Vị Socola hộp 54g,Hộp,14900.0,,https://winmart.vn/products/oreo-banh-que-vi-socola-54g--s10327515?storeGroupCode=1998&storeCode=1535,"2/7/2026, 1:59:12 PM",3e7a3132-b6ad-4e23-a219-3db2aebd8faa
Kẹo họng vị Việt Quất mật ong 87.5g,Gói,16200.0,,https://winmart.vn/products/orion-keo-hong-vi-quat-mat-ong-87.5g84g--s10405866?storeGroupCode=1998&storeCode=1535,"2/7/2026, 1:59:12 PM",3e7a3132-b6ad-4e23-a219-3db2aebd8faa
Bánh đậu xanh Hoàng Gia hương trái cây 200g,Hộp,35400.0,,https://winmart.vn/products/banh-dxanh-hoang-gia-huong-trai-cay-200g--s10406887?storeGroupCode=1998&storeCode=1535,"2/7/2026, 1:59:12 PM",3e7a3132-b6ad-4e23-a219-3db2aebd8faa
Bánh cupcake Solite kem bơ sữa 276g,Hộp,56000.0,,https://winmart.vn/products/solite-banh-cupcake-kem-bo-sua-276g--s10406906?storeGroupCode=1998&storeCode=1535,"2/7/2026, 1:59:12 PM",3e7a3132-b6ad-4e23-a219-3db2aebd8faa
Kẹo dẻo gấu Panda Chupa Chups hương trái cây hỗn hợp gói 90g,Gói,23800.0,,https://winmart.vn/products/chupa-chups-keo-deo-gau-panda--s10406916?storeGroupCode=1998&storeCode=1535,"2/7/2026, 1:59:12 PM",3e7a3132-b6ad-4e23-a219-3db2aebd8faa
Kẹo dẻo Cola Chupa Chups gói 90g,Gói,24400.0,,https://winmart.vn/products/chupa-chups-keo-deo-cola--s10406918?storeGroupCode=1998&storeCode=1535,"2/7/2026, 1:59:12 PM",3e7a3132-b6ad-4e23-a219-3db2aebd8faa
Bánh qui bơ hình thú Bahlsen Zoo 100g,Gói,56100.0,,https://winmart.vn/products/leibniz-banh-qui-bo-hinh-thu-zoo-100g--s10406891?storeGroupCode=1998&storeCode=1535,"2/7/2026, 1:59:12 PM",3e7a3132-b6ad-4e23-a219-3db2aebd8faa
Bánh que Toppo nhân socola cacao 40g,Hộp,17200.0,,https://winmart.vn/products/toppo-banh-que-nhan-socola-cacao-40g--s10600091?storeGroupCode=1998&storeCode=1535,"2/7/2026, 1:59:12 PM",3e7a3132-b6ad-4e23-a219-3db2aebd8faa
Bánh quy Oreo mini vị vani gói 20.4g,Gói,6400.0,,https://winmart.vn/products/oreo-banh-quy-vani-mini-20.4g--s10601154?storeGroupCode=1998&storeCode=1535,"2/7/2026, 1:59:12 PM",3e7a3132-b6ad-4e23-a219-3db2aebd8faa
Bánh quy Oreo Mini kem socola gói 20.4g,Gói,6400.0,,https://winmart.vn/products/oreo-banh-quy-socola-mini-20.4g--s10601155?storeGroupCode=1998&storeCode=1535,"2/7/2026, 1:59:12 PM",3e7a3132-b6ad-4e23-a219-3db2aebd8faa
Thạch trái cây hình cá ngựa Việt Quốc 300g,Gói,35500.0,,https://winmart.vn/products/viet-quoc-thach-t.cay-hinh-ca-ngua-300g--s10601160?storeGroupCode=1998&storeCode=1535,"2/7/2026, 1:59:12 PM",3e7a3132-b6ad-4e23-a219-3db2aebd8faa
Hạt điều rang củi Hải Bình túi zip giấy 500g,Gói,283200.0,,https://winmart.vn/products/hai-binh-hat-dieu-rang-cui-zipper-500g--s10601513?storeGroupCode=1998&storeCode=1535,"2/7/2026, 1:59:12 PM",3e7a3132-b6ad-4e23-a219-3db2aebd8faa
Hạt điều rang củi Hải Bình 250g,Hộp,142500.0,,https://winmart.vn/products/hai-binh-hat-dieu-rang-cui-250g--s10601514?storeGroupCode=1998&storeCode=1535,"2/7/2026, 1:59:12 PM",3e7a3132-b6ad-4e23-a219-3db2aebd8faa
Socola Ferrero Rocher 37.5g,Cái,44900.0,,https://winmart.vn/products/ferrero-socola-rocher-37.5g--s10602083?storeGroupCode=1998&storeCode=1535,"2/7/2026, 1:59:12 PM",3e7a3132-b6ad-4e23-a219-3db2aebd8faa
Hạt hạnh nhân Pam’s 250g,Gói,143100.0,,https://winmart.vn/products/pams-hat-hanh-nhan-250g--s10602173?storeGroupCode=1998&storeCode=1535,"2/7/2026, 1:59:12 PM",3e7a3132-b6ad-4e23-a219-3db2aebd8faa
Hạt óc chó Pam's gói 250g,Gói,103700.0,,https://winmart.vn/products/pams-hat-oc-cho-250g--s10602175?storeGroupCode=1998&storeCode=1535,"2/7/2026, 1:59:12 PM",3e7a3132-b6ad-4e23-a219-3db2aebd8faa
Hạt Macadamia Nữ Hoàng Hạt 250g,Hộp,152400.0,,https://winmart.vn/products/nu-hoang-hat-macadamia-250g--s10602176?storeGroupCode=1998&storeCode=1535,"2/7/2026, 1:59:12 PM",3e7a3132-b6ad-4e23-a219-3db2aebd8faa
Thanh socola Kitkat chunky quy kem 38g,Cái,26900.0,,https://winmart.vn/products/kitkat-socola-thanh-chunky-quy-kem-38g--s10604912?storeGroupCode=1998&storeCode=1535,"2/7/2026, 1:59:12 PM",3e7a3132-b6ad-4e23-a219-3db2aebd8faa
Snack hải sản tẩm gia vị cực cay Bento gói 20g,Gói,29500.0,,https://winmart.vn/products/bento-snack-hai-san-vi-ot-cuc-cay-1820g--s10604903?storeGroupCode=1998&storeCode=1535,"2/7/2026, 1:59:12 PM",3e7a3132-b6ad-4e23-a219-3db2aebd8faa
Snack Doritos vị Taco gói 65g,Gói,31600.0,,https://winmart.vn/products/doritos-snack-taco-65g--s10604925?storeGroupCode=1998&storeCode=1535,"2/7/2026, 1:59:12 PM",3e7a3132-b6ad-4e23-a219-3db2aebd8faa
Snack Doritos vị Nacho Cheesier gói 65g,Gói,31600.0,,https://winmart.vn/products/doritos-snack-nacho-cheesier-65g--s10604926?storeGroupCode=1998&storeCode=1535,"2/7/2026, 1:59:12 PM",3e7a3132-b6ad-4e23-a219-3db2aebd8faa
Socola Milo viên nuggets 30g/25g,Gói,22200.0,,https://winmart.vn/products/milo-socola-vien-nuggets-25g--s10604909?storeGroupCode=1998&storeCode=1535,"2/7/2026, 1:59:12 PM",3e7a3132-b6ad-4e23-a219-3db2aebd8faa
Snack hải sản tẩm gia vị cay Bento gói 24g,Gói,29500.0,,https://winmart.vn/products/bento-snack-hai-san-cay-nong-22g--s10604904?storeGroupCode=1998&storeCode=1535,"2/7/2026, 1:59:12 PM",3e7a3132-b6ad-4e23-a219-3db2aebd8faa
Bánh bao chỉ tổng hợp 300g,Hộp,146300.0,,https://winmart.vn/products/yukilove-banh-bao-chi-tong-hop-300g--s10607316?storeGroupCode=1998&storeCode=1535,"2/7/2026, 1:59:12 PM",3e7a3132-b6ad-4e23-a219-3db2aebd8faa
Hạt óc chó Pam's gói 250g,Gói,185600.0,,https://winmart.vn/products/pams-hat-oc-cho-500g--s10606821?storeGroupCode=1998&storeCode=1535,"2/7/2026, 1:59:12 PM",3e7a3132-b6ad-4e23-a219-3db2aebd8faa
Kẹo Chew GoodMilk sữa 140g,Gói,16100.0,,https://winmart.vn/products/goodmilk-keo-chew-sua-140g--s10607302?storeGroupCode=1998&storeCode=1535,"2/7/2026, 1:59:12 PM",3e7a3132-b6ad-4e23-a219-3db2aebd8faa
Socola Hạnh Nhân Chocorock 65g,Gói,42100.0,,https://winmart.vn/products/chocorock-socola-hanh-nhan-65g--s10607068?storeGroupCode=1998&storeCode=1535,"2/7/2026, 1:59:12 PM",3e7a3132-b6ad-4e23-a219-3db2aebd8faa
Bánh kem ốc quế Pororo Basraq vị sô cô la hộp 54g,Hộp,60900.0,,https://winmart.vn/products/pororo-banh-vi-socola-54g--s10613668?storeGroupCode=1998&storeCode=1535,"2/7/2026, 1:59:12 PM",3e7a3132-b6ad-4e23-a219-3db2aebd8faa
Ngũ Cốc Nestlé Milo Bar 23.5g,Cái,15900.0,,https://winmart.vn/products/nestle-ngu-coc-milo-bar-23.5g--s10613670?storeGroupCode=1998&storeCode=1535,"2/7/2026, 1:59:12 PM",3e7a3132-b6ad-4e23-a219-3db2aebd8faa
Socola Milo Chocobar thanh 30g,Cái,20000.0,,https://winmart.vn/products/milo-socola-thanh-chocobar-30g--s10613675?storeGroupCode=1998&storeCode=1535,"2/7/2026, 1:59:12 PM",3e7a3132-b6ad-4e23-a219-3db2aebd8faa
Bánh cookies OREO gói 65g,Gói,44500.0,,https://winmart.vn/products/oreo-banh-cookies-goi-65g--s10616350?storeGroupCode=1998&storeCode=1535,"2/7/2026, 1:59:12 PM",3e7a3132-b6ad-4e23-a219-3db2aebd8faa
Hạt bí sạch Tân Việt 350g,Gói,115000.0,,https://winmart.vn/products/tan-viet-hat-bi-sach-350g--s10616687?storeGroupCode=1998&storeCode=1535,"2/7/2026, 1:59:12 PM",3e7a3132-b6ad-4e23-a219-3db2aebd8faa
Lộc Xuân An Khang hộp 400g,Hộp,154000.0,,https://winmart.vn/products/loc-xuan-an-khang-488g--s10616477?storeGroupCode=1998&storeCode=1535,"2/7/2026, 1:59:12 PM",3e7a3132-b6ad-4e23-a219-3db2aebd8faa
Hạt Mắc Ca Pam's 250g,Hộp,126500.0,,https://winmart.vn/products/hat-mac-ca-pams-250g--s10616620?storeGroupCode=1998&storeCode=1535,"2/7/2026, 1:59:12 PM",3e7a3132-b6ad-4e23-a219-3db2aebd8faa
Kẹo dẻo hương trái cây Chupa Chups 8g,Cái,2600.0,,https://winmart.vn/products/chupa-chups-keo-deo-chua-cau-vong-day-7g--s10616858?storeGroupCode=1998&storeCode=1535,"2/7/2026, 1:59:12 PM",3e7a3132-b6ad-4e23-a219-3db2aebd8faa
Kẹo the vị dưa hấu Playmore hũ 22g,Hộp,34000.0,,https://winmart.vn/products/playmore-keo-the-vi-dua-hau-22g--s10622361?storeGroupCode=1998&storeCode=1535,"2/7/2026, 1:59:12 PM",3e7a3132-b6ad-4e23-a219-3db2aebd8faa
Kẹo xí muội Playmore hũ 22g,Hộp,34000.0,,https://winmart.vn/products/playmore-keo-xi-muoi-22g--s10622360?storeGroupCode=1998&storeCode=1535,"2/7/2026, 1:59:12 PM",3e7a3132-b6ad-4e23-a219-3db2aebd8faa
Kẹo trái cây Skittles 100g,Hộp,51000.0,,https://winmart.vn/products/skittles-keo-trai-cay-100g--s10621338?storeGroupCode=1998&storeCode=1535,"2/7/2026, 1:59:12 PM",3e7a3132-b6ad-4e23-a219-3db2aebd8faa
Kẹo the vị táo xanh Playmore hũ 22g,Hộp,34000.0,,https://winmart.vn/products/playmore-keo-the-vi-tao-xanh-22g--s10622362?storeGroupCode=1998&storeCode=1535,"2/7/2026, 1:59:12 PM",3e7a3132-b6ad-4e23-a219-3db2aebd8faa
Snack Lay's wavy vị phô mai cheddar 95g,Gói,22000.0,,https://winmart.vn/products/lays-wavy-vi-pho-mai-cheddar-90g--s10623327?storeGroupCode=1998&storeCode=1535,"2/7/2026, 1:59:12 PM",3e7a3132-b6ad-4e23-a219-3db2aebd8faa
Đậu phộng da cá Tân Tân 300g,Lon,56300.0,,https://winmart.vn/products/tan-tan-dau-da-ca-300g--s10623340?storeGroupCode=1998&storeCode=1535,"2/7/2026, 1:59:12 PM",3e7a3132-b6ad-4e23-a219-3db2aebd8faa
Đậu Tỏi ớt Tân Tân lon 260g,Lon,70700.0,,https://winmart.vn/products/tan-tan-dau-toi-ot-260g--s10623341?storeGroupCode=1998&storeCode=1535,"2/7/2026, 1:59:12 PM",3e7a3132-b6ad-4e23-a219-3db2aebd8faa
Snack hải sản tẩm vị ớt Bento gói 24g,Gói,28400.0,,https://winmart.vn/products/bento-snack-hai-san-vi-ot-hieu-20g--s10623347?storeGroupCode=1998&storeCode=1535,"2/7/2026, 1:59:12 PM",3e7a3132-b6ad-4e23-a219-3db2aebd8faa
Bánh Que đỏ Doakbua Stick Biscuit 115g,Gói,33600.0,,https://winmart.vn/products/doakbua-banh-que-do-s.biscuit-110g--s10623351?storeGroupCode=1998&storeCode=1535,"2/7/2026, 1:59:12 PM",3e7a3132-b6ad-4e23-a219-3db2aebd8faa
Kẹo dẻo Playmore cuộn vị cola 21g,Gói,15000.0,,https://winmart.vn/products/playmore-keo-deo-cuon-vi-cola-21g--s10626519?storeGroupCode=1998&storeCode=1535,"2/7/2026, 1:59:12 PM",3e7a3132-b6ad-4e23-a219-3db2aebd8faa
Snack bắp vị sữa bắp Koimucho gói 64g,Gói,9900.0,,https://winmart.vn/products/snack-bap-koimucho-vi-sua-bap-57g60g--s10625390?storeGroupCode=1998&storeCode=1535,"2/7/2026, 1:59:12 PM",3e7a3132-b6ad-4e23-a219-3db2aebd8faa
Kẹo dẻo hương trái cây Chupa Chups gói 56g,Gói,14300.0,,https://winmart.vn/products/chupa-chups-keo-deo-sour-bites-56g--s10626514?storeGroupCode=1998&storeCode=1535,"2/7/2026, 1:59:12 PM",3e7a3132-b6ad-4e23-a219-3db2aebd8faa
Bánh bông lan Orion C'est Bon sợi thịt gà 5 gói (17g/gói),Gói,21300.0,,https://winmart.vn/products/cest-bon-banh-b.lan-soi-thit-ga-5p--s10626548?storeGroupCode=1998&storeCode=1535,"2/7/2026, 1:59:12 PM",3e7a3132-b6ad-4e23-a219-3db2aebd8faa
Bánh gạo ngọt Orion An vị tự nhiên 14 gói (10.8g/gói),Gói,21600.0,,https://winmart.vn/products/an-banh-gao-vi-ngot-14p-151.2g--s10626549?storeGroupCode=1998&storeCode=1535,"2/7/2026, 1:59:12 PM",3e7a3132-b6ad-4e23-a219-3db2aebd8faa
Bánh gạo nướng Orion An vị tảo biển gói 111.3g,Gói,20900.0,,https://winmart.vn/products/an-banh-gao-vi-tao-bien-14p-111.3g--s10626550?storeGroupCode=1998&storeCode=1535,"2/7/2026, 1:59:12 PM",3e7a3132-b6ad-4e23-a219-3db2aebd8faa
Kẹo the Playmore vị chanh muối 22g,Hộp,34000.0,,https://winmart.vn/products/playmore-keo-the-vi-chanh-muoi-22-g--s10626738?storeGroupCode=1998&storeCode=1535,"2/7/2026, 1:59:12 PM",3e7a3132-b6ad-4e23-a219-3db2aebd8faa
Kẹo Playmore dẻo cuộn vị Dâu 21g,Gói,15900.0,,https://winmart.vn/products/playmore-keo-deo-cuon-vi-dau-21g--s10626744?storeGroupCode=1998&storeCode=1535,"2/7/2026, 1:59:12 PM",3e7a3132-b6ad-4e23-a219-3db2aebd8faa
Bánh xốp Superstar hộp 216g,Hộp,27300.0,,https://winmart.vn/products/superstar-banh-xop-192g150g--s10632400?storeGroupCode=1998&storeCode=1535,"2/7/2026, 1:59:12 PM",3e7a3132-b6ad-4e23-a219-3db2aebd8faa
Bánh que hỗn hợp Mix Hot Chili 60g,Gói,16000.0,,https://winmart.vn/products/mix-banh-que-hon-hop-hot-chili-6050g--s10629512?storeGroupCode=1998&storeCode=1535,"2/7/2026, 1:59:12 PM",3e7a3132-b6ad-4e23-a219-3db2aebd8faa
Socola đen Ritter Sport 74% 100g,Cái,76900.0,,https://winmart.vn/products/ritter-sport-socola-den-74-cc-100g--s10635417?storeGroupCode=1998&storeCode=1535,"2/7/2026, 1:59:12 PM",3e7a3132-b6ad-4e23-a219-3db2aebd8faa
Snack que nhân phô mai Akiko 160g,Gói,22200.0,,https://winmart.vn/products/oishi-que-pho-mai-akiko-140g--s10639588?storeGroupCode=1998&storeCode=1535,"2/7/2026, 1:59:12 PM",3e7a3132-b6ad-4e23-a219-3db2aebd8faa
Snack Oishi tôm vị muối ớt xanh gói 35/32g,Gói,5300.0,,https://winmart.vn/products/oishi-snack-bap-vi-sua-34gr--s10639592?storeGroupCode=1998&storeCode=1535,"2/7/2026, 1:59:12 PM",3e7a3132-b6ad-4e23-a219-3db2aebd8faa
Bánh đậu xanh Đồng tiền trung 90g,Hộp,68000.0,,https://winmart.vn/products/banh-dau-xanh-dong-tien-trungrvhg90g--s10639630?storeGroupCode=1998&storeCode=1535,"2/7/2026, 1:59:12 PM",3e7a3132-b6ad-4e23-a219-3db2aebd8faa
Bánh đậu xanh Thỏi vàng Tài Lộc trung 250g,Hộp,51000.0,,https://winmart.vn/products/banh-d.xanh-thoi-vang-tai-loc-trung-250g--s10639633?storeGroupCode=1998&storeCode=1535,"2/7/2026, 1:59:12 PM",3e7a3132-b6ad-4e23-a219-3db2aebd8faa
Kẹo Sing-gum không đường Số 5 Bạc Hà 32g,Hộp,29400.0,,https://winmart.vn/products/gum-5-k.duong-h.bacha-32g--s10640267?storeGroupCode=1998&storeCode=1535,"2/7/2026, 1:59:12 PM",3e7a3132-b6ad-4e23-a219-3db2aebd8faa
Bánh Đậu Xanh Thượng Hạng Hoàng Giang RV 170g,Hộp,52600.0,,https://winmart.vn/products/hoang-giang-banh-d.xanh-th.hang-rv-170g--s10640275?storeGroupCode=1998&storeCode=1535,"2/7/2026, 1:59:12 PM",3e7a3132-b6ad-4e23-a219-3db2aebd8faa
Kẹo trứng Pop It 15g,Cái,11000.0,,https://winmart.vn/products/pop-it-keo-trung-15g--s10640291?storeGroupCode=1998&storeCode=1535,"2/7/2026, 1:59:12 PM",3e7a3132-b6ad-4e23-a219-3db2aebd8faa
Socola Minis M&M'S 35g,Cái,32200.0,,https://winmart.vn/products/mms-socola-minis-35g--s10640270?storeGroupCode=1998&storeCode=1535,"2/7/2026, 1:59:12 PM",3e7a3132-b6ad-4e23-a219-3db2aebd8faa
Kẹo dẻo xếp hình Playmore 64g,Gói,34000.0,,https://winmart.vn/products/playmore-keo-deo-xep-hinh-64g--s10640381?storeGroupCode=1998&storeCode=1535,"2/7/2026, 1:59:12 PM",3e7a3132-b6ad-4e23-a219-3db2aebd8faa
Kẹo dẻo xếp hình sữa chua Playmore 64g,Gói,33000.0,,https://winmart.vn/products/playmore-keo-deo-xep-hinh-sua-chua-64g--s10640382?storeGroupCode=1998&storeCode=1535,"2/7/2026, 1:59:12 PM",3e7a3132-b6ad-4e23-a219-3db2aebd8faa
